feature_alphabet_ratio,feature_aspect_ratio,feature_bbox_area,feature_dictionary_ratio,feature_is_timestamp,feature_ocr_noise,feature_punctuation,feature_raw_alpha_ratio,feature_raw_aspect_ratio,feature_raw_bbox_area,feature_raw_density,feature_raw_dict_ratio,feature_raw_freq_score,feature_raw_has_any_punct,feature_raw_has_punctuation,feature_raw_noise,feature_raw_trigram,feature_raw_word_count,feature_text_density,feature_trigram_score,feature_word_count,feature_word_frequency,label,label_str,text
1.0,0.7,1.0,1.0,0.0,1.0,1.0,0.9782608695652174,1.1371428571428572,34825,0.0016367552045944,0.8181818181818182,2.190909090909091,1.0,1.0,0.0,0.9488372093023256,12,0.5,0.1897674418604651,1.0,0.8,1,dialogue,I WAS JUST THINKING ABOUT WHAT I SHOULD TEACH YOU FIRST !
1.0,0.7,0.6,0.0,0.0,1.0,0.2,1.0,1.289198606271777,106190,1.883416517562859e-05,0.0,0.5,0.0,0.0,0.0,0.3,1,0.6,0.06,0.5,0.1,0,background,PH
1.0,0.7,1.0,0.7,0.0,1.0,1.0,0.9166666666666666,1.8020833333333333,16608,0.0017461464354527,0.6,1.58,1.0,1.0,0.0,0.605,6,0.5,0.121,1.0,0.316,1,dialogue,WHY'D YOU CALL ME KARDICIEL ?
1.0,0.7,1.0,0.0,0.0,1.0,0.2,1.0,1.5061728395061729,9882,0.0004047763610605,0.0,0.5,0.0,0.0,0.0,0.3,1,0.6,0.06,0.5,0.1,0,background,COLD
1.0,1.0,1.0,0.7,0.0,1.0,1.0,0.9375,2.76271186440678,9617,0.002079650618696,0.75,3.25,1.0,1.0,0.0,0.6615384615384615,5,0.5,0.1323076923076923,0.75,1.0,1,dialogue,DO NOT BE ARROGANT .
1.0,0.7,0.4,0.0,0.0,1.0,0.6,0.8333333333333334,1.668,104250,7.673860911270984e-05,0.0,0.5,1.0,0.0,0.0,0.3,3,0.6,0.06,0.75,0.1,0,background,DUM DU -
1.0,1.0,0.6,0.4,0.0,1.0,1.0,1.0,3.875,71672,0.0006976225025114,0.4285714285714285,1.3,1.0,1.0,0.0,0.618421052631579,8,1.0,0.1236842105263158,1.0,0.26,1,dialogue,WORK HARD TO IMPROVE YOURSELF THROUGH LEARNING ...
1.0,0.7,0.6,0.7,0.0,1.0,0.6,0.9444444444444444,1.3534136546184738,83913,0.0005839381263928,0.7272727272727273,2.272727272727273,1.0,0.0,0.0,0.74375,13,1.0,0.14875,1.0,0.8,1,dialogue,I SEE . THEN I SHALL THROW OUT JUST THE BOX . www
1.0,0.5,0.6,0.7,0.0,1.0,1.0,0.875,7.1923076923076925,4862,0.0026737967914438,0.6666666666666666,1.6333333333333335,1.0,1.0,0.0,0.74,5,0.5,0.148,0.75,0.3266666666666667,1,dialogue,H - HOLD ON .
1.0,0.5,0.6,0.7,0.0,1.0,1.0,0.8888888888888888,7.666666666666667,3381,0.0044365572315882,0.5,2.0,1.0,1.0,0.0,0.8166666666666665,4,0.5,0.1633333333333333,0.75,0.8,1,dialogue,HIS GRACE ... ?
1.0,0.7,1.0,0.7,0.0,1.0,0.2,1.0,5.442857142857143,26670,0.0009373828271466,0.75,1.225,0.0,0.0,0.0,1.105,4,1.0,0.221,0.75,0.245,1,dialogue,ARE THEY REALLY PREPARING
1.0,1.0,1.0,0.075,0.0,1.0,0.2,1.0,2.4198473282442747,41527,0.0004334529342355,0.25,1.5,0.0,0.0,0.0,0.3,4,0.6,0.06,0.75,0.3,1,dialogue,A SUPER HOT MEMORY
1.0,1.0,1.0,0.0,0.0,1.0,0.2,1.0,2.4805194805194803,14707,0.0004759638267491,0.0,0.5,0.0,0.0,0.0,0.3,1,0.6,0.06,0.5,0.1,0,background,TREMBLE
1.0,1.0,1.0,0.0,0.0,1.0,0.2,1.0,2.0,20808,0.0002402921953094,0.0,0.5,0.0,0.0,0.0,0.3,1,0.6,0.06,0.5,0.1,0,background,GNASH
1.0,0.7,1.0,0.0,0.0,1.0,0.2,1.0,1.9420289855072463,9246,0.0012978585334198,0.0,0.5,0.0,0.0,0.0,0.3,2,1.0,0.06,0.6,0.1,0,background,FIDGET PANIC
1.0,0.7,1.0,0.7,0.0,1.0,1.0,0.9583333333333334,1.8541666666666667,17088,0.0019897003745318,0.5,1.9333333333333331,1.0,1.0,0.0,0.6047619047619047,8,0.5,0.1209523809523809,1.0,0.3866666666666666,1,dialogue,"I GOT TALKED INTO COMING , BUT ..."
1.0,1.0,1.0,0.0,0.0,1.0,0.2,1.0,4.439024390243903,7462,0.0009380863039399,0.0,0.5,0.0,0.0,0.0,1.32,1,1.0,0.264,0.5,0.1,0,background,SIGHTED
1.0,1.0,0.6,0.4,0.0,1.0,0.2,1.0,2.3417721518987342,131535,0.0001672558634583,0.3333333333333333,0.5,0.0,0.0,0.0,0.3,3,0.6,0.06,0.75,0.1,0,background,SWOOSH WHOOSH SCRIBBLE
1.0,0.7,0.6,0.7,0.0,1.0,0.6,0.9387755102040816,1.7456896551724137,93960,0.0006598552575564,0.5833333333333334,1.9166666666666667,1.0,0.0,0.0,0.7318181818181819,14,1.0,0.1463636363636364,1.0,0.3833333333333333,1,dialogue,VERY WELL ! IT SEEMS YOU'VE TAKEN A LIKING TO THAT BEAR . BEAM
0.0,1.0,0.2,0.0,0.0,0.91,0.2,0.0,2.25,576,0.0034722222222222,0.0,0.5,0.0,0.0,0.09,0.3,1,0.5,0.06,0.5,0.1,0,background,00
1.0,0.7,0.6,1.0,0.0,1.0,1.0,0.945945945945946,1.3506493506493509,128128,0.000741446053946,0.85,2.52,1.0,1.0,0.0,0.7279411764705882,22,1.0,0.1455882352941176,0.9,0.8,1,dialogue,DID YOU LET HIM DOWN JUST BECAUSE THAT PRICK TOLD YOU TO ?! DO I LOOK LIKE A PUSHOVER TO YOU ?!
1.0,0.7,0.6,0.7,0.0,1.0,1.0,0.95,1.9812206572769953,89886,0.0006118861669225,0.7272727272727273,2.0272727272727273,1.0,1.0,0.0,0.8055555555555556,13,1.0,0.1611111111111111,1.0,0.8,1,dialogue,... I'M TAKING AT LEAST A FEW OF THOSE THINGS WITH ME !
1.0,1.0,1.0,0.4,0.0,1.0,1.0,0.9473684210526316,3.2839506172839505,21546,0.0010210711965097,0.3333333333333333,1.8333333333333333,1.0,1.0,0.0,0.69375,4,1.0,0.1387499999999999,0.75,0.3666666666666666,1,dialogue,KNIGHT AND MERCENARY .
1.0,0.7,1.0,1.0,0.0,1.0,0.2,1.0,1.776470588235294,12835,0.0003895597974289,1.0,0.5,0.0,0.0,0.0,0.3,1,0.6,0.06,0.5,0.1,0,background,SMILE
1.0,1.0,1.0,0.0,0.0,1.0,0.2,1.0,2.696,42125,7.12166172106825e-05,0.0,0.5,0.0,0.0,0.0,0.3,1,0.6,0.06,0.5,0.1,0,background,BWA
1.0,0.5,0.6,1.0,0.0,1.0,0.2,1.0,7.193548387096774,6913,0.0011572399826414,1.0,0.5,0.0,0.0,0.0,0.3,2,1.0,0.06,0.6,0.1,1,dialogue,WHY DOES
1.0,1.0,1.0,0.7,0.0,1.0,1.0,0.9629629629629628,2.792452830188679,31376,0.0012429882712901,0.625,2.275,1.0,1.0,0.0,0.5458333333333333,10,1.0,0.1091666666666666,1.0,0.8,1,dialogue,... A LIGHTBULB I WENT OFF IN MY HEAD !
1.0,0.3,1.0,0.0,0.0,1.0,1.0,1.0,12.0,13068,0.001300887664524,0.0,1.3333333333333333,1.0,1.0,0.0,1.1777777777777778,4,1.0,0.2355555555555555,0.75,0.2666666666666666,1,dialogue,ONE MONTH AGO ...
1.0,0.7,0.2,0.0,0.0,1.0,0.2,1.0,1.6666666666666667,735,0.0040816326530612,0.0,0.5,0.0,0.0,0.0,0.3,1,0.5,0.06,0.5,0.1,0,background,NOM
1.0,0.7,1.0,1.0,0.0,1.0,1.0,0.8823529411764706,1.111764705882353,32130,0.0008092125739184,1.0,2.2,1.0,1.0,0.0,1.0076923076923077,7,1.0,0.2015384615384615,1.0,0.8,1,dialogue,Hmm ... I don't think so .
1.0,1.0,0.2,1.0,0.0,1.0,0.2,1.0,3.142857142857143,1386,0.0028860028860028,1.0,4.3,0.0,0.0,0.0,3.6,1,0.5,0.72,0.5,1.0,1,dialogue,THAT
1.0,0.7,1.0,1.0,0.0,1.0,1.0,0.972972972972973,1.946969696969697,33924,0.0012970168612191,0.8571428571428571,3.1,1.0,1.0,0.0,1.1,8,1.0,0.2199999999999999,1.0,1.0,1,dialogue,DO YOU UNDERSTAND THE SIGNIFICANCE OF THIS ?
1.0,1.0,1.0,0.7,0.0,1.0,1.0,0.9545454545454546,4.62962962962963,13500,0.0021481481481481,0.7142857142857143,2.942857142857143,1.0,1.0,0.0,0.463157894736842,8,0.5,0.0926315789473684,1.0,0.8,1,dialogue,LIKE IT WHEN I SAY HIS NAME ?
1.0,0.3,1.0,0.4,0.0,1.0,1.0,0.9333333333333332,14.285714285714286,11200,0.0016071428571428,0.3333333333333333,1.5,1.0,1.0,0.0,0.7333333333333334,4,0.5,0.1466666666666666,0.75,0.3,1,dialogue,CLEVER BY NATURE .
1.0,1.0,1.0,0.0,0.0,1.0,0.2,1.0,2.446280991735537,35816,0.0001396024123296,0.0,0.5,0.0,0.0,0.0,1.1666666666666667,1,0.6,0.2333333333333333,0.5,0.1,0,background,GLARE
1.0,0.7,1.0,0.7,0.0,1.0,1.0,0.9743589743589745,1.4058823529411764,40630,0.001255230125523,0.7777777777777778,1.7333333333333334,1.0,1.0,0.0,0.8833333333333333,10,1.0,0.1766666666666666,1.0,0.3466666666666667,1,dialogue,YOU SHOULD'VE RUN AWAY WHILE YOU HAD THE CHANCE ...
1.0,0.7,1.0,0.0,0.0,1.0,0.2,1.0,1.1324503311258278,25821,0.0004260098369544,0.0,0.5,0.0,0.0,0.0,1.3,2,0.6,0.26,0.6,0.1,0,background,SWING SWING
1.0,1.0,1.0,0.0,0.0,0.5,0.2,1.0,2.034188034188034,27846,0.0001436472024707,0.0,0.5,0.0,0.0,0.5,0.3,1,0.6,0.06,0.5,0.1,0,background,AAAH
1.0,0.7,0.6,0.7,0.0,1.0,1.0,0.9777777777777776,1.1452282157676348,66516,0.0008569366768897,0.6666666666666666,2.0416666666666665,1.0,1.0,0.0,0.7285714285714286,13,1.0,0.1457142857142857,1.0,0.8,1,dialogue,WHISPER YOU WERE A BIT LOUD WHEN YOU CALLED HIM A CUTIE .
0.0,0.7,0.2,0.0,0.0,0.36,0.2,0.0,1.0526315789473684,380,0.0078947368421052,0.0,0.5,0.0,0.0,0.64,0.3,2,0.3,0.06,0.6,0.1,0,background,6 )
1.0,1.0,0.6,0.7,0.0,1.0,1.0,0.8333333333333334,2.086206896551724,7018,0.0022798518096323,0.6666666666666666,1.6333333333333335,1.0,1.0,0.0,0.3,5,0.5,0.06,0.75,0.3266666666666667,1,dialogue,"WHOA , HANG ON !"
1.0,0.7,1.0,0.0,0.0,1.0,0.2,1.0,1.36318407960199,55074,5.447216472382613e-05,0.0,0.5,0.0,0.0,0.0,0.3,1,0.6,0.06,0.5,0.1,0,background,DUN
1.0,1.0,0.4,1.0,0.0,1.0,0.2,1.0,2.140845070422535,172672,2.3165307635285396e-05,1.0,0.5,0.0,0.0,0.0,0.3,1,0.6,0.06,0.5,0.1,0,background,SLAM
1.0,0.7,0.6,1.0,0.0,1.0,1.0,1.0,1.459016393442623,48861,0.0009619123636438,0.9,2.64,1.0,1.0,0.0,1.021875,11,1.0,0.204375,1.0,0.8,1,dialogue,But this is the only dress I have right now ...
1.0,0.7,1.0,1.0,0.0,1.0,1.0,0.9130434782608696,1.8867924528301887,21200,0.0013679245283018,0.8333333333333334,2.1666666666666665,1.0,1.0,0.0,0.6473684210526316,7,1.0,0.1294736842105263,1.0,0.8,1,dialogue,THEN I'LL BE A LITTLE RUDER .
1.0,0.7,1.0,0.7,0.0,1.0,1.0,0.926829268292683,1.837037037037037,33480,0.0015232974910394,0.7,2.04,1.0,1.0,0.0,0.7861111111111111,11,0.5,0.1572222222222222,1.0,0.8,1,dialogue,I'D KEEP IT CAGED SO THAT IT COULDN'T GO ANYWHERE .
1.0,1.0,0.4,1.0,0.0,1.0,1.0,0.9523809523809524,2.0034129692832763,171991,0.0003314126901989,0.8181818181818182,2.2454545454545456,1.0,1.0,0.0,0.8710526315789474,13,0.6,0.1742105263157894,1.0,0.8,1,dialogue,... BUT TODAY I'M REALLY GOING TO MAKE YOU PAY FOR THIS !
1.0,0.7,1.0,0.7,0.0,1.0,1.0,0.9629629629629628,1.6775956284153006,56181,0.0006051868069276,0.7142857142857143,1.5,1.0,1.0,0.0,0.8041666666666667,8,1.0,0.1608333333333333,1.0,0.3,1,dialogue,HE JUST ASKED WHERE YOUR BOSS IS !
1.0,0.7,0.4,0.0,0.0,1.0,0.2,1.0,1.816546762589928,140390,3.561507229859677e-05,0.0,0.5,0.0,0.0,0.0,0.3,1,0.6,0.06,0.5,0.1,0,background,BURST
1.0,1.0,1.0,0.7,0.0,1.0,1.0,0.9607843137254902,2.484848484848485,43296,0.0014781966001478,0.75,2.2666666666666666,1.0,1.0,0.0,0.8042553191489361,14,1.0,0.1608510638297872,1.0,0.8,1,dialogue,"YOU ALWAYS THROW AWAY THE GIFTS , BUT YOU KEEP ALL THE LETTERS ."
1.0,0.7,1.0,1.0,0.0,1.0,0.2,0.9090909090909092,5.906976744186046,10922,0.0010986998718183,1.0,0.5,0.0,0.0,0.0,0.3,2,1.0,0.06,0.6,0.1,1,dialogue,She's always
1.0,1.0,1.0,1.0,0.0,1.0,1.0,0.8823529411764706,2.459016393442623,9150,0.0022950819672131,1.0,2.525,1.0,1.0,0.0,1.1846153846153846,5,0.5,0.2369230769230769,0.75,0.8,1,dialogue,THAT CAN'T BE RIGHT !
1.0,1.0,1.0,0.7,0.0,1.0,1.0,0.9333333333333332,2.953846153846154,12480,0.0020032051282051,0.6666666666666666,1.0333333333333334,1.0,1.0,0.0,0.6333333333333333,5,0.5,0.1266666666666666,0.75,0.2066666666666667,1,dialogue,UGH ... IT'S FREEZING ...
1.0,0.3,1.0,0.7,0.0,1.0,1.0,0.9,8.31578947368421,12008,0.0009993337774816,0.5,1.8,1.0,1.0,0.0,0.7000000000000001,3,1.0,0.14,0.75,0.36,1,dialogue,MY CHANCES .
1.0,1.0,0.6,0.0,0.0,1.0,0.2,1.0,2.1739130434782608,4600,0.0008695652173913,0.0,0.5,0.0,0.0,0.0,0.3,1,1.0,0.06,0.5,0.1,0,background,AHEM
1.0,0.3,0.4,0.7,0.0,1.0,0.6,0.9375,0.7253521126760564,131634,0.0006153425406809,0.75,2.41875,1.0,0.0,0.0,0.7327586206896551,18,1.0,0.146551724137931,0.9,0.8,1,dialogue,"Nobody's going to think that . Come on , I don't want to talk to a bathroom stall"
0.0,0.3,0.2,0.0,0.0,0.01,1.0,0.0,0.2666666666666666,240,0.0041666666666666,0.0,0.5,1.0,1.0,0.99,0.3,1,0.5,0.06,0.5,0.1,0,background,.
1.0,0.7,1.0,0.7,0.0,1.0,1.0,0.8947368421052632,1.7985074626865671,32294,0.0014863442125472,0.7777777777777778,1.7777777777777777,1.0,1.0,0.0,0.8875,11,1.0,0.1775,1.0,0.3555555555555555,1,dialogue,"YOU'RE JUST TRYING TO PISS ME OFF , AREN'T YOU ?"
1.0,1.0,1.0,1.0,0.0,1.0,1.0,0.9310344827586208,2.1842105263157894,28386,0.001338688085676,1.0,2.5,1.0,1.0,0.0,0.584,10,1.0,0.1167999999999999,1.0,0.8,1,dialogue,I SHOULD JUST TELL HIM I CAN'T DO IT .
1.0,0.7,1.0,0.0,0.0,1.0,0.2,1.0,1.5811965811965811,21645,0.0001848001848001,0.0,0.5,0.0,0.0,0.0,0.3,1,0.6,0.06,0.5,0.1,0,background,WAVE
1.0,1.0,1.0,0.0,0.0,1.0,0.2,1.0,2.864864864864865,15688,0.0003824579296277,0.0,0.5,0.0,0.0,0.0,0.3,1,0.6,0.06,0.5,0.1,0,background,FLINCH
1.0,0.7,1.0,1.0,0.0,1.0,0.2,1.0,1.837209302325581,13588,0.0002943773918163,1.0,0.5,0.0,0.0,0.0,0.3,1,0.6,0.06,0.5,0.1,0,background,SIGH
1.0,1.0,0.6,0.7,0.0,1.0,1.0,0.9761904761904762,2.25,72900,0.0007681755829903,0.6363636363636364,1.3454545454545457,1.0,1.0,0.0,0.6128205128205128,12,1.0,0.1225641025641025,1.0,0.2690909090909091,1,dialogue,YOU'RE LUCKY I LET YOU OFF EASY SO MANY TIMES BEFORE ...
1.0,0.7,0.6,0.0,0.0,1.0,0.2,1.0,1.7164179104477613,7705,0.0005191434133679,0.0,0.5,0.0,0.0,0.0,0.3,1,1.0,0.06,0.5,0.1,0,background,PANG
1.0,0.7,1.0,0.7,0.0,1.0,1.0,0.967741935483871,1.6240601503759398,28728,0.0013575605680868,0.75,2.075,1.0,1.0,0.0,0.5928571428571429,9,1.0,0.1185714285714285,1.0,0.8,1,dialogue,WHAT SHOULD I WRITE IN MY DIARY TODAY ?
1.0,0.7,0.4,0.0,0.0,1.0,0.2,1.0,1.4633123689727463,332946,1.2013960221777706e-05,0.0,0.5,0.0,0.0,0.0,0.3,1,0.6,0.06,0.5,0.1,0,background,FLAP
1.0,1.0,0.6,1.0,0.0,1.0,2.0,0.75,2.8372093023255816,5246,0.0009531071292413,1.0,2.7,1.0,1.0,0.0,0.3,2,1.0,0.06,3.0,2.5,1,dialogue,Who ?
1.0,1.0,1.0,1.0,0.0,1.0,1.0,0.9333333333333332,3.2790697674418605,24252,0.0007834405409863,1.0,2.275,1.0,1.0,0.0,0.875,5,1.0,0.175,0.75,0.8,1,dialogue,HOW SHOULD I KNOW ?
1.0,0.7,1.0,0.7,0.0,1.0,1.0,0.9452054794520548,1.3632075471698113,61268,0.001468956061892,0.5333333333333333,1.413333333333333,1.0,1.0,0.0,0.6432835820895523,18,1.0,0.1286567164179104,0.9,0.2826666666666667,1,dialogue,"HMM , I REALLY ONLY WROTE DOWN KARDICIEL'S CUTEST MOMENTS . I WONDER WHY DAISY SAID THAT ."
1.0,0.7,0.6,1.0,0.0,1.0,0.2,1.0,1.0810810810810811,5920,0.0001689189189189,1.0,4.5,0.0,0.0,0.0,4.2,1,0.6,0.8400000000000001,0.5,1.0,0,background,&
1.0,0.7,0.4,0.0,0.0,1.0,0.2,1.0,1.1664145234493193,509631,7.848816104200882e-06,0.0,0.5,0.0,0.0,0.0,0.3,1,0.6,0.06,0.5,0.1,0,background,SHOO
1.0,1.0,1.0,0.0,0.0,1.0,0.2,1.0,2.125,8704,0.0005744485294117,0.0,0.5,0.0,0.0,0.0,0.3,1,1.0,0.06,0.5,0.1,0,background,SLIDE
1.0,1.0,1.0,1.0,0.0,1.0,0.2,1.0,4.190476190476191,7392,0.0009469696969696,1.0,2.15,0.0,0.0,0.0,1.1,2,1.0,0.22,0.6,0.8,1,dialogue,Did you
1.0,1.0,0.6,0.0,0.0,1.0,0.2,1.0,2.759259259259259,8046,0.0006214267959234,0.0,0.5,0.0,0.0,0.0,1.1666666666666667,1,1.0,0.2333333333333333,0.5,0.1,0,background,STARE
1.0,0.7,1.0,1.0,0.0,1.0,0.6,0.967741935483871,1.7755102040816326,17052,0.0022284775979357,0.8571428571428571,2.0142857142857142,1.0,0.0,0.0,0.8142857142857143,8,0.5,0.1628571428571428,1.0,0.8,1,dialogue,"IF YOU WRITE RUBBISH LIKE THIS AGAIN ,"
1.0,0.7,1.0,1.0,0.0,1.0,0.2,1.0,1.5037037037037038,27405,0.0001824484583105,1.0,0.5,0.0,0.0,0.0,1.1,1,0.6,0.22,0.5,0.1,0,background,REACH
1.0,1.0,1.0,0.7,0.0,1.0,1.0,0.8723404255319149,2.106060606060606,36696,0.0016350555918901,0.75,1.85,1.0,1.0,0.0,1.3076923076923077,14,0.5,0.2615384615384615,1.0,0.37,1,dialogue,WAS YOUR RELATIONSHIP WITH YOUR HUSBAND THAT BAD ? ! ? ! ? !
1.0,0.7,0.2,0.0,0.0,1.0,0.2,1.0,1.0769230769230769,182,0.0054945054945054,0.0,0.5,0.0,0.0,0.0,0.3,1,0.3,0.06,0.5,0.1,0,background,G
1.0,1.0,1.0,0.0,0.0,1.0,0.2,1.0,2.308333333333333,33240,0.000150421179302,0.0,0.5,0.0,0.0,0.0,0.3,1,0.6,0.06,0.5,0.1,0,background,CLINK
1.0,0.7,0.6,0.7,0.0,1.0,1.0,0.9464285714285714,1.8949579831932772,107338,0.0006614619240157,0.6428571428571429,2.1785714285714284,1.0,1.0,0.0,0.6254901960784314,16,1.0,0.1250980392156862,0.9,0.8,1,dialogue,"THE MORE OFTEN I ANSWER THE VOICE , THE MORE IT'LL KEEP TALKING TO ME ."
1.0,0.7,1.0,0.0,0.0,1.0,0.2,1.0,1.6973684210526316,9804,0.0004079967360261,0.0,0.5,0.0,0.0,0.0,0.3,1,0.6,0.06,0.5,0.1,0,background,SLAP
1.0,1.0,1.0,1.0,0.0,1.0,1.0,1.0,2.9270833333333335,26976,0.0017052194543297,0.8,2.7,1.0,1.0,0.0,0.4580645161290322,11,0.5,0.0916129032258064,1.0,0.8,1,dialogue,I DID NOT EXPECT A HUMAN TO BE SO POWERFUL ...
0.0,0.3,0.2,0.0,0.0,0.91,0.2,0.0,0.5,288,0.0034722222222222,0.0,0.5,0.0,0.0,0.09,0.3,1,0.5,0.06,0.5,0.1,0,background,6
1.0,0.7,1.0,0.0,0.0,1.0,0.2,1.0,1.4181818181818182,38610,0.0001036001036001,0.0,0.5,0.0,0.0,0.0,2.3,1,0.6,0.4599999999999999,0.5,0.1,0,background,DING
1.0,1.0,1.0,1.0,0.0,1.0,0.2,1.0,3.044776119402985,13668,0.0002926543751829,1.0,0.5,0.0,0.0,0.0,0.3,1,0.6,0.06,0.5,0.1,0,background,ZOOM
1.0,0.7,1.0,0.4,0.0,1.0,1.0,0.9607843137254902,1.4497041420118344,41405,0.0015698587127158,0.4,0.99,1.0,1.0,0.0,0.8468085106382978,12,0.5,0.1693617021276595,1.0,0.198,1,dialogue,UGH ... THERE'RE SO MANY WEIRD MEMORIES RUSHING THROUGH MY HEAD .
1.0,0.7,1.0,0.0,0.0,1.0,0.2,1.0,1.2203389830508475,16992,0.0018243879472693,0.0,0.5,0.0,0.0,0.0,0.4076923076923077,4,0.5,0.0815384615384615,0.75,0.1,0,background,Tassistance manstar hyeun sanho
0.8,1.0,0.2,1.0,0.0,1.0,2.0,0.6666666666666666,2.1904761904761907,966,0.0041407867494824,1.0,2.5,1.0,1.0,0.0,0.3,2,0.5,0.06,3.0,2.5,1,dialogue,OH !
1.0,0.3,0.6,0.0,0.0,1.0,0.2,1.0,0.4329411764705882,78200,0.0006521739130434,0.0,0.5,0.0,0.0,0.0,0.4057142857142857,8,1.0,0.0811428571428571,1.0,0.1,0,background,MOTADIRION HV2 BEEM HH2 OSTAVITOA B62121EW CAM LORI
1.0,0.7,0.2,0.0,0.0,1.0,0.2,1.0,1.3636363636363635,165,0.006060606060606,0.0,0.5,0.0,0.0,0.0,0.3,1,0.3,0.06,0.5,0.1,0,background,B
1.0,0.7,0.6,0.7,0.0,1.0,0.6,0.9583333333333334,1.5504587155963303,73684,0.0004071440204114,0.6666666666666666,1.3333333333333333,1.0,0.0,0.0,0.6,7,0.6,0.12,1.0,0.2666666666666666,1,dialogue,HER GRACE HAS WOKEN UP ! SHOUT
1.0,0.5,1.0,0.7,0.0,1.0,0.2,1.0,6.625,15264,0.0007206498951781,0.5,0.5,0.0,0.0,0.0,0.9375,2,1.0,0.1875,0.6,0.1,0,background,EYE CONTACT
1.0,1.0,0.6,0.7,0.0,1.0,1.0,0.925,2.4,50460,0.0010503369005152,0.7,2.01,1.0,1.0,0.0,0.9485714285714286,13,1.0,0.1897142857142857,1.0,0.8,1,dialogue,"WELL , IT'S GOOD THAT YOU ARE SELF - AWARE AT LEAST ."
1.0,1.0,1.0,0.4,0.0,1.0,1.0,0.9130434782608696,4.433734939759036,30544,0.0009494499738082,0.4,1.12,1.0,1.0,0.0,0.7736842105263158,7,1.0,0.1547368421052631,1.0,0.2239999999999999,1,dialogue,HAHAHAHA ! THIS KID IS WILD !
1.0,1.0,0.6,0.7,0.0,1.0,1.0,0.975609756097561,2.5342465753424657,54020,0.0009255831173639,0.6666666666666666,2.0999999999999996,1.0,1.0,0.0,0.9263157894736844,10,1.0,0.1852631578947368,1.0,0.8,1,dialogue,WERE YOU LYING WHEN YOU SAID YOU WOULD APOLOGIZE ?
1.0,1.0,0.6,1.0,0.0,1.0,2.0,1.0,4.193548387096774,4030,0.0017369727047146,1.0,3.8,1.0,1.0,0.0,3.5,2,0.5,0.7,0.6,1.0,1,dialogue,YOU ...
1.0,1.0,0.6,1.0,0.0,1.0,0.2,1.0,2.4186046511627906,4472,0.0008944543828264,1.0,0.5,0.0,0.0,0.0,0.3,1,1.0,0.06,0.5,0.1,0,background,SIGH
1.0,1.0,1.0,0.0,0.0,1.0,0.2,1.0,2.408695652173913,31855,0.0001883534766912,0.0,0.5,0.0,0.0,0.0,0.3,1,0.6,0.06,0.5,0.1,0,background,FLINCH
1.0,0.7,1.0,0.7,0.0,1.0,1.0,0.8958333333333334,1.9029850746268655,34170,0.0017266608135791,0.5555555555555556,0.9222222222222224,1.0,1.0,0.0,0.8146341463414634,12,0.5,0.1629268292682926,1.0,0.1844444444444444,1,dialogue,"THAT'S ENOUGH , ASSHOLE . YOU'RE GONNA KILL THAT POOR KID ."
1.0,1.0,0.2,1.0,0.0,1.0,2.0,1.0,2.6551724137931036,2233,0.0031347962382445,1.0,3.6,1.0,1.0,0.0,0.3,2,0.5,0.06,0.6,1.0,1,dialogue,BUT ...
1.0,0.7,1.0,0.7,0.0,1.0,1.0,0.945945945945946,1.9271523178807948,43941,0.001069616076102,0.7777777777777778,2.022222222222222,1.0,1.0,0.0,0.987878787878788,11,1.0,0.1975757575757575,1.0,0.8,1,dialogue,"YEAH , THOSE OTHER TWO WHO CAME HERE WITH YOU ."
1.0,1.0,1.0,1.0,0.0,1.0,0.2,1.0,2.1382978723404253,18894,0.0002646342754313,1.0,0.5,0.0,0.0,0.0,0.3,1,0.6,0.06,0.5,0.1,0,background,SMIRK
1.0,0.7,0.2,0.0,0.0,1.0,0.2,1.0,1.9166666666666667,2484,0.002012882447665,0.0,0.5,0.0,0.0,0.0,0.3,1,0.5,0.06,0.5,0.1,0,background,CLINK
1.0,1.0,1.0,0.7,0.0,1.0,0.6,0.9230769230769232,2.0520833333333335,18912,0.0016391708967851,0.6,0.86,1.0,0.0,0.0,0.8772727272727273,6,0.5,0.1754545454545454,1.0,0.172,1,dialogue,"YOU'VE BEEN WORKING HARD , YOUR"
1.0,1.0,1.0,0.7,0.0,1.0,1.0,0.9655172413793104,2.46875,22752,0.0016262306610407,0.75,2.2625,1.0,1.0,0.0,0.7615384615384616,9,0.5,0.1523076923076923,1.0,0.8,1,dialogue,WHAT DID YOU JUST STICK IN MY MOUTH ?
1.0,1.0,1.0,0.7,0.0,1.0,1.0,1.0,2.216,34625,0.0008086642599277,0.6,1.64,1.0,1.0,0.0,1.0499999999999998,6,1.0,0.2099999999999999,1.0,0.3279999999999999,1,dialogue,THIS WAS MY THIRD CHANCE ...
1.0,0.7,1.0,0.7,0.0,1.0,0.2,0.9565217391304348,1.6619718309859155,33512,0.0008056815469085,0.6,2.22,0.0,0.0,0.0,0.835,5,1.0,0.1669999999999999,0.75,0.8,1,dialogue,She's the Goddess of Spring
1.0,0.7,0.2,0.0,0.0,1.0,0.2,1.0,1.1,110,0.009090909090909,0.0,0.5,0.0,0.0,0.0,0.3,1,0.3,0.06,0.5,0.1,0,background,O
1.0,1.0,1.0,0.7,0.0,1.0,1.0,0.9411764705882352,3.169642857142857,39760,0.0006287726358148,0.5,2.325,1.0,1.0,0.0,0.9857142857142858,6,1.0,0.1971428571428571,1.0,0.8,1,dialogue,... TO DEFEND THIS LAND .
1.0,0.7,1.0,0.0,0.0,1.0,0.2,1.0,1.558139534883721,11524,0.0002603262755987,0.0,0.5,0.0,0.0,0.0,0.3,1,0.6,0.06,0.5,0.1,0,background,ACK
1.0,0.7,0.6,1.0,0.0,1.0,0.2,1.0,1.96078431372549,5100,0.0009803921568627,1.0,0.5,0.0,0.0,0.0,0.3,1,1.0,0.06,0.5,0.1,0,background,SMILE
1.0,1.0,1.0,1.0,0.0,1.0,1.0,0.9285714285714286,2.6551724137931036,8932,0.0020152261531571,1.0,2.725,1.0,1.0,0.0,1.1272727272727272,5,0.5,0.2254545454545454,0.75,0.8,1,dialogue,WHAT DO YOU MEAN ?
1.0,1.0,1.0,0.7,0.0,1.0,0.2,1.0,2.0288461538461537,21944,0.0004101348888078,0.5,0.5,0.0,0.0,0.0,0.3,2,0.6,0.06,0.6,0.1,0,background,BEAM GRIN
1.0,0.7,1.0,0.0,0.0,1.0,0.2,1.0,1.0055248618784531,32942,0.0001214255357901,0.0,0.5,0.0,0.0,0.0,0.3,1,0.6,0.06,0.5,0.1,0,background,GRIP
1.0,1.0,1.0,0.7,0.0,1.0,1.0,0.9565217391304348,2.213235294117647,40936,0.0015145593120969,0.7,1.6800000000000002,1.0,1.0,0.0,0.9833333333333332,13,0.5,0.1966666666666666,1.0,0.336,1,dialogue,"Y - YOUR GRACE , YOU CAN'T COME HERE UNANNOUNCED LIKE THIS ..."
1.0,0.7,0.6,0.4,0.0,1.0,1.0,0.9215686274509804,1.9090909090909092,74844,0.0008684730906953,0.4444444444444444,0.8444444444444444,1.0,1.0,0.0,0.6,12,1.0,0.12,1.0,0.1688888888888889,1,dialogue,"EEEK , KARDICIEL , YOU'RE EVEN MORE ADORABLE THAN USUAL TODAY !!!"
1.0,1.0,1.0,1.0,0.0,1.0,1.0,0.96,2.0245901639344264,30134,0.0010287383022499,0.8333333333333334,3.1666666666666665,1.0,1.0,0.0,1.0636363636363635,7,1.0,0.2127272727272727,1.0,1.0,1,dialogue,I HAVE SOME QUESTIONS FOR YOU .
1.0,0.7,1.0,0.0,0.0,1.0,0.2,1.0,1.84,18400,0.0007065217391304,0.0,0.5,0.0,0.0,0.0,0.63,2,1.0,0.126,0.6,0.1,0,background,MUTTER MUMBLE
1.0,0.7,1.0,1.0,0.0,1.0,1.0,0.9523809523809524,1.5029239766081872,43947,0.001205998134116,0.9090909090909092,1.681818181818182,1.0,1.0,0.0,0.85,12,1.0,0.1699999999999999,1.0,0.3363636363636363,1,dialogue,I'LL CHAIN YOU DOWN SO YOU CAN NEVER LEAVE ME AGAIN .
1.0,1.0,0.6,0.0,0.0,1.0,0.2,1.0,2.34,5850,0.001025641025641,0.0,0.5,0.0,0.0,0.0,0.3,1,1.0,0.06,0.5,0.1,0,background,SQUEAL
1.0,0.7,1.0,0.7,0.0,1.0,1.0,0.9655172413793104,1.6337209302325582,48332,0.0015931473971695,0.7142857142857143,2.5500000000000003,1.0,1.0,0.0,0.887037037037037,17,0.5,0.1774074074074074,0.9,0.8,1,dialogue,"... BUT WHEN HIS GRACE RETURNS , WILL YOU BE HERE AT THE MANOR OR ELSEWHERE ?"
1.0,1.0,0.2,0.0,0.0,1.0,1.0,0.8333333333333334,3.909090909090909,1892,0.0036997885835095,0.0,0.5,1.0,1.0,0.0,0.3,2,0.5,0.06,0.6,0.1,1,dialogue,DAISY .
1.0,1.0,0.6,0.4,0.0,1.0,1.0,0.9803921568627452,2.496644295302014,55428,0.0011185682326621,0.4545454545454545,1.6909090909090911,1.0,1.0,0.0,0.6270833333333333,12,1.0,0.1254166666666666,1.0,0.3381818181818182,1,dialogue,THE PUB OWNER HAS ASSUMED THE POSITION OF EXTREME HIGH ALERT .
1.0,1.0,1.0,0.0,0.0,1.0,0.2,1.0,2.671232876712329,14235,0.0002809975412715,0.0,0.5,0.0,0.0,0.0,0.3,1,0.6,0.06,0.5,0.1,0,background,STEP
1.0,0.7,1.0,0.0,0.0,1.0,1.0,1.0,1.6575342465753424,8833,0.0028302954828484,0.0,0.5,1.0,1.0,0.0,1.2,4,0.5,0.24,0.75,0.1,0,background,Minthe calling Minthe ...
0.8,0.7,1.0,0.4,0.0,1.0,0.2,0.6666666666666666,1.0536912751677852,23393,0.0004702261360235,0.3333333333333333,0.5,0.0,0.0,0.0,0.3,4,0.6,0.06,0.75,0.1,0,background,e ' 111 SOB
1.0,0.7,0.6,0.7,0.0,1.0,1.0,0.7894736842105263,1.8214285714285712,51408,0.0004668534080298,0.75,1.5,1.0,1.0,0.0,0.676923076923077,6,0.6,0.1353846153846153,1.0,0.3,1,dialogue,YES . HE'S SO UPTIGHT ..
1.0,0.3,1.0,0.7,0.0,1.0,1.0,0.9285714285714286,11.76923076923077,7956,0.0021367521367521,0.6666666666666666,3.3333333333333335,1.0,1.0,0.0,0.7636363636363637,4,0.5,0.1527272727272727,0.75,1.0,0,background,TO BE CONTINUED .
1.0,1.0,1.0,0.0,0.0,1.0,0.2,1.0,2.127272727272727,25740,0.0001942501942501,0.0,0.5,0.0,0.0,0.0,0.3,1,0.6,0.06,0.5,0.1,0,background,SHAKE
1.0,0.7,0.2,0.0,0.0,1.0,0.2,1.0,1.3333333333333333,300,0.0066666666666666,0.0,0.5,0.0,0.0,0.0,0.3,1,0.3,0.06,0.5,0.1,0,background,MA
1.0,0.7,1.0,0.7,0.0,1.0,0.6,0.945945945945946,1.1395348837209305,33712,0.0013051732320835,0.625,2.0,1.0,0.0,0.0,0.8696969696969696,8,1.0,0.1739393939393939,1.0,0.8,1,dialogue,IF YOU COULD PLEASE RETURN AT ANOTHER TIME--
1.0,0.7,0.6,1.0,0.0,1.0,0.2,1.0,1.2602739726027397,6716,0.0004466944609886,1.0,0.5,0.0,0.0,0.0,0.3,1,0.6,0.06,0.5,0.1,0,background,SOB
1.0,1.0,1.0,0.0,0.0,1.0,0.2,1.0,2.1184210526315788,12236,0.0004903563255966,0.0,0.5,0.0,0.0,0.0,0.85,1,0.6,0.1699999999999999,0.5,0.1,0,background,PONDER
1.0,0.7,1.0,0.0,0.0,1.0,0.2,1.0,1.993939393939394,54285,0.0001105277701022,0.0,0.5,0.0,0.0,0.0,0.3,1,0.6,0.06,0.5,0.1,0,background,FLINCH
1.0,0.7,1.0,1.0,0.0,1.0,1.0,0.9411764705882352,1.643939393939394,28644,0.0016408322859935,0.8888888888888888,2.5,1.0,1.0,0.0,0.5866666666666667,11,0.5,0.1173333333333333,1.0,0.8,1,dialogue,NO ... PERHAPS SHE WON'T EVEN BE AT THE MANOR .
1.0,1.0,1.0,0.7,0.0,1.0,1.0,0.9393939393939394,2.375,43928,0.0009333454744126,0.5714285714285714,1.9428571428571428,1.0,1.0,0.0,0.803448275862069,9,1.0,0.1606896551724138,1.0,0.3885714285714285,1,dialogue,"EARLIER , I WAS JUST SWINGING THE SWORD ."
1.0,0.7,0.6,1.0,0.0,1.0,0.2,1.0,1.72,4300,0.0006976744186046,1.0,0.5,0.0,0.0,0.0,0.3,1,1.0,0.06,0.5,0.1,0,background,SOB
1.0,1.0,0.6,0.7,0.0,1.0,1.0,0.975609756097561,3.645714285714286,111650,0.000474697716077,0.5,1.8375,1.0,1.0,0.0,0.6289473684210526,10,0.6,0.1257894736842105,1.0,0.3675,1,dialogue,... IT WILL IMMEDIATELY THROW OFF THE WHOLE BALANCE .
1.0,1.0,0.6,0.4,0.0,1.0,1.0,0.9714285714285714,3.225165562913907,73537,0.0011694793097352,0.4666666666666667,1.8533333333333333,1.0,1.0,0.0,0.7287878787878788,17,1.0,0.1457575757575757,0.9,0.3706666666666666,1,dialogue,"BUT HE STARTS OFF AS AN UNKNOWN KNIGHT WORKING FOR THE COUNTRY LORD , ARCOS FRONTERA ."
1.0,0.5,0.6,0.0,0.0,1.0,0.6,0.9285714285714286,6.3,2520,0.0063492063492063,0.0,0.5,1.0,0.0,0.0,0.3,3,0.3,0.06,0.75,0.1,0,background,Original Story :
1.0,0.7,0.4,0.0,0.0,1.0,0.2,0.9473684210526316,1.5945945945945943,106967,0.0002150195854796,0.0,0.5,0.0,0.0,0.0,0.7687499999999999,5,0.6,0.15375,0.75,0.1,0,background,DING CURRENT RP 0 TOTAL
1.0,0.7,1.0,0.7,0.0,1.0,1.0,0.945945945945946,1.3819444444444444,28656,0.0016750418760469,0.7142857142857143,1.2571428571428571,1.0,1.0,0.0,0.7696969696969697,9,0.5,0.1539393939393939,1.0,0.2514285714285714,1,dialogue,"YEAH , MAYBE I SHOULDN'T TELL DAISY ANYTHING ..."
1.0,1.0,1.0,0.7,0.0,1.0,0.2,1.0,3.3968253968253967,53928,0.0009271621421154,0.6363636363636364,2.590909090909091,0.0,0.0,0.0,0.886842105263158,11,1.0,0.1773684210526316,1.0,0.8,1,dialogue,COMING UP WITH A PLAN TO GET CLOSER TO HER HUSBAND
1.0,0.7,1.0,0.7,0.0,1.0,1.0,0.9433962264150944,1.662790697674419,49192,0.0013213530655391,0.5833333333333334,1.6083333333333334,1.0,1.0,0.0,0.6104166666666667,13,1.0,0.1220833333333333,1.0,0.3216666666666666,1,dialogue,THAT'LL DIRECTLY AFFECT HOW LONG IT'LL TAKE FOR US TO GET CLOSE .
0.0,0.7,0.2,0.0,0.0,0.91,0.2,0.0,1.1428571428571428,224,0.0089285714285714,0.0,0.5,0.0,0.0,0.09,0.3,1,0.3,0.06,0.5,0.1,0,background,30
1.0,0.7,1.0,1.0,0.0,1.0,0.2,1.0,1.2954545454545454,22572,8.86053517632465e-05,1.0,4.8,0.0,0.0,0.0,0.3,1,0.6,0.06,0.5,1.0,0,background,Be
1.0,0.7,1.0,1.0,0.0,1.0,1.0,0.9565217391304348,1.8020833333333333,16608,0.0016859344894026,0.8,2.08,1.0,1.0,0.0,1.49,6,0.5,0.298,1.0,0.8,1,dialogue,WHAT ARE YOU TALKING ABOUT ?
1.0,0.3,0.6,0.7,0.0,1.0,1.0,0.8,9.263157894736842,3344,0.0035885167464114,0.5,2.5,1.0,1.0,0.0,0.95,3,0.5,0.19,0.75,0.8,1,dialogue,AND SCARY !!
1.0,0.7,1.0,0.4,0.0,1.0,1.0,1.0,1.7164179104477613,30820,0.0015898767034393,0.4285714285714285,1.9,1.0,1.0,0.0,0.6181818181818182,9,0.5,0.1236363636363636,1.0,0.38,1,dialogue,... AND VIOLET EYES THAT GLEAM LIKE AMETHYSTS ...
1.0,1.0,1.0,1.0,0.0,1.0,1.0,0.9285714285714286,2.649484536082474,24929,0.001444101247543,0.875,2.525,1.0,1.0,0.0,0.3916666666666666,9,1.0,0.0783333333333333,1.0,0.8,1,dialogue,IT ISN'T BECAUSE SHE GAVE IT TO ME .
1.0,1.0,1.0,0.7,0.0,1.0,1.0,0.9375,3.0608695652173914,40480,0.0010128458498023,0.7777777777777778,2.611111111111111,1.0,1.0,0.0,0.6142857142857142,10,1.0,0.1228571428571428,1.0,0.8,1,dialogue,WHAT AM I SUPPOSED TO DO ALL BY MYSELF ?!
1.0,0.7,0.4,0.4,0.0,1.0,0.6,0.9444444444444444,1.527536231884058,181815,0.0001155020212853,0.3333333333333333,0.5,1.0,0.0,0.0,0.3,4,0.6,0.06,0.75,0.1,1,dialogue,KARDICIEL ! TURN DASH
1.0,1.0,1.0,1.0,0.0,1.0,1.0,0.9545454545454546,2.3813559322033897,33158,0.0008746003980939,0.8571428571428571,2.0142857142857142,1.0,1.0,0.0,0.8105263157894737,8,1.0,0.1621052631578947,1.0,0.8,1,dialogue,HOW DID I END UP DOING THIS ?
1.0,1.0,0.6,1.0,0.0,1.0,2.0,0.8,3.923076923076923,5967,0.0015082956259426,1.0,0.5,1.0,1.0,0.0,0.3,2,0.5,0.06,0.6,0.1,1,dialogue,She's ...
1.0,0.5,0.6,1.0,0.0,1.0,0.2,0.8333333333333334,6.37037037037037,4644,0.0015073212747631,1.0,2.25,0.0,0.0,0.0,1.1333333333333333,2,0.5,0.2266666666666666,0.6,0.8,1,dialogue,I'M NOT
1.0,0.7,1.0,0.7,0.0,1.0,1.0,0.9666666666666668,1.127962085308057,50218,0.0014934883906169,0.7333333333333333,1.7266666666666666,1.0,1.0,0.0,0.6821428571428572,16,1.0,0.1364285714285714,0.9,0.3453333333333333,1,dialogue,I DON'T HAVE TO GIVE UP MY SPECIAL SPOT JUST BECAUSE SOMEONE ELSE IS HERE .
1.0,0.7,1.0,1.0,0.0,1.0,1.0,0.9523809523809524,1.7719298245614037,51813,0.001582614401791,0.8,2.3866666666666663,1.0,1.0,0.0,0.7982758620689655,17,0.5,0.1596551724137931,0.9,0.8,1,dialogue,"IF IT WEREN'T FOR ME , THE PENAL SOLDIERS WOULDN'T HAVE HAD TO LEAD THE CHARGE ..."
1.0,1.0,0.6,0.0,0.0,1.0,0.2,1.0,2.3333333333333335,3549,0.0011270780501549,0.0,0.5,0.0,0.0,0.0,0.3,1,1.0,0.06,0.5,0.1,0,background,TILT
1.0,1.0,1.0,1.0,0.0,1.0,1.0,0.9565217391304348,2.043956043956044,16926,0.0016542597187758,0.8,1.96,1.0,1.0,0.0,1.1,6,0.5,0.22,1.0,0.392,1,dialogue,WHO ARE THEY TALKING ABOUT ?
1.0,0.7,1.0,0.7,0.0,1.0,1.0,0.9696969696969696,1.4452054794520548,30806,0.0013309095630721,0.5,2.1375,1.0,1.0,0.0,0.9933333333333334,9,1.0,0.1986666666666666,1.0,0.8,1,dialogue,THE INSIDE OF THE PUB WAS RATHER CHILLY .
1.0,1.0,1.0,0.7,0.0,1.0,1.0,0.9803921568627452,3.907407407407407,45576,0.0013384237317886,0.5,1.85,1.0,1.0,0.0,0.8666666666666667,11,1.0,0.1733333333333333,1.0,0.37,1,dialogue,THE HOOLIGAN LLOYD FRONTERA COULD NEVER DREAM OF THIS STUFF !
1.0,1.0,1.0,0.7,0.0,1.0,1.0,0.92,2.283582089552239,41004,0.0007316359379572,0.6,1.26,1.0,1.0,0.0,0.7285714285714285,6,1.0,0.1457142857142857,1.0,0.252,1,dialogue,THEIR TALK MUST'VE GONE WELL .
1.0,0.7,0.6,1.0,0.0,1.0,0.2,1.0,1.5892857142857142,4984,0.0010032102728731,1.0,0.5,0.0,0.0,0.0,0.3,1,1.0,0.06,0.5,0.1,0,background,SMILE
1.0,0.7,1.0,0.7,0.0,1.0,1.0,0.9736842105263158,1.7911392405063291,44714,0.0010511249273158,0.6666666666666666,2.344444444444445,1.0,1.0,0.0,0.98,10,1.0,0.1959999999999999,1.0,0.8,1,dialogue,NOW GET ON YOUR KNEES AND BEG FOR FORGIVENESS !
1.0,0.3,1.0,0.0,0.0,1.0,0.2,1.0,0.7215189873417721,18012,5.5518543193426606e-05,0.0,0.5,0.0,0.0,0.0,0.3,1,0.6,0.06,0.5,0.1,0,background,P
1.0,1.0,0.2,0.0,0.0,1.0,1.0,0.8,3.736842105263158,1349,0.0044477390659747,0.0,0.5,1.0,1.0,0.0,0.3,2,0.5,0.06,0.6,0.1,1,dialogue,CUTE .
1.0,1.0,0.6,0.7,0.0,1.0,1.0,0.9230769230769232,2.248826291079812,102027,0.0004900663549844,0.7,1.93,1.0,1.0,0.0,0.5088235294117647,12,0.6,0.1017647058823529,1.0,0.386,1,dialogue,OH MY ! SHE'LL MOST CERTAINLY SHOW IT TO GAS HIM !
1.0,1.0,1.0,1.0,0.0,1.0,1.0,0.9473684210526316,3.5657894736842106,20596,0.0011652748106428,1.0,2.08,1.0,1.0,0.0,0.875,6,1.0,0.175,1.0,0.8,1,dialogue,HOW IS THAT MY PROBLEM ?
1.0,1.0,0.6,0.7,0.0,1.0,1.0,0.9333333333333332,2.431693989071038,81435,0.0006876650089028,0.7,2.08,1.0,1.0,0.0,0.8875,12,1.0,0.1775,1.0,0.8,1,dialogue,THIS PUTS US AT A DISADVANTAGE . THERE'S NO DENYING IT .
1.0,0.3,1.0,0.0,0.0,1.0,2.0,0.75,8.973684210526315,12958,0.0010032412409322,0.0,0.5,1.0,1.0,0.0,0.3,2,1.0,0.06,0.6,0.1,1,dialogue,AHHHHHHHH !!!
1.0,0.7,1.0,0.7,0.0,1.0,1.0,0.9375,1.828358208955224,32830,0.0012183978068839,0.5714285714285714,2.0142857142857142,1.0,1.0,0.0,1.0964285714285713,9,1.0,0.2192857142857142,1.0,0.8,1,dialogue,"COULD I ASK YOU SOMETHING , YOUR GRACE ?"
1.0,0.5,0.6,1.0,0.0,1.0,1.0,1.0,7.904761904761905,3486,0.0043029259896729,1.0,1.5333333333333332,1.0,1.0,0.0,1.1142857142857143,4,0.5,0.2228571428571428,0.75,0.3066666666666666,1,dialogue,THIS IS BAD ...
1.0,1.0,1.0,1.0,0.0,1.0,1.0,0.8888888888888888,3.506849315068493,18688,0.001337756849315,0.8333333333333334,2.8833333333333333,1.0,1.0,0.0,0.3,8,1.0,0.06,1.0,0.8,1,dialogue,WANT TO BE ! A GOOD SON !
1.0,1.0,0.6,0.0,0.0,1.0,0.2,1.0,2.6666666666666665,4056,0.0014792899408284,0.0,0.5,0.0,0.0,0.0,0.3,1,1.0,0.06,0.5,0.1,0,background,Fidget
1.0,0.3,0.6,0.7,0.0,1.0,1.0,0.9090909090909092,9.92,6200,0.0027419354838709,0.5,1.3,1.0,1.0,0.0,0.3,4,0.5,0.06,0.75,0.26,1,dialogue,WAIT ... JAVIER .
1.0,0.3,0.6,0.7,0.0,1.0,1.0,0.8888888888888888,8.777777777777779,6399,0.0018752930145335,0.6666666666666666,2.533333333333333,1.0,1.0,0.0,0.3,4,0.5,0.06,0.75,0.8,1,dialogue,ME A FAVOR ?
1.0,0.7,1.0,0.0,0.0,1.0,0.2,1.0,1.594059405940594,16261,0.0003689809974786,0.0,0.5,0.0,0.0,0.0,0.3,1,0.6,0.06,0.5,0.1,0,background,SQUEAL
1.0,1.0,1.0,0.7,0.0,1.0,1.0,0.9285714285714286,3.1403508771929824,10203,0.0020582181711261,0.6666666666666666,1.3,1.0,1.0,0.0,1.5090909090909093,5,0.5,0.3018181818181819,0.75,0.26,1,dialogue,IS ANYONE ... THERE ?
1.0,1.0,1.0,0.0,0.0,1.0,0.2,1.0,3.4895833333333335,32160,0.0002176616915422,0.0,0.5,0.0,0.0,0.0,0.86,1,0.6,0.172,0.5,0.1,0,background,SILENCE
1.0,1.0,0.6,1.0,0.0,1.0,0.2,1.0,2.3214285714285716,7280,0.0006868131868131,1.0,0.5,0.0,0.0,0.0,0.3,1,1.0,0.06,0.5,0.1,0,background,SMILE
1.0,0.5,1.0,1.0,0.0,1.0,1.0,0.9545454545454546,6.28125,25728,0.0010883084577114,1.0,2.8666666666666667,1.0,1.0,0.0,0.5421052631578948,7,1.0,0.1084210526315789,1.0,0.8,1,dialogue,Please make sure to use it .
0.0,0.7,0.6,0.0,0.0,0.01,2.0,0.0,1.2205882352941178,5644,0.0005315379163713,0.0,0.5,1.0,1.0,0.99,0.3,2,1.0,0.06,0.6,0.1,0,background,? !
1.0,0.7,0.4,0.7,0.0,1.0,0.6,0.9464285714285714,1.0738255033557047,214560,0.0009880686055182,0.5789473684210527,1.9105263157894736,1.0,0.0,0.0,0.6789808917197452,44,1.0,0.135796178343949,0.8,0.3821052631578947,1,dialogue,"The Good weather morning , Kardiciel ! I asked the is lovely today . servants your favorite relax desserts to . prepare Please in I'll go stay out the of the garden way . . P.S. I included How is your knee ? some"
1.0,1.0,1.0,0.0,0.0,1.0,0.2,1.0,2.4545454545454546,24057,0.00016627177121,0.0,0.5,0.0,0.0,0.0,0.3,1,0.6,0.06,0.5,0.1,0,background,WUFF
1.0,1.0,1.0,0.7,0.0,1.0,1.0,0.9411764705882352,3.635294117647059,26265,0.0007995431182181,0.75,1.05,1.0,1.0,0.0,0.4857142857142857,5,1.0,0.0971428571428571,0.75,0.21,1,dialogue,WHO ARE THOSE PUNKS ?
1.0,1.0,0.4,0.7,0.0,1.0,1.0,0.9661016949152542,2.4563492063492065,155988,0.0004808062158627,0.5,1.9,1.0,1.0,0.0,0.6254545454545454,14,0.6,0.125090909090909,1.0,0.38,1,dialogue,... BUT THEY'RE NOT STRONG ENOUGH TO OVERPOWER A FORMER KNIGHT LIKE JORGE .
1.0,0.7,0.6,0.0,0.0,1.0,0.2,1.0,1.0695364238410596,97546,3.075472084965042e-05,0.0,0.5,0.0,0.0,0.0,0.3,1,0.6,0.06,0.5,0.1,0,background,MIL
1.0,1.0,1.0,1.0,0.0,1.0,1.0,0.9117647058823528,2.015267175572519,34584,0.0012144344205412,1.0,2.375,1.0,1.0,0.0,1.4344827586206896,9,1.0,0.2868965517241379,1.0,0.8,1,dialogue,WHAT THE HELL DO YOU THINK YOU'RE DOING ?!
1.0,1.0,1.0,1.0,0.0,1.0,1.0,0.8947368421052632,2.035460992907802,40467,0.0005930758395729,1.0,2.42,1.0,1.0,0.0,1.1866666666666668,6,1.0,0.2373333333333333,1.0,0.8,1,dialogue,WHO THE HELL ARE THEY ?!
1.0,1.0,1.0,0.4,0.0,1.0,0.2,1.0,3.2448979591836733,31164,0.000802207675523,0.3333333333333333,2.0,0.0,0.0,0.0,0.8157894736842105,4,1.0,0.1631578947368421,0.75,0.8,0,background,The Stellar * Swordmaster
1.0,0.7,1.0,1.0,0.0,1.0,1.0,1.0,1.9424460431654675,37530,0.000746069810818,1.0,2.066666666666667,1.0,1.0,0.0,0.7529411764705882,7,1.0,0.1505882352941176,1.0,0.8,1,dialogue,IF YOU RUN INTO ME AGAIN ...
1.0,1.0,1.0,0.7,0.0,1.0,1.0,0.9310344827586208,2.518181818181818,30470,0.0011814899901542,0.5,1.05,1.0,1.0,0.0,1.1840000000000002,8,1.0,0.2368,1.0,0.21,1,dialogue,"MASTER LLOYD , WHERE ARE YOU GOING ?"
1.0,1.0,0.2,1.0,0.0,1.0,2.0,1.0,2.7916666666666665,1608,0.003731343283582,1.0,2.5,1.0,1.0,0.0,0.3,2,0.5,0.06,3.0,2.5,1,dialogue,OH ...
1.0,0.7,0.6,1.0,0.0,1.0,1.0,0.8888888888888888,1.25,4500,0.0026666666666666,1.0,2.5,1.0,1.0,0.0,1.2833333333333334,4,0.5,0.2566666666666667,0.75,0.8,1,dialogue,WHAT IS IT ?
1.0,0.7,0.2,0.7,0.0,1.0,1.0,1.0,5.523809523809524,2436,0.0049261083743842,0.5,2.05,1.0,1.0,0.0,2.1999999999999997,4,0.5,0.4399999999999999,0.75,0.8,1,dialogue,T - THIS ...
1.0,0.3,1.0,0.0,0.0,1.0,0.2,1.0,0.955665024630542,39382,0.0002285308008734,0.0,0.5,0.0,0.0,0.0,0.3,2,0.6,0.06,0.6,0.1,0,background,STEP STEP
1.0,0.7,0.4,0.4,0.0,1.0,0.6,0.9827586206896552,1.3315649867374004,189254,0.0003645893878068,0.3636363636363636,1.5636363636363635,1.0,0.0,0.0,0.9527272727272728,12,0.6,0.1905454545454545,1.0,0.3127272727272727,1,dialogue,YOU CAN EARN RP BY IMPROVING RELATIONSHIPS WITH KEY CHARACTERS . DONG
1.0,0.7,1.0,0.7,0.0,1.0,1.0,0.8571428571428571,1.1043478260869566,14605,0.0011639849366655,0.6666666666666666,1.6,1.0,1.0,0.0,1.02,4,1.0,0.204,0.75,0.3199999999999999,1,dialogue,I'M LEAVING YOU !
1.0,0.3,0.2,1.0,0.0,1.0,0.2,1.0,0.9629629629629628,702,0.0014245014245014,1.0,4.5,0.0,0.0,0.0,0.3,1,1.0,0.06,0.5,1.0,0,background,A
1.0,0.7,1.0,0.7,0.0,1.0,0.6,0.9444444444444444,1.2245989304812834,42823,0.000537094551993,0.6,1.64,1.0,0.0,0.0,0.6333333333333333,6,1.0,0.1266666666666666,1.0,0.3279999999999999,1,dialogue,HM ? I CAN SOMEONE FEEL
1.0,1.0,1.0,0.0,0.0,1.0,0.2,1.0,2.1216216216216215,11618,0.0004303666724048,0.0,0.5,0.0,0.0,0.0,0.3,1,0.6,0.06,0.5,0.1,0,background,SHIRK
1.0,1.0,0.6,1.0,0.0,1.0,2.0,0.75,3.264705882352941,3774,0.0013248542660307,1.0,1.5,1.0,1.0,0.0,0.3,2,1.0,0.06,0.6,0.3,1,dialogue,HUH ?
1.0,1.0,1.0,0.7,0.0,1.0,1.0,0.9090909090909092,3.789473684210526,12312,0.0021929824561403,0.5,1.45,1.0,1.0,0.0,1.0444444444444445,6,0.5,0.2088888888888889,1.0,0.29,1,dialogue,"SOON , SO STOP CHATTERING ."
1.0,0.7,0.4,0.0,0.0,1.0,0.2,1.0,1.3945205479452054,185785,2.1530263476599295e-05,0.0,0.5,0.0,0.0,0.0,0.3,1,0.6,0.06,0.5,0.1,0,background,JOLT
1.0,0.3,0.6,1.0,0.0,1.0,1.0,0.875,8.12,5075,0.0033497536945812,1.0,2.3,1.0,1.0,0.0,0.3,4,0.5,0.06,0.75,0.8,1,dialogue,... IT'S LIKE ...
1.0,0.7,1.0,0.7,0.0,1.0,0.2,1.0,1.5179856115107917,29329,0.0014320297316649,0.7,2.53,0.0,0.0,0.0,0.4354838709677419,10,1.0,0.0870967741935483,1.0,0.8,1,dialogue,HOW THE HECK AM I SUPPOSED TO GET CLOSE TO
1.0,0.7,1.0,0.7,0.0,1.0,1.0,0.9032258064516128,1.4274809160305344,24497,0.001551210352288,0.6666666666666666,1.1333333333333333,1.0,1.0,0.0,0.95,8,0.5,0.19,1.0,0.2266666666666666,1,dialogue,YOU'RE RIGHT . THAT WAS PRETTY LUCKY .
1.0,1.0,1.0,0.4,0.0,1.0,1.0,0.9230769230769232,4.262295081967213,15860,0.0018915510718789,0.3333333333333333,1.1,1.0,1.0,0.0,1.1454545454545455,5,0.5,0.2290909090909091,0.75,0.2199999999999999,1,dialogue,"CONGRATULATIONS , YOUR GRACE !"
1.0,0.7,1.0,0.4,0.0,1.0,1.0,0.92,1.76,39600,0.0007575757575757,0.4,1.62,1.0,1.0,0.0,0.7904761904761906,6,1.0,0.1580952380952381,1.0,0.3239999999999999,1,dialogue,my brother's party by myself .
1.0,0.7,0.6,0.7,0.0,1.0,0.6,0.9787234042553192,1.2421383647798745,125610,0.00044582437704,0.5555555555555556,0.8,1.0,0.0,0.0,0.8522727272727273,10,0.6,0.1704545454545454,1.0,0.16,1,dialogue,WHY DOES SHE KEEP SENDING THESE USELESS THINGS ? GRUMBLE
1.0,0.7,1.0,1.0,0.0,1.0,0.2,1.0,1.1589403973509933,26425,0.0001513718070009,1.0,0.5,0.0,0.0,0.0,0.3,1,0.6,0.06,0.5,0.1,0,background,GRIN
1.0,1.0,1.0,0.0,0.0,1.0,1.0,1.0,2.5245901639344264,9394,0.001916116670215,0.0,0.5,1.0,1.0,0.0,0.3,3,0.5,0.06,0.75,0.1,1,dialogue,CORPORAL RONAN ...
1.0,1.0,0.6,0.7,0.0,1.0,1.0,0.9821428571428572,2.1298701298701297,113652,0.0006335128286347,0.6923076923076923,1.8153846153846152,1.0,1.0,0.0,0.5547169811320755,14,1.0,0.1109433962264151,1.0,0.363076923076923,1,dialogue,SQUIRM IT JUST SEEMS AS THOUGH YOU DON'T LIKE HIS LORDSHIP VERY MUCH ...
1.0,0.7,1.0,0.7,0.0,1.0,1.0,0.9782608695652174,1.893939393939394,33000,0.0016666666666666,0.5555555555555556,1.9,1.0,1.0,0.0,0.8813953488372093,10,0.5,0.1762790697674418,1.0,0.38,1,dialogue,MY RELATIONSHIP WITH MY HUSBAND IS ALREADY A DISASTER !
1.0,0.7,1.0,1.0,0.0,1.0,1.0,0.935483870967742,1.5263157894736843,26999,0.0015926515796881,0.8888888888888888,2.0777777777777775,1.0,1.0,0.0,0.5740740740740741,10,0.5,0.1148148148148148,0.3,0.8,1,dialogue,I'M NOT SURE IF I'LL MAKE IT BACK ALIVE ...
1.0,0.7,0.6,0.0,0.0,1.0,1.0,0.8,5.08,3175,0.0018897637795275,0.0,0.5,1.0,1.0,0.0,0.3,2,0.5,0.06,0.6,0.1,1,dialogue,IMES .
1.0,0.7,0.2,1.0,0.0,1.0,2.0,1.0,1.6451612903225807,1581,0.0031625553447185,1.0,4.2,1.0,1.0,0.0,0.3,2,0.5,0.06,0.6,1.0,1,dialogue,I ...
1.0,0.5,1.0,0.0,0.0,1.0,1.0,0.875,6.894736842105263,9956,0.0013057452792286,0.0,0.5,1.0,1.0,0.0,0.3,3,1.0,0.06,0.75,0.1,1,dialogue,ADESHAN ... !
1.0,0.7,1.0,1.0,0.0,1.0,0.2,1.0,1.7363636363636363,21010,0.0001903855306996,1.0,0.5,0.0,0.0,0.0,0.3,1,0.6,0.06,0.5,0.1,0,background,SIGH
1.0,0.7,1.0,0.7,0.0,1.0,1.0,0.9411764705882352,1.481203007518797,26201,0.0016411587343994,0.7777777777777778,2.2666666666666666,1.0,1.0,0.0,0.65,10,0.5,0.13,1.0,0.8,1,dialogue,BUT AT LEAST HE ISN'T TELLING ME TO LEAVE .
1.0,0.7,0.6,0.0,0.0,1.0,0.2,1.0,1.5571428571428572,7630,0.000524246395806,0.0,0.5,0.0,0.0,0.0,0.3,1,1.0,0.06,0.5,0.1,0,background,LEAN
1.0,1.0,0.6,0.4,0.0,1.0,0.2,1.0,2.4210526315789473,7866,0.0017798118484617,0.3333333333333333,1.3333333333333333,0.0,0.0,0.0,1.19,3,0.5,0.238,0.75,0.2666666666666666,1,dialogue,ONE WEEK LATER
1.0,1.0,0.2,0.0,0.0,1.0,0.2,1.0,2.6875,2752,0.001453488372093,0.0,0.5,0.0,0.0,0.0,0.3,1,1.0,0.06,0.5,0.1,0,background,GULP
1.0,0.7,1.0,1.0,0.0,1.0,1.0,0.925925925925926,1.79,17900,0.0018994413407821,0.8571428571428571,2.557142857142857,1.0,1.0,0.0,0.982608695652174,8,0.5,0.1965217391304348,1.0,0.8,1,dialogue,I'LL MAKE SURE NOT TO BOTHER YOU .
1.0,0.7,1.0,0.7,0.0,1.0,1.0,1.0,1.4071428571428573,27580,0.0016316171138506,0.75,2.3625,1.0,1.0,0.0,0.696875,9,0.5,0.139375,1.0,0.8,1,dialogue,I KNOW THIS IS INCREDIBLY AUDACIOUS OF ME ...
1.0,1.0,1.0,0.7,0.0,1.0,1.0,1.0,3.1789473684210527,28690,0.001429069362147,0.625,3.025,1.0,1.0,0.0,0.7142857142857143,9,1.0,0.1428571428571428,1.0,1.0,1,dialogue,YOU HAVE THE POWER TO SLAY THE GIANTS ...
1.0,0.3,0.6,0.0,0.0,1.0,0.6,0.9285714285714286,8.421052631578947,3040,0.0055921052631578,0.0,0.5,1.0,0.0,0.0,0.3,4,0.3,0.06,0.75,0.1,0,background,Art : Kim Hyunsoo
1.0,0.3,0.4,0.4,0.0,1.0,0.2,1.0,0.7831715210355987,299112,3.677552221241541e-05,0.3333333333333333,0.5,0.0,0.0,0.0,0.3,3,0.6,0.06,0.75,0.1,0,background,WEEP DA DUM
1.0,0.7,1.0,0.0,0.0,1.0,0.2,1.0,1.4675324675324677,34804,0.0001149293184691,0.0,0.5,0.0,0.0,0.0,0.3,1,0.6,0.06,0.5,0.1,0,background,HALT
1.0,1.0,1.0,0.7,0.0,1.0,1.0,0.9782608695652174,2.3484848484848486,40920,0.0014418377321603,0.6,1.77,1.0,1.0,0.0,0.9,11,1.0,0.18,1.0,0.354,1,dialogue,I CAN'T BELIEVE THE GRAND MARSHAL WAS TELLING THE TRUTH ...
1.0,0.7,0.6,0.0,0.0,1.0,0.6,1.0,1.5302325581395348,70735,0.0003392945500812,0.0,0.5,1.0,0.0,0.0,0.3,6,0.6,0.06,1.0,0.1,0,background,CLAP CLAP CLAP BA - BUMP
1.0,1.0,1.0,0.0,0.0,1.0,0.2,1.0,2.8181818181818183,8525,0.0007038123167155,0.0,0.5,0.0,0.0,0.0,0.3,1,1.0,0.06,0.5,0.1,0,background,MUMBLE
1.0,0.7,1.0,0.7,0.0,1.0,1.0,0.8666666666666667,1.9611650485436891,20806,0.0008170719984619,0.5,0.5,1.0,1.0,0.0,0.3,3,1.0,0.06,0.75,0.1,1,dialogue,She's beautiful .
1.0,0.3,0.6,0.0,0.0,1.0,2.0,1.0,8.842105263157896,3192,0.0037593984962406,0.0,0.5,1.0,1.0,0.0,1.7833333333333332,2,0.5,0.3566666666666666,0.6,0.1,1,dialogue,ANYTHING ...
1.0,0.7,0.6,0.0,0.0,1.0,0.2,1.0,1.6842105263157894,5472,0.0007309941520467,0.0,0.5,0.0,0.0,0.0,0.3,1,1.0,0.06,0.5,0.1,0,background,MEHE
1.0,1.0,1.0,0.0,0.0,1.0,0.2,1.0,3.0638297872340425,6768,0.0005910165484633,0.0,0.5,0.0,0.0,0.0,0.3,1,1.0,0.06,0.5,0.1,0,background,BUMP
1.0,0.7,1.0,0.7,0.0,1.0,1.0,0.9565217391304348,1.834782608695652,24265,0.0011539254069647,0.6,2.06,1.0,1.0,0.0,0.3,6,1.0,0.06,0.3,0.8,1,dialogue,KARDICIEL WROTE BACK TO ME !
1.0,1.0,1.0,0.4,0.0,1.0,0.6,0.9375,2.830508474576271,9853,0.0019283466964376,0.3333333333333333,1.7333333333333334,1.0,0.0,0.0,0.3,4,0.5,0.06,0.75,0.3466666666666667,1,dialogue,"I DEFINITELY DIED ,"
1.0,1.0,0.6,0.4,0.0,1.0,1.0,0.9583333333333334,2.6054054054054054,89170,0.000616799371986,0.4285714285714285,1.7857142857142858,1.0,1.0,0.0,0.6386363636363636,8,1.0,0.1277272727272727,1.0,0.3571428571428571,1,dialogue,I DON'T DISCRIMINATE AGAINST PEOPLE WITH DISABILITIES .
1.0,1.0,0.6,0.0,0.0,1.0,0.2,1.0,2.119047619047619,3738,0.0010700909577314,0.0,0.5,0.0,0.0,0.0,0.3,1,1.0,0.06,0.5,0.1,0,background,FWIP
1.0,0.5,0.6,0.0,0.0,1.0,1.0,1.0,7.44,4650,0.0032258064516129,0.0,0.5,1.0,1.0,0.0,0.3,3,0.5,0.06,0.75,0.1,1,dialogue,... MARSHAL ...
1.0,1.0,1.0,0.7,0.0,1.0,1.0,0.9047619047619048,3.892857142857143,12208,0.0027031454783748,0.6,1.24,1.0,1.0,0.0,0.4470588235294117,7,0.5,0.0894117647058823,1.0,0.248,1,dialogue,II'M INJURED ... I CAN'T MOVE ...
1.0,0.7,0.6,0.7,0.0,1.0,0.2,1.0,1.8812785388127853,90228,0.000188411579554,0.6666666666666666,0.5,0.0,0.0,0.0,0.3,3,0.6,0.06,0.75,0.1,0,background,SMILE GRIN FLINCH
1.0,0.7,0.2,1.0,0.0,1.0,0.2,1.0,5.809523809523809,2562,0.0035128805620608,1.0,2.35,0.0,0.0,0.0,0.6833333333333332,2,0.5,0.1366666666666666,0.6,0.8,1,dialogue,I BELIEVE
1.0,0.7,0.6,0.0,0.0,1.0,0.2,1.0,1.7884615384615383,4836,0.0006203473945409,0.0,0.5,0.0,0.0,0.0,0.3,1,1.0,0.06,0.5,0.1,0,background,www
1.0,1.0,1.0,0.7,0.0,1.0,1.0,0.8947368421052632,3.4615384615384617,14625,0.0015726495726495,0.75,2.625,1.0,1.0,0.0,1.0799999999999998,5,0.5,0.2159999999999999,0.75,0.8,1,dialogue,THAT'S TO BE EXPECTED .
1.0,0.7,1.0,0.0,0.0,1.0,0.2,1.0,1.793103448275862,13572,0.0003684055408193,0.0,0.5,0.0,0.0,0.0,1.1666666666666667,1,0.6,0.2333333333333333,0.5,0.1,0,background,GLARE
1.0,0.7,0.2,0.0,0.0,1.0,0.2,1.0,1.4090909090909092,2728,0.001099706744868,0.0,0.5,0.0,0.0,0.0,0.3,1,1.0,0.06,0.5,0.1,0,background,HIC
1.0,0.7,0.2,0.7,0.0,1.0,1.0,0.8,5.5,2662,0.0048835462058602,0.5,1.35,1.0,1.0,0.0,0.3,5,0.5,0.06,0.75,0.27,1,dialogue,Y - YES ... ?
0.0,0.3,0.2,0.0,0.0,0.91,0.2,0.0,0.92,575,0.0017391304347826,0.0,0.5,0.0,0.0,0.09,0.3,1,0.5,0.06,0.5,0.1,0,background,0
1.0,1.0,1.0,1.0,0.0,1.0,1.0,0.9,3.582089552238806,16080,0.0017412935323383,0.8571428571428571,3.057142857142857,1.0,1.0,0.0,0.45,9,0.5,0.09,1.0,1.0,1,dialogue,HUH ? SO I DO HAVE A SKILL !
1.0,1.0,0.6,0.7,0.0,1.0,1.0,0.8947368421052632,3.6219512195121952,97416,0.0002361008458569,0.5,1.525,1.0,1.0,0.0,1.3866666666666667,5,0.6,0.2773333333333333,0.75,0.305,1,dialogue,THERE'S ONLY ONE LEFT .
1.0,0.7,1.0,1.0,0.0,1.0,1.0,0.9285714285714286,1.972413793103448,41470,0.001278032312515,0.8,2.06,1.0,1.0,0.0,0.5432432432432432,12,1.0,0.1086486486486486,1.0,0.8,1,dialogue,"IT'S THE SAME MISERABLE LIFE , LIKE IT WAS IN KOREA !"
1.0,0.7,0.6,0.7,0.0,1.0,1.0,0.9310344827586208,1.0648148148148149,49680,0.0007045088566827,0.5,1.3833333333333335,1.0,1.0,0.0,0.984,7,1.0,0.1967999999999999,1.0,0.2766666666666667,1,dialogue,I've got something you can borrow !
1.0,0.7,0.4,0.7,0.0,1.0,1.0,0.9333333333333332,1.2130750605326877,206913,0.0001111578296192,0.75,1.9,1.0,1.0,0.0,1.0166666666666666,6,0.6,0.2033333333333333,1.0,0.38,1,dialogue,BLUSH THIS IS ALL ……… !
1.0,0.7,0.6,0.0,0.0,1.0,0.2,1.0,1.8461538461538465,4992,0.001201923076923,0.0,0.5,0.0,0.0,0.0,0.3,1,1.0,0.06,0.5,0.1,0,background,RUSTLE
1.0,0.7,1.0,1.0,0.0,1.0,1.0,0.75,1.7739130434782608,23460,0.0005967604433077,1.0,1.7,1.0,1.0,0.0,1.842857142857143,3,1.0,0.3685714285714286,0.75,0.3399999999999999,1,dialogue,WHO'S THERE ?!
1.0,1.0,0.6,0.7,0.0,1.0,1.0,0.935483870967742,3.0208333333333335,62640,0.0006066411238825,0.5,1.45,1.0,1.0,0.0,1.1555555555555554,8,1.0,0.2311111111111111,1.0,0.29,1,dialogue,PENNY PINCHER ! WHAT BRINGS YOU HERE ?
1.0,0.5,0.6,0.0,0.0,1.0,0.2,1.0,6.15,2460,0.0048780487804878,0.0,0.5,0.0,0.0,0.0,0.3,2,0.5,0.06,0.6,0.1,0,background,GIF Keyboard
1.0,0.3,1.0,1.0,0.0,1.0,0.2,0.9,10.44,6525,0.0019923371647509,1.0,3.0,0.0,0.0,0.0,0.6571428571428571,4,0.5,0.1314285714285714,0.75,1.0,1,dialogue,I can't go to
1.0,1.0,1.0,1.0,0.0,1.0,0.2,1.0,2.0434782608695654,38916,0.0001027854866892,1.0,0.5,0.0,0.0,0.0,0.3,1,0.6,0.06,0.5,0.1,0,background,SIGH
1.0,0.7,1.0,0.4,0.0,1.0,1.0,0.9302325581395348,1.894736842105263,33516,0.0015216612960973,0.375,1.55,1.0,1.0,0.0,0.7789473684210527,9,0.5,0.1557894736842105,1.0,0.31,1,dialogue,THAT'S THE ROPERAM FAMILY'S ABILITY IN TORN WINGS !
1.0,0.7,1.0,1.0,0.0,1.0,0.2,1.0,1.5636363636363635,42570,0.0001644350481559,1.0,0.5,0.0,0.0,0.0,0.3,1,0.6,0.06,0.5,0.1,0,background,CHUCKLE
1.0,0.5,1.0,0.7,0.0,1.0,0.6,0.9333333333333332,7.63013698630137,40661,0.0009345564545879,0.625,1.775,1.0,0.0,0.0,0.9192307692307692,9,1.0,0.1838461538461538,1.0,0.355,1,dialogue,"Eros No can do , this orgy isn't going"
1.0,0.7,0.6,1.0,0.0,1.0,0.2,1.0,1.2616822429906542,130005,2.3076035537094728e-05,1.0,5.0,0.0,0.0,0.0,4.5,1,0.6,0.9,0.5,1.0,1,dialogue,THE
1.0,1.0,0.6,0.7,0.0,1.0,0.2,1.0,4.2809917355371905,62678,0.0001755001755001,0.5,2.75,0.0,0.0,0.0,1.1125,2,0.6,0.2225,0.6,0.8,0,background,The Stellar
1.0,1.0,1.0,0.7,0.0,1.0,1.0,0.96875,3.068965517241379,41296,0.0010170476559473,0.7142857142857143,2.1,1.0,1.0,0.0,1.1206896551724137,8,1.0,0.2241379310344827,1.0,0.8,1,dialogue,I'VE TRIED EVERYTHING I COULD THINK OF ...
1.0,1.0,0.6,0.7,0.0,1.0,0.6,0.8518518518518519,2.171875,80064,0.000537070343725,0.7142857142857143,2.0142857142857142,1.0,0.0,0.0,0.8523809523809524,8,1.0,0.1704761904761904,1.0,0.8,1,dialogue,SHALL I HELP YOU GET DRESSED ? 100000000000
1.0,0.7,1.0,0.0,0.0,1.0,0.2,1.0,1.6822429906542056,19260,0.0002076843198338,0.0,0.5,0.0,0.0,0.0,0.3,1,0.6,0.06,0.5,0.1,0,background,BITE
1.0,1.0,1.0,0.7,0.0,1.0,1.0,0.9375,2.9223300970873787,31003,0.0006450988614005,0.5,1.275,1.0,1.0,0.0,0.6615384615384615,5,1.0,0.1323076923076923,0.75,0.255,1,dialogue,OUR BET BEGINS NOW .
1.0,0.7,0.6,1.0,0.0,1.0,1.0,0.8928571428571429,1.4264705882352942,59364,0.0005727376861397,0.8,1.62,1.0,1.0,0.0,0.7130434782608696,7,1.0,0.1426086956521739,1.0,0.3239999999999999,1,dialogue,"Oh stop , you're embarrassing me !"
0.0,0.3,0.2,0.0,0.0,0.91,0.2,0.0,0.9473684210526316,342,0.0029239766081871,0.0,0.5,0.0,0.0,0.09,0.3,1,0.5,0.06,0.5,0.1,0,background,0
1.0,0.7,0.2,0.0,0.0,1.0,0.2,1.0,1.2653061224489797,3038,0.0006583278472679,0.0,0.5,0.0,0.0,0.0,0.3,1,1.0,0.06,0.5,0.1,0,background,CU
1.0,1.0,0.2,1.0,0.0,0.5,0.2,1.0,3.3846153846153846,2288,0.0013111888111888,1.0,3.0,0.0,0.0,0.5,3.2,1,1.0,0.64,0.5,1.0,1,dialogue,ALL
1.0,1.0,1.0,1.0,0.0,1.0,1.0,0.8888888888888888,4.160493827160494,27297,0.0009524856211305,1.0,1.525,1.0,1.0,0.0,0.942857142857143,6,1.0,0.1885714285714285,1.0,0.305,1,dialogue,THAT'S RIGHT ... LIKE ME .
1.0,1.0,1.0,0.0,0.0,1.0,0.6,0.9545454545454546,4.851063829787234,10716,0.0024262784621127,0.0,0.5,1.0,0.0,0.0,0.6842105263157895,5,0.5,0.1368421052631579,0.75,0.1,0,background,V Adaptation : Lee hyunmin
1.0,1.0,0.2,0.0,0.0,1.0,0.2,1.0,2.0,882,0.0022675736961451,0.0,0.5,0.0,0.0,0.0,0.3,1,0.5,0.06,0.5,0.1,0,background,Tr
1.0,0.7,1.0,1.0,0.0,1.0,1.0,0.9444444444444444,1.5514705882352942,28696,0.0016727069974909,0.8181818181818182,2.7454545454545456,1.0,1.0,0.0,0.3,13,0.5,0.06,1.0,0.8,1,dialogue,"I NEED A WAY TO GET CLOSER TO HIM , BUT SLOWLY ."
1.0,1.0,1.0,0.4,0.0,1.0,1.0,0.9534883720930232,2.051851851851852,37395,0.0013905602353255,0.375,1.725,1.0,1.0,0.0,0.8974358974358975,10,1.0,0.1794871794871795,1.0,0.345,1,dialogue,"IF EVERYTHING GOES ACCORDINGLY , IN ABOUT TWO DAYS ."
1.0,0.5,1.0,0.0,0.0,1.0,2.0,0.875,6.277777777777778,18306,0.0004916420845624,0.0,0.5,1.0,1.0,0.0,0.3,2,0.6,0.06,0.6,0.1,1,dialogue,MARSHAL !
1.0,0.3,1.0,0.4,0.0,1.0,0.2,1.0,8.824561403508772,28671,0.0003836629346726,0.3333333333333333,1.8333333333333333,0.0,0.0,0.0,0.3,3,0.6,0.06,0.75,0.3666666666666666,1,dialogue,A SWORD ARC
1.0,1.0,1.0,0.7,0.0,1.0,1.0,0.918918918918919,2.263888888888889,46944,0.0010224948875255,0.6666666666666666,1.7777777777777777,1.0,1.0,0.0,0.646875,12,1.0,0.129375,1.0,0.3555555555555555,1,dialogue,"NO , IN THIS WORLD , MY NAME IS LLOYD FRONTERA !"
1.0,0.3,0.6,0.7,0.0,1.0,0.6,0.8181818181818182,8.727272727272727,4224,0.0030776515151515,0.6666666666666666,0.5,1.0,0.0,0.0,1.2428571428571429,3,0.5,0.2485714285714285,0.75,0.1,1,dialogue,WHERE IS HE--
1.0,0.7,0.4,0.0,0.0,1.0,0.2,1.0,1.5972850678733033,312052,4.165972337943677e-05,0.0,0.5,0.0,0.0,0.0,0.3,2,0.6,0.06,0.6,0.1,0,background,STRIDE STRIDE
1.0,0.7,0.4,0.7,0.0,1.0,1.0,0.9583333333333334,1.696629213483146,120951,0.0010004051227356,0.5454545454545454,2.0818181818181816,1.0,1.0,0.0,0.8133333333333334,26,1.0,0.1626666666666666,0.9,0.8,1,dialogue,"PART ONE ! THE BARON AND BARONESS FALL PREY TO AN EVIL CONMAN , LOSE ALL OF THEIR LAND AND FORTUNE , AND COMMIT SUICIDE !"
1.0,1.0,1.0,0.7,0.0,1.0,1.0,0.9583333333333334,2.098901098901099,17381,0.0017835567573787,0.7142857142857143,2.4285714285714284,1.0,1.0,0.0,0.4095238095238095,8,0.5,0.0819047619047619,1.0,0.8,1,dialogue,SO SHE WOUL BE ABLE TO ESCAPE .
1.0,1.0,0.2,1.0,0.0,1.0,1.0,0.8,3.6,1440,0.0041666666666666,1.0,4.3,1.0,1.0,0.0,3.6,2,0.5,0.72,0.6,1.0,1,dialogue,THAT .
1.0,0.3,1.0,0.0,0.0,1.0,0.2,1.0,0.7897435897435897,30030,0.0002664002664002,0.0,0.5,0.0,0.0,0.0,0.3,2,0.6,0.06,0.6,0.1,0,background,TAP TRIP
1.0,0.3,0.6,0.7,0.0,1.0,1.0,0.9866666666666668,0.8932584269662921,113208,0.0009186629920146,0.782608695652174,2.4695652173913043,1.0,1.0,0.0,0.5291666666666667,26,1.0,0.1058333333333333,0.9,0.8,1,dialogue,H - HOW MUCH LONGER DO I HAVE TO HOLD HIM UP IN THE AIR LIKE THIS ? IF HE STAYS LIKE THAT ANY LONGER ...
1.0,1.0,1.0,0.0,0.0,1.0,0.2,1.0,2.1623931623931623,29601,0.0002702611398263,0.0,0.5,0.0,0.0,0.0,0.3,1,0.6,0.06,0.5,0.1,0,background,SCRAMBLE
0.0,0.7,0.2,0.0,0.0,0.91,0.2,0.0,1.4444444444444444,117,0.0085470085470085,0.0,0.5,0.0,0.0,0.09,0.3,1,0.3,0.06,0.5,0.1,0,background,0
1.0,0.7,1.0,0.7,0.0,1.0,1.0,0.9032258064516128,1.88659793814433,17751,0.0021407244662272,0.6666666666666666,1.9833333333333336,1.0,1.0,0.0,0.7384615384615384,8,0.5,0.1476923076923076,1.0,0.3966666666666666,1,dialogue,"YOUR GRACE , IT'S TIME FOR BREAKFAST !"
1.0,1.0,0.6,1.0,0.0,1.0,0.2,1.0,2.1519607843137254,89556,3.349859305909152e-05,1.0,1.9,0.0,0.0,0.0,0.3,1,0.6,0.06,0.5,0.38,1,dialogue,WAY
1.0,0.7,1.0,0.7,0.0,1.0,1.0,0.9833333333333332,1.2344497607655502,53922,0.0014094432699083,0.7857142857142857,2.292857142857143,1.0,1.0,0.0,0.7087719298245614,16,1.0,0.1417543859649122,0.9,0.8,1,dialogue,I - I JUST LEFT IT THERE BECAUSE THROWING IT AWAY WOULD HAVE BEEN ANNOYING !
1.0,1.0,1.0,1.0,0.0,1.0,0.2,1.0,3.73469387755102,8967,0.0004460800713728,1.0,0.5,0.0,0.0,0.0,0.3,1,0.6,0.06,0.5,0.1,0,background,GASP
1.0,0.7,0.6,0.4,0.0,1.0,1.0,0.9473684210526316,1.517094017094017,83070,0.0008547008547008,0.3333333333333333,1.6833333333333331,1.0,1.0,0.0,0.7153846153846154,14,1.0,0.143076923076923,1.0,0.3366666666666666,1,dialogue,-HUMAN SCUM- A PASSIVE SKILL . IT CAUSES OTHERS TO FURROW THEIR BROWS .
1.0,0.7,1.0,1.0,0.0,1.0,1.0,0.9387755102040816,1.7985074626865671,32294,0.0019198612745401,0.8333333333333334,2.183333333333333,1.0,1.0,0.0,0.6136363636363636,14,0.5,0.1227272727272727,1.0,0.8,1,dialogue,JUST LEAVE IT TO ME ! I'LL MAKE SURE THIS LETTER REACHES HIM !
1.0,1.0,1.0,0.0,0.0,1.0,0.2,1.0,3.4324324324324325,18796,0.0008512449457331,0.0,0.5,0.0,0.0,0.0,0.9615384615384616,2,1.0,0.1923076923076923,0.6,0.1,0,background,MENTAL BREAKDOWN
1.0,0.7,1.0,0.7,0.0,1.0,1.0,1.0,1.7351351351351352,59385,0.0006398922286772,0.75,2.2875,1.0,1.0,0.0,1.384,9,1.0,0.2768,1.0,0.8,1,dialogue,I WAS GOING TO GIVE YOU THIS LATER ...
1.0,0.3,0.6,0.7,0.0,1.0,1.0,0.9824561403508772,0.8068181818181818,99968,0.0007702464788732,0.6875,2.69375,1.0,1.0,0.0,0.8277777777777778,18,1.0,0.1655555555555555,0.9,0.8,1,dialogue,like the way I things ... So she opted to do her duties in the Mortal Realm .
1.0,0.3,0.6,0.7,0.0,1.0,1.0,0.9,8.15,3260,0.003680981595092,0.5,0.5,1.0,1.0,0.0,1.042857142857143,3,0.5,0.2085714285714285,0.75,0.1,1,dialogue,EVERY SLAP .
1.0,1.0,1.0,0.7,0.0,1.0,1.0,0.875,2.629032258064516,10106,0.0019790223629527,0.6666666666666666,1.1,1.0,1.0,0.0,0.9583333333333334,5,0.5,0.1916666666666666,0.75,0.2199999999999999,1,dialogue,"RIGHT , YOUR GRACE ?"
1.0,1.0,0.6,1.0,0.0,1.0,0.2,1.0,2.4871794871794872,3783,0.0010573618821041,1.0,0.5,0.0,0.0,0.0,0.3,1,1.0,0.06,0.5,0.1,0,background,BEEP
1.0,1.0,0.2,0.0,0.0,1.0,0.2,1.0,3.0625,784,0.0025510204081632,0.0,0.5,0.0,0.0,0.0,0.3,1,0.5,0.06,0.5,0.1,0,background,IL
1.0,0.7,0.6,0.7,0.0,1.0,1.0,0.8181818181818182,1.5483870967741935,5952,0.0025201612903225,0.6666666666666666,2.3333333333333335,1.0,1.0,0.0,0.3,5,0.5,0.06,0.75,0.8,1,dialogue,"GO ON , DAISY ."
1.0,0.7,0.4,0.7,0.0,1.0,0.6,0.975,1.3988095238095235,157920,0.0003609422492401,0.5833333333333334,1.6833333333333331,1.0,0.0,0.0,0.8918918918918919,14,0.6,0.1783783783783784,1.0,0.3366666666666666,1,dialogue,IS THERE NO CHEAT CODE OR SKILL I CAN USE ... ? Oood DING
1.0,1.0,1.0,0.0,0.0,1.0,0.2,1.0,4.650485436893204,49337,0.0004864503313942,0.0,0.5,0.0,0.0,0.0,0.4473684210526316,4,0.6,0.0894736842105263,0.3,0.1,0,background,GLANCE FRET SEARCH SWEAT
1.0,0.7,1.0,1.0,0.0,1.0,1.0,0.9615384615384616,1.2388059701492538,22244,0.0016633698975004,0.8571428571428571,2.371428571428571,1.0,1.0,0.0,0.9521739130434782,9,0.5,0.1904347826086956,1.0,0.8,1,dialogue,... IS THIS REALLY GOING TO BE OKAY ?
1.0,1.0,1.0,1.0,0.0,1.0,1.0,0.8620689655172413,2.0,20000,0.00185,1.0,2.0833333333333335,1.0,1.0,0.0,0.4043478260869566,9,0.5,0.0808695652173913,1.0,0.8,1,dialogue,"YEAH . IT'S IMPORTANT TO ME , RIGHT ?"
1.0,0.7,1.0,0.7,0.0,1.0,1.0,0.9818181818181818,1.652941176470588,47770,0.0015281557462842,0.7333333333333333,1.9866666666666668,1.0,1.0,0.0,0.8211538461538462,16,0.5,0.1642307692307692,0.9,0.3973333333333333,1,dialogue,I DON'T WANT TO SEE HIM LOCK UP THE FEMALE LEAD AND CAUSE OTHERS PAIN ...
1.0,0.5,0.6,0.0,0.0,1.0,2.0,1.0,7.03030303030303,7656,0.0014367816091954,0.0,0.5,1.0,1.0,0.0,1.34,2,1.0,0.268,0.6,0.1,1,dialogue,HOWEVER ...
1.0,0.7,1.0,0.0,0.0,1.0,0.2,1.0,1.8974358974358976,11544,0.0006063756063756,0.0,0.5,0.0,0.0,0.0,0.3,1,1.0,0.06,0.5,0.1,0,background,TREMBLE
1.0,1.0,1.0,1.0,0.0,1.0,1.0,1.0,2.074468085106383,18330,0.0016366612111292,0.8333333333333334,2.1333333333333333,1.0,1.0,0.0,1.1,7,0.5,0.2199999999999999,1.0,0.8,1,dialogue,IF THIS REALLY IS THE PAST ...
1.0,0.7,1.0,0.7,0.0,1.0,1.0,0.8387096774193549,1.5227272727272727,26532,0.0017337554650987,0.75,1.8875,1.0,1.0,0.0,0.3,13,0.5,0.06,1.0,0.3775,1,dialogue,"OKAY , NO , NO . CALM DOWN . IT'LL BE OKAY ..."
1.0,1.0,1.0,0.7,0.0,1.0,1.0,0.9318181818181818,2.300751879699248,40698,0.0013268465280849,0.7,1.5399999999999998,1.0,1.0,0.0,0.7717948717948718,11,1.0,0.1543589743589743,1.0,0.3079999999999999,1,dialogue,COULD YOU SPEND JUST 10 MINUTES WITH MOMMY EVERY DAY ?
1.0,1.0,0.2,1.0,0.0,1.0,2.0,0.8333333333333334,3.952380952380953,1743,0.0040160642570281,1.0,0.5,1.0,1.0,0.0,0.3,2,0.5,0.06,0.6,0.1,1,dialogue,CHILD !
1.0,0.3,1.0,0.7,0.0,1.0,0.6,0.925925925925926,0.9017094017094016,49374,0.0006886215417021,0.7142857142857143,1.8285714285714287,1.0,0.0,0.0,0.8130434782608695,8,1.0,0.1626086956521739,1.0,0.3657142857142857,1,dialogue,LIFT I'LL LEAVE HANDS IT . IN YOUR
1.0,0.3,1.0,0.7,0.0,1.0,1.0,0.9,9.09375,9312,0.001610824742268,0.5,0.5,1.0,1.0,0.0,0.6571428571428571,3,0.5,0.1314285714285714,0.75,0.1,1,dialogue,SHE'S ALIVE ...
1.0,1.0,0.4,0.7,0.0,1.0,1.0,0.8928571428571429,2.792207792207792,148995,0.0002483304808886,0.75,2.0875,1.0,1.0,0.0,0.4869565217391304,10,0.6,0.097391304347826,1.0,0.8,1,dialogue,GO AWAY ! SWOOS DON'T BE NICE TO ME !
0.0,0.7,0.2,0.0,0.0,0.91,0.2,0.0,1.105263157894737,399,0.0025062656641604,0.0,0.5,0.0,0.0,0.09,0.3,1,0.5,0.06,0.5,0.1,0,background,0
1.0,1.0,0.6,1.0,0.0,1.0,0.2,1.0,2.422222222222222,4905,0.000611620795107,1.0,5.0,0.0,0.0,0.0,4.5,1,1.0,0.9,0.5,1.0,1,dialogue,THE
1.0,1.0,0.6,1.0,0.0,1.0,2.0,1.0,2.8529411764705883,3298,0.0021224984839296,1.0,3.6,1.0,1.0,0.0,0.3,2,0.5,0.06,0.6,1.0,1,dialogue,BUT ...
1.0,1.0,0.2,0.0,0.0,1.0,0.2,1.0,3.9,390,0.0102564102564102,0.0,0.5,0.0,0.0,0.0,0.3,1,0.3,0.06,0.5,0.1,0,background,mute
1.0,1.0,1.0,1.0,0.0,1.0,1.0,0.9090909090909092,2.488372093023256,41409,0.0009901229201381,0.8571428571428571,2.0571428571428574,1.0,1.0,0.0,1.35,9,1.0,0.2699999999999999,1.0,0.8,1,dialogue,"YOU KNOW I CAN HEAR EVERYTHING , RIGHT ?!"
1.0,0.7,1.0,1.0,0.0,1.0,1.0,0.95,1.7651515151515151,30756,0.0016907270126154,0.9090909090909092,2.727272727272727,1.0,1.0,0.0,0.6944444444444444,13,0.5,0.1388888888888889,1.0,0.8,1,dialogue,"I THINK I SEE A CHILD THROUGH THE WINDOW , BUT WHO ?"
1.0,0.3,0.2,0.0,0.0,1.0,0.2,1.0,0.8108108108108109,1110,0.0009009009009009,0.0,0.5,0.0,0.0,0.0,0.3,1,1.0,0.06,0.5,0.1,0,background,S
1.0,0.7,0.6,0.7,0.0,1.0,1.0,1.0,5.27027027027027,7215,0.0015246015246015,0.5,2.05,1.0,1.0,0.0,0.3,4,0.5,0.06,0.75,0.8,1,dialogue,B - BUT ...
1.0,1.0,1.0,0.7,0.0,1.0,1.0,0.9411764705882352,3.5060240963855422,24153,0.0008694572102844,0.5,1.6749999999999998,1.0,1.0,0.0,0.3,5,1.0,0.06,0.75,0.3349999999999999,1,dialogue,HE SURE LOOKS HAPPY .
1.0,0.7,0.2,0.0,0.0,1.0,0.2,1.0,1.5238095238095235,2688,0.0014880952380952,0.0,0.5,0.0,0.0,0.0,0.3,1,1.0,0.06,0.5,0.1,0,background,FWIP
1.0,0.7,0.6,0.0,0.0,1.0,0.2,1.0,1.61003861003861,108003,4.62950103237873e-05,0.0,0.5,0.0,0.0,0.0,0.3,1,0.6,0.06,0.5,0.1,0,background,BLUSH
1.0,1.0,0.2,0.0,0.0,1.0,1.0,0.8333333333333334,4.68,2925,0.0037606837606837,0.0,0.5,1.0,1.0,0.0,0.3,3,0.5,0.06,0.75,0.1,1,dialogue,... GRACE !
1.0,0.5,1.0,1.0,0.0,1.0,0.2,1.0,6.054054054054054,8288,0.0007239382239382,1.0,1.8,0.0,0.0,0.0,1.125,1,1.0,0.225,3.0,2.5,1,dialogue,THANKS
1.0,1.0,1.0,1.0,0.0,1.0,0.6,0.9722222222222222,3.467889908256881,41202,0.0010921799912625,0.8888888888888888,2.388888888888889,1.0,0.0,0.0,0.9030303030303032,10,1.0,0.1806060606060606,1.0,0.8,1,dialogue,"LOOK AT THEM ALL , KILLED IN JUST ABOUT EVERY"
1.0,0.3,0.6,0.4,0.0,1.0,1.0,0.8928571428571429,0.8061538461538461,85150,0.0004227833235466,0.3333333333333333,1.4,1.0,1.0,0.0,0.6565217391304348,9,0.6,0.1313043478260869,1.0,0.28,1,dialogue,"FLINCH ACK , YOU SCARED ME , DAISY !"
1.0,0.7,1.0,1.0,0.0,1.0,0.2,1.0,1.453900709219858,28905,0.000138384362567,1.0,0.5,0.0,0.0,0.0,0.3,1,0.6,0.06,0.5,0.1,0,background,TURN
1.0,0.7,1.0,0.7,0.0,1.0,1.0,0.8888888888888888,1.7157894736842103,15485,0.0014853083629318,0.5,0.5,1.0,1.0,0.0,0.3,6,1.0,0.06,1.0,0.1,1,dialogue,"CALM DOWN , CALM DOWN ."
1.0,0.7,0.4,0.0,0.0,1.0,0.2,1.0,1.5194444444444444,196920,4.570383912248629e-05,0.0,0.5,0.0,0.0,0.0,0.3,2,0.6,0.06,0.6,0.1,0,background,SPLO PLOT
1.0,1.0,0.2,0.0,0.0,1.0,0.2,1.0,2.533333333333333,2280,0.0021929824561403,0.0,0.5,0.0,0.0,0.0,1.633333333333333,1,0.5,0.3266666666666666,0.5,0.1,0,background,SWING
1.0,1.0,1.0,0.7,0.0,1.0,1.0,1.0,2.1603053435114505,37073,0.0014565856553286,0.7,2.13,1.0,1.0,0.0,0.6487179487179487,11,1.0,0.1297435897435897,1.0,0.8,1,dialogue,YOU MIGHT HAVE BEEN A SERIOUS OBSTACLE IN OUR PATH ...
1.0,0.7,1.0,0.7,0.0,1.0,1.0,0.9545454545454546,1.6240601503759398,28728,0.0009746588693957,0.6666666666666666,2.466666666666667,1.0,1.0,0.0,0.7894736842105263,7,1.0,0.1578947368421052,1.0,0.8,1,dialogue,get me that purse I wanted ?
1.0,1.0,1.0,0.7,0.0,1.0,1.0,0.8,2.795698924731183,24180,0.0007444168734491,0.6666666666666666,1.6333333333333335,1.0,1.0,0.0,1.29,4,1.0,0.258,0.75,0.3266666666666667,1,dialogue,WHAT'S GOING ON ?!
1.0,1.0,1.0,0.0,0.0,1.0,0.2,1.0,2.033707865168539,16109,0.0003724625985473,0.0,0.5,0.0,0.0,0.0,1.0,1,0.6,0.2,0.5,0.1,0,background,GLANCE
1.0,0.7,1.0,0.0,0.0,1.0,0.2,1.0,1.806896551724138,37990,0.0001052908660173,0.0,0.5,0.0,0.0,0.0,1.4,1,0.6,0.2799999999999999,0.5,0.1,0,background,DONG
1.0,1.0,1.0,0.7,0.0,1.0,1.0,0.8333333333333334,2.3,8280,0.0019323671497584,0.6666666666666666,2.2666666666666666,1.0,1.0,0.0,1.1125,5,0.5,0.2225,0.75,0.8,1,dialogue,OH ! THANK YOU !
1.0,1.0,1.0,1.0,0.0,1.0,1.0,0.9615384615384616,2.5106382978723403,22184,0.0016678687342228,0.8571428571428571,1.8714285714285712,1.0,1.0,0.0,1.1608695652173913,9,0.5,0.2321739130434782,1.0,0.3742857142857143,1,dialogue,... THERE IS NO HOPE FOR YOUR WORLD .
1.0,0.3,1.0,0.7,0.0,1.0,1.0,0.9577464788732394,0.477124183006536,11169,0.0078789506670248,0.5625,2.05625,1.0,1.0,0.0,0.6227272727272728,18,0.3,0.1245454545454545,0.9,0.8,1,dialogue,your It lovely seems I'm a gracious honored like o invitation it occasion will by be . .
1.0,0.7,1.0,0.4,0.0,1.0,1.0,0.9615384615384616,1.5614035087719298,45657,0.001357951683203,0.4,1.82,1.0,1.0,0.0,0.6875,11,1.0,0.1375,1.0,0.364,1,dialogue,HOW'D HE WIND UP KIDNAPPING PEOPLE AND HOLDING THEM PRISONER ?
1.0,0.7,1.0,1.0,0.0,1.0,1.0,1.0,1.775,45440,0.0007922535211267,0.8571428571428571,2.8285714285714287,1.0,1.0,0.0,0.7333333333333334,8,1.0,0.1466666666666666,1.0,0.8,1,dialogue,I should have come to this party ...
1.0,0.5,0.6,0.7,0.0,1.0,1.0,0.9375,6.28,62800,0.0006210191082802,0.7142857142857143,2.1714285714285713,1.0,1.0,0.0,0.6857142857142857,8,1.0,0.1371428571428571,1.0,0.8,1,dialogue,THAT'S THE ONLY WAY TO ENSURE VICTORY .
1.0,1.0,1.0,0.7,0.0,1.0,1.0,0.9047619047619048,3.2545454545454544,39380,0.0006094464195022,0.6666666666666666,0.5,1.0,1.0,0.0,1.6058823529411763,4,1.0,0.3211764705882353,0.75,0.1,1,dialogue,YOU'RE STILL BREATHING ?
1.0,1.0,0.2,0.0,0.0,1.0,0.2,1.0,2.4516129032258065,2356,0.0021222410865874,0.0,0.5,0.0,0.0,0.0,1.633333333333333,1,0.5,0.3266666666666666,0.5,0.1,0,background,SWING
1.0,0.7,1.0,0.7,0.0,1.0,1.0,0.975609756097561,1.8796992481203008,33250,0.0015037593984962,0.5555555555555556,1.7444444444444445,1.0,1.0,0.0,0.6526315789473685,10,0.5,0.1305263157894736,1.0,0.3488888888888889,1,dialogue,HOW MANY DAYS WAS I BEDRIDDEN AFTER THE ACCIDENT ?
1.0,0.3,0.6,0.0,0.0,1.0,0.2,1.0,0.997093023255814,117992,4.2375754288426336e-05,0.0,0.5,0.0,0.0,0.0,0.3,1,0.6,0.06,0.5,0.1,0,background,SPURT
1.0,1.0,0.6,1.0,0.0,1.0,1.0,1.0,2.5272727272727273,68805,0.0005668192718552,0.8571428571428571,2.2285714285714286,1.0,1.0,0.0,0.9185185185185184,8,1.0,0.1837037037037037,1.0,0.8,1,dialogue,PERHAPS THERE MIGHT BE HOPE FOR HIM ...
1.0,1.0,1.0,0.0,0.0,1.0,0.2,1.0,3.4782608695652173,7360,0.0006793478260869,0.0,0.5,0.0,0.0,0.0,0.3,1,1.0,0.06,0.5,0.1,0,background,SHORT
1.0,0.7,0.6,0.4,0.0,1.0,0.2,0.9166666666666666,1.2372881355932204,107675,0.0001300208962154,0.3333333333333333,0.5,0.0,0.0,0.0,0.3,3,0.6,0.06,0.75,0.1,0,background,SHOCKED 3 GRIN
1.0,1.0,0.6,0.0,0.0,1.0,0.2,1.0,4.611111111111111,5976,0.0008366800535475,0.0,0.5,0.0,0.0,0.0,0.3,1,1.0,0.06,0.5,0.1,0,background,ALARM
1.0,0.7,1.0,0.0,0.0,1.0,0.2,1.0,1.725,11040,0.0005434782608695,0.0,0.5,0.0,0.0,0.0,0.3,2,1.0,0.06,0.6,0.1,0,background,OM NOM
1.0,0.7,1.0,1.0,0.0,1.0,1.0,0.896551724137931,1.4388489208633093,27800,0.0013669064748201,1.0,2.4625,1.0,1.0,0.0,1.075,10,1.0,0.215,1.0,0.8,1,dialogue,WHAT ARE YOU DOING ?! SNAP OUT OF IT !
1.0,0.3,1.0,0.0,0.0,1.0,0.2,1.0,0.8532110091743119,10137,9.864851533984412e-05,0.0,0.5,0.0,0.0,0.0,0.3,1,0.6,0.06,0.5,0.1,0,background,T
1.0,0.7,0.6,0.7,0.0,1.0,1.0,0.9375,1.4197080291970805,106586,0.0003846659035895,0.7777777777777778,2.3333333333333335,1.0,1.0,0.0,1.1821428571428572,10,0.6,0.2364285714285714,1.0,0.8,1,dialogue,WHAT THE HECK IS THIS THING IN MY HEAD ?!
1.0,1.0,1.0,0.7,0.0,1.0,1.0,0.9714285714285714,2.9133858267716537,46990,0.0009150883166631,0.625,1.3625,1.0,1.0,0.0,0.546875,9,1.0,0.109375,1.0,0.2725,1,dialogue,YOUR TIME HAS ALSO ALMOST REACHED ITS END .
1.0,1.0,1.0,1.0,0.0,1.0,1.0,0.9375,2.2653061224489797,21756,0.0019305019305019,0.8888888888888888,2.6888888888888887,1.0,1.0,0.0,0.3,11,0.5,0.06,1.0,0.8,1,dialogue,I WANT TO SEE KARDICIEL . TAKE ME TO HIM .
1.0,0.7,1.0,0.7,0.0,1.0,1.0,0.935483870967742,1.7518796992481205,30989,0.0013875891445351,0.75,1.9875,1.0,1.0,0.0,0.8222222222222222,10,1.0,0.1644444444444444,1.0,0.3975,1,dialogue,"WELL , IF YOU'D REALLY LIKE TO THANK ME ..."
1.0,1.0,1.0,1.0,0.0,1.0,1.0,0.9333333333333332,2.6463414634146343,17794,0.001067775654715,1.0,2.65,1.0,1.0,0.0,0.8333333333333334,5,1.0,0.1666666666666666,0.75,0.8,1,dialogue,YOU MEAN LIKE YOU ?
1.0,1.0,1.0,0.4,0.0,1.0,1.0,0.9473684210526316,3.263157894736842,10602,0.0025466893039049,0.4,1.3,1.0,1.0,0.0,0.45625,6,0.5,0.09125,1.0,0.26,1,dialogue,HE'S SUCH A SWEETIE PIE ...
1.0,1.0,1.0,0.7,0.0,1.0,1.0,0.96,4.083333333333333,14700,0.0021088435374149,0.6666666666666666,2.4,1.0,1.0,0.0,0.6318181818181818,7,0.5,0.1263636363636363,1.0,0.8,1,dialogue,HIS LORDSHIP IS IN THE GARDEN .
1.0,0.7,0.6,0.7,0.0,1.0,1.0,0.8333333333333334,5.392857142857143,4228,0.0023651844843897,0.5,1.3,1.0,1.0,0.0,0.3,4,0.5,0.06,0.75,0.26,1,dialogue,W - WAIT !
1.0,1.0,1.0,0.7,0.0,1.0,1.0,0.9230769230769232,2.5443037974683542,15879,0.0009446438692612,0.5,1.4,1.0,1.0,0.0,0.58,3,1.0,0.1159999999999999,0.75,0.2799999999999999,1,dialogue,GOOD RIDDANCE .
1.0,1.0,1.0,0.4,0.0,1.0,1.0,0.9523809523809524,2.371428571428571,26145,0.0011474469305794,0.4,1.7600000000000002,1.0,1.0,0.0,0.5166666666666667,7,1.0,0.1033333333333333,1.0,0.352,1,dialogue,... COUGHS UP BLOOD AND DIES !
1.0,1.0,1.0,0.7,0.0,1.0,1.0,0.92,2.660377358490566,29892,0.0010705205406128,0.5,2.2666666666666666,1.0,1.0,0.0,0.5904761904761905,8,1.0,0.1180952380952381,1.0,0.8,1,dialogue,"HAVE YOU FINALLY LOST IT , SIR ?"
1.0,1.0,0.6,0.0,0.0,1.0,0.2,1.0,2.0607734806629834,67513,5.924784856249907e-05,0.0,0.5,0.0,0.0,0.0,0.3,1,0.6,0.06,0.5,0.1,0,background,FWIP
1.0,1.0,0.6,0.7,0.0,1.0,1.0,0.9534883720930232,2.7708333333333335,57456,0.0010964912280701,0.5454545454545454,1.981818181818182,1.0,1.0,0.0,0.7461538461538462,15,1.0,0.1492307692307692,1.0,0.3963636363636363,1,dialogue,KNIGHT OF BLOOD AND IRON ... ? THE BOOK I READ LAST NIGHT ... ?
1.0,0.3,1.0,1.0,0.0,1.0,1.0,0.9571428571428572,0.979591836734694,58800,0.001547619047619,0.8,2.66,1.0,1.0,0.0,0.7969230769230768,22,0.5,0.1593846153846153,0.9,0.8,1,dialogue,"IF HE'S LOVED AND DOTED ON NOW , WILL HE LEARN HOW TO DO THE SAME TO OTHERS IN THE FUTURE ?"
1.0,1.0,0.6,0.4,0.0,1.0,1.0,0.9791666666666666,3.642857142857143,86394,0.0007292173067574,0.3636363636363636,1.5818181818181818,1.0,1.0,0.0,0.5977777777777777,13,1.0,0.1195555555555555,1.0,0.3163636363636363,1,dialogue,to coordinate itself . Eros I wore a really cute polo shirt ...
1.0,0.3,1.0,0.0,0.0,1.0,0.2,1.0,9.090909090909092,9900,0.0012121212121212,0.0,0.5,0.0,0.0,0.0,1.2799999999999998,1,1.0,0.2559999999999999,0.5,0.1,0,background,NOTIFICATION
1.0,0.7,1.0,1.0,0.0,1.0,1.0,0.9411764705882352,1.7087378640776698,18128,0.0014342453662842,1.0,2.76,1.0,1.0,0.0,1.2642857142857142,7,1.0,0.2528571428571428,1.0,0.8,1,dialogue,... WHAT I THINK IT DOES ?
1.0,1.0,0.6,1.0,0.0,1.0,2.0,0.75,3.870967741935484,3720,0.0013440860215053,1.0,1.5,1.0,1.0,0.0,0.3,2,1.0,0.06,0.6,0.3,1,dialogue,HUH ?
1.0,0.7,1.0,0.0,0.0,0.5,0.2,1.0,1.984615384615385,8385,0.0007155635062611,0.0,0.5,0.0,0.0,0.5,0.3,1,1.0,0.06,0.5,0.1,0,background,HEHEHE
1.0,1.0,0.2,1.0,0.0,1.0,2.0,0.75,3.52,2200,0.0036363636363636,1.0,2.1,1.0,1.0,0.0,0.3,2,0.5,0.06,0.6,0.8,1,dialogue,IT'S ...
1.0,1.0,1.0,0.0,0.0,1.0,0.2,1.0,2.0754716981132075,52470,5.717552887364208e-05,0.0,0.5,0.0,0.0,0.0,0.3,1,0.6,0.06,0.5,0.1,0,background,FAM
1.0,0.7,1.0,0.7,0.0,1.0,1.0,0.9772727272727272,1.9226190476190477,54264,0.0011057054400707,0.5555555555555556,1.8555555555555552,1.0,1.0,0.0,0.5829268292682926,11,1.0,0.1165853658536585,1.0,0.371111111111111,1,dialogue,... PARTLY BECAUSE OF THE DAMN GIANT'S NONSENSE JUST NOW ...
1.0,0.7,0.6,0.4,0.0,1.0,1.0,0.8888888888888888,1.2954545454545454,62700,0.0005263157894736,0.4,1.16,1.0,1.0,0.0,0.4454545454545454,7,1.0,0.089090909090909,1.0,0.2319999999999999,1,dialogue,"Zeus , did you invite Odysseus !?"
1.0,0.7,1.0,0.0,0.0,1.0,0.2,1.0,1.6605504587155964,19729,0.000304120837346,0.0,0.5,0.0,0.0,0.0,0.3,1,0.6,0.06,0.5,0.1,0,background,SNATCH
1.0,0.7,0.4,0.7,0.0,1.0,1.0,0.981981981981982,1.2967032967032968,268450,0.0005513130936859,0.7575757575757576,2.4939393939393937,1.0,1.0,0.0,0.5841121495327103,35,1.0,0.116822429906542,0.8,0.8,1,dialogue,I GUESS THE FIRST THING I NEED TO DO IS TO GET RID OF THIS SCUMBAG IMAGE I HAVE ... THAT WAY I CAN AT LEAST GET MYSELF SOME FOOD WHEN I'M A BEGGAR .
1.0,1.0,1.0,1.0,0.0,1.0,1.0,0.9444444444444444,2.8095238095238093,30975,0.0014850686037126,0.9,2.45,1.0,1.0,0.0,0.728125,11,1.0,0.145625,1.0,0.8,1,dialogue,OUT THERE IS GONNA GROW UP TO BE A CRIMINAL ?!
1.0,0.7,0.4,0.7,0.0,1.0,1.0,0.8947368421052632,1.251004016064257,310254,7.735597284805353e-05,0.75,1.425,1.0,1.0,0.0,0.58,6,0.6,0.1159999999999999,1.0,0.285,1,dialogue,SMACK THEN MAKE ! MORE !
1.0,0.3,0.6,0.0,0.0,0.5,0.2,1.0,0.8745874587458746,80295,6.227037798119434e-05,0.0,0.5,0.0,0.0,0.5,0.3,2,0.6,0.06,0.6,0.1,0,background,HA HA
1.0,0.7,1.0,1.0,0.0,1.0,0.6,0.8888888888888888,5.96969696969697,6501,0.0018458698661744,1.0,2.433333333333333,1.0,0.0,0.0,1.9166666666666667,4,0.5,0.3833333333333333,0.75,0.8,1,dialogue,"OH , IS THAT"
1.0,0.7,0.4,0.7,0.0,1.0,0.6,0.9090909090909092,1.6111111111111112,276138,0.0002064185298655,0.75,1.7,1.0,0.0,0.0,0.8842105263157896,14,0.6,0.1768421052631579,1.0,0.3399999999999999,1,dialogue,FWIP DON'T COME NEAR ME ! I SAID I DON'T NEED YOU ! SHOUT
1.0,1.0,0.2,1.0,0.0,1.0,2.0,1.0,3.0,1728,0.0040509259259259,1.0,3.6,1.0,0.0,0.0,0.3,2,0.5,0.06,0.6,1.0,1,dialogue,... BUT
1.0,1.0,0.2,0.0,0.0,1.0,0.2,1.0,4.217391304347826,2231,0.0035858359480053,0.0,0.5,0.0,0.0,0.0,0.3,2,0.5,0.06,0.6,0.1,0,background,art juno
0.0,0.3,1.0,0.0,0.0,0.01,2.0,0.0,0.9680851063829788,8554,0.0003507131166705,0.0,0.5,1.0,1.0,0.99,0.3,2,0.6,0.06,0.6,0.1,0,background,! ?
1.0,0.7,1.0,0.7,0.0,1.0,1.0,0.9574468085106383,1.7246376811594204,32844,0.0017659237608086,0.6,1.2,1.0,1.0,0.0,0.4395348837209302,12,0.5,0.087906976744186,1.0,0.24,1,dialogue,VERY TRUE ! HIS LORDSHIP HAS ALWAYS BEEN A QUICK LEARNER !
1.0,0.7,0.4,0.0157894736842105,0.0,1.0,0.6,1.0,1.5656934306569343,117546,0.0014632569377094,0.0526315789473684,0.6684210526315789,1.0,0.0,0.0,0.6090322580645162,16,1.0,0.1218064516129032,0.9,0.1336842105263158,0,background,LORE OLYMPUS COMMUNITY EMAIL LOREOLYMPUS@GMAIL.COM PATREON LOREOLYMPUS TUMBLR USEDBANDAID INSTAGRAM USEDBANDAID TWITCH RACHELSMYTHE TWITTER FACEBOOK USEDBANDAIDILLUSTRATION
1.0,0.7,0.6,1.0,0.0,1.0,1.0,1.0,1.540983606557377,5734,0.0017439832577607,1.0,2.0,1.0,1.0,0.0,0.3,3,0.5,0.06,0.75,0.8,1,dialogue,", OKAY ..."
1.0,0.7,1.0,0.7,0.0,1.0,0.6,0.8095238095238095,1.8571428571428572,17836,0.0014577259475218,0.6,1.24,1.0,0.0,0.0,0.74,6,1.0,0.148,1.0,0.248,1,dialogue,"UGH , I ASKED WHO'S HERE--"
1.0,0.7,0.6,0.0,0.0,1.0,0.6,0.9090909090909092,1.6956521739130437,108537,0.0001842689589725,0.0,0.5,1.0,0.0,0.0,0.3,4,0.6,0.06,0.75,0.1,1,dialogue,OHHH NOOOO !!! WAAAH
1.0,0.7,0.6,0.0,0.0,1.0,0.2,1.0,1.0785714285714283,84560,0.0001655629139072,0.0,0.5,0.0,0.0,0.0,0.3,3,0.6,0.06,0.75,0.1,0,background,STEP STEP STEP
1.0,1.0,1.0,0.7,0.0,1.0,1.0,1.0,2.1052631578947367,37240,0.0007787325456498,0.5,1.25,1.0,1.0,0.0,0.62,5,1.0,0.124,0.75,0.25,1,dialogue,HIS TECHNIQUE IS TERRIBLE ...
1.0,1.0,0.4,0.7,0.0,1.0,0.6,0.9696969696969696,2.1677018633540373,224756,0.000542810870455,0.5714285714285714,2.195238095238095,1.0,0.0,0.0,0.7904255319148936,24,1.0,0.1580851063829787,0.3,0.8,1,dialogue,"YOU STARTED DRINKING IN THE AFTERNOON , GOT DRUNK , DESTROYED THE PUB FURNITURE , AND THEN YOU PASSED OUT ON YOUR WAY BACK"
1.0,0.7,1.0,1.0,0.0,1.0,1.0,0.9545454545454546,1.965986394557823,42483,0.0013652519831461,0.8,2.17,1.0,1.0,0.0,0.6775,12,1.0,0.1355,1.0,0.8,1,dialogue,"EVEN WHEN I APOLOGIZED , HE DIDN'T SEEM ALL THAT HAPPY ..."
1.0,0.7,1.0,1.0,0.0,1.0,0.2,1.0,1.6593406593406594,13741,0.0002910996288479,1.0,0.5,0.0,0.0,0.0,0.3,1,0.6,0.06,0.5,0.1,0,background,TURN
1.0,1.0,1.0,0.0,0.0,1.0,2.0,0.8,2.1603053435114505,37073,0.000161842850592,0.0,0.5,1.0,1.0,0.0,0.3,2,0.6,0.06,0.6,0.1,0,background,WAVE ?
1.0,1.0,1.0,1.0,0.0,1.0,1.0,0.9473684210526316,3.5238095238095237,24864,0.0009652509652509,0.8,2.26,1.0,1.0,0.0,0.9875,6,1.0,0.1975,1.0,0.8,1,dialogue,I REALLY LIKE THIS KID .
1.0,1.0,1.0,0.7,0.0,1.0,0.6,0.9777777777777776,2.2706766917293235,40166,0.0013942140118508,0.5454545454545454,2.3272727272727276,1.0,0.0,0.0,0.8571428571428571,12,1.0,0.1714285714285714,1.0,0.8,1,dialogue,"IN THE NOVEL , HE COVERED THE WHOLE THING IN WILD THORNS"
1.0,1.0,1.0,0.7,0.0,1.0,1.0,0.9696969696969696,2.7664233576642334,51923,0.000789630799453,0.75,1.6875,1.0,1.0,0.0,0.7966666666666666,9,1.0,0.1593333333333333,1.0,0.3375,1,dialogue,ALWAYS TRY YOUR HARDEST AT THE VERY END .
1.0,1.0,1.0,0.7,0.0,1.0,1.0,0.981132075471698,2.628787878787879,45804,0.0014409221902017,0.6923076923076923,2.5615384615384613,1.0,1.0,0.0,0.628,14,1.0,0.1256,1.0,0.8,1,dialogue,TO BE A PSYCHOPATH WHO LOCKS UP THE FEMALE LEAD AGAINST HER WILL !
1.0,0.7,1.0,1.0,0.0,1.0,1.0,0.9130434782608696,1.8041237113402064,16975,0.0017673048600883,0.8333333333333334,2.3000000000000003,1.0,1.0,0.0,1.0736842105263158,8,0.5,0.2147368421052631,1.0,0.8,1,dialogue,"DAISY , CAN YOU COME IN HERE ?"
1.0,1.0,1.0,1.0,0.0,1.0,1.0,1.0,2.8448275862068964,9570,0.0024033437826541,1.0,1.875,1.0,1.0,0.0,1.0714285714285714,5,0.5,0.2142857142857142,0.75,0.375,1,dialogue,THEN DOES THAT MEAN ...
1.0,1.0,0.6,0.0,0.0,1.0,0.2,1.0,2.825,4520,0.0015486725663716,0.0,0.5,0.0,0.0,0.0,0.3,1,0.5,0.06,0.5,0.1,0,background,SNIFFLE
1.0,0.7,0.4,0.075,0.0,1.0,0.6,0.9,1.5409252669039146,121673,0.0002054687564208,0.25,1.025,1.0,0.0,0.0,0.73125,6,0.6,0.14625,1.0,0.205,1,dialogue,"HELLO , EXCUSE ME ! BREAK"
1.0,1.0,1.0,0.7,0.0,1.0,1.0,0.935483870967742,2.5338345864661656,44821,0.0008255059012516,0.6666666666666666,1.25,1.0,1.0,0.0,1.1925925925925926,7,1.0,0.2385185185185185,1.0,0.25,1,dialogue,WHAT'S THE PENNY PINCHER DOING HERE ?
1.0,0.5,0.6,0.0,0.0,1.0,2.0,1.0,6.6521739130434785,3519,0.0028417163967036,0.0,0.5,1.0,1.0,0.0,0.3,2,0.5,0.06,0.6,0.1,1,dialogue,DAMMIT ...
1.0,1.0,1.0,0.7,0.0,1.0,1.0,0.9473684210526316,2.7604166666666665,25440,0.0018474842767295,0.5,1.8875,1.0,1.0,0.0,0.5676470588235294,10,0.5,0.1135294117647058,1.0,0.3775,1,dialogue,"FROM KARDICIEL , SO THAT ALONE MAKES ME HAPPY ."
1.0,1.0,0.6,1.0,0.0,1.0,1.0,0.9565217391304348,2.675324675324675,63448,0.000472828142731,0.8571428571428571,2.2,1.0,1.0,0.0,0.705,8,0.6,0.141,1.0,0.8,1,dialogue,HOW DARE YOU LOOK DOWN ON ME !
1.0,1.0,0.6,0.0,0.0,1.0,1.0,0.8571428571428571,4.392857142857143,3444,0.0023228803716608,0.0,0.5,1.0,1.0,0.0,0.3,2,0.5,0.06,0.6,0.1,1,dialogue,JAVIER .
1.0,0.7,0.6,0.7,0.0,1.0,0.6,0.95,1.5436893203883495,65508,0.001541796421811,0.7,2.38,1.0,0.0,0.0,0.5837837837837837,22,0.5,0.1167567567567567,0.9,0.8,1,dialogue,WHY COULDN'T I HAVE BEEN THE FEMALE LEAD INSTEAD ? OR A NICE SIDE CHARACTER ? WHY'D I HAVE TO BE THIS
1.0,0.7,0.6,0.7,0.0,1.0,1.0,0.9487179487179488,1.444976076555024,63118,0.0016318641275072,0.6842105263157895,1.8105263157894735,1.0,1.0,0.0,0.8458333333333333,23,0.5,0.1691666666666666,0.9,0.3621052631578947,1,dialogue,"... BUT THIS IS THE FIRST TIME I'VE SEEN YOU SMILE SINCE COMING HERE . IT MAKES ME HAPPY , YOUR GRACE ."
1.0,0.7,0.6,0.0,0.0,1.0,2.0,0.9,5.928571428571429,4648,0.0023666092943201,0.0,0.5,1.0,1.0,0.0,0.3,2,0.5,0.06,0.6,0.1,1,dialogue,KARDICIEL !
1.0,0.3,0.6,0.7,0.0,1.0,1.0,0.8,8.826086956521738,4669,0.0027843221246519,0.6666666666666666,1.7,1.0,1.0,0.0,0.7166666666666667,4,0.5,0.1433333333333333,0.75,0.3399999999999999,1,dialogue,I'VE GOT IT .
1.0,0.7,0.6,0.7,0.0,1.0,1.0,0.95,1.9567099567099568,104412,0.0007183082404321,0.7857142857142857,2.442857142857143,1.0,1.0,0.0,0.9818181818181818,16,1.0,0.1963636363636363,0.9,0.8,1,dialogue,DON'T YOU COME UPSTAIRS FOR NOW ? I SEE YOU BROUGHT OTHER GUESTS WITH YOU .
1.0,1.0,1.0,1.0,0.0,1.0,0.2,1.0,3.0555555555555554,8910,0.0019079685746352,1.0,3.2,0.0,0.0,0.0,1.1416666666666666,4,0.5,0.2283333333333333,0.75,1.0,1,dialogue,WHAT IN THE WORLD
1.0,1.0,0.6,0.075,0.0,1.0,0.2,1.0,2.975460122699386,79055,0.0002782872683574,0.25,1.475,0.0,0.0,0.0,0.6235294117647059,4,0.6,0.1247058823529411,0.75,0.295,1,dialogue,ENDED LIND IN DISASTER
1.0,0.7,0.4,0.4,0.0,1.0,1.0,0.9722222222222222,1.915824915824916,168993,0.0002485310042427,0.3333333333333333,1.8,1.0,1.0,0.0,0.7999999999999999,7,0.6,0.1599999999999999,1.0,0.36,1,dialogue,DING THE VILLAGERS ABSOLUTELY DETEST YOU .
1.0,1.0,0.6,0.4,0.0,1.0,1.0,1.0,3.0251256281407035,119798,0.0004340640077463,0.4,1.77,1.0,1.0,0.0,0.5342857142857143,12,0.6,0.1068571428571428,1.0,0.354,1,dialogue,ONE - ARMED JACK HAS A VAST GANG AT HIS DISPOSAL ...
1.0,1.0,1.0,0.7,0.0,1.0,1.0,1.0,2.7720588235294117,51272,0.0008581682009673,0.5,1.8833333333333335,1.0,1.0,0.0,1.0484848484848486,7,1.0,0.2096969696969697,1.0,0.3766666666666667,1,dialogue,CONCENTRATE ALL YOUR ENERGY AND STRENGTH ...
1.0,1.0,0.6,1.0,0.0,1.0,0.2,1.0,2.1311475409836067,7930,0.0005044136191677,1.0,0.5,0.0,0.0,0.0,0.3,1,1.0,0.06,0.5,0.1,0,background,TURN
1.0,0.7,1.0,0.0,0.0,1.0,0.2,1.0,1.8807339449541285,22345,0.0001342582233161,0.0,0.5,0.0,0.0,0.0,0.3,1,0.6,0.06,0.5,0.1,0,background,TAP
1.0,0.7,1.0,0.7,0.0,1.0,0.6,0.875,1.566137566137566,55944,0.0005005005005005,0.6,0.9,1.0,0.0,0.0,0.8736842105263158,5,1.0,0.1747368421052631,0.75,0.18,1,dialogue,DON'T TALK LIKE THAT-- COUGH
1.0,0.7,1.0,1.0,0.0,1.0,1.0,0.9629629629629628,1.3407407407407408,24435,0.0016369961121342,0.8888888888888888,2.7666666666666666,1.0,1.0,0.0,0.6083333333333333,11,0.5,0.1216666666666666,1.0,0.8,1,dialogue,"IF YOU WANT TO GO , THEN BE MY GUEST ..."
1.0,0.7,1.0,0.7,0.0,1.0,1.0,0.967741935483871,1.1213592233009708,47586,0.0017442104820745,0.6875,2.175,1.0,1.0,0.0,0.8086206896551724,19,0.5,0.1617241379310345,0.9,0.8,1,dialogue,"WELL , I GUESS IF I THINK ABOUT IT , EVERYONE IN THE MANOR HAS BEEN PRETTY GRIM ..."
1.0,1.0,1.0,0.0,0.0,1.0,0.2,1.0,3.163265306122449,30380,0.0004279131007241,0.0,0.5,0.0,0.0,0.0,0.86,2,0.6,0.172,0.6,0.1,0,background,GLANCE GLANCE
1.0,0.7,1.0,0.0,0.0,1.0,0.2,1.0,1.506578947368421,34808,0.0001723741668581,0.0,0.5,0.0,0.0,0.0,1.65,1,0.6,0.3299999999999999,0.5,0.1,0,background,SHIVER
1.0,1.0,0.6,1.0,0.0,1.0,1.0,0.8,2.38,5950,0.0018487394957983,1.0,2.0,1.0,1.0,0.0,0.3,4,0.5,0.06,0.75,0.8,1,dialogue,"OH , UM ..."
1.0,1.0,1.0,1.0,0.0,1.0,1.0,0.8695652173913043,3.816666666666667,13740,0.0021106259097525,0.8,2.18,1.0,1.0,0.0,0.8999999999999999,7,0.5,0.18,1.0,0.8,1,dialogue,IT'S FINE . I EXPECTED THIS .
1.0,0.5,1.0,0.4,0.0,1.0,1.0,0.9705882352941176,6.168539325842697,48861,0.0008800474816315,0.4285714285714285,1.0857142857142856,1.0,1.0,0.0,1.1161290322580646,9,1.0,0.2232258064516129,1.0,0.2171428571428571,1,dialogue,FIGHTS ARE SMALL - SCALE VERSIONS OF WARS .
1.0,1.0,1.0,0.4,0.0,1.0,1.0,1.0,2.3711340206185567,22310,0.0017032720753025,0.3333333333333333,1.4,1.0,1.0,0.0,0.5904761904761905,9,0.5,0.1180952380952381,1.0,0.28,1,dialogue,Y - YOU CALLED ME ... CIEL EARLIER ...
1.0,0.3,0.6,0.0,0.0,1.0,0.2,1.0,0.851123595505618,107868,9.27058998034635e-05,0.0,0.5,0.0,0.0,0.0,1.0857142857142856,2,0.6,0.2171428571428571,0.6,0.1,0,background,CREAK HISS
1.0,1.0,0.6,1.0,0.0,1.0,0.6,0.9574468085106383,3.0588235294117645,56576,0.0010781957013574,0.8461538461538461,2.630769230769231,1.0,0.0,0.0,0.913953488372093,15,1.0,0.1827906976744186,1.0,0.8,1,dialogue,"Can you please not talk about my balls . Or my ass , for that"
1.0,1.0,0.6,0.7,0.0,1.0,1.0,0.9523809523809524,2.278688524590164,76311,0.0006683178047725,0.6666666666666666,1.7777777777777777,1.0,1.0,0.0,0.6973684210526315,10,1.0,0.1394736842105263,1.0,0.3555555555555555,1,dialogue,MARCELLA WILL MAKE SURE YOU'RE WELL TAKEN CARE OF .
1.0,0.7,0.6,0.7,0.0,1.0,1.0,0.9,1.7241379310344829,5800,0.0020689655172413,0.5,1.4,1.0,1.0,0.0,1.0857142857142856,3,0.5,0.2171428571428571,0.75,0.2799999999999999,1,dialogue,YOUR GRACE ?
1.0,0.7,0.4,0.7,0.0,1.0,1.0,0.9634146341463414,1.304225352112676,164365,0.0006327381133452,0.5555555555555556,2.111111111111111,1.0,1.0,0.0,0.7961038961038961,21,1.0,0.1592207792207792,0.9,0.8,1,dialogue,"IT WAS A TERRIBLE ACCIDENT , YOUR GRACE ! THE WHOLE MANOR WAS PETRIFIED AT THE THOUGHT OF LOSING YOU !!!"
1.0,0.7,0.6,0.7,0.0,1.0,1.0,0.9807692307692308,1.871244635193133,101588,0.0006398393511044,0.6923076923076923,2.0846153846153848,1.0,1.0,0.0,0.7857142857142857,14,1.0,0.1571428571428571,1.0,0.8,1,dialogue,YOU NEED TO KEEP YOUR ELBOWS CLOSER TO YOUR BODY WHEN YOU SWING .
1.0,1.0,1.0,0.0,0.0,1.0,0.2,1.0,2.8,17920,0.000390625,0.0,0.5,0.0,0.0,0.0,0.3,1,0.6,0.06,0.5,0.1,0,background,SCRATCH
1.0,0.7,0.2,0.0,0.0,1.0,2.0,0.8333333333333334,5.2,2080,0.004326923076923,0.0,0.5,1.0,1.0,0.0,1.0333333333333334,2,0.5,0.2066666666666667,0.6,0.1,0,background,KNOCK !!!
1.0,0.7,1.0,0.7,0.0,1.0,1.0,0.9166666666666666,1.6944444444444444,19764,0.000809552722121,0.75,2.425,1.0,1.0,0.0,0.3,5,1.0,0.06,0.75,0.8,1,dialogue,I need a drink .
1.0,1.0,0.2,1.0,0.0,1.0,0.2,1.0,3.0434782608695654,1610,0.0024844720496894,1.0,0.5,0.0,0.0,0.0,0.3,1,0.5,0.06,0.5,0.1,0,background,SIGH
1.0,0.7,0.2,1.0,0.0,1.0,1.0,0.8571428571428571,5.636363636363637,2728,0.0032991202346041,1.0,2.2,1.0,1.0,0.0,0.85,3,0.5,0.1699999999999999,0.75,0.8,1,dialogue,HOLD ON .
1.0,1.0,1.0,0.7,0.0,1.0,1.0,0.8571428571428571,2.2222222222222223,8820,0.0020408163265306,0.6666666666666666,1.6666666666666667,1.0,1.0,0.0,0.85,5,0.5,0.1699999999999999,0.75,0.3333333333333333,1,dialogue,"YES , YOUR GRACE !"
1.0,1.0,1.0,0.0,0.0,1.0,0.2,1.0,2.3402777777777777,48528,0.0001236399604352,0.0,0.5,0.0,0.0,0.0,0.3,1,0.6,0.06,0.5,0.1,0,background,FLINCH
1.0,0.3,0.2,0.0,0.0,1.0,0.2,1.0,0.8235294117647058,238,0.0042016806722689,0.0,0.5,0.0,0.0,0.0,0.3,1,0.5,0.06,0.5,0.1,0,background,H
1.0,0.5,1.0,0.0,0.0,1.0,2.0,0.875,6.027027027027027,8251,0.0010907768755302,0.0,0.5,1.0,1.0,0.0,0.3,2,1.0,0.06,0.6,0.1,1,dialogue,FRIENDS ?
1.0,0.7,0.6,0.7,0.0,1.0,1.0,0.9150943396226416,1.1859649122807017,96330,0.0013910515934807,0.5454545454545454,1.8136363636363635,1.0,1.0,0.0,0.74,28,1.0,0.148,0.9,0.3627272727272727,1,dialogue,"M - MY APOLOGIES , YOUR GRACE . I OVERSTEPPED , DIDN'T I ?! IT'S JUST THAT YOU'VE MADE EVERYONE SO HAPPY LATELY THAT I FORGOT MYSELF !"
1.0,0.3,0.6,0.7,0.0,1.0,1.0,0.9,9.666666666666666,4263,0.0028149190710767,0.5,1.8,1.0,1.0,0.0,0.3,3,0.5,0.06,0.75,0.36,1,dialogue,AN ACADEMY ?
1.0,1.0,1.0,0.7,0.0,1.0,1.0,0.9555555555555556,2.2888888888888888,41715,0.0014383315354189,0.5454545454545454,2.0090909090909093,1.0,1.0,0.0,0.9439024390243904,13,1.0,0.188780487804878,1.0,0.8,1,dialogue,... THAT I'LL BE GIVING THE DUKE A VERY GRAND WELCOME HOME .
1.0,1.0,1.0,0.7,0.0,1.0,0.2,1.0,3.225806451612903,27900,0.0015770609318996,0.6666666666666666,1.977777777777778,0.0,0.0,0.0,1.1029411764705883,9,0.5,0.2205882352941176,1.0,0.3955555555555555,1,dialogue,WHAT ARE THEY DOING TO THAT POOR KID HANGING
1.0,0.7,1.0,0.0,0.0,1.0,0.2,1.0,1.9375,24304,0.0002057274522712,0.0,0.5,0.0,0.0,0.0,1.0333333333333334,1,0.6,0.2066666666666667,0.5,0.1,0,background,PAUSE
1.0,0.7,1.0,1.0,0.0,1.0,1.0,0.9736842105263158,1.6228571428571428,49700,0.0010060362173038,0.875,1.9125,1.0,1.0,0.0,0.7285714285714285,10,1.0,0.1457142857142857,1.0,0.3824999999999999,1,dialogue,FIRST OF ALL ... WHERE DID YOU LEARN TELEKINESIS ?
1.0,0.7,1.0,1.0,0.0,1.0,1.0,0.9302325581395348,1.4962962962962962,27270,0.002016868353502,0.9,1.09,1.0,1.0,0.0,0.8157894736842105,13,0.5,0.1631578947368421,1.0,0.218,1,dialogue,"AH , RIGHT . THIS IS HOW THINGS ALWAYS ARE BETWEEN US ."
1.0,1.0,0.6,0.7,0.0,1.0,1.0,0.9487179487179488,3.326241134751773,66129,0.0007258540126117,0.5,2.025,1.0,1.0,0.0,0.5885714285714285,10,1.0,0.1177142857142857,1.0,0.8,0,background,"HONESTLY , I THINK SHE PUTS APHRODITE TO SHAME ."
1.0,1.0,1.0,0.0,0.0,1.0,0.6,1.0,2.986842105263158,17252,0.000521678645954,0.0,0.5,1.0,0.0,0.0,0.3,3,1.0,0.06,0.75,0.1,0,background,BA - BUMP
1.0,0.7,1.0,0.4,0.0,1.0,1.0,0.96,1.9479166666666667,17952,0.0016711229946524,0.4,1.7,1.0,1.0,0.0,0.3999999999999999,6,0.5,0.0799999999999999,1.0,0.3399999999999999,1,dialogue,SOUNDS LIKE A WONDERFUL IDEA .
1.0,0.7,0.6,1.0,0.0,1.0,0.6,0.75,1.8888888888888888,5508,0.0009077705156136,1.0,2.3,1.0,0.0,0.0,0.3,2,1.0,0.06,3.0,2.5,1,dialogue,"Hey ,"
1.0,0.5,1.0,1.0,0.0,1.0,1.0,0.8888888888888888,7.088235294117647,8194,0.0014644862094215,1.0,3.5,1.0,1.0,0.0,0.8333333333333334,4,1.0,0.1666666666666666,0.75,1.0,1,dialogue,I LIKE YOU .
1.0,1.0,1.0,0.7,0.0,1.0,1.0,0.9666666666666668,2.663157894736842,24035,0.0016642396505096,0.7142857142857143,2.414285714285714,1.0,1.0,0.0,1.0333333333333332,8,0.5,0.2066666666666666,1.0,0.8,1,dialogue,THE PARENT HE DOESN'T GET ALONG WITH ...
1.0,0.7,1.0,0.0,0.0,1.0,0.2,1.0,1.8073394495412844,21473,0.0002328505565128,0.0,0.5,0.0,0.0,0.0,0.3,1,0.6,0.06,0.5,0.1,0,background,SHAKE
1.0,1.0,1.0,0.0,0.0,1.0,0.2,1.0,2.1645569620253164,13509,0.0003701236212895,0.0,0.5,0.0,0.0,0.0,0.3,1,0.6,0.06,0.5,0.1,0,background,CLACK
1.0,1.0,1.0,0.7,0.0,1.0,1.0,0.926829268292683,2.0681818181818183,36036,0.0014152514152514,0.6666666666666666,2.388888888888889,1.0,1.0,0.0,0.6444444444444444,11,1.0,0.1288888888888889,1.0,0.8,1,dialogue,"HE PROBABLY WON'T BE IN THE GARDEN TOMORROW , HUH ?"
1.0,0.3,0.6,0.0,0.0,1.0,2.0,1.0,8.19047619047619,3612,0.0033222591362126,0.0,0.5,1.0,1.0,0.0,0.3,2,0.5,0.06,0.6,0.1,1,dialogue,ALTHOUGH ...
1.0,1.0,0.2,0.0,0.0,1.0,0.2,1.0,3.8,2375,0.0016842105263157,0.0,0.5,0.0,0.0,0.0,0.3,1,0.5,0.06,0.5,0.1,0,background,SHAL
1.0,1.0,1.0,0.7,0.0,1.0,1.0,0.88,2.376146788990826,28231,0.001204349828203,0.5714285714285714,2.1714285714285713,1.0,1.0,0.0,1.085,10,1.0,0.217,1.0,0.8,1,dialogue,"BUT THE REAL ME , SUHO KIM , CAN !"
1.0,1.0,1.0,1.0,0.0,1.0,1.0,0.967741935483871,2.526315789473684,22800,0.0018421052631578,1.0,2.481818181818182,1.0,1.0,0.0,0.5821428571428572,12,0.5,0.1164285714285714,1.0,0.8,1,dialogue,HE MIGHT KILL ME TOO IF I GET IN HIS WAY .
1.0,0.3,1.0,0.4,0.0,1.0,1.0,0.9,9.8,8820,0.0014739229024943,0.3333333333333333,1.8333333333333333,1.0,1.0,0.0,0.3,4,1.0,0.06,0.75,0.3666666666666666,1,dialogue,A GOLD COIN ?
1.0,0.7,0.6,0.0,0.0,1.0,0.6,1.0,1.978813559322034,110212,0.000244982397561,0.0,0.5,1.0,0.0,0.0,0.3,8,0.6,0.06,1.0,0.1,0,background,BA - BUMP BA BUMP BA - BUMP
1.0,1.0,0.6,1.0,0.0,1.0,2.0,0.75,4.393939393939394,4785,0.0010449320794148,1.0,1.4,1.0,1.0,0.0,0.3,2,1.0,0.06,0.6,0.2799999999999999,1,dialogue,HMM ?
1.0,1.0,1.0,0.7,0.0,1.0,1.0,0.9615384615384616,2.1595744680851063,19082,0.0018865946965726,0.6666666666666666,2.533333333333333,1.0,1.0,0.0,0.982608695652174,8,0.5,0.1965217391304348,1.0,0.8,1,dialogue,THE STORM ENDED ... JUST LIKE THAT ?
1.0,1.0,0.6,0.7,0.0,1.0,1.0,0.9705882352941176,2.8693181818181817,88880,0.0004837983798379,0.7777777777777778,1.522222222222222,1.0,1.0,0.0,1.070967741935484,10,0.6,0.2141935483870967,1.0,0.3044444444444444,1,dialogue,HOW ABOUT AL I CUT YOUR THROAT RIGHT HERE ?
1.0,0.7,0.6,0.7,0.0,1.0,0.6,0.9230769230769232,1.157706093189964,90117,0.000177546966721,0.6666666666666666,1.6,1.0,0.0,0.0,0.95,4,0.6,0.19,0.75,0.3199999999999999,1,dialogue,THANK YOU ! GRIN
1.0,1.0,1.0,0.0,0.0,1.0,1.0,0.875,2.1774193548387095,8370,0.0022700119474313,0.0,0.5,1.0,1.0,0.0,0.4916666666666667,4,0.5,0.0983333333333333,0.75,0.1,1,dialogue,"HELLO , KARDICIEL ."
1.0,1.0,1.0,0.7,0.0,1.0,1.0,0.9722222222222222,2.341463414634146,35424,0.001270325203252,0.5555555555555556,1.8888888888888888,1.0,1.0,0.0,0.5696969696969697,10,1.0,0.1139393939393939,1.0,0.3777777777777777,1,dialogue,AWAR WHO FOUGHT THEM DIED IN BATTLE AS WELL .
0.0,0.7,0.6,0.0,0.0,0.91,0.2,0.0,1.0,3844,0.0002601456815816,0.0,0.5,0.0,0.0,0.09,0.3,1,0.6,0.06,0.5,0.1,0,background,5
1.0,1.0,1.0,0.7,0.0,1.0,1.0,0.967741935483871,2.2604166666666665,20832,0.0017761136712749,0.6666666666666666,2.566666666666667,1.0,1.0,0.0,0.8928571428571429,7,0.5,0.1785714285714285,1.0,0.8,1,dialogue,COULD YOU DELIVER THIS TO KARDICIEL ?
1.0,0.5,0.6,0.0,0.0,1.0,2.0,1.0,6.434782608695652,3404,0.003819036427732,0.0,0.5,1.0,1.0,0.0,0.3,2,0.5,0.06,0.6,0.1,1,dialogue,KARDICIEL ...
1.0,1.0,1.0,0.7,0.0,1.0,1.0,0.9516129032258064,2.058139534883721,60888,0.0013303113914071,0.7142857142857143,2.3642857142857143,1.0,1.0,0.0,0.6964912280701754,17,1.0,0.1392982456140351,0.9,0.8,1,dialogue,"... BUT WHEN HIS GRACE RETURNS , COULD YOU PLEASE GREET HIM JUST THIS ONE TIME ?!"
1.0,0.7,1.0,0.7,0.0,1.0,1.0,0.9545454545454546,1.528169014084507,30814,0.0009086778736937,0.6666666666666666,2.35,1.0,1.0,0.0,0.8999999999999999,7,1.0,0.18,1.0,0.8,1,dialogue,Well I for one am grateful !
1.0,0.7,0.6,0.0,0.0,1.0,0.2,1.0,1.2683823529411764,93840,7.459505541346974e-05,0.0,0.5,0.0,0.0,0.0,0.96,1,0.6,0.192,0.5,0.1,0,background,FLUTTER
1.0,0.5,0.2,0.7,0.0,1.0,1.0,1.0,6.5,2600,0.0042307692307692,0.5,2.2,1.0,1.0,0.0,0.3,3,0.5,0.06,0.75,0.8,1,dialogue,HANG ON ...
1.0,1.0,1.0,1.0,0.0,1.0,1.0,0.9310344827586208,2.262295081967213,33672,0.001039439296745,0.8333333333333334,2.25,1.0,1.0,0.0,1.432,7,1.0,0.2864,1.0,0.8,1,dialogue,THERE'S NO TIME FOR THIS NONSENSE !
1.0,0.3,0.6,0.7,0.0,1.0,1.0,0.9230769230769232,11.3,4520,0.0037610619469026,0.75,2.275,1.0,1.0,0.0,1.11,5,0.5,0.2219999999999999,0.75,0.8,1,dialogue,IS THIS A DREAM ?
1.0,0.7,1.0,1.0,0.0,1.0,1.0,0.925925925925926,1.6391752577319587,15423,0.0022044997730662,0.8571428571428571,2.3428571428571425,1.0,1.0,0.0,0.5695652173913043,8,0.5,0.1139130434782608,1.0,0.8,1,dialogue,I'M KEEPING IT BECAUSE I LIKE IT .
1.0,0.7,1.0,0.0,0.0,0.5,2.0,1.0,1.7272727272727273,20900,0.0004306220095693,0.0,0.5,1.0,1.0,0.5,0.3,2,0.6,0.06,0.6,0.1,1,dialogue,AHAHA ...
1.0,0.7,0.4,0.7,0.0,1.0,1.0,0.9605263157894736,1.299349240780911,276139,0.0007170301913166,0.75,2.115,1.0,1.0,0.0,0.7034722222222222,46,1.0,0.1406944444444444,0.8,0.8,1,dialogue,"RAISING A CHILD IS THE DUTY OF BOTH PARENTS , SO MAYBE I SHOULD HAVE A LITTLE CHAT WITH HIM . IT COULD BE A GOOD CHANCE FOR US TO GET CLOSER TOO . Y - YOUR GRACE ? ARE YOU CERTAIN ALL RIGHT YOU'RE ?"
1.0,0.7,0.4,0.0,0.0,1.0,0.2,1.0,1.3611111111111112,142884,4.1992105484168974e-05,0.0,0.5,0.0,0.0,0.0,1.3,1,0.6,0.26,0.5,0.1,0,background,SPRING
1.0,0.7,1.0,0.7,0.0,1.0,1.0,0.9375,1.1352657004830915,48645,0.0012539829376092,0.7692307692307693,1.6,1.0,1.0,0.0,0.5209302325581395,14,1.0,0.1041860465116279,1.0,0.32,1,dialogue,I'VE NO DOUBT SHE'LL TURN ME AWAY AS SOON AS I ARRIVE AGAIN .
1.0,1.0,1.0,0.0,0.0,1.0,0.2,1.0,2.0458715596330275,24307,0.0002468424733615,0.0,0.5,0.0,0.0,0.0,0.3,1,0.6,0.06,0.5,0.1,0,background,STRIDE
1.0,0.7,1.0,0.0,0.0,1.0,0.2,1.0,1.4912280701754386,43605,0.0001375988992088,0.0,0.5,0.0,0.0,0.0,0.3,1,0.6,0.06,0.5,0.1,0,background,HSOOHM
1.0,0.7,0.6,0.0,0.0,1.0,0.2,1.0,1.75,51772,0.0001352082206598,0.0,0.5,0.0,0.0,0.0,0.3,1,0.6,0.06,0.5,0.1,0,background,SHUFFLE
1.0,0.7,1.0,0.0,0.0,1.0,0.2,1.0,1.4591194968553458,36888,0.0001626545217957,0.0,0.5,0.0,0.0,0.0,0.95,1,0.6,0.19,0.5,0.1,0,background,TWITCH
1.0,1.0,1.0,0.0,0.0,1.0,0.2,1.0,2.082474226804124,19594,0.0002041441257527,0.0,0.5,0.0,0.0,0.0,0.3,1,0.6,0.06,0.5,0.1,0,background,STEP
0.0,0.3,0.2,0.0,0.0,0.91,0.2,0.0,0.9230769230769232,624,0.0016025641025641,0.0,0.5,0.0,0.0,0.09,0.3,1,0.5,0.06,0.5,0.1,0,background,4
1.0,1.0,1.0,1.0,0.0,1.0,1.0,0.8888888888888888,2.983050847457627,10384,0.0026001540832049,0.8,1.96,1.0,1.0,0.0,0.3,7,0.5,0.06,1.0,0.392,1,dialogue,HE ... DOESN'T NEED A MOM ?
1.0,1.0,0.6,0.7,0.0,1.0,1.0,0.9183673469387756,2.7655172413793103,58145,0.0011006965345257,0.7692307692307693,2.8076923076923075,1.0,1.0,0.0,0.9767441860465116,16,1.0,0.1953488372093023,0.9,0.8,1,dialogue,"THIS IS IT ! WITH THIS , I CAN SETTLE ALL OF THE BARON'S DEBTS !"
1.0,0.7,1.0,0.7,0.0,1.0,1.0,0.9454545454545454,1.0913461538461535,47216,0.0015249068112504,0.7692307692307693,1.7538461538461538,1.0,1.0,0.0,0.83,15,0.5,0.1659999999999999,1.0,0.3507692307692308,1,dialogue,... THE ENTIRE TIME I'VE BEEN AT THE MANOR THEY'VE NEVER SEEN ME SMILE ?
1.0,0.3,0.4,0.7,0.0,1.0,0.6,0.9545454545454546,0.9825119236883942,388722,7.203091155118568e-05,0.5,1.4666666666666668,1.0,0.0,0.0,0.3,7,0.6,0.06,1.0,0.2933333333333333,1,dialogue,STEP STEP WHO IS IT ? FLINCH
1.0,0.7,1.0,0.0,0.0,1.0,0.2,1.0,1.7384615384615385,29380,0.0002382573179033,0.0,0.5,0.0,0.0,0.0,0.78,1,0.6,0.156,0.5,0.1,0,background,RETREAT
1.0,0.3,1.0,0.0,0.0,1.0,0.2,1.0,0.6875,29744,3.362022592791823e-05,0.0,0.5,0.0,0.0,0.0,0.3,1,0.6,0.06,0.5,0.1,0,background,D
1.0,1.0,1.0,0.7,0.0,1.0,1.0,1.0,2.4895833333333335,22944,0.0016126220362622,0.7142857142857143,2.642857142857143,1.0,1.0,0.0,1.204,8,0.5,0.2408,1.0,0.8,1,dialogue,LET THE REST OF THE SERVANTS KNOW ...
1.0,0.7,1.0,0.0,0.0,1.0,0.2,1.0,1.9895833333333333,18336,0.00021815008726,0.0,0.5,0.0,0.0,0.0,0.3,1,0.6,0.06,0.5,0.1,0,background,LUNG
1.0,1.0,1.0,0.7,0.0,1.0,1.0,1.0,4.018867924528302,45156,0.0008636726016476,0.625,1.8625,1.0,1.0,0.0,0.5272727272727272,10,1.0,0.1054545454545454,1.0,0.3724999999999999,1,dialogue,DROOP I KNEW IT ... IT WAS TOO SOON ...
1.0,1.0,0.6,0.0,0.0,1.0,2.0,0.75,2.288135593220339,7965,0.0007532956685499,0.0,0.5,1.0,1.0,0.0,0.3,2,1.0,0.06,0.6,0.1,1,dialogue,AWWW !
1.0,0.7,1.0,0.7,0.0,1.0,1.0,0.975609756097561,1.1744186046511629,34744,0.001583007137923,0.7,1.98,1.0,1.0,0.0,0.7736842105263158,12,0.5,0.1547368421052631,1.0,0.396,1,dialogue,AH ... IS IT BECAUSE HIS GRACE WILL BE RETURNING SOON ?
1.0,1.0,1.0,0.7,0.0,1.0,1.0,1.0,2.127659574468085,18800,0.0014893617021276,0.75,1.4249999999999998,1.0,1.0,0.0,0.5736842105263158,5,1.0,0.1147368421052631,0.75,0.285,1,dialogue,SOME PEOPLE NEVER CHANGE ...
1.0,0.7,0.6,0.7,0.0,1.0,1.0,0.95,1.2773972602739727,108916,0.0006886040618458,0.5833333333333334,1.6833333333333331,1.0,1.0,0.0,0.7981818181818181,15,1.0,0.1596363636363636,1.0,0.3366666666666666,1,dialogue,"! ANYWAY I'VE REPLIED TO THE MOST IMPORTANT ONES , SO PLEASE DELIVER THEM ."
1.0,0.7,0.6,0.0,0.0,1.0,0.2,1.0,1.5192307692307692,102700,2.9211295034079844e-05,0.0,0.5,0.0,0.0,0.0,0.3,1,0.6,0.06,0.5,0.1,0,background,TUG
1.0,1.0,1.0,0.7,0.0,1.0,1.0,0.9428571428571428,2.705263157894737,24415,0.0017202539422486,0.5714285714285714,2.1142857142857143,1.0,1.0,0.0,1.032258064516129,8,0.5,0.2064516129032258,1.0,0.8,1,dialogue,THE SITUATION'S WAY WORSE THAN I THOUGHT .
1.0,0.7,0.4,0.7,0.0,1.0,0.6,0.9577464788732394,1.2330623306233062,167895,0.0005360493165371,0.7222222222222222,1.9444444444444444,1.0,0.0,0.0,0.5681818181818182,20,1.0,0.1136363636363636,0.9,0.3888888888888889,1,dialogue,"HE'S STILL SO SMALL , SO I BET ALL HIS FURNITURE MUST BE TINY AND CUTE LIKE HIM ! ADORABLE"
1.0,1.0,1.0,1.0,0.0,1.0,1.0,0.9444444444444444,3.3043478260869565,27968,0.0008223684210526,0.8,2.58,1.0,1.0,0.0,0.3,6,1.0,0.06,1.0,0.8,1,dialogue,TO GET MY FIRST ORDER !
1.0,0.7,1.0,0.7,0.0,1.0,0.6,0.9166666666666666,1.699248120300752,30058,0.001497105595848,0.6666666666666666,1.8111111111111111,1.0,0.0,0.0,0.4451612903225806,10,1.0,0.0890322580645161,1.0,0.3622222222222222,1,dialogue,"HOW SHOULD I TRAIN-- I MEAN , TEACH CIEL FROM"
1.0,0.7,1.0,1.0,0.0,1.0,1.0,0.9454545454545454,1.567251461988304,45828,0.0014401675831369,0.8181818181818182,1.6909090909090911,1.0,1.0,0.0,0.574,12,1.0,0.1147999999999999,1.0,0.3381818181818182,1,dialogue,BUT IT'LL DEFINITELY BE DIFFERENT BECAUSE HE'S A CHILD RIGHT NOW .
1.0,0.7,1.0,0.7,0.0,1.0,1.0,0.9333333333333332,1.4355828220858895,38142,0.0009700592522678,0.5714285714285714,2.185714285714286,1.0,1.0,0.0,0.8192307692307692,8,1.0,0.1638461538461538,1.0,0.8,1,dialogue,HE'S FLOATING IN THE AIR WITH MAGIC !
1.0,1.0,1.0,1.0,0.0,1.0,1.0,0.8,4.0,15876,0.0003779289493575,1.0,2.0,1.0,1.0,0.0,0.3,2,0.6,0.06,3.0,2.5,1,dialogue,STOP .
1.0,0.7,1.0,1.0,0.0,1.0,0.2,1.0,1.5029585798816567,42926,9.318361831989936e-05,1.0,0.5,0.0,0.0,0.0,0.3,1,0.6,0.06,0.5,0.1,0,background,GRIN
1.0,0.7,0.6,0.7,0.0,1.0,1.0,0.9166666666666666,1.9125683060109289,64050,0.0005620608899297,0.5,0.875,1.0,1.0,0.0,0.6649999999999999,7,1.0,0.1329999999999999,1.0,0.175,1,dialogue,I'M BUSY ! STOP ... INTERRUPTING ...
1.0,0.7,0.6,0.7,0.0,1.0,1.0,0.9,1.5535714285714286,4872,0.0024630541871921,0.5,1.4,1.0,1.0,0.0,1.0857142857142856,3,0.5,0.2171428571428571,0.75,0.2799999999999999,1,dialogue,YOUR GRACE .
1.0,0.7,0.4,0.7,0.0,1.0,1.0,0.9142857142857144,1.681818181818182,117216,0.0003839066339066,0.7777777777777778,2.5,1.0,1.0,0.0,0.98,11,0.6,0.196,1.0,0.8,1,dialogue,You can't wear that . You look like a relic .
1.0,1.0,1.0,0.7,0.0,1.0,0.2,0.9333333333333332,2.540983606557377,9455,0.0017979904812268,0.6666666666666666,2.4,0.0,0.0,0.0,0.8250000000000001,3,0.5,0.165,0.75,0.8,1,dialogue,WE'LL BE ARRIVING
1.0,0.7,0.2,0.7,0.0,1.0,1.0,1.0,5.391304347826087,2852,0.0045582047685834,0.5,2.05,1.0,1.0,0.0,1.725,4,0.5,0.345,0.75,0.8,1,dialogue,TH - THIS ...
1.0,0.7,1.0,1.0,0.0,1.0,1.0,0.9047619047619048,1.7234042553191489,15228,0.0017073811400052,0.8,1.92,1.0,1.0,0.0,0.3,6,0.5,0.06,1.0,0.384,1,dialogue,BUT I'M A LITTLE WORRIED .
1.0,1.0,1.0,0.7,0.0,1.0,1.0,0.967741935483871,4.434343434343434,43461,0.0009893927889372,0.75,2.425,1.0,1.0,0.0,0.7035714285714285,10,1.0,0.1407142857142857,1.0,0.8,1,dialogue,"Hades , all the fine suits in the world ..."
1.0,0.7,1.0,0.0,0.0,1.0,0.2,1.0,1.6216216216216215,35520,0.0001126126126126,0.0,0.5,0.0,0.0,0.0,0.3,1,0.6,0.06,0.5,0.1,0,background,HUFF
0.0,0.7,0.2,0.0,0.0,0.91,0.2,0.0,1.1666666666666667,42,0.0238095238095238,0.0,0.5,0.0,0.0,0.09,0.3,1,0.0,0.06,0.5,0.1,0,background,0
1.0,0.3,0.6,0.0,0.0,1.0,2.0,0.8181818181818182,8.45,3380,0.0035502958579881,0.0,0.5,1.0,1.0,0.0,0.7714285714285715,2,0.5,0.1542857142857143,0.6,0.1,1,dialogue,CHARACTER ?!
1.0,1.0,0.6,1.0,0.0,1.0,0.2,1.0,3.6666666666666665,3300,0.0012121212121212,1.0,0.5,0.0,0.0,0.0,0.3,1,1.0,0.06,0.5,0.1,0,background,SIGH
1.0,0.3,0.6,0.7,0.0,1.0,1.0,0.8333333333333334,8.037037037037036,5859,0.002389486260454,0.5,0.5,1.0,1.0,0.0,1.6,3,0.5,0.32,0.75,0.1,1,dialogue,YOU'RE ALIVE !
1.0,0.7,0.2,1.0,0.0,1.0,0.2,1.0,1.6333333333333333,1470,0.001360544217687,1.0,4.6,0.0,0.0,0.0,0.3,1,1.0,0.06,0.5,1.0,0,background,OF
1.0,0.7,1.0,0.0,0.0,1.0,0.2,1.0,1.544378698224852,44109,0.0002493822122469,0.0,0.5,0.0,0.0,0.0,0.3,2,0.6,0.06,0.6,0.1,0,background,MUNCH MUNCH
1.0,1.0,0.6,0.7,0.0,1.0,1.0,0.8666666666666667,2.1166666666666667,7620,0.0024934383202099,0.75,2.25,1.0,1.0,0.0,1.3727272727272728,5,0.5,0.2745454545454545,0.75,0.8,1,dialogue,I'D NEVER DO THAT .
1.0,1.0,1.0,0.0,0.0,1.0,0.2,1.0,2.7666666666666666,9960,0.0004016064257028,0.0,0.5,0.0,0.0,0.0,0.3,1,0.6,0.06,0.5,0.1,0,background,PANT
1.0,1.0,0.2,0.0,0.0,1.0,2.0,0.75,3.3076923076923075,2236,0.0022361359570661,0.0,0.5,1.0,1.0,0.0,0.3,2,0.5,0.06,0.6,0.1,0,background,GGO !
1.0,0.7,0.4,1.0,0.0,1.0,0.2,1.0,1.649484536082474,139680,2.86368843069874e-05,1.0,0.5,0.0,0.0,0.0,0.3,1,0.6,0.06,0.5,0.1,0,background,SLAM
1.0,1.0,1.0,0.7,0.0,1.0,1.0,0.96,2.2842105263157895,20615,0.0015522677661896,0.7142857142857143,2.3857142857142857,1.0,1.0,0.0,0.7272727272727273,8,0.5,0.1454545454545454,1.0,0.8,1,dialogue,WHAT IF I DROP HIM BY ACCIDENT ?
1.0,1.0,0.6,0.7,0.0,1.0,0.6,0.8941176470588236,2.448888888888889,123975,0.0008792095180479,0.5,1.2090909090909092,1.0,0.0,0.0,0.6216216216216216,25,1.0,0.1243243243243243,0.9,0.2418181818181818,1,dialogue,"OKAY , I'VE MADE MY CHOICE ! WHY PICK THE 0 SCARY HUSBAND WHEN 0 MY ADORABLE LITTLE 0 SON IS RIGHT THERE ?! 0"
1.0,1.0,1.0,1.0,0.0,1.0,1.0,1.0,3.1704545454545454,24552,0.000733137829912,1.0,1.7666666666666666,1.0,1.0,0.0,0.96,4,1.0,0.192,0.75,0.3533333333333333,1,dialogue,DOES THAT MEAN ...
1.0,0.7,1.0,0.0,0.0,1.0,0.2,1.0,1.6377952755905512,26416,0.000416414294367,0.0,0.5,0.0,0.0,0.0,0.85,2,0.6,0.1699999999999999,0.6,0.1,0,background,KNOCK KNOCK
0.0,0.3,0.2,0.0,0.0,0.01,0.6,0.0,0.3658536585365853,615,0.0016260162601626,0.0,0.5,1.0,0.0,0.99,0.3,1,0.5,0.06,0.5,0.1,0,background,","
1.0,0.7,1.0,0.7,0.0,1.0,1.0,0.95,1.8085106382978724,15980,0.0017521902377972,0.5,1.65,1.0,1.0,0.0,0.6647058823529411,6,0.5,0.1329411764705882,1.0,0.3299999999999999,1,dialogue,HUH ? IT STOPPED RAINING ...
0.0,0.3,0.2,0.0,0.0,0.91,0.2,0.0,0.8148148148148148,594,0.0016835016835016,0.0,0.5,0.0,0.0,0.09,0.3,1,0.5,0.06,0.5,0.1,0,background,2
1.0,1.0,1.0,0.0,0.0,1.0,0.2,1.0,2.7719298245614037,9006,0.0006662225183211,0.0,0.5,0.0,0.0,0.0,0.3,1,1.0,0.06,0.5,0.1,0,background,MURMUR
1.0,1.0,1.0,0.7,0.0,1.0,1.0,0.9166666666666666,2.014705882352941,37264,0.0016101331043366,0.6,1.67,1.0,1.0,0.0,0.7738095238095238,13,0.5,0.1547619047619047,1.0,0.3339999999999999,1,dialogue,"OH , KARDICIEL , YOU'VE BEEN TAKING GOOD CARE OF THAT BEAR !"
1.0,1.0,0.2,0.7,0.0,1.0,1.0,0.8333333333333334,4.041666666666667,2328,0.0034364261168384,0.5,2.5,1.0,1.0,0.0,0.3,3,0.5,0.06,0.75,0.8,1,dialogue,A BIRD ?
0.0,0.3,0.2,0.0,0.0,0.91,0.2,0.0,0.6666666666666666,216,0.0046296296296296,0.0,0.5,0.0,0.0,0.09,0.3,1,0.5,0.06,0.5,0.1,0,background,0
1.0,0.7,1.0,1.0,0.0,1.0,1.0,0.9333333333333332,1.6224489795918366,15582,0.0014760621229623,1.0,2.78,1.0,1.0,0.0,0.6583333333333333,6,1.0,0.1316666666666666,1.0,0.8,1,dialogue,I JUST DON'T GET IT ...
1.0,0.7,0.4,0.075,0.0,1.0,0.6,0.9767441860465116,1.53921568627451,144126,0.0003677337884906,0.25,0.5,1.0,0.0,0.0,0.7975,10,0.6,0.1595,1.0,0.1,1,dialogue,DING RP SYSTEM HAS BEEN ACTIVATED . ( RP RELATIONSHIP
0.8,0.7,0.2,1.0,0.0,1.0,2.0,0.6666666666666666,1.9090909090909092,924,0.0043290043290043,1.0,1.8,1.0,1.0,0.0,0.3,2,0.5,0.06,3.0,2.5,1,dialogue,AH !
1.0,0.7,0.4,0.7,0.0,1.0,1.0,0.9696969696969696,1.910071942446043,147618,0.0005758105380102,0.5714285714285714,1.6857142857142855,1.0,1.0,0.0,0.6370967741935484,17,1.0,0.1274193548387096,0.9,0.3371428571428571,1,dialogue,"JUST LAST NIGHT , IN MY MICROSCOPIC BOARDING HOUSE ROOM ... I READ THE LAST CHAPTER ."
1.0,1.0,1.0,0.7,0.0,1.0,1.0,0.9411764705882352,3.9745762711864407,55342,0.0003794586390083,0.5,1.925,1.0,1.0,0.0,0.6928571428571428,5,0.6,0.1385714285714285,0.75,0.385,1,dialogue,TUCK IN YOUR ELBOWS !
1.0,1.0,1.0,1.0,0.0,1.0,1.0,0.9285714285714286,3.0892857142857144,9688,0.0022708505367464,1.0,2.8,1.0,1.0,0.0,1.4545454545454546,6,0.5,0.2909090909090909,1.0,0.8,1,dialogue,YOU CALL ME THAT ... ?
1.0,0.7,1.0,0.7,0.0,1.0,1.0,1.0,1.9153846153846157,32370,0.001791782514674,0.6666666666666666,1.8666666666666667,1.0,1.0,0.0,0.74,11,0.5,0.148,1.0,0.3733333333333333,1,dialogue,... BUT THIS COULD BE VERY USEFUL AGAINST THOSE GIANTS ...
1.0,0.7,1.0,0.0,0.0,1.0,0.2,1.0,1.9090909090909092,8316,0.0007215007215007,0.0,0.5,0.0,0.0,0.0,0.3,1,1.0,0.06,0.5,0.1,0,background,RUSTLE
1.0,0.7,1.0,1.0,0.0,1.0,0.2,1.0,1.7272727272727273,13376,0.0002990430622009,1.0,0.5,0.0,0.0,0.0,0.3,1,0.6,0.06,0.5,0.1,0,background,GRIN
1.0,0.7,0.6,0.0,0.0,1.0,0.2,1.0,1.7333333333333334,3510,0.0011396011396011,0.0,0.5,0.0,0.0,0.0,0.3,1,1.0,0.06,0.5,0.1,0,background,BUMP
1.0,1.0,0.2,0.0,0.0,1.0,0.2,1.0,2.3157894736842106,836,0.0023923444976076,0.0,0.5,0.0,0.0,0.0,0.3,1,0.5,0.06,0.5,0.1,0,background,WA
1.0,1.0,1.0,0.7,0.0,1.0,1.0,0.8461538461538461,2.425287356321839,18357,0.0009260772457373,0.6666666666666666,2.1666666666666665,1.0,1.0,0.0,0.5666666666666667,5,1.0,0.1133333333333333,0.75,0.8,1,dialogue,"COME ON , FOCUS !"
1.0,1.0,0.6,0.4,0.0,1.0,1.0,1.0,2.4722222222222223,51264,0.0010338639200998,0.4285714285714285,1.557142857142857,1.0,1.0,0.0,0.7297297297297297,9,1.0,0.1459459459459459,1.0,0.3114285714285714,1,dialogue,... OF HOW YOUR AVERAGE CIVIL ENGINEERING STUDENT ...
1.0,1.0,1.0,0.7,0.0,1.0,1.0,0.9787234042553192,3.446280991735537,50457,0.0011891313395564,0.7,1.85,1.0,1.0,0.0,0.5659090909090909,11,1.0,0.1131818181818181,1.0,0.37,1,dialogue,MAYBE I SHOULD'VE NEVER LEARNED MAGIC IN THE FIRST PLACE ...
1.0,0.7,1.0,0.7,0.0,1.0,1.0,0.9761904761904762,1.2544378698224852,35828,0.0015351122027464,0.7777777777777778,2.2333333333333334,1.0,1.0,0.0,0.5538461538461538,11,0.5,0.1107692307692307,1.0,0.8,1,dialogue,... BUT THEY PLAYED AN IMPORTANT PART IN THIS VICTORY .
0.8,1.0,0.6,1.0,0.0,1.0,2.0,0.6666666666666666,2.0454545454545454,3960,0.001010101010101,1.0,1.8,1.0,1.0,0.0,0.3,2,1.0,0.06,3.0,2.5,1,dialogue,AH !
1.0,1.0,0.6,0.7,0.0,1.0,1.0,0.945945945945946,2.5244755244755246,51623,0.001026674156868,0.7777777777777778,2.466666666666667,1.0,1.0,0.0,0.5030303030303029,14,1.0,0.1006060606060605,1.0,0.8,1,dialogue,No - no - no - no . The festivities have just begun .
1.0,0.7,1.0,0.0,0.0,1.0,0.2,1.0,1.8970588235294117,8772,0.0006839945280437,0.0,0.5,0.0,0.0,0.0,1.65,1,1.0,0.3299999999999999,0.5,0.1,0,background,SHIVER
1.0,0.5,0.6,0.0,0.0,1.0,2.0,1.0,6.32,3950,0.0030379746835443,0.0,0.5,1.0,1.0,0.0,1.5166666666666666,2,0.5,0.3033333333333333,0.6,0.1,1,dialogue,QUESTION ...
1.0,0.7,1.0,0.0,0.0,1.0,0.6,1.0,1.651376146788991,19620,0.0008664627930682,0.0,0.5,1.0,0.0,0.0,0.3,4,1.0,0.06,0.75,0.1,0,background,BARBUMP BA - BUMP
1.0,0.7,1.0,0.0,0.0,1.0,0.2,1.0,1.75,11200,0.0009821428571428,0.0,0.5,0.0,0.0,0.0,0.3,2,1.0,0.06,0.6,0.1,0,background,COUGH COUGH
1.0,1.0,0.6,0.7,0.0,1.0,1.0,0.9166666666666666,2.2413793103448274,7540,0.0021220159151193,0.75,2.125,1.0,1.0,0.0,0.6555555555555556,5,0.5,0.1311111111111111,0.75,0.8,1,dialogue,WHY DO YOU ASK ?
1.0,1.0,1.0,1.0,0.0,1.0,0.6,0.9767441860465116,3.277310924369748,46410,0.0012066365007541,0.8461538461538461,2.5923076923076924,1.0,0.0,0.0,0.4225,14,1.0,0.0844999999999999,0.3,0.8,1,dialogue,"I MAY HAVE GONE BACK IN TIME , BUT IT LOOKS LIKE I STILL"
0.0,0.3,0.2,0.0,0.0,0.91,0.2,0.0,0.6428571428571429,126,0.0079365079365079,0.0,0.5,0.0,0.0,0.09,0.3,1,0.3,0.06,0.5,0.1,0,background,0
1.0,0.7,0.4,1.0,0.0,1.0,1.0,0.935483870967742,1.8273615635179152,172227,0.000458696952278,0.8,2.086666666666667,1.0,1.0,0.0,0.6428571428571429,18,0.6,0.1285714285714286,0.9,0.8,1,dialogue,"YOUR APOLOGY DOES NOT SEEM VERY GENUINE . COME ON , WHAT AM I SUPPOSED TO DO ?!"
1.0,0.7,1.0,1.0,0.0,1.0,1.0,0.9375,1.9022556390977443,33649,0.0013373354334452,1.0,1.8333333333333333,1.0,1.0,0.0,1.1071428571428572,11,1.0,0.2214285714285714,1.0,0.3666666666666666,1,dialogue,... I DON'T EVEN KNOW WHERE HE IS RIGHT NOW .
1.0,1.0,1.0,0.7,0.0,1.0,1.0,0.9473684210526316,4.035714285714286,28476,0.000842815002107,0.6,1.46,1.0,1.0,0.0,0.4624999999999999,6,1.0,0.0925,1.0,0.292,1,dialogue,HOW DARE HE DISOBEY US !
1.0,1.0,0.6,0.0,0.0,1.0,0.2,1.0,2.2549019607843137,5865,0.000852514919011,0.0,0.5,0.0,0.0,0.0,0.3,1,1.0,0.06,0.5,0.1,0,background,SHAKE
1.0,1.0,0.6,1.0,0.0,1.0,1.0,0.8333333333333334,4.685714285714286,5740,0.0013937282229965,1.0,3.15,1.0,1.0,0.0,1.1,3,1.0,0.22,0.75,1.0,1,dialogue,IT NOW .
1.0,1.0,1.0,1.0,0.0,1.0,0.2,1.0,4.06,40600,0.0004679802955665,1.0,3.1,0.0,0.0,0.0,0.9846153846153846,5,0.6,0.1969230769230769,0.75,1.0,1,dialogue,KEEP THIS ON YOU AT
1.0,0.7,0.6,0.7,0.0,1.0,1.0,1.0,1.9333333333333331,6960,0.0022988505747126,0.5,0.5,1.0,1.0,0.0,1.7555555555555555,3,0.5,0.3511111111111111,0.75,0.1,1,dialogue,THESE THINGS ...
1.0,0.3,0.6,0.0,0.0,1.0,0.2,1.0,0.9498607242339832,122419,3.267466651418489e-05,0.0,0.5,0.0,0.0,0.0,0.3,1,0.6,0.06,0.5,0.1,0,background,Wood
1.0,1.0,1.0,0.0,0.0,1.0,0.2,1.0,2.119047619047619,14952,0.0002675227394328,0.0,0.5,0.0,0.0,0.0,0.3,1,0.6,0.06,0.5,0.1,0,background,STEP
1.0,1.0,1.0,0.7,0.0,1.0,1.0,0.9375,2.159090909090909,16720,0.0011961722488038,0.75,2.275,1.0,1.0,0.0,0.9923076923076924,5,1.0,0.1984615384615384,0.75,0.8,1,dialogue,THIS IS A DISASTER !
1.0,0.7,0.6,0.7,0.0,1.0,1.0,0.9574468085106383,1.8494623655913975,63984,0.0009846211552888,0.7272727272727273,2.0636363636363635,1.0,1.0,0.0,0.8023255813953488,14,1.0,0.1604651162790697,1.0,0.8,1,dialogue,"THEN BECOMES A BEGGAR , DRINKING ALL DAY LONG , AND THEN HE ..."
1.0,1.0,1.0,0.7,0.0,1.0,1.0,0.8571428571428571,3.316666666666667,11940,0.002680067001675,0.5,1.425,1.0,1.0,0.0,0.44375,8,0.5,0.08875,1.0,0.285,1,dialogue,... KARDICIEL ? SH - SHOULD I ?!
1.0,1.0,1.0,0.7,0.0,1.0,1.0,0.8333333333333334,2.006369426751593,49455,0.0003841876453341,0.6666666666666666,1.2666666666666666,1.0,1.0,0.0,0.625,5,0.6,0.125,0.75,0.2533333333333333,1,dialogue,... I'M SO SCARED !
1.0,1.0,0.2,0.0,0.0,1.0,1.0,0.8333333333333334,4.086956521739131,2162,0.0032377428307123,0.0,0.5,1.0,1.0,0.0,0.3,2,0.5,0.06,0.6,0.1,1,dialogue,GRACE .
1.0,0.7,1.0,0.0,0.0,1.0,0.2,1.0,1.2170542635658914,20253,0.0002468770058756,0.0,0.5,0.0,0.0,0.0,1.0333333333333334,1,0.6,0.2066666666666667,0.5,0.1,0,background,PAUSE
1.0,0.7,1.0,1.0,0.0,1.0,1.0,0.875,1.819047619047619,20055,0.0014460234355522,1.0,2.5,1.0,1.0,0.0,0.5,8,1.0,0.1,1.0,0.8,1,dialogue,YES ... OKAY ... I'LL DO IT .
1.0,1.0,1.0,0.4,0.0,1.0,0.6,0.9411764705882352,3.532110091743119,41965,0.0009770046467294,0.375,2.075,1.0,0.0,0.0,0.75,8,1.0,0.15,1.0,0.8,1,dialogue,AND THE ELDEST SON OF BARON FRONTERA IS--
1.0,0.7,1.0,0.7,0.0,1.0,1.0,0.967741935483871,1.628787878787879,28380,0.0013389711064129,0.7142857142857143,2.3428571428571425,1.0,1.0,0.0,0.9642857142857144,8,1.0,0.1928571428571428,1.0,0.8,1,dialogue,YOU MIGHT HAVE TO BURY THEM YOURSELF .
1.0,0.7,1.0,1.0,0.0,1.0,1.0,0.935483870967742,1.4736842105263157,26068,0.0016878932023937,0.9,2.2,1.0,1.0,0.0,0.8333333333333334,13,0.5,0.1666666666666666,1.0,0.8,1,dialogue,"A - AS YOU CAN SEE , HER GRACE IS VERY ILL !"
1.0,0.7,1.0,0.0,0.0,1.0,0.2,0.8,1.4270833333333333,52608,0.0001140510948905,0.0,0.5,0.0,0.0,0.0,0.3,2,0.6,0.06,0.6,0.1,0,background,FUME 8
1.0,0.7,0.6,0.7,0.0,1.0,1.0,0.9508196721311476,1.263157894736842,77064,0.0009861932938856,0.5714285714285714,1.8214285714285712,1.0,1.0,0.0,0.6660714285714285,16,1.0,0.1332142857142857,0.9,0.3642857142857142,1,dialogue,HE ANSWERED WAY QUICKER THAN I THOUGHT HE WOULD ! MY HEART ISN'T READY YET !
1.0,1.0,1.0,0.7,0.0,1.0,0.6,0.9615384615384616,2.1777777777777776,17640,0.001814058956916,0.5,1.2666666666666666,1.0,0.0,0.0,0.408695652173913,7,0.5,0.0817391304347826,1.0,0.2533333333333333,1,dialogue,"UGH , MY HEAD FEELS LIKE SOMEONE"
1.0,1.0,1.0,0.7,0.0,1.0,1.0,0.9473684210526316,2.0,18050,0.0014404432132963,0.5,1.6749999999999998,1.0,1.0,0.0,0.60625,5,1.0,0.12125,0.75,0.3349999999999999,1,dialogue,SHE'LL PROBABLY SAY NO ...
1.0,1.0,1.0,0.4,0.0,1.0,0.6,1.0,4.92,12300,0.0024390243902439,0.4,1.26,1.0,0.0,0.0,0.775,6,0.5,0.155,1.0,0.252,1,dialogue,POOR CIEL ... THAT FALL LOOKED
0.0,0.3,0.2,0.0,0.0,0.0,0.2,0.0,0.9473684210526316,342,0.0029239766081871,0.0,0.5,0.0,0.0,1.0,0.3,1,0.5,0.06,0.5,0.1,0,background,*
1.0,0.7,0.6,1.0,0.0,1.0,1.0,0.925,1.852459016393443,62037,0.0008220900430388,0.8,2.41,1.0,1.0,0.0,0.5571428571428572,12,1.0,0.1114285714285714,1.0,0.8,1,dialogue,"IN THAT CASE , I SUPPOSE I'LL HAVE A LITTLE TASTE ."
1.0,0.7,1.0,1.0,0.0,1.0,1.0,0.9629629629629628,1.3208955223880596,23718,0.0014756724850324,1.0,2.175,1.0,1.0,0.0,1.1,9,1.0,0.22,1.0,0.8,1,dialogue,DO YOU KNOW WHERE HE IS RIGHT NOW ?
1.0,1.0,0.2,0.0,0.0,1.0,2.0,0.75,3.363636363636364,1628,0.003071253071253,0.0,0.5,1.0,1.0,0.0,0.3,2,0.5,0.06,0.6,0.1,1,dialogue,MOM !
1.0,0.7,1.0,0.7,0.0,1.0,1.0,0.98,1.8922155688622757,52772,0.001250663230501,0.7692307692307693,2.0076923076923077,1.0,1.0,0.0,0.5872340425531914,14,1.0,0.1174468085106383,1.0,0.8,1,dialogue,YOU'LL NEED TO HONE YOUR ABILITIES MUCH MORE IN ORDER TO DO SO ...
1.0,1.0,0.4,0.4,0.0,1.0,1.0,1.0,2.414225941422594,137903,0.0004785972748961,0.4615384615384615,2.146153846153846,1.0,1.0,0.0,0.6760869565217391,15,0.6,0.1352173913043478,1.0,0.8,1,dialogue,BUT IF ONE - ARMED JACK HIRES A FORMER KNIGHT TO FIGHT FOR HIM ...
1.0,1.0,1.0,1.0,0.0,1.0,0.2,1.0,3.037974683544304,18960,0.0003164556962025,1.0,0.5,0.0,0.0,0.0,0.3,1,0.6,0.06,0.5,0.1,0,background,WHOOSH
1.0,0.5,1.0,1.0,0.0,1.0,1.0,0.8888888888888888,7.853658536585366,13202,0.0012119375852143,1.0,2.1333333333333333,1.0,1.0,0.0,0.3,5,1.0,0.06,0.75,0.8,1,dialogue,... Who is she ?
1.0,0.7,1.0,0.0,0.0,1.0,0.2,1.0,1.9658119658119655,26910,0.0002601263470828,0.0,0.5,0.0,0.0,0.0,0.3,1,0.6,0.06,0.5,0.1,0,background,TREMBLE
1.0,0.7,1.0,0.0,0.0,1.0,0.2,1.0,1.1473684210526316,41420,4.828585224529213e-05,0.0,0.5,0.0,0.0,0.0,0.3,1,0.6,0.06,0.5,0.1,0,background,St
1.0,1.0,1.0,0.0,0.0,1.0,0.2,1.0,2.0416666666666665,57624,8.67694016382063e-05,0.0,0.5,0.0,0.0,0.0,1.633333333333333,1,0.6,0.3266666666666666,0.5,0.1,0,background,SWING
1.0,0.5,0.6,1.0,0.0,1.0,0.2,1.0,7.904761904761905,3486,0.0031554790590935,1.0,2.766666666666667,0.0,0.0,0.0,0.6571428571428571,3,0.5,0.1314285714285714,0.75,0.8,1,dialogue,DOES HE NOT
1.0,1.0,0.6,0.0,0.0,1.0,0.2,0.7777777777777778,4.96875,5088,0.0019654088050314,0.0,0.5,0.0,0.0,0.0,0.3,2,0.5,0.06,0.6,0.1,0,background,Episode 02
1.0,0.7,0.6,0.7,0.0,1.0,1.0,0.96,1.816239316239316,99450,0.0006737053795877,0.6153846153846154,2.0153846153846153,1.0,1.0,0.0,0.8347826086956521,15,1.0,0.1669565217391304,1.0,0.8,1,dialogue,WHO'S THAT STREET KID I TOOK WITH ME BEFORE ? I FORGOT HIS NAME ...
1.0,0.7,1.0,0.7,0.0,1.0,1.0,0.9615384615384616,1.6107784431137724,44923,0.0014469202858224,0.5,2.3333333333333335,1.0,1.0,0.0,0.8624999999999999,14,1.0,0.1725,1.0,0.8,1,dialogue,"AS CHILDREN OF THE STARS , WE SHARE OUR SENSES WITH ONE ANOTHER ."
1.0,0.7,1.0,0.0,0.0,1.0,0.2,1.0,1.032258064516129,35712,0.0001400089605734,0.0,0.5,0.0,0.0,0.0,0.3,1,0.6,0.06,0.5,0.1,0,background,GLOOM
1.0,1.0,1.0,0.7,0.0,1.0,0.6,0.7857142857142857,3.2739726027397262,17447,0.0011463288817561,0.6,1.86,1.0,0.0,0.0,0.3,7,1.0,0.06,1.0,0.372,1,dialogue,"yean . I did , but -"
1.0,1.0,1.0,0.4,0.0,1.0,1.0,1.0,2.8793103448275863,9686,0.0020648358455502,0.3333333333333333,0.5,1.0,1.0,0.0,0.5416666666666666,4,0.5,0.1083333333333333,0.75,0.1,1,dialogue,LONG SILVER HAIR ...
1.0,0.3,1.0,0.7,0.0,1.0,1.0,0.96875,0.8367346938775511,50225,0.0016326530612244,0.7058823529411765,2.1941176470588233,1.0,1.0,0.0,0.7133333333333333,19,0.5,0.1426666666666666,0.9,0.8,1,dialogue,"SHE MUST BE REFERRING TO THE TALL , HANDSOME MAN I SAW WHEN I FIRST WOKE UP HERE ."
1.0,1.0,1.0,1.0,0.0,1.0,1.0,0.9565217391304348,3.5245901639344264,13115,0.0023637056805184,1.0,2.7625,1.0,1.0,0.0,1.08,9,0.5,0.216,1.0,0.8,1,dialogue,IS IT OKAY IF I CALL YOU THAT ?
1.0,0.7,1.0,0.7,0.0,1.0,1.0,0.926829268292683,1.9022556390977443,33649,0.0015750839549466,0.6363636363636364,1.9,1.0,1.0,0.0,0.9666666666666666,13,0.5,0.1933333333333333,1.0,0.38,1,dialogue,"NO ONE EVER TAUGHT HIM THOSE THINGS , SO I'LL DO IT ."
1.0,0.7,1.0,1.0,0.0,1.0,1.0,0.9583333333333334,1.5895953757225434,47575,0.0014083026799789,0.8571428571428571,2.242857142857143,1.0,1.0,0.0,0.7022727272727273,17,1.0,0.1404545454545454,0.9,0.8,1,dialogue,"WOW , IT REALLY IS AS BAD AS I THOUGHT . IT MIGHT EVEN BE WORSE ..."
1.0,0.7,1.0,0.4,0.0,1.0,1.0,0.926829268292683,1.400990099009901,57166,0.0009096315992023,0.4545454545454545,1.7545454545454546,1.0,1.0,0.0,0.9694444444444444,12,1.0,0.1938888888888889,1.0,0.3509090909090909,1,dialogue,HANG ANG ON- ON THERE'S ONLY ONE KID AT THIS MANOR !
1.0,0.7,0.2,0.0,0.0,1.0,0.2,1.0,1.5,384,0.0052083333333333,0.0,0.5,0.0,0.0,0.0,0.3,1,0.3,0.06,0.5,0.1,0,background,NW
1.0,0.7,0.6,1.0,0.0,1.0,0.2,1.0,1.9375,83824,5.9648787936629126e-05,1.0,0.5,0.0,0.0,0.0,0.3,1,0.6,0.06,0.5,0.1,0,background,THUMP
1.0,0.7,1.0,1.0,0.0,1.0,1.0,0.967741935483871,5.74468085106383,50760,0.0008077226162332,0.8,2.85,1.0,1.0,0.0,0.6,11,1.0,0.12,0.3,0.8,1,dialogue,YOU TO GO BACK IN TIME UP TO FOUR TIMES .
1.0,1.0,0.6,1.0,0.0,1.0,1.0,0.9384615384615383,2.230769230769231,122148,0.0006713167632707,0.8125,1.85625,1.0,1.0,0.0,0.6576271186440678,18,1.0,0.1315254237288135,0.9,0.3712499999999999,1,dialogue,"IF YOU CAN'T EVEN REMEMBER WHO IT WAS , THEN I'M GUESSING HE CROAKED A WHILE AGO ."
1.0,0.7,0.6,0.06,0.0,1.0,0.6,0.8947368421052632,1.4385964912280702,74784,0.0007488232777064,0.2,0.91,1.0,0.0,0.0,0.378125,11,1.0,0.075625,1.0,0.182,0,background,"10.30PM Eros , God of Love ' Text Messages Today 10.30PM"
1.0,0.3,0.6,0.4,0.0,1.0,1.0,0.9047619047619048,0.8575757575757575,93390,0.0005996359353249,0.375,0.9125,1.0,1.0,0.0,0.7805555555555556,11,1.0,0.1561111111111111,1.0,0.1825,0,background,"9:15 Saturday , 10 March MESSENGER Hades Where are you ?"
1.0,0.7,0.4,0.7,0.0,1.0,0.6,0.9710144927536232,1.1290322580645162,244125,0.00036866359447,0.5625,1.6875,1.0,0.0,0.0,0.7507692307692307,20,0.6,0.1501538461538461,0.9,0.3375,1,dialogue,HEALTH ALERT ! YOUR JAW HAS GONE OUT OF PLACE FROM SLEEPING ON THE GROUND ! ( LAUGH ) DONG
1.0,1.0,0.6,0.0,0.0,1.0,0.2,1.0,2.729281767955801,89414,6.710358556825553e-05,0.0,0.5,0.0,0.0,0.0,0.3,1,0.6,0.06,0.5,0.1,0,background,CRUNCH
1.0,0.7,0.6,0.0,0.0,1.0,0.2,1.0,1.3835616438356164,7373,0.0005425200054252,0.0,0.5,0.0,0.0,0.0,0.3,1,1.0,0.06,0.5,0.1,0,background,POKE
1.0,0.5,0.6,1.0,0.0,1.0,0.2,1.0,7.590909090909091,3674,0.0029940119760479,1.0,2.433333333333333,0.0,0.0,0.0,1.542857142857143,3,0.5,0.3085714285714286,0.75,0.8,1,dialogue,ARE YOU ALL
1.0,0.5,0.2,1.0,0.0,1.0,1.0,1.0,6.65,2660,0.0041353383458646,1.0,2.55,1.0,1.0,0.0,0.3,3,0.5,0.06,0.75,0.8,1,dialogue,LIKE ME ...
1.0,0.7,0.6,0.0,0.0,1.0,0.2,1.0,1.3934426229508197,5185,0.0021215043394406,0.0,0.5,0.0,0.0,0.0,0.3,2,0.5,0.06,0.6,0.1,0,background,CHIRP CHIRP
1.0,1.0,0.4,0.0,0.0,1.0,0.2,1.0,2.763485477178423,160506,0.0001246059337345,0.0,0.5,0.0,0.0,0.0,0.46875,3,0.6,0.09375,0.75,0.1,0,background,SLAP SNICKER SNICKER
1.0,1.0,0.6,1.0,0.0,1.0,2.0,0.75,2.260869565217391,4784,0.0010451505016722,1.0,2.3,1.0,1.0,0.0,0.3,2,1.0,0.06,3.0,2.5,1,dialogue,Hey !
1.0,1.0,0.6,0.0,0.0,1.0,0.2,1.0,2.2941176470588234,80223,0.0002368398090323,0.0,0.5,0.0,0.0,0.0,0.3,3,0.6,0.06,0.75,0.1,0,background,CHIRP CHIRP STRETCH
1.0,1.0,1.0,0.075,0.0,1.0,0.6,0.9375,4.6,11500,0.002,0.25,1.425,1.0,0.0,0.0,0.9153846153846152,5,0.5,0.183076923076923,0.75,0.285,1,dialogue,IMPRESSIVE ... I'I I NI
1.0,0.7,1.0,0.7,0.0,1.0,1.0,0.9423076923076924,1.423529411764706,41140,0.0016042780748663,0.6923076923076923,2.176923076923077,1.0,1.0,0.0,0.8425531914893617,15,0.5,0.1685106382978723,1.0,0.8,1,dialogue,HOW IS HE THIS CUTE ? HE'S NOTHING LIKE THE PSYCHO FROM THE BOOK .
1.0,0.7,0.4,0.7,0.0,1.0,0.6,0.9090909090909092,1.2570806100217864,264843,0.000234100957926,0.6,1.8299999999999996,1.0,0.0,0.0,0.6236842105263157,13,0.6,0.1247368421052631,1.0,0.3659999999999999,1,dialogue,YOU'D KEEP IT CAGED ... ... SO THAT IT CAN'T ESCAPE ?! SHOCKED
0.8,1.0,0.6,1.0,0.0,1.0,2.0,0.6,3.272727272727273,6336,0.0009469696969696,1.0,1.5,1.0,1.0,0.0,0.3,2,1.0,0.06,0.6,0.3,1,dialogue,HUH ?!
1.0,0.7,1.0,0.0,0.0,1.0,0.2,1.0,1.818181818181818,10780,0.0003710575139146,0.0,0.5,0.0,0.0,0.0,0.3,1,0.6,0.06,0.5,0.1,0,background,STEP
1.0,1.0,1.0,0.4,0.0,1.0,1.0,0.946808510638298,2.005780346820809,60031,0.0018323866002565,0.4,1.72,1.0,1.0,0.0,0.7609195402298851,17,0.5,0.152183908045977,0.9,0.344,1,dialogue,"FROM KARDICIEL'S PERSPECTIVE , THE SUDDEN SHIFT IN HIS MOTHER'S ATTITUDE MUST'VE BEEN SHOCKING AND CONFUSING ."
1.0,0.7,0.6,0.7,0.0,1.0,1.0,0.9615384615384616,1.045267489711934,61722,0.0010045040666213,0.6,1.94,1.0,1.0,0.0,0.74375,11,1.0,0.14875,1.0,0.388,1,dialogue,MUTTER I DON'T PARTICULARLY FEEL LIKE RETURNING TO THE MANOR .
1.0,1.0,1.0,0.7,0.0,1.0,1.0,0.9302325581395348,3.768,58875,0.0009171974522292,0.7,2.22,1.0,1.0,0.0,0.5552631578947369,12,1.0,0.1110526315789473,1.0,0.8,1,dialogue,"IF YOU'RE EAGER TO LEARN , GO TO THE PHILEON ACADEMY ."
1.0,1.0,1.0,0.0,0.0,0.5,0.2,1.0,2.125,8704,0.0004595588235294,0.0,0.5,0.0,0.0,0.5,0.3,1,0.6,0.06,0.5,0.1,0,background,GRRR
1.0,0.3,0.6,0.7,0.0,1.0,1.0,0.7777777777777778,6.0,3174,0.0037807183364839,0.5,1.5,1.0,1.0,0.0,0.3,4,0.5,0.06,0.75,0.3,1,dialogue,"OH , DAISY ."
1.0,0.7,1.0,0.7,0.0,1.0,0.6,0.88,1.1954887218045114,21147,0.0014659289733768,0.6666666666666666,2.3666666666666667,1.0,0.0,0.0,0.8300000000000001,7,1.0,0.166,1.0,0.8,1,dialogue,"YES , I THOUGHT YOU WOULD SAY--"
1.0,0.3,1.0,0.7,0.0,1.0,1.0,0.8888888888888888,8.485714285714286,10395,0.0011544011544011,0.6666666666666666,1.9,1.0,1.0,0.0,0.3,4,1.0,0.06,0.75,0.38,1,dialogue,TO EAT TOO !
1.0,1.0,1.0,0.7,0.0,1.0,1.0,0.8888888888888888,3.764705882352941,9792,0.0011233660130718,0.5,1.75,1.0,1.0,0.0,1.1833333333333331,3,1.0,0.2366666666666666,0.75,0.35,1,dialogue,all night .
1.0,1.0,1.0,0.0,0.0,1.0,0.2,1.0,2.3176470588235296,16745,0.0003583159151985,0.0,0.5,0.0,0.0,0.0,0.3,1,0.6,0.06,0.5,0.1,0,background,STRIDE
1.0,1.0,0.6,0.0,0.0,1.0,2.0,0.8571428571428571,3.4186046511627906,6321,0.0012656225280809,0.0,0.5,1.0,1.0,0.0,0.3,2,1.0,0.06,0.6,0.1,0,background,GLURGH !
1.0,0.7,0.6,1.0,0.0,1.0,0.2,1.0,1.4736842105263157,4788,0.0006265664160401,1.0,0.5,0.0,0.0,0.0,0.3,1,1.0,0.06,0.5,0.1,0,background,SOB
1.0,1.0,0.6,0.7,0.0,1.0,1.0,0.981132075471698,2.3842105263157896,86070,0.0007900546067154,0.5454545454545454,2.090909090909091,1.0,1.0,0.0,0.908,13,1.0,0.1815999999999999,1.0,0.8,1,dialogue,"BUT THIS TIME , IT FELT LIKE I CREATED SOMETHING ELSE ALTOGETHER ..."
1.0,1.0,1.0,0.7,0.0,1.0,1.0,0.9565217391304348,2.730769230769231,29536,0.0010157096424702,0.5,1.275,1.0,1.0,0.0,1.6149999999999998,5,1.0,0.3229999999999999,0.75,0.255,1,dialogue,BUT THERE'S ANOTHER REASON ...
1.0,0.7,1.0,0.0,0.0,1.0,0.2,1.0,1.6363636363636365,28512,0.000175364758698,0.0,0.5,0.0,0.0,0.0,0.3,1,0.6,0.06,0.5,0.1,0,background,GRASP
0.0,0.3,0.6,0.0,0.0,0.91,0.2,0.0,0.8484848484848485,3696,0.0005411255411255,0.0,0.5,0.0,0.0,0.09,0.3,1,1.0,0.06,0.5,0.1,0,background,10
1.0,1.0,1.0,0.4,0.0,1.0,1.0,0.945945945945946,2.4842105263157896,22420,0.0019625334522747,0.4285714285714285,1.2428571428571429,1.0,1.0,0.0,0.5424242424242424,8,0.5,0.1084848484848484,1.0,0.2485714285714285,1,dialogue,I WONDER HOW KARDICIEL'S ROOM IS DECORATED .
1.0,0.7,0.6,0.7,0.0,1.0,0.6,0.8888888888888888,1.4733333333333334,132600,8.295625942684766e-05,0.5,1.6,1.0,0.0,0.0,0.7166666666666667,3,0.6,0.1433333333333333,0.75,0.32,1,dialogue,MONEY ! WHO
1.0,1.0,0.6,0.7,0.0,1.0,0.2,1.0,2.855614973262032,99858,0.000120170642312,0.5,2.4,0.0,0.0,0.0,1.0333333333333334,2,0.6,0.2066666666666667,0.6,0.8,1,dialogue,THAT TICKLES
1.0,1.0,1.0,0.7,0.0,1.0,1.0,0.8148148148148148,2.41,24100,0.0021161825726141,0.625,1.675,1.0,1.0,0.0,0.805,16,0.5,0.161,0.9,0.335,1,dialogue,"O - OH ! UM , WELL , YOU SEE , UHHHH ... ! HAHA ..."
1.0,0.7,1.0,1.0,0.0,1.0,0.6,0.9655172413793104,5.639344262295082,20984,0.0017155928326343,0.8571428571428571,2.628571428571429,1.0,0.0,0.0,0.7269230769230769,8,0.5,0.1453846153846154,1.0,0.8,1,dialogue,"BUT THANKFULLY , YOU SEEM TO BE MORE"
0.0,0.3,0.2,0.0,0.0,0.91,0.2,0.0,0.7037037037037037,513,0.0038986354775828,0.0,0.5,0.0,0.0,0.09,0.3,1,0.5,0.06,0.5,0.1,0,background,13
1.0,0.7,0.2,0.0,0.0,1.0,0.2,1.0,1.2,270,0.0074074074074074,0.0,0.5,0.0,0.0,0.0,0.3,1,0.3,0.06,0.5,0.1,0,background,XX
1.0,1.0,1.0,0.0,0.0,1.0,0.2,1.0,3.116279069767442,23048,0.000607427976397,0.0,0.5,0.0,0.0,0.0,0.3,2,1.0,0.06,0.6,0.1,0,background,FIDGET AWKWARD
1.0,0.7,1.0,0.0,0.0,1.0,0.2,1.0,1.143835616438356,24382,0.0002460831761135,0.0,0.5,0.0,0.0,0.0,0.3,1,0.6,0.06,0.5,0.1,0,background,FIDGET
1.0,1.0,1.0,0.0,0.0,1.0,0.2,1.0,2.0833333333333335,14700,0.0002721088435374,0.0,0.5,0.0,0.0,0.0,0.3,1,0.6,0.06,0.5,0.1,0,background,STEP
1.0,0.3,0.6,0.0,0.0,1.0,1.0,0.9230769230769232,11.625,6696,0.0028375149342891,0.0,0.5,1.0,1.0,0.0,0.6900000000000001,4,0.5,0.138,0.75,0.1,1,dialogue,... GRAND MARSHAL !
1.0,0.7,1.0,0.7,0.0,1.0,1.0,0.9743589743589745,1.7014925373134329,30552,0.0016692851531814,0.625,1.325,1.0,1.0,0.0,1.0388888888888888,10,0.5,0.2077777777777777,1.0,0.265,1,dialogue,IS SOMETHING WORRYING YOU ? YOU SEEM QUITE DOWN ...
1.0,0.7,1.0,0.7,0.0,1.0,1.0,0.9285714285714286,1.1470588235294117,21216,0.0016496983408748,0.6666666666666666,1.7166666666666668,1.0,1.0,0.0,0.7875,8,0.5,0.1575,1.0,0.3433333333333334,1,dialogue,"PLEASE GET SOME REST , YOUR GRACE ."
1.0,0.7,1.0,1.0,0.0,1.0,1.0,0.8,1.4854368932038835,15759,0.0008249254394314,1.0,2.1333333333333333,1.0,1.0,0.0,0.3,4,1.0,0.06,0.75,0.8,1,dialogue,Who is she !?
1.0,1.0,1.0,0.0,0.0,1.0,1.0,0.8333333333333334,2.204301075268817,19065,0.0007343299239444,0.0,0.5,1.0,1.0,0.0,1.1,3,1.0,0.22,0.75,0.1,1,dialogue,EIGHT WINGS ?!
1.0,1.0,0.6,0.7,0.0,1.0,0.6,0.9454545454545454,2.596938775510204,99764,0.0006816085962872,0.5384615384615384,2.1153846153846154,1.0,0.0,0.0,0.778,14,1.0,0.1556,1.0,0.8,1,dialogue,"IF YOU'D TOLD ME IN ADVANCE , I WOULD'VE COOKED UP SOMETHING FOR YOU"
1.0,1.0,1.0,0.4,0.0,1.0,1.0,0.926829268292683,3.886363636363636,30096,0.0016613503455608,0.3333333333333333,1.7555555555555555,1.0,1.0,0.0,0.6055555555555556,10,0.5,0.1211111111111111,1.0,0.3511111111111111,1,dialogue,THEY SUDDENLY APPEARED IN THE EMPIRE 20 DAYS AGO .
1.0,1.0,1.0,0.0,0.0,1.0,0.2,1.0,2.1323529411764706,9860,0.0005070993914807,0.0,0.5,0.0,0.0,0.0,0.3,1,1.0,0.06,0.5,0.1,0,background,CLINK
1.0,0.7,1.0,0.7,0.0,1.0,1.0,0.9696969696969696,1.9542857142857144,59850,0.0006850459482038,0.75,1.4125,1.0,1.0,0.0,0.5866666666666667,9,1.0,0.1173333333333333,1.0,0.2825,1,dialogue,WHY DID ONLY MY SWORD WORK AGAINST THEM ?
1.0,0.7,0.6,0.7,0.0,1.0,1.0,1.0,1.726829268292683,72570,0.0009921455146754,0.5333333333333333,2.2266666666666666,1.0,1.0,0.0,0.698076923076923,16,1.0,0.1396153846153846,0.9,0.8,1,dialogue,ONE OF THEM WAS ROASTED LIKE A SLAB OF MEAT BY THE MIGHTY RED DRAGON ...
1.0,1.0,0.6,0.0,0.0,1.0,0.2,1.0,4.823529411764706,5576,0.0012553802008608,0.0,0.5,0.0,0.0,0.0,0.82,1,1.0,0.1639999999999999,0.5,0.1,1,dialogue,Promise
1.0,0.3,0.6,1.0,0.0,1.0,0.2,1.0,11.411764705882351,3298,0.003032140691328,1.0,2.8333333333333335,0.0,0.0,0.0,0.7000000000000001,3,0.5,0.14,0.75,0.8,1,dialogue,OH COME ON
1.0,1.0,1.0,0.7,0.0,1.0,1.0,0.9333333333333332,2.12751677852349,47233,0.0012067833929667,0.7272727272727273,2.636363636363636,1.0,1.0,0.0,0.4049999999999999,13,1.0,0.0809999999999999,1.0,0.8,1,dialogue,"BUT IN THE STREET WORLD , IT'S ENOUGH JUST TO BE STRONG ."
1.0,0.7,0.6,1.0,0.0,1.0,1.0,0.9701492537313432,1.2844827586206895,69136,0.0012005322841934,0.8125,1.9,1.0,1.0,0.0,0.7428571428571428,17,1.0,0.1485714285714285,0.9,0.38,1,dialogue,What I mean is I don't particularly feel like being seen in public with you today .
1.0,0.7,1.0,1.0,0.0,1.0,1.0,0.9722222222222222,1.4057971014492754,26772,0.0016435081428357,0.875,1.875,1.0,1.0,0.0,0.6454545454545455,9,0.5,0.1290909090909091,1.0,0.375,1,dialogue,YOU SHOULD HAVE BEEN A LITTLE MORE PATIENT .
1.0,1.0,1.0,0.0,0.0,1.0,2.0,1.0,3.0714285714285716,9632,0.0009343853820598,0.0,0.5,1.0,1.0,0.0,0.3,2,1.0,0.06,0.6,0.1,1,dialogue,YIKES ...
1.0,1.0,0.4,0.7,0.0,1.0,1.0,0.8918918918918919,2.0528169014084505,165572,0.000567728843041,0.75,2.19375,1.0,1.0,0.0,0.8078125,21,1.0,0.1615625,0.9,0.8,1,dialogue,"HARDLY . IT'S FOR THE VILLAGERS . I'M PROTECTING THEM FROM YOU . AH , SO I'M LIKE A GANGSTER ."
1.0,1.0,1.0,0.7,0.0,1.0,1.0,0.9230769230769232,3.154639175257732,29682,0.0016171417020416,0.6666666666666666,1.4555555555555555,1.0,1.0,0.0,0.7735294117647059,10,0.5,0.1547058823529412,1.0,0.2911111111111111,1,dialogue,YOU SPEND JUST 10 MINUTES WITH MOMMY EVERY DAY ?
1.0,0.7,1.0,1.0,0.0,1.0,1.0,0.9473684210526316,1.3958333333333333,12864,0.001943407960199,1.0,2.85,1.0,1.0,0.0,1.25,7,0.5,0.25,1.0,0.8,1,dialogue,THEN CAN I SIT WITH YOU ?
1.0,0.3,0.6,1.0,0.0,1.0,1.0,0.9090909090909092,10.416666666666666,6000,0.0035,1.0,2.966666666666667,1.0,1.0,0.0,1.325,5,0.5,0.265,0.75,0.8,1,dialogue,... THIS CAN'T BE ...
1.0,0.3,0.6,1.0,0.0,1.0,0.2,1.0,8.619047619047619,3801,0.0028939752696658,1.0,2.033333333333333,0.0,0.0,0.0,1.1142857142857143,3,0.5,0.2228571428571428,0.75,0.8,1,dialogue,HOW IS THIS
1.0,0.7,0.4,0.7,0.0,1.0,0.6,0.9637681159420288,1.439918533604888,347137,0.0005271693884547,0.5172413793103449,1.7620689655172417,1.0,0.0,0.0,0.683969465648855,36,1.0,0.136793893129771,0.8,0.3524137931034483,1,dialogue,"BRR ... IT'S COLD ... IF THE FLOOR COULD JUST BE A HEATED ONDOL ... * TRADITIONAL KOREAN DIDN'T YEAH , I UNDERFLOOR HEATING SYSTEM THINK SO . THIS IS A MEDIEVAL FANTASY NOVEL . SHIVER"
1.0,1.0,1.0,0.7,0.0,1.0,1.0,0.9615384615384616,2.023121387283237,60550,0.0005450041288191,0.7142857142857143,2.0,1.0,1.0,0.0,0.5739130434782609,8,1.0,0.1147826086956521,1.0,0.8,1,dialogue,SO JUST SHUT UP AND DIE ALREADY .
1.0,1.0,1.0,0.7,0.0,1.0,1.0,0.9333333333333332,2.7142857142857144,34048,0.0010867011278195,0.7142857142857143,2.6714285714285713,1.0,1.0,0.0,1.4346153846153844,8,1.0,0.2869230769230769,1.0,0.8,1,dialogue,YOU'RE NOT THE ONE HANGING UP THERE .
1.0,1.0,1.0,0.7,0.0,1.0,1.0,0.8571428571428571,2.9661016949152543,10325,0.0010653753026634,0.5,1.8,1.0,1.0,0.0,0.3,3,1.0,0.06,0.75,0.36,1,dialogue,MY LORD !!!
1.0,0.7,1.0,0.7,0.0,1.0,1.0,0.9807692307692308,1.818181818181818,49500,0.0012929292929292,0.5833333333333334,2.066666666666667,1.0,1.0,0.0,0.5918367346938775,13,1.0,0.1183673469387755,1.0,0.8,1,dialogue,HE BECAME THIS GOOD AT TELEKINESIS WITH A CHEAP OLD MAGIC BOOK ?
1.0,1.0,1.0,0.0,0.0,1.0,0.2,1.0,2.247787610619469,28702,0.0002090446658769,0.0,0.5,0.0,0.0,0.0,0.3,1,0.6,0.06,0.5,0.1,0,background,STRIDE
1.0,0.7,1.0,0.0,0.0,1.0,0.2,1.0,1.974025974025974,11704,0.0004272043745727,0.0,0.5,0.0,0.0,0.0,1.1666666666666667,1,0.6,0.2333333333333333,0.5,0.1,0,background,GLARE
1.0,0.7,0.6,1.0,0.0,1.0,0.2,1.0,1.813953488372093,3354,0.0011926058437686,1.0,0.5,0.0,0.0,0.0,0.3,1,1.0,0.06,0.5,0.1,0,background,SIGH
1.0,0.7,1.0,1.0,0.0,1.0,0.2,1.0,1.9295774647887325,9727,0.0005140331037318,1.0,0.5,0.0,0.0,0.0,0.3,1,1.0,0.06,0.5,0.1,0,background,SMIRK
1.0,0.7,1.0,1.0,0.0,1.0,1.0,0.95,1.879120879120879,15561,0.0016065805539489,0.8,2.28,1.0,1.0,0.0,1.1176470588235294,6,0.5,0.2235294117647059,1.0,0.8,1,dialogue,WERE YOU WAITING FOR ME ?
1.0,1.0,1.0,0.7,0.0,1.0,1.0,0.95,3.7666666666666666,13560,0.0019911504424778,0.75,1.6749999999999998,1.0,1.0,0.0,1.2294117647058822,5,0.5,0.2458823529411764,0.75,0.3349999999999999,1,dialogue,SO THAT'S WHAT HAPPENED ...
1.0,0.7,0.6,0.7,0.0,1.0,0.6,0.9428571428571428,1.9912663755458515,104424,0.0004405117597487,0.7,2.35,1.0,0.0,0.0,0.4903225806451612,12,0.6,0.0980645161290322,1.0,0.8,1,dialogue,HE PUT MEDICINE ON IT ! WHAT A GOOD BOY . BEAM
1.0,1.0,1.0,0.7,0.0,1.0,1.0,0.9696969696969696,3.019047619047619,33285,0.0012317860898302,0.625,2.05,1.0,1.0,0.0,0.73,9,1.0,0.146,1.0,0.8,1,dialogue,HIS LORDSHIP WAS WORRIED AND HE SENT ME .
1.0,0.7,1.0,1.0,0.0,1.0,0.2,1.0,1.6310679611650485,17304,0.0002311604253351,1.0,0.5,0.0,0.0,0.0,0.3,1,0.6,0.06,0.5,0.1,0,background,GRIN
1.0,0.7,1.0,0.7,0.0,1.0,1.0,1.0,1.834319526627219,52390,0.0009734682191257,0.5555555555555556,1.8666666666666667,1.0,1.0,0.0,0.8027027027027027,10,1.0,0.1605405405405405,1.0,0.3733333333333333,1,dialogue,ONE THING IN PARTICULAR COMES TO MIND RIGHT NOW ...
1.0,0.3,0.6,1.0,0.0,1.0,0.2,1.0,9.15,3660,0.0032786885245901,1.0,2.0,0.0,0.0,0.0,0.825,3,0.5,0.1649999999999999,0.3,0.8,1,dialogue,THE NEXT DAY
1.0,0.3,1.0,0.7,0.0,1.0,1.0,0.8888888888888888,8.5,12274,0.0008962033566889,0.5,1.55,1.0,1.0,0.0,0.6666666666666666,3,1.0,0.1333333333333333,0.75,0.31,1,dialogue,EXCUSE ME .
1.0,1.0,0.6,0.0,0.0,1.0,0.2,1.0,2.3220338983050848,72747,0.0004948657676605,0.0,0.5,0.0,0.0,0.0,0.5517241379310345,6,0.6,0.1103448275862069,1.0,0.1,0,background,SCRITCH TU MONTY LAYER STONE SCRATCH
1.0,0.7,1.0,0.7,0.0,1.0,1.0,0.9090909090909092,5.36,13400,0.0009701492537313,0.5,1.4,1.0,1.0,0.0,0.3,3,1.0,0.06,0.75,0.2799999999999999,1,dialogue,Hey Artemis !
1.0,1.0,0.2,0.0,0.0,1.0,1.0,0.8,2.772727272727273,1342,0.0044709388971684,0.0,0.5,1.0,1.0,0.0,0.3,2,0.5,0.06,0.6,0.1,1,dialogue,CIEL .
1.0,1.0,1.0,0.4,0.0,1.0,1.0,0.9333333333333332,3.1384615384615384,13260,0.0015837104072398,0.3333333333333333,0.5,1.0,1.0,0.0,0.5416666666666666,4,0.5,0.1083333333333333,0.75,0.1,1,dialogue,HE'S FINALLY DEAD ...
1.0,0.3,0.6,0.7,0.0,1.0,1.0,0.9090909090909092,9.5,4598,0.0030448020878642,0.6666666666666666,2.8333333333333335,1.0,1.0,0.0,0.7,4,0.5,0.1399999999999999,0.75,0.8,1,dialogue,I ADMIRE YOU .
1.0,1.0,1.0,0.4,0.0,1.0,1.0,0.9583333333333334,2.7384615384615385,46280,0.0012532411408815,0.4444444444444444,2.0777777777777775,1.0,1.0,0.0,0.85,11,1.0,0.1699999999999999,1.0,0.8,1,dialogue,"DO NOT DELUDE YOURSELF BY CONCEALING THE TRUTH , WARRIOR ."
1.0,0.7,1.0,1.0,0.0,1.0,1.0,0.9130434782608696,1.911764705882353,35360,0.0007635746606334,1.0,0.5,1.0,1.0,0.0,0.9210526315789472,5,1.0,0.1842105263157894,0.75,0.1,1,dialogue,THAT'S NEVER GONNA HAPPEN !
1.0,1.0,0.6,0.0,0.0,1.0,0.2,1.0,2.111111111111111,4275,0.0009356725146198,0.0,0.5,0.0,0.0,0.0,0.3,1,1.0,0.06,0.5,0.1,0,background,TILT
1.0,1.0,1.0,0.4,0.0,1.0,0.2,1.0,4.132075471698113,11607,0.0018092530369604,0.3333333333333333,0.5,0.0,0.0,0.0,0.4352941176470588,3,0.5,0.0870588235294117,0.75,0.1,1,dialogue,THOSE GIANTS REPELLED
1.0,1.0,1.0,0.4,0.0,1.0,1.0,0.9310344827586208,2.193877551020408,21070,0.0017085904129093,0.4285714285714285,2.257142857142857,1.0,1.0,0.0,0.812,8,0.5,0.1624,1.0,0.8,1,dialogue,AND WHY'D SHE SAY WE BET SOMETHING ?
1.0,1.0,0.6,0.7,0.0,1.0,1.0,0.971830985915493,2.3118279569892475,79980,0.0011127781945486,0.6470588235294118,2.4705882352941178,1.0,1.0,0.0,0.6611940298507463,19,1.0,0.1322388059701492,0.9,0.8,1,dialogue,"DURING MY TIME AS A MILITARY ENGINEER IN THE ARMY , I CONSTRUCTED A HOUSE ALL BY MYSELF !"
1.0,0.7,1.0,0.7,0.0,1.0,1.0,0.9629629629629628,5.013333333333334,28200,0.0012056737588652,0.5714285714285714,2.6142857142857143,1.0,1.0,0.0,0.7625000000000001,8,1.0,0.1525,1.0,0.8,1,dialogue,FOR THE SAKE OF HER ADORABLE SON .
1.0,0.7,1.0,0.7,0.0,1.0,1.0,0.875,1.0885416666666667,40128,0.0007476076555023,0.5,0.9,1.0,1.0,0.0,0.3,7,1.0,0.06,1.0,0.18,1,dialogue,"Yeah , Odysseus ! MOVE ALONG !"
1.0,0.7,0.4,0.7,0.0,1.0,0.6,0.9047619047619048,1.3716012084592144,150274,0.0001796717995128,0.6666666666666666,1.7833333333333332,1.0,0.0,0.0,0.5529411764705883,7,0.6,0.1105882352941176,1.0,0.3566666666666666,1,dialogue,I DON'T NEED A MOMMY ! SLAP
1.0,0.3,1.0,0.0,0.0,1.0,0.2,1.0,12.87878787878788,14025,0.0015686274509803,0.0,0.5,0.0,0.0,0.0,0.4333333333333333,3,0.5,0.0866666666666666,0.75,0.1,0,background,LORE OLYMPUS COMMUNITY
1.0,1.0,1.0,1.0,0.0,1.0,1.0,0.9166666666666666,2.4461538461538463,10335,0.001548137397194,1.0,4.1,1.0,1.0,0.0,0.6555555555555556,5,0.5,0.1311111111111111,0.75,1.0,1,dialogue,DO YOU HAVE TO ?
1.0,1.0,1.0,0.7,0.0,1.0,1.0,0.8666666666666667,2.808988764044944,22250,0.0008988764044943,0.5,1.95,1.0,1.0,0.0,0.5,6,1.0,0.1,1.0,0.39,1,dialogue,"I SAID , EXCUSE ME ."
0.0,0.3,0.2,0.0,0.0,0.91,0.2,0.0,0.6538461538461539,442,0.002262443438914,0.0,0.5,0.0,0.0,0.09,0.3,1,0.5,0.06,0.5,0.1,0,background,1
1.0,0.3,1.0,1.0,0.0,1.0,0.2,1.0,0.7207207207207207,8880,0.0003378378378378,1.0,4.5,0.0,0.0,0.0,4.2,2,0.6,0.8400000000000001,0.6,1.0,0,background,' &
1.0,0.7,0.2,1.0,0.0,1.0,2.0,1.0,1.8214285714285712,1428,0.003501400560224,1.0,4.2,1.0,1.0,0.0,0.3,2,0.5,0.06,0.6,1.0,1,dialogue,I ...
1.0,1.0,0.6,0.0,0.0,1.0,0.2,1.0,2.056603773584906,5777,0.0010386013501817,0.0,0.5,0.0,0.0,0.0,0.3,1,1.0,0.06,0.5,0.1,0,background,FIDGET
1.0,0.3,1.0,0.0,0.0,1.0,0.2,1.0,0.8719512195121951,23452,0.0002558417192563,0.0,0.5,0.0,0.0,0.0,0.3,2,0.6,0.06,0.6,0.1,0,background,OM NOM
0.0,0.3,1.0,0.0,0.0,0.91,0.2,0.0,0.92,9200,0.0001086956521739,0.0,0.5,0.0,0.0,0.09,0.3,1,0.6,0.06,0.5,0.1,0,background,5
1.0,1.0,1.0,0.4,0.0,1.0,1.0,0.9714285714285714,3.1682242990654204,36273,0.001157886030932,0.4285714285714285,2.142857142857143,1.0,1.0,0.0,0.425,8,1.0,0.0849999999999999,1.0,0.8,1,dialogue,IN SCHOOL I MAJORED IN CIVIL ENGINEERING !
1.0,0.7,1.0,0.7,0.0,1.0,0.6,0.925925925925926,1.392156862745098,32589,0.0012274080211114,0.75,2.2125,1.0,0.0,0.0,1.1565217391304348,11,1.0,0.2313043478260869,1.0,0.8,1,dialogue,A THIS THIS IS IS ? DREAM REAL ... ? FOR
1.0,1.0,0.6,0.4,0.0,1.0,1.0,0.9487179487179488,2.0594594594594593,70485,0.0006809959565865,0.375,1.9875,1.0,1.0,0.0,0.8228571428571428,10,1.0,0.1645714285714285,1.0,0.3975,1,dialogue,COLLECT MONEY FROM THE SHOPS ? PATROL THE AREA ?
1.0,0.3,0.2,1.0,0.0,1.0,0.2,1.0,0.945945945945946,1295,0.0007722007722007,1.0,4.5,0.0,0.0,0.0,4.2,1,1.0,0.8400000000000001,0.5,1.0,0,background,&
1.0,0.7,1.0,1.0,0.0,1.0,1.0,0.9310344827586208,1.543859649122807,45144,0.0016835016835016,0.9375,2.11875,1.0,1.0,0.0,0.6499999999999999,19,0.5,0.1299999999999999,0.9,0.8,1,dialogue,IS HE RUNNING AWAY FROM ME ? BUT NO ! I CAN'T JUST LET HIM LEAVE LIKE THIS !
1.0,0.7,0.4,0.7,0.0,1.0,0.6,0.9655172413793104,1.3747178329571106,269787,0.0001593849963119,0.5,1.175,1.0,0.0,0.0,0.7269230769230769,11,0.6,0.1453846153846154,1.0,0.235,1,dialogue,Y - Y - YOU SCARED ME !!! SHOUT WHOOSH FWIP
1.0,0.7,0.6,0.0,0.0,1.0,0.2,1.0,1.4657534246575343,7811,0.0002560491614389,0.0,0.5,0.0,0.0,0.0,0.3,1,0.6,0.06,0.5,0.1,0,background,ST
1.0,0.7,0.2,1.0,0.0,1.0,2.0,1.0,5.809523809523809,2562,0.0035128805620608,1.0,0.5,1.0,1.0,0.0,0.3,2,0.5,0.06,0.6,0.1,1,dialogue,MAYBE ...
1.0,0.3,0.4,0.7,0.0,1.0,0.6,0.9591836734693876,0.9233644859813084,264290,0.0002232396231412,0.6,0.92,1.0,0.0,0.0,0.5844444444444444,11,0.6,0.1168888888888888,1.0,0.184,1,dialogue,CROOKED send any Please letters don't or gifts . more MESSY
0.0,0.7,0.2,0.0,0.0,0.91,0.2,0.0,1.0,49,0.0204081632653061,0.0,0.5,0.0,0.0,0.09,0.3,1,0.0,0.06,0.5,0.1,0,background,0
1.0,0.7,0.6,0.4,0.0,1.0,1.0,1.0,1.2804428044280445,94037,0.0004040962599827,0.3333333333333333,1.6,1.0,1.0,0.0,0.5481481481481482,7,0.6,0.1096296296296296,1.0,0.3199999999999999,1,dialogue,STEP UNLESS THEY HAVE ONDOL FLOORS ...
1.0,0.7,1.0,0.0,0.0,1.0,0.2,1.0,1.110236220472441,17907,0.0003350644999162,0.0,0.5,0.0,0.0,0.0,1.0,1,0.6,0.2,0.5,0.1,0,background,GLANCE
1.0,1.0,1.0,0.0,0.0,1.0,2.0,0.75,4.4772727272727275,8668,0.0009229349330872,0.0,0.5,1.0,1.0,0.0,0.3,2,1.0,0.06,0.6,0.1,1,dialogue,Ohhhhh !
1.0,0.7,0.6,0.0,0.0,1.0,0.2,1.0,1.475095785440613,100485,5.971040453799075e-05,0.0,0.5,0.0,0.0,0.0,1.3,1,0.6,0.26,0.5,0.1,0,background,SPRING
1.0,0.7,1.0,0.0,0.0,1.0,0.2,1.0,1.9387755102040816,18620,0.0002148227712137,0.0,0.5,0.0,0.0,0.0,0.3,1,0.6,0.06,0.5,0.1,0,background,STEP
0.8,0.7,0.6,0.0,0.0,1.0,2.0,0.6666666666666666,5.318181818181818,2574,0.0027195027195027,0.0,0.5,1.0,1.0,0.0,0.3,2,0.5,0.06,0.6,0.1,1,dialogue,ROAD ?!
1.0,0.7,1.0,0.7,0.0,1.0,1.0,1.0,1.712230215827338,33082,0.0014509400882655,0.6666666666666666,2.3555555555555556,1.0,1.0,0.0,0.7058823529411765,10,1.0,0.1411764705882353,1.0,0.8,1,dialogue,I THOUGHT ONLY THE FUTURE DUKES COULD USE IT ...
1.0,0.7,1.0,1.0,0.0,1.0,0.2,1.0,1.089430894308943,16482,0.0002426889940541,1.0,0.5,0.0,0.0,0.0,0.3,1,0.6,0.06,0.5,0.1,0,background,GRIN
1.0,1.0,1.0,0.7,0.0,1.0,1.0,1.0,3.257142857142857,35910,0.0012809802283486,0.75,2.0875,1.0,1.0,0.0,0.4939393939393939,9,1.0,0.0987878787878787,1.0,0.8,1,dialogue,COMPENSATING HIM WHEN WE HAVE SO MUCH DEBT ...
1.0,0.3,0.6,0.4,0.0,1.0,0.6,0.8518518518518519,0.9127272727272728,69025,0.000507062658457,0.4285714285714285,1.8,1.0,0.0,0.0,0.5380952380952381,9,1.0,0.1076190476190476,1.0,0.36,1,dialogue,BUT NOT ONE MINUTE MORE . FWIP 1 //
1.0,0.7,0.6,0.0,0.0,1.0,0.2,1.0,1.2435064935064934,117964,3.3908650096639655e-05,0.0,0.5,0.0,0.0,0.0,0.3,1,0.6,0.06,0.5,0.1,0,background,FWIP
1.0,1.0,1.0,0.7,0.0,1.0,0.2,0.9629629629629628,4.2254901960784315,43962,0.000750648287157,0.5714285714285714,1.8571428571428572,0.0,0.0,0.0,0.5958333333333333,7,1.0,0.1191666666666666,1.0,0.3714285714285714,1,dialogue,BUT I'VE ALREADY USED UP THREE OF
1.0,0.5,0.6,0.7,0.0,1.0,1.0,0.8888888888888888,7.227272727272728,3498,0.0031446540880503,0.5,2.55,1.0,1.0,0.0,0.6833333333333332,3,0.5,0.1366666666666666,0.75,0.8,1,dialogue,OF COURSE !
1.0,0.5,0.2,1.0,0.0,1.0,1.0,1.0,7.15,2860,0.0038461538461538,1.0,2.3,1.0,1.0,0.0,0.3,3,0.5,0.06,0.75,0.8,1,dialogue,IT MORE ...
1.0,1.0,1.0,0.7,0.0,1.0,1.0,0.8571428571428571,2.3666666666666667,8520,0.002112676056338,0.6666666666666666,1.6666666666666667,1.0,1.0,0.0,0.85,5,0.5,0.1699999999999999,0.75,0.3333333333333333,1,dialogue,"YES , YOUR GRACE ."
1.0,1.0,1.0,1.0,0.0,1.0,1.0,0.9583333333333334,2.0,35912,0.0016150590331922,0.8,2.72,1.0,1.0,0.0,0.7136363636363636,11,0.5,0.1427272727272727,1.0,0.8,1,dialogue,WHO COULD HAVE EXPECTED THE CARRIAGE TO CRASH LIKE THAT ?!
1.0,1.0,1.0,1.0,0.0,1.0,1.0,0.9090909090909092,2.481132075471698,27878,0.001004376210632,1.0,2.4333333333333336,1.0,1.0,0.0,0.6722222222222222,7,1.0,0.1344444444444444,1.0,0.8,1,dialogue,AM I IN A DIFFERENT WORLD ?!
1.0,0.7,0.6,0.7,0.0,1.0,1.0,0.9848484848484848,1.4375,62192,0.0013184975559557,0.625,2.15625,1.0,1.0,0.0,0.4777777777777778,17,1.0,0.0955555555555555,0.9,0.8,1,dialogue,I REFUSE TO LET THAT ADORABLE LITTLE ANGEL GROW UP TO BE A MURDEROUS JAIL WARDEN !
1.0,0.3,1.0,1.0,0.0,1.0,1.0,0.9166666666666666,8.724137931034482,7337,0.0020444323292899,1.0,1.7666666666666668,1.0,1.0,0.0,1.3555555555555556,4,0.5,0.2711111111111111,0.75,0.3533333333333334,1,dialogue,Get over here .
1.0,0.7,0.6,0.7,0.0,1.0,1.0,0.9523809523809524,1.907103825136612,63867,0.0007828769160912,0.625,1.4375,1.0,1.0,0.0,0.9526315789473684,9,1.0,0.1905263157894737,1.0,0.2875,1,dialogue,YOU'LL BE RECEIVING YOUR FIRST MISSION VERY SOON .
1.0,0.7,1.0,1.0,0.0,1.0,1.0,0.9230769230769232,1.7835051546391754,16781,0.0018473273344854,0.8,2.0,1.0,1.0,0.0,0.9409090909090908,6,0.5,0.1881818181818181,1.0,0.8,1,dialogue,I KNOW YOU'RE JUST PRETENDING !
1.0,1.0,1.0,0.7,0.0,1.0,1.0,0.9777777777777776,2.0551724137931036,43210,0.0013885674612358,0.6363636363636364,2.3363636363636364,1.0,1.0,0.0,0.6476190476190476,13,1.0,0.1295238095238095,1.0,0.8,1,dialogue,... IS IT SO HARD TO GET BROWNIE POINTS WITH THE VILLAGERS ?
1.0,1.0,0.6,0.7,0.0,1.0,1.0,0.9696969696969696,2.5497630331753554,113518,0.000361176201131,0.5,2.275,1.0,1.0,0.0,0.84,9,0.6,0.1679999999999999,1.0,0.8,1,dialogue,I HAVE ANOTHER CHANCE TO SAVE MY SISTER !
1.0,1.0,1.0,0.0,0.0,1.0,0.2,1.0,2.0479041916167664,57114,8.754420982596211e-05,0.0,0.5,0.0,0.0,0.0,0.3,1,0.6,0.06,0.5,0.1,0,background,FLASH
1.0,1.0,1.0,0.7,0.0,1.0,0.6,0.8888888888888888,2.1818181818181817,12936,0.001777983920841,0.75,1.4,1.0,0.0,0.0,0.6928571428571428,6,0.5,0.1385714285714285,1.0,0.2799999999999999,1,dialogue,"GOOD GRACE DAY , ! YOUR"
1.0,1.0,1.0,0.7,0.0,1.0,1.0,0.9565217391304348,2.263157894736842,20425,0.0015667074663402,0.6,1.96,1.0,1.0,0.0,0.8400000000000001,7,0.5,0.168,1.0,0.392,1,dialogue,... YOU ARE A REMARKABLE HUMAN .
1.0,0.7,1.0,0.7,0.0,1.0,1.0,0.953846153846154,1.6374269005847952,47880,0.0016917293233082,0.6,2.1866666666666665,1.0,1.0,0.0,0.6183333333333334,17,0.5,0.1236666666666666,0.9,0.8,1,dialogue,"THEY SAID HE CAME TO THE GARDENS EARLY , BUT HE HASN'T TOUCHED A SINGLE DESSERT ."
1.0,0.7,0.6,0.0,0.0,1.0,0.2,1.0,1.8333333333333333,4224,0.0009469696969696,0.0,0.5,0.0,0.0,0.0,0.3,1,1.0,0.06,0.5,0.1,1,dialogue,HMPH
1.0,1.0,1.0,0.7,0.0,1.0,0.6,0.9655172413793104,3.404040404040404,33363,0.0010490663309654,0.5,1.35,1.0,0.0,0.0,0.7461538461538461,6,1.0,0.1492307692307692,1.0,0.2699999999999999,1,dialogue,-ROWDY DRUNKARD- WHEN THIS SKILL IS
1.0,0.7,0.6,0.075,0.0,1.0,1.0,0.8823529411764706,1.6984126984126984,60669,0.0006428324185333,0.25,0.5,1.0,1.0,0.0,0.9035714285714286,6,1.0,0.1807142857142857,1.0,0.1,1,dialogue,"Persephone , she's Demeter's daughter ."
1.0,1.0,1.0,0.7,0.0,1.0,1.0,1.0,3.491228070175439,11343,0.0023803226659613,0.6,2.2,1.0,1.0,0.0,0.3,6,0.5,0.06,1.0,0.8,1,dialogue,HIM AS SOON AS POSSIBLE ...
1.0,0.7,1.0,0.0,0.0,1.0,0.2,1.0,1.6608695652173913,21965,0.0001821078989301,0.0,0.5,0.0,0.0,0.0,0.3,1,0.6,0.06,0.5,0.1,0,background,STEP
1.0,0.7,1.0,0.4,0.0,1.0,1.0,0.9629629629629628,1.1988304093567252,35055,0.0018257024675509,0.4444444444444444,1.511111111111111,1.0,1.0,0.0,0.6940000000000001,11,0.5,0.1388,1.0,0.3022222222222222,1,dialogue,GOODNESS . HER GRACE IS PRACTICALLY OBSESSED WITH HIS LORDSHIP .
0.0,0.0,0.0,0.0,1.0,0.0,0.0,0.0,0.0,0,0.0,0.0,0.0,0.0,0.0,0.0,0.0,0,0.0,0.0,0.0,0.0,0,background,1:25
1.0,1.0,0.6,0.7,0.0,1.0,1.0,0.948051948051948,2.530054644808743,84729,0.0010740124396605,0.6153846153846154,0.8461538461538461,1.0,1.0,0.0,0.6859154929577465,15,1.0,0.1371830985915492,1.0,0.1692307692307692,1,dialogue,WHAT'S HAPPENING ? HE'S EVEN MORE TERRIFIED BECAUSE THIS SCUMBAG IS SUDDENLY BEING POLITE ?
1.0,1.0,0.6,0.0,0.0,1.0,0.2,1.0,2.4468085106382977,5405,0.0009250693802035,0.0,0.5,0.0,0.0,0.0,0.3,1,1.0,0.06,0.5,0.1,0,background,BRUSH
1.0,1.0,1.0,0.7,0.0,1.0,1.0,0.8666666666666667,3.543859649122807,11514,0.0024318221295813,0.5,1.925,1.0,1.0,0.0,0.3,7,0.5,0.06,1.0,0.385,1,dialogue,BUT ... MY DIARY !!! NOOO0 !
1.0,0.3,0.2,0.0,0.0,1.0,0.2,1.0,0.5,800,0.00125,0.0,0.5,0.0,0.0,0.0,0.3,1,1.0,0.06,0.5,0.1,0,background,b
1.0,0.7,1.0,1.0,0.0,1.0,1.0,0.9777777777777776,1.255813953488372,37152,0.0015073212747631,0.8181818181818182,2.118181818181818,1.0,1.0,0.0,0.6952380952380952,12,0.5,0.139047619047619,1.0,0.8,1,dialogue,I SHOULD GET TO WORK TOO AND FINISH UP THESE DOCUMENTS .
1.0,0.7,1.0,0.7,0.0,1.0,1.0,1.0,1.711111111111111,31185,0.0017316017316017,0.5714285714285714,1.3714285714285714,1.0,1.0,0.0,0.6352941176470588,10,0.5,0.1270588235294117,1.0,0.2742857142857143,1,dialogue,... THOSE THREE GIANTS ... WERE ONLY THE BEGINNING ...
1.0,1.0,1.0,0.7,0.0,1.0,1.0,0.9444444444444444,3.304761904761905,36435,0.00123507616303,0.5555555555555556,2.066666666666667,1.0,1.0,0.0,0.79375,10,1.0,0.15875,1.0,0.8,1,dialogue,WHAT THE HECK KIND OF GUY IS THIS ABSOLUTE ?!
0.0,0.3,0.2,0.0,0.0,0.91,0.2,0.0,0.9333333333333332,210,0.0047619047619047,0.0,0.5,0.0,0.0,0.09,0.3,1,0.5,0.06,0.5,0.1,0,background,0
1.0,0.7,1.0,0.7,0.0,1.0,1.0,0.9428571428571428,1.7469135802469136,45846,0.0009815469179426,0.5,1.3875,1.0,1.0,0.0,0.6645161290322581,9,1.0,0.1329032258064516,1.0,0.2774999999999999,1,dialogue,HE'S GOT CREAM ALL OVER HIS WIDDLE CHEEKS !!!
0.0,0.7,0.2,0.0,0.0,0.91,0.2,0.0,1.0909090909090908,132,0.0075757575757575,0.0,0.5,0.0,0.0,0.09,0.3,1,0.3,0.06,0.5,0.1,0,background,0
1.0,1.0,0.6,0.7,0.0,1.0,0.2,1.0,2.08,105300,0.0009211775878442,0.6842105263157895,2.3105263157894735,0.0,0.0,0.0,0.648051948051948,19,1.0,0.1296103896103896,0.9,0.8,1,dialogue,ALL THAT TRAINING I DID AS A PENAL SOLDIER MUST BE PRACTICALLY ENGRAVED IN MY BONES AT THIS POINT
0.0,0.7,0.4,0.0,0.0,0.91,0.2,0.0,1.6229946524064172,227018,3.9644433481045555e-05,0.0,0.5,0.0,0.0,0.09,0.3,1,0.6,0.06,0.5,0.1,0,background,822222227
1.0,1.0,1.0,0.075,0.0,1.0,1.0,0.9545454545454546,3.9166666666666665,14100,0.0020567375886524,0.25,1.625,1.0,1.0,0.0,0.5210526315789474,5,0.5,0.1042105263157894,0.75,0.325,1,dialogue,WHY'D THE ORIGINAL SERIEL ...
1.0,0.7,0.4,0.7,0.0,1.0,0.2,1.0,1.8565891472868217,123582,7.282613972908676e-05,0.5,0.5,0.0,0.0,0.0,0.3,2,0.6,0.06,0.6,0.1,0,background,THUMP THU
1.0,0.7,1.0,0.7,0.0,1.0,1.0,0.868421052631579,1.9387755102040816,41895,0.0011695906432748,0.75,1.8375,1.0,1.0,0.0,1.1193548387096774,12,1.0,0.2238709677419355,1.0,0.3675,1,dialogue,HUH ?! NO ! NO ! I WAS THINKING ABOUT SOMETHING !
1.0,0.7,0.2,0.0,0.0,1.0,0.2,1.0,1.0588235294117647,306,0.0032679738562091,0.0,0.5,0.0,0.0,0.0,0.3,1,0.5,0.06,0.5,0.1,0,background,O
0.0,0.3,0.2,0.0,0.0,0.91,0.2,0.0,0.8333333333333334,270,0.0037037037037037,0.0,0.5,0.0,0.0,0.09,0.3,1,0.5,0.06,0.5,0.1,0,background,0
1.0,0.7,0.4,0.0,0.0,1.0,0.6,0.9166666666666666,1.3302469135802468,139644,0.0001002549339749,0.0,0.5,1.0,0.0,0.0,0.3,3,0.6,0.06,0.75,0.1,0,background,WINNER ! LOSER
1.0,0.7,0.4,1.0,0.0,1.0,0.2,1.0,1.3411764705882352,474810,8.424422400539164e-06,1.0,0.5,0.0,0.0,0.0,0.3,1,0.6,0.06,0.5,0.1,0,background,SLAM
1.0,0.5,0.2,0.7,0.0,1.0,1.0,0.7777777777777778,7.2105263157894735,2603,0.0046100653092585,0.5,0.5,1.0,1.0,0.0,0.76,4,0.5,0.152,0.75,0.1,1,dialogue,"WHOA , BOY ."
1.0,0.7,0.6,0.7,0.0,1.0,1.0,0.9333333333333332,1.2227722772277227,49894,0.0008016996031586,0.5555555555555556,2.2222222222222223,1.0,1.0,0.0,0.5576923076923077,11,1.0,0.1115384615384615,1.0,0.8,1,dialogue,"Zeus , I wish you knew when to shut up ."
0.0,0.7,0.6,0.0,0.0,0.01,2.0,0.0,1.2280701754385963,3990,0.0007518796992481,0.0,0.5,1.0,1.0,0.99,0.3,2,1.0,0.06,0.6,0.1,0,background,? !
1.0,0.5,0.6,0.0,0.0,1.0,2.0,1.0,6.575757575757576,7161,0.0013964530093562,0.0,0.5,1.0,1.0,0.0,0.3,2,1.0,0.06,0.6,0.1,1,dialogue,HUNGRY ...
1.0,0.7,0.6,0.7,0.0,1.0,1.0,0.9433962264150944,1.6721991701244814,97123,0.0006795506728581,0.5,1.1833333333333331,1.0,1.0,0.0,0.5270833333333333,14,1.0,0.1054166666666666,1.0,0.2366666666666666,1,dialogue,"Oh , he's got blue balls because some nymph dumped his sorry ass ."
1.0,0.7,1.0,1.0,0.0,1.0,1.0,0.8823529411764706,1.786259541984733,30654,0.001435375481177,1.0,1.8125,1.0,1.0,0.0,1.032142857142857,11,1.0,0.2064285714285714,1.0,0.3625,1,dialogue,"HEY ! WHAT THE HELL IS YOUR PROBLEM , MAN ?!"
1.0,1.0,0.6,0.7,0.0,1.0,1.0,0.9361702127659576,2.243243243243243,76775,0.0007815043959622,0.75,2.2833333333333337,1.0,1.0,0.0,0.8142857142857144,14,1.0,0.1628571428571428,1.0,0.8,1,dialogue,SORRY I CAN'T CLAP LOUDER THAN THIS . I ONLY HAVE ONE HAND .
1.0,0.7,0.4,0.7,0.0,1.0,1.0,0.925925925925926,1.101010101010101,172656,0.0001969233620609,0.5714285714285714,2.5285714285714285,1.0,1.0,0.0,0.5434782608695652,8,0.6,0.108695652173913,1.0,0.8,1,dialogue,CHILLS DO YOU HAVE A DEATH WISH ?!
1.0,0.7,1.0,0.4,0.0,1.0,1.0,0.8888888888888888,1.1145833333333333,10272,0.0020443925233644,0.3333333333333333,0.5,1.0,1.0,0.0,0.7928571428571428,4,0.5,0.1585714285714285,0.75,0.1,1,dialogue,HE'S FINALLY EATING .
1.0,1.0,0.6,1.0,0.0,1.0,1.0,0.9375,2.6344086021505375,91140,0.0005376344086021,0.875,2.5625,1.0,1.0,0.0,0.6857142857142857,11,1.0,0.1371428571428571,1.0,0.8,1,dialogue,I - IT'S FINE ... YOU DON'T HAVE TO APOLOGIZE ...
0.0,0.7,0.2,0.0,0.0,0.01,2.0,0.0,1.2093023255813953,2236,0.0013416815742397,0.0,0.5,1.0,1.0,0.99,0.3,2,1.0,0.06,0.6,0.1,0,background,? !
1.0,0.3,0.6,1.0,0.0,1.0,1.0,0.9555555555555556,0.8116883116883117,77000,0.0008311688311688,0.8181818181818182,2.3181818181818183,1.0,1.0,0.0,1.1121951219512196,14,1.0,0.2224390243902439,1.0,0.8,1,dialogue,URGH ... LOOK AT THAT ... DO YOU REALLY THINK I'LL OUTLIVE YOU ?
1.0,0.5,0.2,1.0,0.0,1.0,0.2,1.0,6.318181818181818,3058,0.0026160889470241,1.0,2.15,0.0,0.0,0.0,1.58,2,0.5,0.316,0.6,0.8,1,dialogue,YOU WERE
1.0,0.7,0.6,1.0,0.0,1.0,0.6,0.75,1.84,4600,0.0010869565217391,1.0,2.3,1.0,0.0,0.0,0.3,2,1.0,0.06,3.0,2.5,1,dialogue,"Hey ,"
1.0,1.0,1.0,1.0,0.0,1.0,2.0,0.75,2.727272727272727,5280,0.0009469696969696,1.0,2.3,1.0,1.0,0.0,0.3,2,1.0,0.06,3.0,2.5,1,dialogue,HEY !
1.0,1.0,0.6,0.7,0.0,1.0,1.0,0.9393939393939394,2.8435374149659864,61446,0.0006998014516811,0.5,1.7333333333333334,1.0,1.0,0.0,1.3586206896551725,8,1.0,0.2717241379310345,1.0,0.3466666666666667,1,dialogue,... AND STRIKE WITH EVERYTHING YOU'VE GOT !
1.0,0.7,0.6,0.0,0.0,1.0,0.2,1.0,1.6326530612244898,3920,0.0007653061224489,0.0,0.5,0.0,0.0,0.0,0.3,1,1.0,0.06,0.5,0.1,0,background,NGH
1.0,1.0,0.6,0.4,0.0,1.0,0.6,1.0,2.110576923076923,91312,0.0001971263360785,0.3333333333333333,1.1,1.0,0.0,0.0,0.9875,5,0.6,0.1975,0.75,0.2199999999999999,1,dialogue,Y - YOUR ... MOVED
1.0,1.0,0.6,0.7,0.0,1.0,0.6,0.9534883720930232,2.481203007518797,43890,0.0012987012987012,0.6363636363636364,2.4272727272727272,1.0,0.0,0.0,0.7564102564102564,14,1.0,0.1512820512820512,1.0,0.8,1,dialogue,"YOU ARE NOW A CHARACTER OF "" KNIGHT OF BLOOD AND IRON . """
0.8,0.7,1.0,0.0,0.0,1.0,0.2,0.5714285714285714,1.0879120879120878,36036,0.0002220002220002,0.0,0.5,0.0,0.0,0.0,0.3,2,0.6,0.06,0.6,0.1,0,background,DASH 201
1.0,0.3,1.0,0.0,0.0,1.0,0.2,1.0,0.8165137614678899,9701,0.0004123286259148,0.0,0.5,0.0,0.0,0.0,0.3,1,0.6,0.06,0.5,0.1,0,background,food
1.0,1.0,1.0,0.4,0.0,1.0,0.2,1.0,3.559322033898305,12390,0.0014527845036319,0.3333333333333333,1.7666666666666666,0.0,0.0,0.0,0.9785714285714286,3,1.0,0.1957142857142857,0.75,0.3533333333333333,1,dialogue,THAT USUALLY MEANS
1.0,0.7,0.4,0.0,0.0,0.5,0.2,1.0,1.296028880866426,397772,1.0056011986766289e-05,0.0,0.5,0.0,0.0,0.5,0.3,1,0.6,0.06,0.5,0.1,0,background,DUDU
1.0,1.0,1.0,0.7,0.0,1.0,1.0,0.9583333333333334,2.204081632653061,47628,0.0012807592172671,0.6666666666666666,2.441666666666667,1.0,1.0,0.0,0.7477272727272727,14,1.0,0.1495454545454545,1.0,0.8,1,dialogue,"I CALLED YOUR NAME , BUT I HAVE NEVER CALLED YOU A HOOLIGAN ."
1.0,1.0,1.0,0.0,0.0,1.0,1.0,1.0,3.75,8640,0.0012731481481481,0.0,0.5,1.0,1.0,0.0,0.3,3,1.0,0.06,0.75,0.1,1,dialogue,D ***** ...
1.0,1.0,0.6,0.0,0.0,1.0,0.2,1.0,2.150943396226415,6042,0.0006620324395895,0.0,0.5,0.0,0.0,0.0,0.3,1,1.0,0.06,0.5,0.1,0,background,SLAP
1.0,0.3,0.6,1.0,0.0,1.0,1.0,0.9,8.884615384615385,6006,0.0023310023310023,1.0,2.0,1.0,1.0,0.0,0.3,5,0.5,0.06,0.75,0.8,1,dialogue,LET US GO IN .
1.0,1.0,1.0,0.0,0.0,1.0,0.6,1.0,2.768292682926829,18614,0.0004835070377135,0.0,0.5,1.0,0.0,0.0,0.3,3,0.6,0.06,0.75,0.1,0,background,BA - BUMP
1.0,1.0,0.2,1.0,0.0,1.0,2.0,0.75,3.05,1220,0.0040983606557377,1.0,1.5,1.0,1.0,0.0,0.3,2,0.5,0.06,0.6,0.3,1,dialogue,HUH ?
1.0,1.0,1.0,0.7,0.0,1.0,1.0,1.0,2.542372881355932,8850,0.0016949152542372,0.5,2.15,1.0,1.0,0.0,0.7,3,0.5,0.1399999999999999,0.75,0.8,1,dialogue,YOU BASTARD ...
0.0,0.7,0.2,0.0,0.0,0.91,0.2,0.0,1.375,88,0.0113636363636363,0.0,0.5,0.0,0.0,0.09,0.3,1,0.3,0.06,0.5,0.1,0,background,0
1.0,1.0,0.6,0.0,0.0,1.0,0.2,1.0,2.076923076923077,5616,0.0012464387464387,0.0,0.5,0.0,0.0,0.0,0.3,1,1.0,0.06,0.5,0.1,0,background,STRETCH
1.0,1.0,0.6,0.0,0.0,1.0,0.2,1.0,2.395348837209302,4429,0.0011289230074508,0.0,0.5,0.0,0.0,0.0,0.3,1,1.0,0.06,0.5,0.1,0,background,SLIDE
1.0,0.7,1.0,0.7,0.0,1.0,0.6,0.9508196721311476,1.7797619047619049,50232,0.001493072145246,0.6428571428571429,2.2214285714285715,1.0,0.0,0.0,0.8357142857142856,15,1.0,0.1671428571428571,1.0,0.8,1,dialogue,"IF THE PARENTS DON'T GET ALONG , THEN IT'LL HAVE A NEGATIVE EFFECT ON THEIR"
1.0,0.7,1.0,1.0,0.0,1.0,1.0,0.9722222222222222,1.874074074074074,34155,0.0013175230566534,0.8888888888888888,2.2555555555555555,1.0,1.0,0.0,0.9030303030303032,10,1.0,0.1806060606060606,1.0,0.8,1,dialogue,DO YOU THINK THAT WOULD HELP US GROW CLOSER ?
1.0,0.5,0.6,1.0,0.0,1.0,1.0,0.7142857142857143,6.6875,6848,0.0014602803738317,1.0,2.05,1.0,1.0,0.0,0.3,4,1.0,0.06,0.75,0.8,1,dialogue,HUH ? ME ?
1.0,1.0,0.6,0.7,0.0,1.0,1.0,1.0,2.915151515151515,79365,0.0006174006174006,0.6666666666666666,2.533333333333333,1.0,1.0,0.0,0.9514285714285714,10,1.0,0.1902857142857142,1.0,0.8,1,dialogue,YOU NEED TO PLAN OUT THE TERRAIN AND STRATEGY ...
0.0,0.7,0.2,0.0,0.0,0.01,2.0,0.0,1.1136363636363635,2156,0.0013914656771799,0.0,0.5,1.0,1.0,0.99,0.3,2,1.0,0.06,0.6,0.1,0,background,? !
1.0,0.7,1.0,1.0,0.0,1.0,1.0,0.9552238805970148,1.6569767441860466,49020,0.0017543859649122,0.8571428571428571,1.8928571428571428,1.0,1.0,0.0,0.9274193548387096,17,0.5,0.1854838709677419,0.9,0.3785714285714285,1,dialogue,"THAT'S RIGHT . I KNOW THIS MIGHT SEEM STRANGE NOW , ESPECIALLY AFTER ALL THIS TIME ..."
1.0,0.7,0.6,0.7,0.0,1.0,1.0,0.9387755102040816,1.171641791044776,84152,0.0007129955318946,0.7,1.73,1.0,1.0,0.0,0.8727272727272727,12,1.0,0.1745454545454545,1.0,0.346,1,dialogue,What's the problem ? Normally you drink us under the table .
1.0,0.3,0.4,0.0,0.0,1.0,1.0,0.9,0.8146341463414634,136940,0.0001022345552796,0.0,0.5,1.0,1.0,0.0,0.3,3,0.6,0.06,0.75,0.1,0,background,www.rck KYAA !
1.0,0.7,0.6,0.7,0.0,1.0,1.0,0.9692307692307692,1.780701754385965,92568,0.0008966381470918,0.7222222222222222,2.5277777777777777,1.0,1.0,0.0,0.8622950819672132,19,1.0,0.1724590163934426,0.9,0.8,1,dialogue,WHAT DID I WISH FOR THAT WOULD PUT ME IN THE BODY OF SOMEONE WITH SUCH AN ENDING ?!
1.0,1.0,0.6,0.7,0.0,1.0,1.0,0.75,4.7073170731707314,7913,0.0013901175281182,0.5,1.4,1.0,1.0,0.0,0.3,4,1.0,0.06,0.75,0.2799999999999999,1,dialogue,"HEY , KID !"
1.0,1.0,1.0,0.7,0.0,1.0,1.0,0.9565217391304348,2.128787878787879,37092,0.0016445594737409,0.7272727272727273,2.2363636363636363,1.0,1.0,0.0,1.0928571428571427,13,0.5,0.2185714285714285,1.0,0.8,1,dialogue,IF YOU COULD SURVIVE ... IS THERE ANYTHING YOU'D LIKE TO DO ?
1.0,0.7,0.6,0.0,0.0,1.0,0.2,1.0,1.329710144927536,101292,5.923468783319512e-05,0.0,0.5,0.0,0.0,0.0,0.3,1,0.6,0.06,0.5,0.1,0,background,SQUEAL
1.0,1.0,0.2,0.0,0.0,1.0,0.2,0.8,4.0476190476190474,1785,0.0028011204481792,0.0,0.5,0.0,0.0,0.0,0.3,1,0.5,0.06,0.5,0.1,1,dialogue,WHY'D
1.0,0.7,0.6,0.4,0.0,1.0,0.6,0.9318181818181818,1.9919354838709675,122512,0.0004734230116233,0.4545454545454545,1.4909090909090907,1.0,0.0,0.0,0.6179487179487179,14,0.6,0.1235897435897435,1.0,0.2981818181818181,1,dialogue,JUST THROW AWAY THE BOX . I'M KEEPING THE BEAR ! BA - BUMP
1.0,0.7,1.0,0.7,0.0,1.0,1.0,0.9452054794520548,1.2995169082125604,55683,0.0016701686331555,0.6111111111111112,2.25,1.0,1.0,0.0,0.8149253731343283,21,0.5,0.1629850746268656,0.9,0.8,1,dialogue,"AND TO TOP IT ALL OFF , SHE'S THE MOTHER OF THE TWISTED , OBSESSIVE MALE LEAD OF TORN WINGS ."
1.0,1.0,0.6,0.7,0.0,1.0,1.0,0.9545454545454546,2.1153846153846154,70070,0.0007563864706721,0.625,1.775,1.0,1.0,0.0,0.865,10,1.0,0.173,1.0,0.355,1,dialogue,"ALL THESE EXPENSIVE CANDLES , BROKEN JUST LIKE THAT ."
1.0,0.3,0.2,0.0,0.0,1.0,0.2,1.0,0.8333333333333334,3000,0.0006666666666666,0.0,0.5,0.0,0.0,0.0,0.3,1,1.0,0.06,0.5,0.1,0,background,PF
1.0,1.0,1.0,1.0,0.0,1.0,2.0,0.75,2.4,15360,0.0003255208333333,1.0,2.3,1.0,1.0,0.0,0.3,2,0.6,0.06,3.0,2.5,1,dialogue,HEY !
0.8,1.0,0.2,0.0,0.0,1.0,2.0,0.6666666666666666,2.176470588235294,2516,0.0015898251192368,0.0,0.5,1.0,1.0,0.0,0.3,2,0.5,0.06,0.6,0.1,1,dialogue,HM ?
1.0,1.0,1.0,0.4,0.0,1.0,1.0,0.9666666666666668,2.1030927835051547,19788,0.0018192844147968,0.3333333333333333,1.0166666666666666,1.0,1.0,0.0,0.5925925925925926,7,0.5,0.1185185185185185,1.0,0.2033333333333333,1,dialogue,BUT CIEL HAS SUCH CUTE HANDWRITING !
1.0,0.7,1.0,0.7,0.0,1.0,1.0,0.935483870967742,1.5303867403314917,50137,0.0007778686399266,0.75,2.175,1.0,1.0,0.0,1.1666666666666667,9,1.0,0.2333333333333333,1.0,0.8,1,dialogue,WHAT THE HELL IS WRONG WITH THIS KID ?!
1.0,1.0,1.0,1.0,0.0,1.0,1.0,0.9714285714285714,3.056603773584906,34344,0.0013102725366876,0.9,2.6,1.0,1.0,0.0,0.728125,11,1.0,0.145625,1.0,0.8,1,dialogue,REALLY IS THE DAY IN THE LIFE OF A HOOLIGAN .
1.0,1.0,1.0,0.7,0.0,1.0,0.2,1.0,3.873015873015873,15372,0.0016913869372885,0.6,1.6,0.0,0.0,0.0,1.015,5,0.5,0.203,0.75,0.32,1,dialogue,THEN THAT LITTLE CUTIE PIE
1.0,0.7,0.6,0.4,0.0,1.0,1.0,0.9803921568627452,1.3580786026200873,71219,0.0008705542060405,0.3333333333333333,1.1777777777777778,1.0,1.0,0.0,0.65625,11,1.0,0.13125,1.0,0.2355555555555555,1,dialogue,! GRACIOUS HER GRACE IS UTTERLY BESOTTED WITH LORD KARDICIEL !
1.0,0.3,0.6,1.0,0.0,1.0,1.0,0.7777777777777778,8.52,5325,0.0022535211267605,1.0,2.2,1.0,1.0,0.0,1.48,4,0.5,0.296,0.75,0.8,1,dialogue,WHAT ? HUH ?
1.0,0.3,0.4,0.7,0.0,1.0,1.0,0.963302752293578,0.7078189300411523,167184,0.0008074935400516,0.5652173913043478,2.0565217391304347,1.0,1.0,0.0,0.8485436893203884,27,1.0,0.1697087378640776,0.9,0.8,1,dialogue,"SIGH OKAY , GET IT TOGETHER . IN A TYPICAL DARK ROMANCE NOVEL , THE MALE LEAD ELIMINATES ANYTHING AND EVERYTHING THAT GETS IN HIS WAY ."
1.0,1.0,1.0,0.7,0.0,1.0,1.0,0.9230769230769232,2.977272727272727,51876,0.0006168555786876,0.6666666666666666,1.7666666666666666,1.0,1.0,0.0,1.1272727272727272,7,1.0,0.2254545454545454,1.0,0.3533333333333333,1,dialogue,I'LL BE SEEING YOU AGAIN LATER .
1.0,0.7,1.0,1.0,0.0,1.0,1.0,0.9166666666666666,1.4015151515151516,24420,0.0018837018837018,0.8888888888888888,1.9222222222222225,1.0,1.0,0.0,1.535483870967742,11,0.5,0.3070967741935484,1.0,0.3844444444444445,1,dialogue,"STILL , I CAN'T JUST SIT HERE AND DO NOTHING ."
1.0,0.7,0.6,0.7,0.0,1.0,1.0,0.9615384615384616,1.616216216216216,55315,0.0011389315737141,0.5,1.35,1.0,1.0,0.0,1.025,12,1.0,0.205,1.0,0.27,1,dialogue,FORGIVE ME ! EVERYTHING THAT HAPPENED LAST NIGHT WAS MY FAULT !
1.0,0.7,0.6,0.7,0.0,1.0,0.2,0.9534883720930232,1.4764150943396226,66356,0.0008590029537645,0.7692307692307693,2.338461538461538,0.0,0.0,0.0,0.8076923076923077,14,1.0,0.1615384615384615,1.0,0.8,1,dialogue,""" Can you please not talk about my balls or my ass for 99"
1.0,0.7,0.6,0.7,0.0,1.0,0.6,0.9565217391304348,1.6724137931034482,50634,0.0011454753722794,0.6666666666666666,1.8333333333333333,1.0,0.0,0.0,0.8690476190476191,13,1.0,0.1738095238095238,1.0,0.3666666666666666,1,dialogue,"SO IF WE DON'T REPAY THE DEBT , NOTHING IS GOING TO CHANGE"
1.0,0.7,1.0,1.0,0.0,1.0,0.2,1.0,1.4609375,23936,0.0002088903743315,1.0,0.5,0.0,0.0,0.0,0.3,1,0.6,0.06,0.5,0.1,0,background,SMILE
1.0,0.7,1.0,0.7,0.0,1.0,1.0,0.9074074074074074,1.7245508982035929,48096,0.0013930472388556,0.7272727272727273,1.3272727272727272,1.0,1.0,0.0,0.6404255319148936,14,1.0,0.1280851063829787,1.0,0.2654545454545454,1,dialogue,"NO MORE WARRIORS ? IN CASE YOU DIDN'T NOTICE , I'M STILL STANDING ."
1.0,0.7,1.0,0.7,0.0,1.0,1.0,0.9166666666666666,1.50354609929078,29892,0.0010705205406128,0.5,0.5,1.0,1.0,0.0,0.685,6,1.0,0.137,1.0,0.1,1,dialogue,"Artemis , I'm really nervous ..."
1.0,1.0,1.0,1.0,0.0,1.0,1.0,1.0,2.2551020408163267,21658,0.0015698587127158,0.8333333333333334,1.95,1.0,1.0,0.0,0.8521739130434783,7,0.5,0.1704347826086956,1.0,0.39,1,dialogue,I KNOW THIS MIGHT FEEL STRANGE ...
1.0,0.3,0.6,0.0352941176470588,0.0,1.0,0.6,0.9722222222222222,0.7621776504297995,92834,0.0009910162225046,0.1176470588235294,1.0,1.0,0.0,0.0,0.6720588235294118,16,1.0,0.1344117647058823,0.9,0.2,0,background,"To be continued Sc revolution Story / Art C.night , C.shoes Script assistance C.tin , C.food"
1.0,1.0,0.6,1.0,0.0,1.0,0.2,1.0,2.6,3185,0.0012558869701726,1.0,0.5,0.0,0.0,0.0,1.45,1,1.0,0.29,0.5,0.1,0,background,YELL
0.8,1.0,0.2,0.0,0.0,1.0,2.0,0.6666666666666666,2.111111111111111,1539,0.0025990903183885,0.0,0.5,1.0,1.0,0.0,0.3,2,0.5,0.06,0.6,0.1,1,dialogue,HA !
1.0,0.7,1.0,0.0,0.0,1.0,0.2,1.0,1.3689320388349515,14523,0.0006197066721751,0.0,0.5,0.0,0.0,0.0,0.82,3,1.0,0.1639999999999999,0.75,0.1,0,background,m GLARE m
1.0,0.5,0.6,1.0,0.0,1.0,1.0,1.0,6.3478260869565215,3358,0.0032757593805836,1.0,2.05,1.0,1.0,0.0,1.725,3,0.5,0.345,0.75,0.8,1,dialogue,THIS IS ...
1.0,0.3,1.0,0.4,0.0,1.0,0.6,0.8695652173913043,11.833333333333334,10650,0.0027230046948356,0.4,1.22,1.0,0.0,0.0,0.6055555555555556,7,0.5,0.1211111111111111,1.0,0.244,0,background,"EPISODE OI : STAG , YOU'RE IT"
1.0,0.7,1.0,1.0,0.0,1.0,1.0,0.9722222222222222,1.6842105263157894,29792,0.0015104726100966,0.8888888888888888,1.3222222222222222,1.0,1.0,0.0,0.8090909090909091,10,0.5,0.1618181818181818,1.0,0.2644444444444444,1,dialogue,TO SEE HOW BAD THINGS REALLY ARE BETWEEN US .
1.0,0.7,1.0,0.0,0.0,1.0,0.2,1.0,1.2342342342342345,15207,0.0002630367593871,0.0,0.5,0.0,0.0,0.0,0.3,1,0.6,0.06,0.5,0.1,0,background,ROLL
1.0,1.0,1.0,0.7,0.0,1.0,1.0,0.9545454545454546,2.5096153846153846,27144,0.0010315355142941,0.6666666666666666,1.95,1.0,1.0,0.0,0.5210526315789474,7,1.0,0.1042105263157894,1.0,0.39,1,dialogue,LET US RETURN TO THE MANOR .
1.0,1.0,1.0,1.0,0.0,1.0,1.0,0.972972972972973,3.924528301886793,44096,0.001088534107402,0.8181818181818182,2.690909090909091,1.0,1.0,0.0,0.7470588235294118,12,1.0,0.1494117647058823,1.0,0.8,1,dialogue,SO YOU HAVE NO IDEA HOW YOU ENDED UP LIKE THAT ?
1.0,1.0,0.6,0.0,0.0,1.0,0.2,1.0,2.3333333333333335,5376,0.0009300595238095,0.0,0.5,0.0,0.0,0.0,0.3,1,1.0,0.06,0.5,0.1,0,background,SHAKE
1.0,0.7,1.0,0.7,0.0,1.0,1.0,0.9130434782608696,1.7701863354037266,45885,0.0012422360248447,0.5,1.92,1.0,1.0,0.0,0.6849999999999999,12,1.0,0.1369999999999999,1.0,0.384,1,dialogue,I WOUND UP INSIDE THE NOVEL I WAS READING ?! SERIOUSLY ?!
1.0,1.0,1.0,0.0,0.0,1.0,0.2,1.0,2.022727272727273,15664,0.0001915219611848,0.0,0.5,0.0,0.0,0.0,0.3,1,0.6,0.06,0.5,0.1,0,background,DUN
1.0,0.7,1.0,0.0,0.0,1.0,0.2,1.0,1.2293577981651376,14606,0.0002738600575106,0.0,0.5,0.0,0.0,0.0,0.3,1,0.6,0.06,0.5,0.1,0,background,ROLL
1.0,1.0,0.2,0.0,0.0,1.0,0.2,1.0,2.125,544,0.0073529411764705,0.0,0.5,0.0,0.0,0.0,0.3,1,0.3,0.06,0.5,0.1,0,background,XXXX
1.0,0.5,0.6,0.7,0.0,1.0,1.0,0.875,6.304347826086956,3335,0.0029985007496251,0.5,1.55,1.0,1.0,0.0,0.3,3,0.5,0.06,0.75,0.31,1,dialogue,GO AHEAD .
1.0,1.0,1.0,0.7,0.0,1.0,0.2,1.0,3.473684210526316,11286,0.0016835016835016,0.75,1.075,0.0,0.0,0.0,1.0571428571428572,4,0.5,0.2114285714285714,0.75,0.215,1,dialogue,WHY IS EVERYONE OUT
1.0,0.7,1.0,1.0,0.0,1.0,1.0,0.8888888888888888,1.625,14976,0.0016693376068376,0.8333333333333334,2.9,1.0,1.0,0.0,0.7571428571428571,8,0.5,0.1514285714285714,1.0,0.8,1,dialogue,"NO , I CAN DO IT MYSELF ."
1.0,1.0,1.0,0.7,0.0,1.0,0.6,0.9534883720930232,2.024539877300614,53790,0.0009853132552519,0.6363636363636364,2.6545454545454543,1.0,0.0,0.0,0.6769230769230768,11,1.0,0.1353846153846153,1.0,0.8,1,dialogue,IT IS DOOMED TO BE CONSUMED BY THE STARLIGHT OF OUR--
1.0,0.7,0.4,0.0,0.0,1.0,0.2,1.0,1.2613065326633166,199796,2.502552603655729e-05,0.0,0.5,0.0,0.0,0.0,0.3,1,0.6,0.06,0.5,0.1,0,background,SHOOM
1.0,0.7,1.0,0.7,0.0,1.0,1.0,0.9210526315789472,1.5407407407407407,28080,0.0017450142450142,0.7,2.0,1.0,1.0,0.0,0.8484848484848485,12,0.5,0.1696969696969697,1.0,0.8,1,dialogue,"IF YOU'RE HAVING A TEA PARTY , COULD I JOIN YOU ?"
1.0,0.7,1.0,0.7,0.0,1.0,1.0,0.9117647058823528,1.682170542635659,27993,0.0015003750937734,0.5,2.15,1.0,1.0,0.0,0.3793103448275862,9,0.5,0.0758620689655172,1.0,0.8,1,dialogue,I WISH I COULD'VE STUDIED AT AN ACADEMY ..
1.0,0.7,1.0,0.0,0.0,1.0,0.2,1.0,1.2677165354330708,20447,0.0001956277204479,0.0,0.5,0.0,0.0,0.0,0.3,1,0.6,0.06,0.5,0.1,0,background,GULP
1.0,0.7,1.0,1.0,0.0,1.0,1.0,0.9714285714285714,1.888059701492537,33902,0.0014453424576721,0.9,2.24,1.0,1.0,0.0,0.79375,12,1.0,0.15875,1.0,0.8,1,dialogue,WHAT SHOULD I SAY IF WE RUN INTO EACH OTHER ... ?
1.0,0.7,0.6,0.7,0.0,1.0,1.0,0.963855421686747,1.1733870967741935,72168,0.0014965081476554,0.6,1.98,1.0,1.0,0.0,0.7384615384615385,23,1.0,0.1476923076923077,0.9,0.396,1,dialogue,"I SEE . I'VE SPENT SEVERAL DAYS RESTING NOW , BUT IT SEEMS RECOVERY IS SLOWER THAN I THOUGHT IT WOULD BE ..."
1.0,0.7,1.0,0.7,0.0,1.0,1.0,0.972972972972973,1.9,42750,0.0010994152046783,0.7,2.1,1.0,1.0,0.0,0.6882352941176471,11,1.0,0.1376470588235294,1.0,0.8,1,dialogue,WHERE DID A STREET THUG GET A SWORD LIKE THAT ?
1.0,1.0,1.0,0.7,0.0,1.0,1.0,1.0,3.987804878048781,26814,0.0010069366748713,0.5,2.125,1.0,1.0,0.0,0.9055555555555556,5,1.0,0.1811111111111111,0.75,0.8,1,dialogue,BRINGING IN AN OUTSIDER ...
1.0,1.0,0.6,0.7,0.0,1.0,1.0,0.945945945945946,2.3197278911564627,50127,0.0009376184491391,0.7777777777777778,1.7777777777777777,1.0,1.0,0.0,0.9666666666666668,11,1.0,0.1933333333333333,1.0,0.3555555555555555,1,dialogue,I KNOW THAT ! THESE ALERTS ARE TICKING ME OFF !
1.0,1.0,0.6,0.7,0.0,1.0,1.0,0.75,4.921052631578948,7106,0.001547987616099,0.5,1.4,1.0,1.0,0.0,0.3,4,0.5,0.06,0.75,0.2799999999999999,1,dialogue,"HEY , KID ."
1.0,0.5,0.6,1.0,0.0,1.0,1.0,0.8571428571428571,6.96,4350,0.0020689655172413,1.0,2.8,1.0,1.0,0.0,0.3,3,0.5,0.06,0.75,0.8,1,dialogue,BUT HOW ?
1.0,1.0,1.0,1.0,0.0,1.0,1.0,0.96,2.4615384615384617,26624,0.0013146033653846,0.8333333333333334,3.016666666666666,1.0,1.0,0.0,0.6727272727272727,8,1.0,0.1345454545454545,1.0,1.0,1,dialogue,... IT COULD BE DANGEROUS FOR HIM !
1.0,0.7,1.0,0.7,0.0,1.0,1.0,0.96,1.458128078817734,60088,0.0015144454799627,0.7333333333333333,1.92,1.0,1.0,0.0,0.7671428571428572,17,0.5,0.1534285714285714,0.9,0.384,1,dialogue,WHY DID YOU GET YOURSELVES KILLED LIKE THIS ? COULDN'T YOU HAVE JUST SWALLOWED YOUR PRIDE ?
1.0,0.7,0.6,0.7,0.0,1.0,1.0,0.9423076923076924,1.141891891891892,100048,0.0006496881496881,0.7272727272727273,2.0,1.0,1.0,0.0,0.8042553191489361,14,1.0,0.1608510638297872,1.0,0.8,1,dialogue,"Yes , Poseidon ! I find it really entertaining when you get mad ."
1.0,0.3,0.6,1.0,0.0,1.0,1.0,0.9090909090909092,9.1,3640,0.0041208791208791,1.0,3.25,1.0,1.0,0.0,0.5875,5,0.5,0.1175,0.75,1.0,1,dialogue,AS IF I COULD !
1.0,1.0,1.0,0.7,0.0,1.0,1.0,0.9523809523809524,2.0977443609022557,37107,0.0014822001239658,0.5,2.05,1.0,1.0,0.0,0.718421052631579,11,1.0,0.1436842105263158,1.0,0.8,1,dialogue,"HAPPENED TO YOU , GRAND MARSHAL ? YOU LOOK TERRIBLE ..."
1.0,0.7,1.0,1.0,0.0,1.0,0.2,1.0,1.5588235294117647,28832,0.0001387347391786,1.0,0.5,0.0,0.0,0.0,0.3,1,0.6,0.06,0.5,0.1,0,background,TURN
1.0,1.0,0.6,0.4,0.0,1.0,1.0,0.975609756097561,2.015,80600,0.0006575682382133,0.375,1.675,1.0,1.0,0.0,0.886842105263158,10,1.0,0.1773684210526316,1.0,0.335,1,dialogue,... AND BEGAN WREAKING HAVOC FOR NO APPARENT REASON .
1.0,1.0,1.0,0.7,0.0,1.0,1.0,0.9333333333333332,2.865979381443299,26966,0.0013350144626566,0.5,1.25,1.0,1.0,0.0,0.6038461538461538,7,1.0,0.1207692307692307,0.3,0.25,1,dialogue,I'LL GLADLY WELCOME HIS GRACE BACK .
1.0,0.7,0.6,0.0,0.0,1.0,0.2,1.0,1.490566037735849,4187,0.0007165034631,0.0,0.5,0.0,0.0,0.0,0.3,1,1.0,0.06,0.5,0.1,0,background,HIC
1.0,1.0,1.0,0.7,0.0,1.0,1.0,0.9705882352941176,2.2056737588652484,43851,0.0009349843789195,0.7142857142857143,1.8714285714285712,1.0,1.0,0.0,1.032258064516129,8,1.0,0.2064516129032258,1.0,0.3742857142857143,1,dialogue,HE REALLY SNEAKS THOSE ATTACKS IN THERE .
1.0,1.0,0.6,0.7,0.0,1.0,0.2,1.0,4.592,71750,0.0004041811846689,0.6,1.02,0.0,0.0,0.0,0.7000000000000001,5,0.6,0.14,0.75,0.204,1,dialogue,THESE ARE MY COMBAT INSTINCTS
1.0,0.7,1.0,0.7,0.0,1.0,1.0,0.9032258064516128,1.534351145038168,26331,0.00159507804489,0.625,1.7875,1.0,1.0,0.0,1.073076923076923,11,0.5,0.2146153846153846,1.0,0.3575,1,dialogue,W - WHAT ?! I WAS JUST THINKING OUT LOUD !
1.0,0.7,0.4,0.0,0.0,1.0,0.6,1.0,1.7904761904761906,177660,3.940110323089047e-05,0.0,0.5,1.0,0.0,0.0,0.3,3,0.6,0.06,0.75,0.1,0,background,TA - DA
1.0,0.7,1.0,0.7,0.0,1.0,0.2,1.0,1.781954887218045,31521,0.0014910694457663,0.6,2.3,0.0,0.0,0.0,0.925,10,1.0,0.185,1.0,0.8,1,dialogue,THAT ORB IS THE SECRET TO HOW A MERE SEAMSTRESS
1.0,1.0,1.0,1.0,0.0,1.0,0.2,1.0,2.418439716312057,48081,8.31929452382438e-05,1.0,0.5,0.0,0.0,0.0,0.3,1,0.6,0.06,0.5,0.1,0,background,TURN
1.0,0.3,0.6,1.0,0.0,1.0,1.0,0.9,8.448275862068966,7105,0.0018296973961998,1.0,2.4,1.0,1.0,0.0,1.842857142857143,4,0.5,0.3685714285714286,0.75,0.8,1,dialogue,THERE HE IS !
1.0,0.5,0.6,0.7,0.0,1.0,1.0,0.8571428571428571,6.391304347826087,3381,0.0026619343389529,0.5,2.5,1.0,1.0,0.0,0.3,3,0.5,0.06,0.75,0.8,1,dialogue,A FAVOR ?
1.0,0.3,0.2,0.0,0.0,1.0,0.2,1.0,0.55,220,0.009090909090909,0.0,0.5,0.0,0.0,0.0,0.3,1,0.3,0.06,0.5,0.1,0,background,pa
1.0,0.7,0.2,0.0,0.0,1.0,1.0,0.8571428571428571,5.363636363636363,2596,0.0046224961479198,0.0,0.5,1.0,1.0,0.0,0.3,3,0.5,0.06,0.75,0.1,1,dialogue,SERIEL ... ?
1.0,1.0,1.0,1.0,0.0,1.0,1.0,1.0,3.1515151515151514,13728,0.0018210955710955,0.8,2.82,1.0,1.0,0.0,1.22,6,0.5,0.244,1.0,0.8,1,dialogue,AND THIS IS THE STORY ...
0.8,1.0,1.0,0.0,0.0,1.0,2.0,0.6666666666666666,2.0508474576271185,7139,0.0005603025633842,0.0,0.5,1.0,1.0,0.0,0.3,2,1.0,0.06,0.6,0.1,1,dialogue,HA !
1.0,1.0,0.2,0.0,0.0,1.0,0.2,1.0,4.666666666666667,1050,0.0076190476190476,0.0,0.5,0.0,0.0,0.0,0.3,1,0.3,0.06,0.5,0.1,0,background,keyboard
1.0,0.7,0.2,0.0,0.0,1.0,0.2,1.0,1.0,676,0.0059171597633136,0.0,0.5,0.0,0.0,0.0,1.45,1,0.3,0.29,0.5,0.1,0,background,Bell
1.0,0.7,0.4,0.01875,0.0,1.0,0.6,1.0,1.943127962085308,86510,0.0017223442376603,0.0625,0.7,1.0,0.0,0.0,0.6370370370370371,13,0.5,0.1274074074074074,1.0,0.1399999999999999,0,background,EMAIL LOREOLYMPUS@GMAIL.COM PATREON LOREOLYMPUS TUMBLR USEDBANDAID INSTAGRAM USEDBANDAID TWITCH RACHELSMYTHE TWITTER FACEBOOK USEDBANDAIDILLUSTRATION
1.0,1.0,1.0,0.7,0.0,1.0,1.0,0.9666666666666668,2.3333333333333335,25725,0.0015549076773566,0.5,0.9333333333333332,1.0,1.0,0.0,0.4296296296296296,8,0.5,0.0859259259259259,1.0,0.1866666666666666,1,dialogue,... TURNED AN ENTIRE WORLD UPSIDE DOWN !
1.0,0.7,0.4,0.0,0.0,1.0,2.0,0.8,1.5754475703324808,240856,2.4911150230843325e-05,0.0,0.5,1.0,1.0,0.0,2.0,2,0.6,0.4,0.6,0.1,1,dialogue,HERA !
1.0,0.3,0.4,0.0,0.0,1.0,0.2,1.0,0.9320388349514565,247200,1.6181229773462782e-05,0.0,0.5,0.0,0.0,0.0,0.3,1,0.6,0.06,0.5,0.1,0,background,DOOM
1.0,0.7,1.0,0.7,0.0,1.0,1.0,0.967741935483871,1.6593406593406594,54964,0.0007277490721199,0.7777777777777778,2.4000000000000004,1.0,1.0,0.0,0.8964285714285715,10,1.0,0.1792857142857143,1.0,0.8,1,dialogue,DO YOU THINK THIS IS SOME KIND OF JOKE ?
1.0,1.0,1.0,1.0,0.0,1.0,1.0,0.9523809523809524,2.0,18818,0.0018067807418429,0.8571428571428571,2.6571428571428575,1.0,1.0,0.0,0.8444444444444444,10,0.5,0.1688888888888889,1.0,0.8,1,dialogue,A - ARE YOU GOING TO SEE HIM ... ?
1.0,1.0,1.0,0.0,0.0,1.0,0.2,1.0,2.260869565217391,19136,0.0003135451505016,0.0,0.5,0.0,0.0,0.0,1.125,1,0.6,0.225,0.5,0.1,0,background,MUTTER
1.0,1.0,0.6,0.4,0.0,1.0,1.0,0.8666666666666667,2.7630057803468207,82694,0.000435339927927,0.4,1.4,1.0,1.0,0.0,0.7000000000000001,7,0.6,0.14,1.0,0.2799999999999999,1,dialogue,"I'M THE HOOLIGAN , LLOYD FRONTERA ?!"
1.0,1.0,0.6,0.0,0.0,1.0,0.2,1.0,3.121212121212121,3399,0.0017652250661959,0.0,0.5,0.0,0.0,0.0,1.0,1,0.5,0.2,0.5,0.1,0,background,GLANCE
1.0,1.0,0.6,0.7,0.0,1.0,1.0,0.9622641509433962,2.0797872340425534,73508,0.0008978614572563,0.5833333333333334,2.283333333333333,1.0,1.0,0.0,0.7673469387755102,14,1.0,0.153469387755102,1.0,0.8,1,dialogue,"So for the most part , She raised Persephone in the Mortal Realm ."
1.0,1.0,1.0,0.7,0.0,1.0,1.0,0.85,2.4695652173913043,32660,0.0007654623392529,0.75,1.4,1.0,1.0,0.0,1.5133333333333332,6,1.0,0.3026666666666666,1.0,0.2799999999999999,1,dialogue,"Hey , where's your date ?"
1.0,0.7,1.0,0.7,0.0,1.0,1.0,0.9565217391304348,1.711340206185567,16102,0.0017389144205688,0.6,1.16,1.0,1.0,0.0,0.955,6,0.5,0.191,1.0,0.2319999999999999,1,dialogue,ARE YOU FEELING ANY BETTER ?
1.0,0.5,0.6,0.0,0.0,1.0,1.0,0.75,6.954545454545454,3366,0.0035650623885918,0.0,0.5,1.0,1.0,0.0,1.275,4,0.5,0.255,0.75,0.1,1,dialogue,G - GRAND ..
1.0,1.0,1.0,0.0,0.0,1.0,2.0,0.8333333333333334,2.9148936170212765,6439,0.0010871253300201,0.0,0.5,1.0,1.0,0.0,0.3,2,1.0,0.06,0.6,0.1,1,dialogue,Pinky ?
1.0,1.0,1.0,0.7,0.0,1.0,1.0,0.9411764705882352,2.9367088607594938,18328,0.0013640331732867,0.75,0.5,1.0,1.0,0.0,1.15,6,1.0,0.23,1.0,0.1,1,dialogue,CIEL REALLY IS HERE ... !
1.0,0.7,1.0,0.7,0.0,1.0,1.0,0.925925925925926,1.62,16200,0.0019753086419753,0.6,1.16,1.0,1.0,0.0,1.3695652173913044,6,0.5,0.2739130434782609,1.0,0.2319999999999999,1,dialogue,WHY AREN'T YOU SAYING ANYTHING ?
1.0,1.0,1.0,0.0,0.0,1.0,2.0,0.8,4.177777777777778,8460,0.000709219858156,0.0,0.5,1.0,1.0,0.0,0.3,2,1.0,0.06,0.6,0.1,1,dialogue,URGH !
1.0,0.5,1.0,0.4,0.0,1.0,0.2,1.0,6.098039215686274,15861,0.0008196204526826,0.3333333333333333,2.6666666666666665,0.0,0.0,0.0,1.011111111111111,3,1.0,0.2022222222222222,0.75,0.8,1,dialogue,One drink and
1.0,0.7,0.6,1.0,0.0,1.0,0.2,1.0,1.6419213973799127,86104,4.6455449224194e-05,1.0,0.5,0.0,0.0,0.0,0.3,1,0.6,0.06,0.5,0.1,0,background,ZOOM
1.0,0.7,0.6,0.0,0.0,1.0,0.2,1.0,1.9230769230769231,5200,0.0007692307692307,0.0,0.5,0.0,0.0,0.0,0.3,1,1.0,0.06,0.5,0.1,0,background,FWIP
1.0,0.7,1.0,1.0,0.0,1.0,1.0,1.0,1.5597014925373134,28006,0.0017139184460472,0.8,3.22,1.0,1.0,0.0,0.7424242424242424,11,0.5,0.1484848484848485,1.0,1.0,1,dialogue,I JUST HAPPENED TO SEE YOU IN THE GARDEN AND ...
1.0,0.7,0.6,0.0,0.0,1.0,2.0,0.8571428571428571,5.32258064516129,5115,0.0019550342130987,0.0,0.5,1.0,1.0,0.0,0.3,2,0.5,0.06,0.6,0.1,1,dialogue,SERIEL !!!
1.0,0.7,1.0,0.4,0.0,1.0,1.0,0.9487179487179488,1.9555555555555555,35640,0.0012906846240179,0.4285714285714285,1.2571428571428571,1.0,1.0,0.0,0.6599999999999999,8,1.0,0.1319999999999999,1.0,0.2514285714285714,1,dialogue,I ONLY WROTE DOWN KARDICIEL'S CUTEST MOMENTS !
1.0,1.0,0.4,1.0,0.0,1.0,0.2,1.0,2.048582995951417,124982,6.400921732729513e-05,1.0,0.5,0.0,0.0,0.0,0.3,1,0.6,0.06,0.5,0.1,0,background,WHOOOOSH
1.0,0.3,1.0,0.7,0.0,1.0,1.0,0.8333333333333334,8.214285714285714,6440,0.0021739130434782,0.5,1.3,1.0,1.0,0.0,1.725,3,0.5,0.345,0.75,0.26,1,dialogue,IT'S NOTHING .
1.0,1.0,0.6,0.7,0.0,1.0,1.0,0.9473684210526316,2.0437158469945356,68442,0.0006721019257181,0.625,1.875,1.0,1.0,0.0,1.1441176470588237,9,1.0,0.2288235294117647,1.0,0.375,1,dialogue,AND I DON'T WANT YOU SELLING CANDLES ANYMORE .
1.0,1.0,1.0,0.7,0.0,1.0,1.0,0.8,2.388235294117647,17255,0.0004056795131845,0.5,1.0,1.0,1.0,0.0,0.3,3,0.6,0.06,0.75,0.2,1,dialogue,M HUH ?
1.0,0.3,1.0,0.7,0.0,1.0,1.0,0.9090909090909092,8.129032258064516,7812,0.0016641065028161,0.5,2.4,1.0,1.0,0.0,1.5375,3,0.5,0.3075,0.75,0.8,1,dialogue,that matter .
1.0,0.7,0.6,0.7,0.0,1.0,1.0,0.9724770642201837,1.3309859154929575,107352,0.0012668604217899,0.5,1.9227272727272728,1.0,1.0,0.0,0.9125,25,1.0,0.1825,0.9,0.3845454545454545,1,dialogue,... AND THINGS AROUND THE MANOR HAVE BEEN LIVELY AND WONDERFUL EVER SINCE YOU RECOVERED FROM YOUR ACCIDENT . I'M TRULY THANKFUL FOR IT .
1.0,1.0,0.6,0.0,0.0,1.0,2.0,1.0,3.6595744680851063,8084,0.0014844136566056,0.0,0.5,1.0,1.0,0.0,0.7166666666666667,2,1.0,0.1433333333333333,0.6,0.1,1,dialogue,GOODNESS ...
1.0,1.0,0.2,0.0,0.0,0.5,2.0,1.0,3.1818181818181817,1540,0.0045454545454545,0.0,0.5,1.0,1.0,0.5,0.3,2,0.5,0.06,0.6,0.1,1,dialogue,HAA ...
1.0,1.0,1.0,0.7,0.0,1.0,1.0,0.9375,2.7724137931034485,58290,0.0007548464573683,0.5,1.7999999999999998,1.0,1.0,0.0,0.3892857142857143,10,1.0,0.0778571428571428,1.0,0.36,1,dialogue,A FAVOR ? SHE'S SO FULL OF PUMPED ENERGY ...
1.0,0.7,0.6,0.7,0.0,1.0,1.0,0.9491525423728814,1.7643979057591623,64367,0.0011185856106389,0.75,1.8166666666666669,1.0,1.0,0.0,1.2351851851851852,14,1.0,0.247037037037037,1.0,0.3633333333333333,1,dialogue,THERE ARE MANY OUTSTANDING WARRIORS THERE . I'M SURE THEY CAN HELP YOU .
1.0,0.7,0.2,1.0,0.0,1.0,2.0,1.0,5.954545454545454,2882,0.0034698126301179,1.0,2.0,1.0,1.0,0.0,0.3,2,0.5,0.06,3.0,2.5,1,dialogue,PLEASE ...
1.0,1.0,1.0,1.0,0.0,1.0,1.0,0.8888888888888888,2.6557377049180326,9882,0.0022262699858328,1.0,1.525,1.0,1.0,0.0,1.4142857142857144,5,0.5,0.2828571428571428,0.75,0.305,1,dialogue,HE'S THERE RIGHT NOW ?
1.0,0.3,0.2,0.0,0.0,1.0,0.2,1.0,0.6206896551724138,522,0.0019157088122605,0.0,0.5,0.0,0.0,0.0,0.3,1,0.5,0.06,0.5,0.1,0,background,G
1.0,0.3,0.4,0.7,0.0,1.0,1.0,0.9615384615384616,0.8611599297012302,278810,0.0004949607259423,0.6428571428571429,2.1714285714285713,1.0,1.0,0.0,0.8795918367346939,32,0.6,0.1759183673469387,0.8,0.8,1,dialogue,HA ! YOU GOT LUCKY JUST NOW . I WAS GOING TO CRIPPLE YOU SO BADLY THAT YOU COULDN'T EVEN LIFT A SPOON FOR THE REST OF YOUR LIFE ... AHEM !
1.0,0.7,1.0,0.7,0.0,1.0,0.6,0.9322033898305084,1.489795918367347,57232,0.0013104556891249,0.7142857142857143,2.2357142857142858,1.0,0.0,0.0,0.3735849056603774,17,1.0,0.0747169811320754,0.9,0.8,1,dialogue,"I When closer to at stand scowls to . try , he adorable Kardiciel me . It's"
1.0,0.3,1.0,0.0,0.0,1.0,0.2,1.0,0.4375,11200,0.0002678571428571,0.0,0.5,0.0,0.0,0.0,0.3,1,0.6,0.06,0.5,0.1,0,background,DDD
1.0,0.7,1.0,1.0,0.0,1.0,0.6,1.0,5.373333333333333,30225,0.001091811414392,0.8571428571428571,2.7285714285714286,1.0,0.0,0.0,0.8095238095238095,8,1.0,0.1619047619047619,1.0,0.8,1,dialogue,... COULD YOU TELL ME TO STICK TO
1.0,0.3,1.0,0.0,0.0,1.0,0.2,1.0,8.04,5025,0.0027860696517412,0.0,0.5,0.0,0.0,0.0,0.3,2,0.5,0.06,0.6,0.1,0,background,BLUEPIC STUDIO
1.0,0.7,0.4,0.4,0.0,1.0,1.0,0.9836065573770492,1.1764705882352942,179860,0.0004336706327143,0.3846153846153846,1.7846153846153845,1.0,1.0,0.0,0.8017241379310345,15,0.6,0.1603448275862068,0.3,0.3569230769230769,1,dialogue,"MHH ONCE THE RAIN STOPS , THE SEARCH PARTY WILL COME LOOKING FOR SURVIVORS ..."
1.0,0.7,0.6,0.0,0.0,1.0,0.2,1.0,1.977777777777778,4005,0.0012484394506866,0.0,0.5,0.0,0.0,0.0,0.3,1,1.0,0.06,0.5,0.1,1,dialogue,HMPHI
1.0,1.0,1.0,0.7,0.0,1.0,1.0,0.9722222222222222,2.020408163265306,43659,0.0011223344556677,0.6666666666666666,2.588888888888889,1.0,1.0,0.0,0.8424242424242424,11,1.0,0.1684848484848485,1.0,0.8,1,dialogue,... BUT NOTHING WORKED THE WAY I HOPED IT WOULD .
1.0,1.0,1.0,0.7,0.0,1.0,1.0,0.9230769230769232,2.41044776119403,43282,0.0015248833233214,0.5833333333333334,2.058333333333333,1.0,1.0,0.0,0.417391304347826,15,0.5,0.0834782608695652,1.0,0.8,1,dialogue,"I APOLOGIZE . I ASSUMED YOU'D WAKE UP WHEN I KNOCKED , AS ALWAYS ."
1.0,1.0,1.0,1.0,0.0,1.0,0.6,1.0,3.611111111111111,18720,0.0014957264957264,0.8333333333333334,2.6999999999999997,1.0,0.0,0.0,0.3,7,1.0,0.06,1.0,0.8,1,dialogue,... BUT I WANT TO GET CLOSER
1.0,0.7,1.0,0.0,0.0,1.0,0.2,1.0,1.4705882352941178,27200,0.0002205882352941,0.0,0.5,0.0,0.0,0.0,0.3,1,0.6,0.06,0.5,0.1,0,background,STRIDE
1.0,0.5,0.6,0.0,0.0,1.0,1.0,0.8461538461538461,7.772727272727272,3762,0.0042530568846358,0.0,0.5,1.0,1.0,0.0,0.3,4,0.5,0.06,0.75,0.1,1,dialogue,"HI , KARDICIEL ."
1.0,1.0,1.0,0.7,0.0,1.0,1.0,1.0,4.4393939393939394,19338,0.0016030613300237,0.6666666666666666,2.733333333333333,1.0,1.0,0.0,1.04,7,0.5,0.208,1.0,0.8,1,dialogue,WHAT A STRANGE THING TO SAY ...
1.0,1.0,1.0,0.7,0.0,1.0,1.0,0.9615384615384616,2.361344537815126,33439,0.0009270612159454,0.6,1.64,1.0,1.0,0.0,0.5478260869565217,6,1.0,0.1095652173913043,1.0,0.3279999999999999,1,dialogue,IS THIS MY HOMETOWN NIMBERTON ?
1.0,1.0,1.0,0.7,0.0,1.0,1.0,0.9583333333333334,4.165217391304348,55085,0.0005264591086502,0.6,1.64,1.0,1.0,0.0,0.938095238095238,6,1.0,0.1876190476190476,1.0,0.3279999999999999,1,dialogue,AND LOSERS ARE BENEATH THEM .
1.0,0.7,1.0,1.0,0.0,1.0,0.2,1.0,1.8333333333333333,16896,0.0002367424242424,1.0,0.5,0.0,0.0,0.0,0.3,1,0.6,0.06,0.5,0.1,0,background,GRIN
1.0,0.7,1.0,0.7,0.0,1.0,1.0,1.0,1.680473372781065,47996,0.001270939244937,0.6363636363636364,1.518181818181818,1.0,1.0,0.0,0.92,12,1.0,0.184,1.0,0.3036363636363636,1,dialogue,IT MEANS THERE ARE NO MORE WARRIORS SUCH AS YOURSELF HERE ...
0.0,0.3,0.2,0.0,0.0,0.01,1.0,0.0,0.4705882352941176,136,0.0147058823529411,0.0,0.5,1.0,1.0,0.99,0.3,1,0.3,0.06,0.5,0.1,0,background,..
1.0,0.7,1.0,0.7,0.0,1.0,1.0,0.9701492537313432,1.3088235294117647,54468,0.001487111698612,0.7142857142857143,2.5357142857142856,1.0,1.0,0.0,0.9206349206349206,15,1.0,0.1841269841269841,1.0,0.8,1,dialogue,WHAT'S SOMEONE WITH TALENT LIKE THAT DOING OUT IN THE MIDDLE OF THE COUNTRYSIDE ?
1.0,1.0,1.0,0.7,0.0,1.0,1.0,0.9545454545454546,2.074468085106383,18330,0.0015275504637206,0.6666666666666666,2.2666666666666666,1.0,1.0,0.0,0.6421052631578947,7,0.5,0.1284210526315789,1.0,0.8,1,dialogue,DID YOU JUST SAY MY SISTER ?
1.0,1.0,0.2,0.0,0.0,0.5,0.2,1.0,3.1052631578947367,1121,0.0035682426404995,0.0,0.5,0.0,0.0,0.5,0.3,1,0.5,0.06,0.5,0.1,0,background,HEHE
1.0,0.7,1.0,1.0,0.0,1.0,0.2,1.0,1.0618556701030928,9991,0.0001000900810729,1.0,3.7,0.0,0.0,0.0,0.3,1,0.6,0.06,0.5,1.0,0,background,@
1.0,0.3,1.0,0.7,0.0,1.0,1.0,0.9090909090909092,10.0,6760,0.0020710059171597,0.6666666666666666,3.4,1.0,1.0,0.0,0.825,4,0.5,0.1649999999999999,0.75,1.0,1,dialogue,TO THE MANOR .
1.0,0.7,0.2,0.0,0.0,1.0,0.2,1.0,1.0,64,0.015625,0.0,0.5,0.0,0.0,0.0,0.3,1,0.3,0.06,0.5,0.1,0,background,C
1.0,0.7,0.6,0.7,0.0,1.0,1.0,0.9875,1.183673469387755,71050,0.0013652357494722,0.7647058823529411,1.911764705882353,1.0,1.0,0.0,0.6896103896103897,18,1.0,0.1379220779220779,0.9,0.3823529411764706,1,dialogue,IT SEEMED MORE LIKE THEY WERE WORRIED ABOUT WHAT WOULD HAPPEN INSTEAD OF BEING WORRIED ABOUT ME .
1.0,0.7,1.0,0.0,0.0,1.0,2.0,1.0,5.296296296296297,15444,0.0009065009065009,0.0,0.5,1.0,1.0,0.0,0.95,2,1.0,0.19,0.6,0.1,1,dialogue,Persephone ...
1.0,1.0,1.0,0.7,0.0,1.0,1.0,1.0,2.5081967213114753,9333,0.0020357869923925,0.6666666666666666,1.7,1.0,1.0,0.0,0.3,4,0.5,0.06,0.75,0.3399999999999999,1,dialogue,CRACKED IT OPEN ...
1.0,1.0,1.0,0.7,0.0,1.0,1.0,0.9,2.7685185185185186,32292,0.0012386968908708,0.625,1.7,1.0,1.0,0.0,0.84,11,1.0,0.1679999999999999,1.0,0.3399999999999999,1,dialogue,"NO . LAST NIGHT , I WAS READING A BOOK ."
1.0,1.0,0.6,0.0,0.0,1.0,0.2,1.0,2.3333333333333335,6069,0.0008238589553468,0.0,0.5,0.0,0.0,0.0,0.3,1,1.0,0.06,0.5,0.1,0,background,MUNCH
1.0,1.0,1.0,0.06,0.0,1.0,1.0,0.9705882352941176,2.13265306122449,20482,0.0019041109266673,0.2,1.3,1.0,1.0,0.0,1.2967741935483872,6,0.5,0.2593548387096774,1.0,0.26,1,dialogue,COPYING AND PASTING POLITE REJECTIONS .
1.0,0.7,1.0,0.0,0.0,1.0,0.2,1.0,1.558139534883721,11524,0.0003471017007983,0.0,0.5,0.0,0.0,0.0,0.3,1,0.6,0.06,0.5,0.1,0,background,FWIP
1.0,0.3,0.6,0.7,0.0,1.0,1.0,0.918032786885246,0.9398280802292264,114472,0.0006813893353833,0.6428571428571429,2.0,1.0,1.0,0.0,0.7703703703703704,18,1.0,0.154074074074074,0.9,0.8,1,dialogue,HE'S REALLY ENJOYING IT ! HE MUST HAVE A SWEET TOOTH . HAHAHA ! WHAT A CUTIE !
1.0,1.0,0.6,0.4,0.0,1.0,1.0,0.8974358974358975,3.7933333333333334,85350,0.0006209724663151,0.3333333333333333,1.7777777777777777,1.0,1.0,0.0,0.6303030303030304,12,1.0,0.126060606060606,1.0,0.3555555555555555,1,dialogue,The salmon pink one ? Eros YUUUUUS ! I'M THE CUTEST !
1.0,0.7,1.0,0.0,0.0,1.0,0.2,1.0,1.8285714285714283,8960,0.0004464285714285,0.0,0.5,0.0,0.0,0.0,0.3,1,0.6,0.06,0.5,0.1,0,background,TILT
1.0,1.0,1.0,0.0,0.0,1.0,2.0,0.8,2.2048192771084336,15189,0.000395022713806,0.0,0.5,1.0,1.0,0.0,0.3,2,0.6,0.06,0.6,0.1,1,dialogue,HMPH !
1.0,1.0,1.0,1.0,0.0,1.0,1.0,0.9743589743589745,3.242424242424242,31779,0.0015418987381604,0.8,2.7,1.0,1.0,0.0,0.7888888888888889,11,0.5,0.1577777777777777,1.0,0.8,1,dialogue,BE PREPARED FOR WHAT WILL HAPPEN IF I CATCH YOU .
1.0,0.7,1.0,1.0,0.0,1.0,1.0,0.9555555555555556,1.8296296296296295,33345,0.0016494227020542,0.8,1.7899999999999998,1.0,1.0,0.0,0.9439024390243902,11,0.5,0.188780487804878,1.0,0.358,1,dialogue,THIS IS THE FIRST TIME YOU'VE GIVEN HIM ANY ATTENTION .
1.0,1.0,1.0,1.0,0.0,1.0,0.2,0.95,2.827956989247312,24459,0.0010221186475326,1.0,3.1833333333333336,0.0,0.0,0.0,0.9941176470588234,6,1.0,0.1988235294117646,1.0,1.0,1,dialogue,I don't have to spend the
1.0,0.7,0.6,0.7,0.0,1.0,1.0,0.9210526315789472,1.6470588235294117,57596,0.0008333912077227,0.7777777777777778,1.4333333333333331,1.0,1.0,0.0,0.8090909090909091,11,1.0,0.1618181818181818,1.0,0.2866666666666666,1,dialogue,You big silly ! You can't leave your own party .
1.0,1.0,1.0,1.0,0.0,1.0,0.2,1.0,2.875,47104,8.491847826086956e-05,1.0,0.5,0.0,0.0,0.0,0.3,1,0.6,0.06,0.5,0.1,0,background,ZOOM
1.0,1.0,0.6,0.0,0.0,1.0,0.2,1.0,2.466666666666667,4995,0.0014014014014014,0.0,0.5,0.0,0.0,0.0,0.96,1,1.0,0.192,0.5,0.1,0,background,FLUTTER
1.0,0.7,1.0,1.0,0.0,1.0,1.0,1.0,1.863157894736842,16815,0.0019030627415997,0.8571428571428571,2.3000000000000003,1.0,1.0,0.0,1.06,8,0.5,0.212,1.0,0.8,1,dialogue,BUT THEN IF ALL THIS IS REAL ...
1.0,0.7,1.0,0.7,0.0,1.0,1.0,0.9375,1.786885245901639,59841,0.0006684380274393,0.7142857142857143,1.542857142857143,1.0,1.0,0.0,0.6321428571428571,9,1.0,0.1264285714285714,1.0,0.3085714285714286,1,dialogue,UGH ! LOOK AT ALL THOSE BROKEN CANDLES .
1.0,0.7,0.6,0.7,0.0,1.0,1.0,0.96,1.1895910780669146,86080,0.0010803903345724,0.7647058823529411,2.3000000000000003,1.0,1.0,0.0,0.8071428571428572,19,1.0,0.1614285714285714,0.9,0.8,1,dialogue,NOW YOU'RE EVEN PRETENDING TO GET CAUGHT IN ACCIDENTS AND PASS OUT ? NOT VERY WIFELY OF YOU .
1.0,1.0,1.0,0.7,0.0,1.0,1.0,0.9166666666666666,3.106060606060606,13530,0.0011086474501108,0.6666666666666666,2.3666666666666667,1.0,1.0,0.0,0.6888888888888888,4,1.0,0.1377777777777777,0.75,0.8,1,dialogue,ESCORT FOR ME ?
1.0,1.0,1.0,0.7,0.0,1.0,1.0,0.9714285714285714,2.630252100840336,37247,0.0011813031922033,0.7777777777777778,2.388888888888889,1.0,1.0,0.0,0.915625,10,1.0,0.183125,1.0,0.8,1,dialogue,COULD YOU GIVE MOMMY A MOMENT OF YOUR TIME ?
1.0,0.7,1.0,1.0,0.0,1.0,0.2,1.0,1.2439024390243902,18819,0.0002656889313991,1.0,0.5,0.0,0.0,0.0,0.3,1,0.6,0.06,0.5,0.1,0,background,SMILE
1.0,1.0,0.4,0.7,0.0,1.0,1.0,1.0,2.0955414012738856,206612,0.0005856387818713,0.5909090909090909,2.3545454545454545,1.0,1.0,0.0,0.8616279069767441,26,1.0,0.1723255813953488,0.9,0.8,1,dialogue,""" KNIGHT OF BLOOD AND IRON "" ... THE ONLY PERSON WHO LIVED IN THE MIDDLE OF NOWHERE AND FELL ASLEEP ON THE GROUND WAS ..."
1.0,0.7,1.0,0.7,0.0,1.0,1.0,0.9574468085106383,1.0048076923076923,43472,0.0014492086860507,0.6666666666666666,2.0416666666666665,1.0,1.0,0.0,0.4930232558139534,14,1.0,0.0986046511627906,1.0,0.8,1,dialogue,"I CAN'T BELIEVE SUCH A SWEET , INNOCENT CHILD GREW UP TO BE ..."
1.0,0.7,1.0,0.7,0.0,1.0,1.0,1.0,1.7804878048780488,47888,0.001545272302038,0.5714285714285714,2.1785714285714284,1.0,1.0,0.0,0.9781818181818182,15,0.5,0.1956363636363636,1.0,0.8,1,dialogue,THERE WAS HARDLY ANYONE WITH THAT KIND OF MAGIC POWER EVEN IN THE ARMY ...
1.0,1.0,0.6,0.7,0.0,1.0,1.0,0.9803921568627452,2.59748427672956,65667,0.0009898426911538,0.7857142857142857,2.4785714285714286,1.0,1.0,0.0,0.8312499999999999,15,1.0,0.1662499999999999,1.0,0.8,1,dialogue,YOU MIGHT VERY WELL BE THE KEY TO STOPPING THE END OF OUR WORLD .
1.0,0.7,1.0,0.0,0.0,1.0,0.2,1.0,1.62015503875969,26961,7.418122473202032e-05,0.0,0.5,0.0,0.0,0.0,0.3,1,0.6,0.06,0.5,0.1,0,background,Su
1.0,1.0,1.0,0.7,0.0,1.0,1.0,0.8888888888888888,2.8666666666666667,31605,0.0011074197120708,0.5714285714285714,2.257142857142857,1.0,1.0,0.0,0.4909090909090908,9,1.0,0.0981818181818181,0.3,0.8,1,dialogue,JAVIER ! LET'S GO BACK TO THE PUB !
1.0,1.0,0.6,0.0,0.0,1.0,0.2,1.0,2.259433962264151,101548,3.939023909875133e-05,0.0,0.5,0.0,0.0,0.0,0.3,1,0.6,0.06,0.5,0.1,0,background,HALT
1.0,0.7,0.6,0.0,0.0,1.0,0.2,1.0,1.8867924528301887,5300,0.000943396226415,0.0,0.5,0.0,0.0,0.0,1.1666666666666667,1,1.0,0.2333333333333333,0.5,0.1,0,background,STARE
1.0,0.7,1.0,0.0,0.0,1.0,0.2,1.0,5.127659574468085,11327,0.0006179924075218,0.0,0.5,0.0,0.0,0.0,0.8400000000000001,1,1.0,0.168,0.5,0.1,0,background,EXCITED
1.0,0.3,0.6,0.7,0.0,1.0,1.0,0.8846153846153846,0.9140401146131804,111331,0.0002964133978855,0.6,1.02,1.0,1.0,0.0,0.7666666666666667,6,0.6,0.1533333333333333,1.0,0.204,1,dialogue,GASP WHAT'S MY HUSBAND'S NAME ???
1.0,1.0,1.0,0.7,0.0,1.0,1.0,0.9047619047619048,2.5660377358490565,28832,0.0009364594894561,0.6,0.92,1.0,1.0,0.0,0.5352941176470588,7,1.0,0.1070588235294117,1.0,0.184,1,dialogue,BEER ! BRING ME MORE BEER !
1.0,1.0,0.4,0.7,0.0,1.0,1.0,1.0,2.033457249070632,147143,0.0001766988575739,0.5,1.325,1.0,1.0,0.0,0.8588235294117647,5,0.6,0.1717647058823529,0.75,0.265,1,dialogue,SWING YOU LITTLE PRICK ...
1.0,1.0,1.0,0.0,0.0,1.0,0.2,1.0,2.0425531914893615,18048,0.0003324468085106,0.0,0.5,0.0,0.0,0.0,0.3,1,0.6,0.06,0.5,0.1,0,background,STRIDE
1.0,0.7,1.0,0.7,0.0,1.0,1.0,0.9,1.6071428571428572,11340,0.0013227513227513,0.5,0.5,1.0,1.0,0.0,1.5285714285714285,3,1.0,0.3057142857142857,0.75,0.1,1,dialogue,You're late ...
1.0,0.7,1.0,0.7,0.0,1.0,1.0,0.984126984126984,1.4536585365853658,61090,0.0012931740055655,0.6875,2.575,1.0,1.0,0.0,0.855,17,1.0,0.1709999999999999,0.9,0.8,1,dialogue,LIKE HOW TO TREAT PEOPLE WITH LOVE AND CARE AND HOW TO RECEIVE IT FROM OTHERS .
1.0,1.0,0.4,0.7,0.0,1.0,0.6,0.8709677419354839,2.237885462555066,115316,0.0003468729404419,0.5714285714285714,1.4285714285714286,1.0,0.0,0.0,0.6559999999999999,10,0.6,0.1311999999999999,1.0,0.2857142857142857,1,dialogue,GOOD LUCK ! YOU'VE GOT THIS ! YEAH ! POR
1.0,0.7,0.6,0.0,0.0,1.0,0.2,1.0,1.4797047970479704,108671,4.601043516669581e-05,0.0,0.5,0.0,0.0,0.0,2.4,1,0.6,0.48,0.5,0.1,0,background,SHING
1.0,0.7,1.0,0.0,0.0,1.0,0.2,1.0,1.9649122807017545,57456,8.702311333890281e-05,0.0,0.5,0.0,0.0,0.0,0.3,1,0.6,0.06,0.5,0.1,0,background,CLUNK
1.0,1.0,1.0,0.7,0.0,1.0,1.0,0.96875,2.8350515463917527,26675,0.0015370196813495,0.7777777777777778,1.7555555555555555,1.0,1.0,0.0,0.4379310344827586,10,0.5,0.0875862068965517,1.0,0.3511111111111111,1,dialogue,WHY IS SHE SUDDENLY BEING SO NICE TO ME ?
1.0,0.7,1.0,0.7,0.0,1.0,1.0,0.8125,1.3333333333333333,13872,0.0015138408304498,0.5,1.075,1.0,1.0,0.0,0.5363636363636363,6,0.5,0.1072727272727272,1.0,0.215,1,dialogue,"GEE SCARED , I'M SO ."
1.0,0.7,1.0,0.7,0.0,1.0,1.0,0.9166666666666666,1.294478527607362,34393,0.0009594975721803,0.5,0.7999999999999999,1.0,1.0,0.0,1.06,9,1.0,0.212,1.0,0.1599999999999999,1,dialogue,"Where is your date , Blue - boy ?"
1.0,0.7,1.0,0.7,0.0,1.0,1.0,0.90625,1.5185185185185186,27675,0.0014453477868112,0.7142857142857143,1.7285714285714284,1.0,1.0,0.0,0.9925925925925926,9,1.0,0.1985185185185185,1.0,0.3457142857142857,1,dialogue,"I'VE BEEN WAITING FOR YOU , YOUR GRACE ."
1.0,1.0,1.0,0.075,0.0,1.0,1.0,0.9615384615384616,2.075187969924812,36708,0.0016617631034107,0.25,1.55,1.0,1.0,0.0,0.4375,10,0.5,0.0875,1.0,0.31,1,dialogue,"IN THE ORIGINAL NOVEL , KARDICIEL COMPLETELY LACKED EMPATHY ."
1.0,0.5,0.6,1.0,0.0,1.0,0.2,1.0,7.0,3388,0.0026564344746162,1.0,2.1999999999999997,0.0,0.0,0.0,0.76,3,0.5,0.152,0.75,0.8,1,dialogue,I AM WELL
1.0,1.0,0.6,0.7,0.0,1.0,1.0,0.95,2.0913978494623655,72354,0.0006772258617353,0.6666666666666666,1.6111111111111112,1.0,1.0,0.0,0.5388888888888889,10,1.0,0.1077777777777777,1.0,0.3222222222222222,1,dialogue,LOOKS LIKE I WON'T BE DOING MUCH BUSINESS TODAY .
1.0,1.0,1.0,0.7,0.0,1.0,1.0,0.9130434782608696,2.7904761904761903,30765,0.0009751340809361,0.6666666666666666,2.433333333333333,1.0,1.0,0.0,0.8894736842105262,8,1.0,0.1778947368421052,1.0,0.8,1,dialogue,A WISH ? GOOD LUCK WITH WHAT ?
1.0,1.0,0.6,0.0,0.0,1.0,0.2,1.0,2.902173913043478,98256,6.106497313141182e-05,0.0,0.5,0.0,0.0,0.0,0.3,1,0.6,0.06,0.5,0.1,0,background,TUMBLE
1.0,0.7,0.4,0.7,0.0,1.0,0.6,0.9230769230769232,1.5309278350515465,230472,6.942274983512097e-05,0.6666666666666666,0.5,1.0,0.0,0.0,0.7,4,0.6,0.1399999999999999,0.75,0.1,1,dialogue,SPRING OW ! THUD
1.0,1.0,1.0,1.0,0.0,1.0,1.0,0.9545454545454546,3.9642857142857144,12432,0.0025740025740025,0.8333333333333334,2.5166666666666666,1.0,1.0,0.0,0.4210526315789473,8,0.5,0.0842105263157894,1.0,0.8,1,dialogue,... IT SHOULD BE JUST UP AHEAD !
1.0,0.5,1.0,1.0,0.0,1.0,0.2,0.9090909090909092,6.395348837209302,11825,0.0010993657505285,1.0,2.266666666666667,0.0,0.0,0.0,1.45,3,1.0,0.29,0.75,0.8,1,dialogue,I don't think
1.0,1.0,1.0,0.7,0.0,1.0,0.2,1.0,2.1145833333333335,19488,0.0017446633825944,0.625,2.8125,0.0,0.0,0.0,0.7040000000000001,8,0.5,0.1408,1.0,0.8,1,dialogue,I BET EVERYONE WILL BE IN A FRENZY
1.0,1.0,1.0,0.7,0.0,1.0,1.0,1.0,2.2577319587628866,21243,0.0019300475450736,0.6666666666666666,2.8555555555555556,1.0,1.0,0.0,0.8185185185185185,10,0.5,0.1637037037037037,1.0,0.8,1,dialogue,SHE USED TO SAY THAT I WAS A NUISANCE ...
1.0,0.5,1.0,0.7,0.0,1.0,0.2,1.0,6.662162162162162,36482,0.0011238418946329,0.5,1.925,0.0,0.0,0.0,0.90625,8,1.0,0.18125,1.0,0.385,1,dialogue,SEEING HARVEN MADE ME REALIZE THAT IF YOU
1.0,1.0,1.0,1.0,0.0,1.0,0.6,0.95,4.590909090909091,19998,0.0013001300130013,0.8333333333333334,3.016666666666667,1.0,0.0,0.0,0.4705882352941176,7,1.0,0.0941176470588235,1.0,1.0,1,dialogue,WHO HAVE I TAKEN OVER ? IN
1.0,1.0,1.0,0.7,0.0,1.0,0.2,1.0,3.1458333333333335,28992,0.0003449227373068,0.5,0.5,0.0,0.0,0.0,0.3,2,0.6,0.06,0.6,0.1,0,background,SLIDE SIGH
1.0,1.0,1.0,1.0,0.0,1.0,2.0,0.75,3.2058823529411766,14824,0.0003372908796546,1.0,1.5,1.0,1.0,0.0,0.3,2,0.6,0.06,0.6,0.3,1,dialogue,HUH ?
1.0,0.7,1.0,0.0,0.0,1.0,0.2,1.0,1.986842105263158,11476,0.0004356918787033,0.0,0.5,0.0,0.0,0.0,0.3,1,0.6,0.06,0.5,0.1,0,background,IXILA
1.0,1.0,1.0,1.0,0.0,1.0,1.0,0.8888888888888888,3.0823529411764707,22270,0.0010327795240233,1.0,1.9,1.0,1.0,0.0,1.0,6,1.0,0.2,1.0,0.38,1,dialogue,THAT'S WHY I NEED YOU .
1.0,0.7,1.0,0.7,0.0,1.0,0.6,0.9264705882352942,1.56,47775,0.0018419675562532,0.7222222222222222,1.838888888888889,1.0,0.0,0.0,0.5508196721311476,21,0.5,0.1101639344262295,0.9,0.3677777777777778,1,dialogue,"LOSING MY DIARY IS AWFUL , BUT I GOT TO SEE HIS ROOM , SO IT'S FINE . I'LL JUST CONSIDER"
1.0,1.0,1.0,0.7,0.0,1.0,1.0,0.9047619047619048,3.2413793103448274,24534,0.0010189940490747,0.5,1.5,1.0,1.0,0.0,1.4,5,1.0,0.28,0.75,0.3,1,dialogue,You're a real lifesaver !
1.0,0.7,0.6,0.7,0.0,1.0,1.0,1.0,1.5098039215686274,62832,0.0014005602240896,0.6666666666666666,2.6277777777777778,1.0,1.0,0.0,0.5063492063492063,20,1.0,0.1012698412698412,0.9,0.8,1,dialogue,I - I LEARNED IT ON MY OWN FROM A MAGIC BOOK THAT I BOUGHT FROM A TRAVELING MERCHANT ...
1.0,0.7,1.0,0.7,0.0,1.0,1.0,0.8709677419354839,1.8762886597938144,17654,0.0022657754616517,0.7142857142857143,1.8,1.0,1.0,0.0,0.752,10,0.5,0.1504,0.3,0.36,1,dialogue,"THANK YOU , DAISY ! I'LL BE RIGHT BACK !"
1.0,1.0,0.4,0.075,0.0,1.0,0.6,0.9838709677419356,3.233644859813084,148088,0.0004929501377559,0.25,1.375,1.0,0.0,0.0,0.5050847457627119,11,0.6,0.1010169491525423,1.0,0.275,0,background,The Academy's Genius Swordsman Original Story by SeoGwando Drawing by C.H
1.0,1.0,1.0,0.7,0.0,1.0,1.0,0.9787234042553192,2.242424242424242,39072,0.0014588452088452,0.5,1.6,1.0,1.0,0.0,0.6886363636363636,11,1.0,0.1377272727272727,1.0,0.32,1,dialogue,KARDICIEL SEEMS TO HATE SERIEL EVEN MORE THAN I THOUGHT .
1.0,1.0,1.0,0.7,0.0,1.0,1.0,0.875,3.341880341880342,45747,0.0005027652086475,0.6666666666666666,0.5,1.0,1.0,0.0,0.9166666666666666,5,1.0,0.1833333333333333,0.75,0.1,1,dialogue,SHE'S STILL ALIVE ... !
1.0,1.0,1.0,0.4,0.0,1.0,1.0,0.8571428571428571,2.6551724137931036,8932,0.0020152261531571,0.3333333333333333,1.6,1.0,1.0,0.0,0.95,5,0.5,0.19,0.75,0.3199999999999999,1,dialogue,"THANK YOU , CIEL ."
1.0,1.0,1.0,0.7,0.0,1.0,1.0,0.875,2.6639344262295084,39650,0.0007566204287515,0.6,1.16,1.0,1.0,0.0,0.5684210526315789,7,1.0,0.1136842105263157,1.0,0.2319999999999999,1,dialogue,"RED , HE CAN'T WALK PROPERLY ."
1.0,1.0,1.0,0.075,0.0,1.0,1.0,0.9615384615384616,4.169014084507042,21016,0.001570232204035,0.25,0.5,1.0,1.0,0.0,0.7043478260869565,5,0.5,0.1408695652173913,0.75,0.1,1,dialogue,I'M PRACTICALLY DYING ALREADY ...
1.0,1.0,1.0,0.4,0.0,1.0,1.0,0.875,3.176470588235294,14688,0.0013616557734204,0.3333333333333333,1.0666666666666669,1.0,1.0,0.0,0.5750000000000001,5,1.0,0.115,0.75,0.2133333333333333,1,dialogue,"YES , MASTER LLOYD ?"
1.0,1.0,0.6,0.7,0.0,1.0,1.0,1.0,2.2465753424657535,47888,0.0012529234881389,0.6363636363636364,2.4727272727272727,1.0,1.0,0.0,0.53,13,1.0,0.106,1.0,0.8,1,dialogue,... I CAN LIVE PEACEFULLY AS THE HEIR TO A COUNTRY BARON ...
1.0,0.3,1.0,0.7,0.0,1.0,0.2,1.0,0.8435374149659864,18228,0.0029076146587667,0.6363636363636364,2.4272727272727272,0.0,0.0,0.0,0.8179487179487179,12,0.5,0.1635897435897436,1.0,0.8,1,dialogue,"OF NOW YOU "" A KNIGHT CHARACTER ARE AND OF IRON BLOOD"
1.0,0.7,1.0,0.7,0.0,1.0,1.0,0.951219512195122,1.152046783625731,33687,0.0014842520853741,0.5555555555555556,2.3,1.0,1.0,0.0,0.8,10,1.0,0.16,1.0,0.8,1,dialogue,SHE'S KNOWN AS THE GREATEST BEAUTY IN THE EMPIRE .
1.0,0.7,0.6,0.0,0.0,1.0,0.2,1.0,1.8839285714285712,94528,4.2315504400812456e-05,0.0,0.5,0.0,0.0,0.0,0.3,1,0.6,0.06,0.5,0.1,0,background,WOOD
1.0,0.7,0.4,0.4,0.0,1.0,0.6,0.9642857142857144,1.5924764890282133,162052,0.0002098091970478,0.3333333333333333,0.7999999999999999,1.0,0.0,0.0,0.7,7,0.6,0.1399999999999999,1.0,0.1599999999999999,1,dialogue,YOUR TRUE JOURNEY HAS BEGUN ! DONG
0.8,1.0,0.2,0.0,0.0,1.0,2.0,0.6666666666666666,2.3043478260869565,1219,0.0032813781788351,0.0,0.5,1.0,1.0,0.0,0.3,2,0.5,0.06,0.6,0.1,1,dialogue,HM ?
1.0,0.7,0.6,0.7,0.0,1.0,1.0,0.9726027397260274,1.541062801932367,66033,0.0013932427725531,0.5,1.5944444444444443,1.0,1.0,0.0,0.7304347826086957,20,1.0,0.1460869565217391,0.9,0.3188888888888889,1,dialogue,I WONDER WHERE IT ALL WENT WRONG FOR CIEL . ARE MOST TWISTED MALE LEADS JUST BORN THIS WAY ?
1.0,0.7,1.0,0.7,0.0,1.0,1.0,0.9298245614035088,1.560693641618497,46710,0.0015414258188824,0.6428571428571429,2.257142857142857,1.0,1.0,0.0,0.5843137254901961,16,0.5,0.1168627450980392,0.9,0.8,1,dialogue,"I'LL BE LEAVING THE MANOR SOON , AND IT'LL BE SOME TIME UNTIL I RETURN ."
1.0,0.7,1.0,0.0,0.0,1.0,0.2,1.0,1.5769230769230769,9594,0.0009380863039399,0.0,0.5,0.0,0.0,0.0,0.3,2,1.0,0.06,0.6,0.1,0,background,CLIP CLOP
1.0,1.0,1.0,1.0,0.0,1.0,1.0,0.9629629629629628,2.3870967741935485,57350,0.0005928509154315,0.8571428571428571,2.085714285714286,1.0,1.0,0.0,0.5208333333333334,8,1.0,0.1041666666666666,0.3,0.8,1,dialogue,DID I REALLY TRAVEL BACK IN TIME ?
1.0,0.7,1.0,0.0,0.0,1.0,0.2,1.0,1.985611510791367,38364,0.0001042644145553,0.0,0.5,0.0,0.0,0.0,0.3,1,0.6,0.06,0.5,0.1,0,background,DASH
1.0,0.3,0.4,0.0,0.0,1.0,0.2,1.0,0.69009009009009,212565,2.822666008044598e-05,0.0,0.5,0.0,0.0,0.0,0.3,2,0.6,0.06,0.6,0.1,0,background,555 IR
1.0,1.0,1.0,0.7,0.0,1.0,1.0,0.9523809523809524,3.2413793103448274,10904,0.0022927366104181,0.5,0.5,1.0,1.0,0.0,0.3,5,0.5,0.06,0.75,0.1,1,dialogue,HAS KARDICIEL BEEN BUSY ?
1.0,1.0,0.6,0.7,0.0,1.0,1.0,0.9166666666666666,2.25,8100,0.0022222222222222,0.75,2.3,1.0,1.0,0.0,1.522222222222222,6,0.5,0.3044444444444444,1.0,0.8,1,dialogue,Y - YOU THINK SO ?
1.0,1.0,0.6,1.0,0.0,1.0,0.2,1.0,2.6216216216216215,3589,0.0011145165784341,1.0,0.5,0.0,0.0,0.0,0.3,1,1.0,0.06,0.5,0.1,0,background,BEEP
1.0,0.7,0.6,0.0,0.0,1.0,0.2,1.0,1.113095238095238,125664,4.774637127578304e-05,0.0,0.5,0.0,0.0,0.0,0.3,1,0.6,0.06,0.5,0.1,0,background,SPRINT
1.0,1.0,1.0,1.0,0.0,1.0,1.0,0.9056603773584906,2.155555555555555,39285,0.0017818505791014,0.8666666666666667,2.4066666666666667,1.0,1.0,0.0,0.6021739130434782,18,0.5,0.1204347826086956,0.9,0.8,1,dialogue,"A SHORT WALK SHOULD BE FINE , AND I'LL HAVE YOU BY MY SIDE , WON'T I ?"
1.0,1.0,1.0,1.0,0.0,1.0,1.0,1.0,4.0476190476190474,16065,0.0017429193899782,0.8,2.12,1.0,1.0,0.0,0.95,6,0.5,0.19,1.0,0.8,1,dialogue,YOU WERE ALL SO STUBBORN ...
1.0,0.7,1.0,0.0,0.0,1.0,0.2,1.0,1.4519230769230769,15704,0.0002547121752419,0.0,0.5,0.0,0.0,0.0,0.3,1,0.6,0.06,0.5,0.1,0,background,GRIT
1.0,1.0,1.0,0.7,0.0,1.0,1.0,0.9642857142857144,2.6736842105263157,24130,0.0016162453377538,0.5714285714285714,1.8571428571428572,1.0,1.0,0.0,0.7839999999999999,9,0.5,0.1568,1.0,0.3714285714285714,1,dialogue,"CIEL SET THAT NOTEBOOK ON FIRE , SO ..."
1.0,1.0,0.6,0.7,0.0,1.0,1.0,0.9393939393939394,2.496932515337423,66341,0.0006330926576325,0.5,1.75,1.0,1.0,0.0,1.006896551724138,10,1.0,0.2013793103448276,1.0,0.35,1,dialogue,"SHUT YOUR MOUTH AND LIFT HIM UP , ASELLE ."
1.0,0.7,0.6,0.7,0.0,1.0,1.0,0.9487179487179488,1.6927374301675977,54237,0.0008850047015874,0.5,2.025,1.0,1.0,0.0,0.5885714285714285,10,1.0,0.1177142857142857,1.0,0.8,1,dialogue,"Honestly , I think she puts Aphrodite to shame ."
1.0,0.3,0.6,0.7,0.0,1.0,1.0,1.0,8.25,3300,0.0039393939393939,0.6666666666666666,2.033333333333333,1.0,1.0,0.0,0.3,4,0.5,0.06,0.75,0.8,1,dialogue,OH MY GOD ...
1.0,1.0,1.0,0.0,0.0,1.0,0.2,1.0,2.730337078651685,21627,0.000323669487215,0.0,0.5,0.0,0.0,0.0,0.3,1,0.6,0.06,0.5,0.1,0,background,TREMBLE
1.0,0.7,0.6,1.0,0.0,1.0,1.0,0.9444444444444444,1.9,91960,0.0002609830361026,0.8333333333333334,2.466666666666667,1.0,1.0,0.0,0.58,7,0.6,0.1159999999999999,1.0,0.8,1,dialogue,THE HAS HE HAS A SWORD ?
1.0,1.0,0.6,0.0,0.0,1.0,0.2,1.0,3.880952380952381,6846,0.0010224948875255,0.0,0.5,0.0,0.0,0.0,0.3,1,1.0,0.06,0.5,0.1,0,background,STRETCH
1.0,1.0,1.0,0.7,0.0,1.0,1.0,0.9523809523809524,2.0695652173913044,27370,0.0010960906101571,0.6666666666666666,1.5666666666666669,1.0,1.0,0.0,0.5222222222222223,7,1.0,0.1044444444444444,1.0,0.3133333333333333,1,dialogue,IF I'M GOING TO DIE ANYWAY ...
1.0,1.0,1.0,0.0,0.0,1.0,0.2,1.0,2.056603773584906,23108,0.0002596503375454,0.0,0.5,0.0,0.0,0.0,0.3,1,0.6,0.06,0.5,0.1,0,background,STRIDE
1.0,0.3,0.4,0.7,0.0,1.0,0.6,0.9393939393939394,0.6473372781065089,462215,0.0001817336088184,0.5,1.5214285714285716,1.0,0.0,0.0,0.4599999999999999,17,0.6,0.092,0.9,0.3042857142857143,1,dialogue,"SQUEAZ KARDICIEL CAN ALREADY USE IT ?! OH MY GOODNESS , MY SON IS INCREDIBLE !!! BEA"
1.0,1.0,0.6,1.0,0.0,1.0,1.0,0.9552238805970148,3.2364864864864864,70892,0.0012695367601421,0.8095238095238095,2.623809523809524,1.0,1.0,0.0,0.9112903225806452,24,1.0,0.182258064516129,0.9,0.8,1,dialogue,"BUT YOU ARE HIS SON . IF YOU DIE ON THE ROAD WITH YOUR JAW OUT OF PLACE , HE WILL BE SAD ."
1.0,0.7,0.2,0.0,0.0,1.0,0.2,1.0,5.818181818181818,704,0.0113636363636363,0.0,0.5,0.0,0.0,0.0,1.15,1,0.3,0.2299999999999999,0.5,0.1,0,background,contacts
1.0,0.7,0.4,0.0428571428571428,0.0,1.0,0.6,0.972972972972973,1.9433962264150944,49131,0.0008955649182797,0.1428571428571428,0.9285714285714286,1.0,0.0,0.0,0.6,8,1.0,0.12,1.0,0.1857142857142857,0,background,Assistance by : Jini Hyeonseok Noh JQ COMICS
1.0,1.0,1.0,0.7,0.0,1.0,1.0,0.8947368421052632,3.109375,12736,0.0018844221105527,0.5,1.8,1.0,1.0,0.0,0.8266666666666667,6,0.5,0.1653333333333333,1.0,0.36,1,dialogue,"WOW , A REAL LONGSWORD ."
1.0,1.0,1.0,1.0,0.0,1.0,1.0,0.8846153846153846,2.5844155844155843,61292,0.0005547216602492,0.8333333333333334,1.8,1.0,1.0,0.0,0.9428571428571428,8,1.0,0.1885714285714285,0.3,0.36,1,dialogue,".YOU'RE READY TO GO BACK , RIGHT ?"
1.0,0.7,0.4,0.7,0.0,1.0,0.6,0.9444444444444444,1.052511415525114,201918,0.0003367703721312,0.6666666666666666,1.5416666666666667,1.0,0.0,0.0,0.9183673469387756,15,0.6,0.1836734693877551,1.0,0.3083333333333333,1,dialogue,"QUICKL SEE YOU TOO , YOUR GRACE ! YOU SHOULD HURRY THERE ! BEAM GRIN"
1.0,1.0,1.0,0.4,0.0,1.0,0.6,0.9411764705882352,4.5,13122,0.0016765736930345,0.4,1.48,1.0,0.0,0.0,0.3,6,0.5,0.06,1.0,0.296,1,dialogue,"PLUS , MY SON GROWS UP"
1.0,0.3,1.0,0.0,0.0,1.0,0.2,1.0,0.9894736842105264,8930,0.0015677491601343,0.0,0.5,0.0,0.0,0.0,0.6888888888888888,4,0.5,0.1377777777777777,0.75,0.1,0,background,PLANS TEN TP P
1.0,0.3,0.6,0.0,0.0,1.0,0.2,1.0,0.963855421686747,6640,0.0001506024096385,0.0,0.5,0.0,0.0,0.0,0.3,1,0.6,0.06,0.5,0.1,0,background,S
1.0,0.7,0.6,1.0,0.0,1.0,1.0,1.0,5.961538461538462,4030,0.0027295285359801,1.0,2.6,1.0,1.0,0.0,0.3,3,0.5,0.06,0.75,0.8,1,dialogue,MEAN TO ...
1.0,0.7,0.6,0.7,0.0,1.0,1.0,0.981132075471698,1.7238493723849373,98468,0.0006804240971686,0.5714285714285714,2.2857142857142856,1.0,1.0,0.0,0.7040000000000001,15,1.0,0.1408,1.0,0.8,1,dialogue,AND HE USES THOSE SKILLS IN HIS JOB AS A CLERK FOR CAPTAIN HOOVER .
1.0,0.7,0.4,0.7,0.0,1.0,0.6,0.9636363636363636,1.5516372795969773,244552,0.0003189505708397,0.75,2.0875,1.0,0.0,0.0,0.8137254901960784,20,0.6,0.1627450980392157,0.9,0.8,1,dialogue,WE ... CAN TALK ABOUT THAT LATER . L - LET ME TAKE A LOOK AT YOUR KNEE . KNEEL
1.0,0.3,0.6,0.7,0.0,1.0,0.6,0.8181818181818182,9.772727272727272,4730,0.0035940803382663,0.75,1.9,1.0,0.0,0.0,0.3,6,0.5,0.06,1.0,0.38,1,dialogue,N - NO ! I DIDN'T
1.0,0.5,0.2,0.0,0.0,1.0,2.0,0.75,7.947368421052632,2869,0.0031369815266643,0.0,0.5,1.0,1.0,0.0,0.3,2,0.5,0.06,0.6,0.1,1,dialogue,EASILY ?!
1.0,1.0,1.0,0.7,0.0,1.0,0.6,0.9090909090909092,2.5288461538461537,27352,0.0016452178999707,0.6,2.04,1.0,0.0,0.0,0.7571428571428571,12,0.5,0.1514285714285714,1.0,0.8,1,dialogue,WH - WHO THE HECK IS THIS ?! WHY'S HE SO TALL
1.0,1.0,1.0,0.7,0.0,1.0,1.0,1.0,2.7191011235955056,21538,0.0007428730615656,0.6666666666666666,2.566666666666667,1.0,1.0,0.0,1.0,4,1.0,0.2,0.75,0.8,1,dialogue,ALL I WANTED ...
1.0,0.7,0.6,0.7,0.0,1.0,0.6,0.951219512195122,1.5304347826086957,80960,0.0006175889328063,0.6666666666666666,1.5666666666666669,1.0,0.0,0.0,0.9027027027027028,10,1.0,0.1805405405405405,1.0,0.3133333333333333,1,dialogue,I'LL TAKE REALLY GOOD CARE OF YOUR SISTER . HEHEHE
1.0,0.7,1.0,1.0,0.0,1.0,0.2,1.0,1.393103448275862,29290,6.828269033799931e-05,1.0,3.1,0.0,0.0,0.0,0.3,1,0.6,0.06,0.5,1.0,0,background,My
1.0,1.0,1.0,1.0,0.0,1.0,1.0,0.9166666666666666,2.466666666666667,19980,0.0007507507507507,1.0,1.6,1.0,1.0,0.0,1.9444444444444444,4,1.0,0.3888888888888889,0.75,0.3199999999999999,1,dialogue,Where are you ?
1.0,0.7,1.0,0.7,0.0,1.0,0.6,0.9696969696969696,1.5522388059701493,27872,0.0015427669345579,0.5,2.0,1.0,0.0,0.0,0.6433333333333333,11,0.5,0.1286666666666666,1.0,0.8,1,dialogue,"NO ONE EVER TOOK CARE OF HIM OR LOVED HIM ,"
1.0,1.0,0.2,1.0,0.0,1.0,0.2,1.0,2.1,840,0.0023809523809523,1.0,3.8,0.0,0.0,0.0,0.3,1,0.5,0.06,0.5,1.0,1,dialogue,HE
1.0,1.0,1.0,0.0,0.0,1.0,1.0,0.9473684210526316,3.7,13320,0.0016516516516516,0.0,0.5,1.0,1.0,0.0,1.25625,4,0.5,0.25125,0.75,0.1,1,dialogue,GETTING THINGS READY .
1.0,1.0,1.0,1.0,0.0,1.0,1.0,0.8888888888888888,2.8658536585365852,19270,0.0008303061754021,1.0,2.8333333333333335,1.0,1.0,0.0,0.7000000000000001,5,1.0,0.14,0.75,0.8,1,dialogue,"OH , COME ON ..."
1.0,1.0,1.0,1.0,0.0,1.0,1.0,0.8823529411764706,3.2333333333333334,11640,0.0017182130584192,1.0,1.7333333333333334,1.0,1.0,0.0,1.3076923076923077,4,0.5,0.2615384615384615,0.75,0.3466666666666667,1,dialogue,I DON'T UNDERSTAND .
1.0,1.0,0.6,1.0,0.0,1.0,1.0,0.9090909090909092,2.406417112299465,84150,0.0003208556149732,1.0,1.98,1.0,1.0,0.0,1.0333333333333334,6,0.6,0.2066666666666667,1.0,0.396,1,dialogue,WHERE DID THEY COME FROM ?!
1.0,1.0,1.0,0.7,0.0,1.0,1.0,1.0,3.6875,15104,0.0017876059322033,0.6,1.4,1.0,1.0,0.0,1.1352941176470588,6,0.5,0.2270588235294117,1.0,0.2799999999999999,1,dialogue,RIGHT TILL THE VERY END ...
1.0,0.7,0.6,0.7,0.0,1.0,1.0,0.9090909090909092,1.827586206896552,6148,0.0021145087833441,0.5,0.5,1.0,1.0,0.0,0.7125,3,0.5,0.1425,0.75,0.1,1,dialogue,MUCH BETTER !
1.0,0.7,1.0,0.7,0.0,1.0,0.6,0.9833333333333332,1.662790697674419,49192,0.0015043096438445,0.5,2.164285714285714,1.0,0.0,0.0,0.5789473684210527,15,0.5,0.1157894736842105,1.0,0.8,1,dialogue,"IT SEEMS HER GRACE STILL FINDS THE DUKE A BIT UNCOMFORTABLE TO BE AROUND ,"
1.0,0.5,0.6,0.7,0.0,1.0,1.0,0.8571428571428571,6.741935483870968,6479,0.0013891032566754,0.5,2.25,1.0,1.0,0.0,1.175,3,1.0,0.235,0.75,0.8,1,dialogue,FOR WAR ?
1.0,0.7,1.0,0.7,0.0,1.0,1.0,0.979591836734694,1.4619883040935673,42750,0.0014035087719298,0.5,1.3,1.0,1.0,0.0,1.0847826086956522,9,1.0,0.2169565217391304,1.0,0.26,1,dialogue,YOU'VE BEEN SHOWERING HIS LORDSHIP WITH ATTENTION LATELY ...
1.0,1.0,1.0,1.0,0.0,1.0,1.0,0.8888888888888888,2.9767441860465116,22016,0.0010901162790697,0.8,1.12,1.0,1.0,0.0,0.7071428571428572,7,1.0,0.1414285714285714,1.0,0.2239999999999999,1,dialogue,"THIS IS TOO MUCH , SIR ."
1.0,0.3,0.6,0.7,0.0,1.0,1.0,0.9452054794520548,0.8968253968253969,128142,0.0007101496777013,0.7647058823529411,1.8588235294117648,1.0,1.0,0.0,0.7119402985074627,19,1.0,0.1423880597014925,0.9,0.3717647058823529,1,dialogue,THEN MAYBE I'LL CONSIDER LETTING YOU GO ! ALTHOUGH YOU'LL HAVE TO GIVE UP AT LEAST AN ARM !
1.0,0.7,1.0,0.0,0.0,1.0,0.2,1.0,1.793939393939394,48840,0.0002457002457002,0.0,0.5,0.0,0.0,0.0,0.3,2,0.6,0.06,0.6,0.1,0,background,GRIT TREMBLE
1.0,1.0,0.6,0.0,0.0,1.0,0.2,1.0,2.4444444444444446,3168,0.0015782828282828,0.0,0.5,0.0,0.0,0.0,0.3,1,0.5,0.06,0.5,0.1,0,background,BLINK
1.0,1.0,1.0,1.0,0.0,1.0,1.0,0.9705882352941176,2.6041666666666665,24000,0.00175,0.875,1.875,1.0,1.0,0.0,0.8387096774193549,9,0.5,0.1677419354838709,1.0,0.375,1,dialogue,PLEASE LET ME KNOW IF YOU NEED SOMETHING !
1.0,0.7,0.6,0.7,0.0,1.0,1.0,0.9375,1.4859437751004017,92130,0.0002170845544339,0.75,1.875,1.0,1.0,0.0,1.1307692307692307,5,0.6,0.2261538461538461,0.75,0.375,1,dialogue,SLAP IF YOU REALLY !
1.0,0.7,1.0,0.0,0.0,1.0,2.0,0.8,5.094736842105263,45980,0.0001739886907351,0.0,0.5,1.0,1.0,0.0,0.3,2,0.6,0.06,0.6,0.1,1,dialogue,GAAAAH !
1.0,0.7,0.4,0.7,0.0,1.0,0.6,0.8888888888888888,1.654723127035831,155956,0.0003783118315422,0.7,1.7899999999999998,1.0,0.0,0.0,0.7157894736842105,13,0.6,0.1431578947368421,1.0,0.358,1,dialogue,OH MY GOODNESS !!! WHO IS THAT ?! HE'S SO ADORABLE ! MURMUR
1.0,0.7,0.4,0.7,0.0,1.0,1.0,0.8823529411764706,1.9770114942528736,134676,0.0001633550149989,0.5,1.075,1.0,1.0,0.0,0.3,6,0.6,0.06,1.0,0.215,1,dialogue,"STEP SO LONG , JORGE !"
1.0,0.7,1.0,0.7,0.0,1.0,1.0,1.0,5.5,12672,0.0008680555555555,0.5,1.6,1.0,1.0,0.0,0.3,4,1.0,0.06,0.75,0.32,1,dialogue,W - who ...
1.0,1.0,1.0,1.0,0.0,1.0,1.0,0.9130434782608696,2.0583941605839415,38634,0.0007765180928715,0.8571428571428571,2.442857142857143,1.0,1.0,0.0,0.8736842105263158,8,1.0,0.1747368421052631,1.0,0.8,1,dialogue,OR I'LL HANG YOU UP WITH HIM .
0.8,0.7,0.6,0.0,0.0,1.0,2.0,0.6666666666666666,1.9761904761904765,3486,0.0011474469305794,0.0,0.5,1.0,1.0,0.0,0.3,2,1.0,0.06,0.6,0.1,1,dialogue,HA !
1.0,0.7,1.0,0.7,0.0,1.0,1.0,0.979591836734694,1.954887218045113,34580,0.0019086176980913,0.7692307692307693,2.0153846153846153,1.0,1.0,0.0,0.6826086956521739,15,0.5,0.1365217391304347,1.0,0.8,1,dialogue,AM I SERIOUSLY THE SERIEL ? MAYBE THIS IS ALL JUST A BAD DREAM ...
1.0,1.0,1.0,0.7,0.0,1.0,1.0,0.9736842105263158,2.0816326530612246,44982,0.0010226312747321,0.625,2.55,1.0,1.0,0.0,1.28,9,1.0,0.256,1.0,0.8,1,dialogue,I KNOW EVERYTHING THAT HAPPENS IN THIS STORY .
1.0,0.7,0.6,0.7,0.0,1.0,0.6,0.8571428571428571,1.2043010752688172,93744,0.0004693633725891,0.625,1.6,1.0,0.0,0.0,0.5071428571428571,10,0.6,0.1014285714285714,1.0,0.32,1,dialogue,I SHOULD HAVE STAYED SILENT . I'M SORRY . 02
1.0,0.7,1.0,0.0,0.0,1.0,0.2,1.0,1.7372881355932204,24190,8.267879288962381e-05,0.0,0.5,0.0,0.0,0.0,0.3,1,0.6,0.06,0.5,0.1,0,background,CS
1.0,0.3,0.2,1.0,0.0,1.0,0.2,1.0,0.6666666666666666,216,0.0046296296296296,1.0,4.2,0.0,0.0,0.0,0.3,1,0.5,0.06,0.5,1.0,1,dialogue,I
1.0,0.7,0.6,0.7,0.0,1.0,0.6,0.971830985915493,1.6446700507614214,63828,0.0013630381650686,0.6,1.48,1.0,0.0,0.0,0.8776119402985074,17,1.0,0.1755223880597015,0.9,0.296,1,dialogue,"WELL , YOU KNOW WHAT ? MY LIFE HAS ALREADY BEEN SHITTY ENOUGH WITHOUT THIS LATEST ASTER"
1.0,0.7,0.4,0.7,0.0,1.0,1.0,0.984375,1.2483940042826551,272261,0.0003048545329665,0.5333333333333333,2.26,1.0,1.0,0.0,0.6524590163934426,18,0.6,0.1304918032786885,0.9,0.8,1,dialogue,"DING ALARM YOU HAVE BEEN CHOSEN TO HAVE A RANDOM WISH GRANTED BY THE "" ABSOLUTE "" !"
1.0,1.0,1.0,0.7,0.0,1.0,1.0,0.7857142857142857,2.2688172043010755,19623,0.0008663303266574,0.6666666666666666,0.5,1.0,1.0,0.0,1.0333333333333334,4,1.0,0.2066666666666667,0.75,0.1,1,dialogue,I'M STUCK HERE ?!
1.0,1.0,1.0,0.7,0.0,1.0,1.0,0.8461538461538461,2.451219512195122,16482,0.0012134449702705,0.75,1.75,1.0,1.0,0.0,0.5666666666666667,7,1.0,0.1133333333333333,1.0,0.35,1,dialogue,"N - NO , BUT STILL !"
1.0,0.7,1.0,0.0,0.0,1.0,0.2,1.0,1.6209150326797386,37944,0.0001054185114906,0.0,0.5,0.0,0.0,0.0,0.3,1,0.6,0.06,0.5,0.1,0,background,HUFF
1.0,1.0,1.0,0.7,0.0,1.0,1.0,0.9705882352941176,2.8823529411764706,53312,0.0008816026410564,0.6666666666666666,2.433333333333333,1.0,1.0,0.0,0.8258064516129031,11,1.0,0.1651612903225806,1.0,0.8,1,dialogue,... YOU CAN RISE TO A BETTER POSITION IN LIFE .
1.0,0.7,1.0,1.0,0.0,1.0,1.0,0.8823529411764706,1.9791666666666667,18240,0.0012609649122807,0.8,2.28,1.0,1.0,0.0,1.0,7,1.0,0.2,1.0,0.8,1,dialogue,HM ? WHAT DO YOU MEAN ?
1.0,1.0,1.0,1.0,0.0,1.0,1.0,0.9444444444444444,2.3233082706766917,41097,0.0005596515560746,1.0,2.7,1.0,1.0,0.0,1.1266666666666665,6,1.0,0.2253333333333333,1.0,0.8,1,dialogue,THEN WHAT SHOULD I DO ?
1.0,1.0,1.0,0.0,0.0,1.0,0.2,1.0,2.136363636363636,9306,0.0005372877713303,0.0,0.5,0.0,0.0,0.0,0.3,1,1.0,0.06,0.5,0.1,0,background,THROB
1.0,0.7,0.6,0.0,0.0,1.0,0.2,1.0,1.6206896551724137,5452,0.0011005135730007,0.0,0.5,0.0,0.0,0.0,0.3,1,1.0,0.06,0.5,0.1,0,background,FIDGET
1.0,1.0,1.0,0.7,0.0,1.0,1.0,0.9230769230769232,3.771929824561404,12255,0.0016319869441044,0.6666666666666666,2.0666666666666664,1.0,1.0,0.0,0.96,5,0.5,0.192,0.75,0.8,1,dialogue,HMM ? THAT SOUND ...
0.0,0.7,0.2,0.0,0.0,0.41,0.2,0.0,1.0789473684210529,1558,0.0032092426187419,0.0,0.5,0.0,0.0,0.59,0.3,2,0.5,0.06,0.6,0.1,0,background,8 111
1.0,1.0,0.2,0.0,0.0,1.0,0.2,1.0,3.8666666666666663,870,0.0080459770114942,0.0,0.5,0.0,0.0,0.0,0.3,1,0.3,0.06,0.5,0.1,0,background,speaker
1.0,0.7,1.0,0.7,0.0,1.0,1.0,0.9375,1.8497109826589595,55360,0.0014450867052023,0.6428571428571429,2.4499999999999997,1.0,1.0,0.0,0.7327586206896551,17,1.0,0.146551724137931,0.9,0.8,1,dialogue,"FOR NOW , PLEASE FOCUS ON RECOVERING , AND LEAVE THE MANOR'S NEEDS TO THE SIDE ."
1.0,1.0,1.0,0.7,0.0,1.0,0.6,0.9230769230769232,2.3085106382978724,20398,0.0016668300813805,0.75,1.8125,1.0,0.0,0.0,0.6318181818181818,9,0.5,0.1263636363636363,1.0,0.3625,1,dialogue,"OH MY GOD , NOW I'M TOO NERVOUS TO"
1.0,0.7,1.0,0.7,0.0,1.0,1.0,0.96875,1.8453038674033149,60454,0.0006616601052039,0.75,2.9125,1.0,1.0,0.0,0.7172413793103448,9,1.0,0.1434482758620689,1.0,0.8,1,dialogue,BUT DO YOU HAVE ANYTHING GOOD TO DRINK ?
1.0,0.7,0.2,0.0,0.0,1.0,0.2,1.0,1.1875,304,0.0032894736842105,0.0,0.5,0.0,0.0,0.0,0.3,1,0.5,0.06,0.5,0.1,0,background,x
1.0,0.7,0.6,0.7,0.0,1.0,1.0,0.8823529411764706,1.4680851063829787,81075,0.0008017267961763,0.7,1.41,1.0,1.0,0.0,0.830232558139535,14,1.0,0.166046511627907,1.0,0.282,1,dialogue,"Awww , Persephone . You'll do fine . We'll stay under the radar ."
1.0,0.7,0.6,0.7,0.0,1.0,1.0,0.9444444444444444,1.187279151943463,95088,0.0014407706545515,0.7037037037037037,1.9555555555555555,1.0,1.0,0.0,0.604,30,1.0,0.1207999999999999,0.9,0.3911111111111111,1,dialogue,"THE BOOK DOESN'T GO INTO THE MALE LEAD'S CHILDHOOD TOO MUCH , SO I NEVER THOUGHT I'D GET TO SEE HIM LIKE THIS . HIS CHEEKS ARE SO ROUND !"
1.0,0.7,1.0,0.7,0.0,1.0,1.0,0.9482758620689656,1.5491329479768785,46364,0.0015960659132085,0.6923076923076923,1.492307692307692,1.0,1.0,0.0,0.7226415094339622,15,0.5,0.1445283018867924,1.0,0.2984615384615384,1,dialogue,"I'LL RAISE CIEL RIGHT , SO HE NEVER WINDS UP LIKE HIS ORIGINAL VERSION !!!"
1.0,1.0,0.4,1.0,0.0,1.0,2.0,0.8571428571428571,3.616915422885572,146127,5.474689824604625e-05,1.0,1.8,1.0,1.0,0.0,1.125,2,0.6,0.225,3.0,2.5,1,dialogue,THANKS !
1.0,1.0,0.4,0.7,0.0,1.0,1.0,0.9444444444444444,2.2363636363636363,169125,0.0002719881744271,0.7,1.58,1.0,1.0,0.0,0.571875,11,0.6,0.114375,1.0,0.316,0,background,I Won't Let My Son Become the Evil Maje Lead !
1.0,1.0,0.9,0.4,0.0,1.0,1.0,0.9895833333333334,2.7411764705882353,178245,0.0006339588768268,0.4705882352941176,1.911764705882353,1.0,1.0,0.0,0.8881720430107526,18,1.0,0.1776344086021505,0.9,0.3823529411764706,0,background,WARNING THIS EPISODE CONTAINS STRONG LANGUAGE AND DEPICTIONS VIOLENCE THAT MAY NOT BE SUITABLE FOR SOME READERS .
0.0,0.3,0.2,0.0,0.0,0.91,0.2,0.0,0.7857142857142857,1386,0.0014430014430014,0.0,0.5,0.0,0.0,0.09,0.3,1,1.0,0.06,0.5,0.1,0,background,12
1.0,1.0,1.0,0.7,0.0,1.0,1.0,1.0,2.078125,34048,0.0010279605263157,0.5,1.7833333333333332,1.0,1.0,0.0,0.8550000000000001,8,1.0,0.171,1.0,0.3566666666666666,1,dialogue,... AND YET I FAILED ONCE AGAIN ...
1.0,0.7,0.2,0.0,0.0,1.0,0.2,1.0,1.125,72,0.0138888888888888,0.0,0.5,0.0,0.0,0.0,0.3,1,0.3,0.06,0.5,0.1,0,background,W
1.0,0.7,1.0,0.7,0.0,1.0,1.0,0.90625,1.7142857142857142,30324,0.0013190871916633,0.7142857142857143,1.5857142857142856,1.0,1.0,0.0,0.6222222222222222,9,1.0,0.1244444444444444,1.0,0.3171428571428571,1,dialogue,"YOU'VE ONLY JUST WOKEN UP , YOUR GRACE !"
1.0,0.7,0.6,0.7,0.0,1.0,1.0,0.8888888888888888,1.7396449704142012,49686,0.0007044237813468,0.7142857142857143,2.0571428571428574,1.0,1.0,0.0,0.8272727272727273,9,1.0,0.1654545454545454,1.0,0.8,1,dialogue,Great ! So I'm the only one alone ?
1.0,0.7,1.0,0.0,0.0,1.0,0.2,1.0,1.6415094339622642,18444,0.0001626545217957,0.0,0.5,0.0,0.0,0.0,0.3,1,0.6,0.06,0.5,0.1,0,background,TAP
1.0,0.7,1.0,0.0,0.0,1.0,0.2,1.0,1.1098265895953756,33216,0.0001505298651252,0.0,0.5,0.0,0.0,0.0,0.3,1,0.6,0.06,0.5,0.1,0,background,cocce
1.0,1.0,1.0,0.7,0.0,1.0,1.0,0.9375,3.440677966101695,11977,0.0015863738832762,0.6666666666666666,2.3666666666666667,1.0,1.0,0.0,0.5461538461538461,4,0.5,0.1092307692307692,0.75,0.8,1,dialogue,I JUST REMEMBERED .
1.0,1.0,1.0,0.7,0.0,1.0,1.0,0.9230769230769232,3.156626506024097,21746,0.0007357674974707,0.6666666666666666,1.1,1.0,1.0,0.0,0.85,4,1.0,0.1699999999999999,0.75,0.2199999999999999,1,dialogue,MOVE YOUR FOOT .
1.0,0.7,0.6,0.0,0.0,1.0,0.2,1.0,1.1343283582089552,5092,0.0001963864886095,0.0,0.5,0.0,0.0,0.0,0.3,1,0.6,0.06,0.5,0.1,0,background,O
1.0,0.7,1.0,0.7,0.0,1.0,1.0,0.9473684210526316,1.6397058823529411,30328,0.0017475600105513,0.5555555555555556,1.7777777777777777,1.0,1.0,0.0,0.7147058823529412,12,0.5,0.1429411764705882,1.0,0.3555555555555555,1,dialogue,A - ARE YOU CERTAIN ? YOU'VE YET TO FULLY RECOVER ...
1.0,0.3,0.6,0.7,0.0,1.0,1.0,0.8888888888888888,9.136363636363637,4422,0.0036182722749886,0.6666666666666666,1.3666666666666665,1.0,1.0,0.0,0.3,5,0.5,0.06,0.75,0.2733333333333333,1,dialogue,"OW , MY HEAD ..."
1.0,0.5,1.0,0.0,0.0,1.0,2.0,0.8888888888888888,6.583333333333333,8532,0.0011720581340834,0.0,0.5,1.0,1.0,0.0,0.3,2,1.0,0.06,0.6,0.1,1,dialogue,HAHAHAHA !
1.0,1.0,0.6,1.0,0.0,1.0,2.0,1.0,3.5428571428571427,4340,0.0016129032258064,1.0,2.3,1.0,1.0,0.0,0.3,2,0.5,0.06,3.0,2.5,1,dialogue,HEY ...
1.0,1.0,0.6,1.0,0.0,1.0,1.0,0.9523809523809524,4.2727272727272725,18612,0.0014506769825918,0.8333333333333334,1.7166666666666668,1.0,1.0,0.0,0.5888888888888889,7,1.0,0.1177777777777777,1.0,0.3433333333333334,1,dialogue,DID HE JUST CALL ME LLOYD ?
1.0,1.0,1.0,1.0,0.0,1.0,1.0,0.9090909090909092,2.262295081967213,8418,0.0021382751247327,1.0,2.6333333333333333,1.0,1.0,0.0,1.5625,5,0.5,0.3125,0.75,0.8,1,dialogue,"WELL , YOU SEE ..."
0.8,0.7,0.6,0.0,0.0,1.0,2.0,0.6666666666666666,5.515151515151516,6006,0.0014985014985014,0.0,0.5,1.0,1.0,0.0,0.3,2,1.0,0.06,0.6,0.1,1,dialogue,HUUUUH ?!
1.0,1.0,1.0,1.0,0.0,1.0,0.2,1.0,2.341880341880342,32058,0.0003431280803543,1.0,0.5,0.0,0.0,0.0,0.3,2,0.6,0.06,0.6,0.1,0,background,THUMP THUMP
1.0,1.0,0.6,0.7,0.0,1.0,1.0,0.98,2.3155080213903743,80971,0.0008151066431191,0.75,2.125,1.0,1.0,0.0,0.6468085106382978,14,1.0,0.1293617021276595,1.0,0.8,1,dialogue,"HE TAUGHT HIMSELF TO READ AND WRITE , AS WELL AS LEARN NUMBERS ..."
1.0,1.0,1.0,0.0,0.0,1.0,0.2,1.0,2.3164556962025316,14457,0.0002766825759147,0.0,0.5,0.0,0.0,0.0,0.3,1,0.6,0.06,0.5,0.1,0,background,HUFF
1.0,1.0,1.0,0.0,0.0,1.0,1.0,1.0,2.700854700854701,36972,0.0004598074218327,0.0,0.5,1.0,1.0,0.0,0.6900000000000001,3,0.6,0.138,0.75,0.1,1,dialogue,GRAND MARSHAL ...
1.0,1.0,1.0,1.0,0.0,1.0,1.0,0.9230769230769232,2.0408163265306123,19600,0.0016326530612244,0.8333333333333334,2.3833333333333333,1.0,1.0,0.0,1.1727272727272728,7,0.5,0.2345454545454545,1.0,0.8,1,dialogue,I THOUGHT YOU WOULDN'T BE HERE .
1.0,0.7,1.0,1.0,0.0,1.0,0.2,1.0,1.456896551724138,19604,0.0002040399918384,1.0,0.5,0.0,0.0,0.0,0.3,1,0.6,0.06,0.5,0.1,0,background,TURN
1.0,1.0,1.0,0.7,0.0,1.0,1.0,0.9545454545454546,3.29,32900,0.0009118541033434,0.6666666666666666,1.5833333333333333,1.0,1.0,0.0,0.9526315789473684,8,1.0,0.1905263157894737,1.0,0.3166666666666666,1,dialogue,How ' bout we get outta here ?
1.0,1.0,1.0,0.7,0.0,1.0,1.0,0.9615384615384616,2.0869565217391304,17664,0.0017549818840579,0.6,1.72,1.0,1.0,0.0,0.9608695652173912,6,0.5,0.1921739130434782,1.0,0.344,1,dialogue,UNCONSCIOUS FOR AN ENTIRE DAY .
1.0,0.7,1.0,0.7,0.0,1.0,1.0,0.9090909090909092,1.6326530612244898,15680,0.0017857142857142,0.5,1.7666666666666666,1.0,1.0,0.0,0.3,7,0.5,0.06,1.0,0.3533333333333333,1,dialogue,I'D BUILD IT A PRETTY CAGE .
1.0,0.7,0.6,0.4,0.0,1.0,1.0,0.979591836734694,1.6,54760,0.0011322132943754,0.4,1.58,1.0,1.0,0.0,0.6021739130434782,11,1.0,0.1204347826086956,1.0,0.316,1,dialogue,A SINGLE FIREPLACE ISN'T ENOUGH TO HEAT AN ENTIRE BUILDING ...
1.0,0.3,0.4,0.7,0.0,1.0,1.0,0.967032967032967,0.8738095238095238,154140,0.0007914882574283,0.7307692307692307,2.2153846153846155,1.0,1.0,0.0,0.9767441860465116,29,1.0,0.1953488372093023,0.9,0.8,1,dialogue,"THERE ARE SO MANY THINGS I NEVER HAD THE TIME TO DO . NOW THAT DEATH IS JUST AROUND THE CORNER , I'M KIND OF SAD TO GO ..."
1.0,0.7,0.6,0.7,0.0,1.0,1.0,0.9473684210526316,1.0823529411764703,70380,0.0007104290991759,0.625,1.625,1.0,1.0,0.0,0.8235294117647058,10,1.0,0.1647058823529411,1.0,0.325,1,dialogue,CORPORAL RONAN ... YOU DON'T LOOK SO GOOD EITHER .
1.0,0.7,0.6,0.0,0.0,1.0,0.2,1.0,1.3655172413793104,114840,3.483106931382794e-05,0.0,0.5,0.0,0.0,0.0,0.3,1,0.6,0.06,0.5,0.1,0,background,HACH
1.0,0.3,0.2,1.0,0.0,1.0,0.2,1.0,0.9534883720930232,1763,0.0005672149744753,1.0,4.5,0.0,0.0,0.0,4.2,1,1.0,0.8400000000000001,0.5,1.0,0,background,&
0.0,0.7,0.2,0.0,0.0,0.91,0.2,0.0,1.5,1944,0.000514403292181,0.0,0.5,0.0,0.0,0.09,0.3,1,1.0,0.06,0.5,0.1,0,background,0
1.0,1.0,1.0,0.4,0.0,1.0,1.0,0.9285714285714286,3.2295081967213113,12017,0.0017475243405176,0.3333333333333333,1.1666666666666667,1.0,1.0,0.0,1.2181818181818185,5,0.5,0.2436363636363636,0.75,0.2333333333333333,1,dialogue,OH ... ANOTHER GIFT .
1.0,1.0,1.0,0.7,0.0,1.0,1.0,0.8947368421052632,4.0476190476190474,28560,0.0008053221288515,0.5,1.625,1.0,1.0,0.0,0.8066666666666666,5,1.0,0.1613333333333333,0.75,0.325,1,dialogue,I'M THE PENNY PINCHER .
1.0,0.7,1.0,0.7,0.0,1.0,1.0,0.9230769230769232,1.6288659793814433,15326,0.0021532037061203,0.7142857142857143,2.3428571428571425,1.0,1.0,0.0,0.6454545454545454,8,0.5,0.1290909090909091,1.0,0.8,1,dialogue,I PROMISE I'LL MAKE IT WORTH IT .
1.0,1.0,0.6,0.0,0.0,1.0,2.0,0.8,3.5714285714285716,4375,0.0013714285714285,0.0,0.5,1.0,1.0,0.0,0.3,2,1.0,0.06,0.6,0.1,1,dialogue,VLAD !
1.0,1.0,1.0,0.7,0.0,1.0,1.0,0.9375,3.591549295774648,18105,0.0011046672190002,0.75,2.075,1.0,1.0,0.0,0.4846153846153846,5,1.0,0.0969230769230769,0.75,0.8,1,dialogue,HAVE MY OLD SKILLS .
1.0,0.7,1.0,0.0,0.0,1.0,0.2,1.0,1.83206106870229,31440,0.0001272264631043,0.0,0.5,0.0,0.0,0.0,0.3,1,0.6,0.06,0.5,0.1,0,background,SLAP
1.0,0.7,1.0,0.7,0.0,1.0,0.2,1.0,1.2164179104477613,21842,0.0017397674205658,0.75,2.8375,0.0,0.0,0.0,0.903448275862069,8,0.5,0.1806896551724138,1.0,0.8,1,dialogue,I WONDER IF EVEN THE WALLPAPER WILL BE
1.0,1.0,1.0,0.075,0.0,1.0,1.0,1.0,4.963855421686747,34196,0.000701836472102,0.25,0.95,1.0,1.0,0.0,0.7230769230769231,6,1.0,0.1446153846153846,1.0,0.19,1,dialogue,Y - YOUR SLUMP GRACE ...
1.0,0.7,1.0,0.0,0.0,1.0,0.2,1.0,1.3428571428571427,14805,0.0002026342451874,0.0,0.5,0.0,0.0,0.0,0.3,1,0.6,0.06,0.5,0.1,0,background,TSK
1.0,1.0,1.0,0.7,0.0,1.0,1.0,0.9285714285714286,2.6546762589928057,51291,0.001384258446901,0.7692307692307693,2.0,1.0,1.0,0.0,0.4919999999999999,16,1.0,0.0983999999999999,0.9,0.8,1,dialogue,"to Kardiciel When adorable I he try ignores to talk me . , That's too ."
1.0,0.7,0.6,0.0,0.0,1.0,0.6,0.9,5.869565217391305,3105,0.0035426731078904,0.0,0.5,1.0,0.0,0.0,0.3,2,0.5,0.06,0.6,0.1,1,dialogue,"KARDICIEL ,"
1.0,1.0,1.0,0.7,0.0,1.0,1.0,0.9130434782608696,3.590909090909091,15642,0.0017261219792865,0.75,1.275,1.0,1.0,0.0,1.0894736842105264,5,0.5,0.2178947368421052,0.75,0.255,1,dialogue,IS THIS REALLY HAPPENING ?!
1.0,1.0,0.6,0.0,0.0,1.0,0.2,1.0,2.3333333333333335,5376,0.0007440476190476,0.0,0.5,0.0,0.0,0.0,0.3,1,1.0,0.06,0.5,0.1,0,background,CLOP
1.0,1.0,0.6,0.7,0.0,1.0,1.0,0.9285714285714286,3.455223880597015,62042,0.0003384803842558,0.6666666666666666,1.6,1.0,1.0,0.0,0.8,5,0.6,0.16,0.75,0.3199999999999999,1,dialogue,... YOU LITTLE PUNK !
1.0,1.0,1.0,0.7,0.0,1.0,1.0,0.9545454545454546,2.1313131313131315,20889,0.0013404184020297,0.6666666666666666,2.8333333333333335,1.0,1.0,0.0,0.6473684210526316,7,1.0,0.1294736842105263,1.0,0.8,1,dialogue,I COME TO THE GARDEN OFTEN .
1.0,0.7,1.0,0.0,0.0,1.0,0.2,1.0,1.870967741935484,16182,0.00024718823384,0.0,0.5,0.0,0.0,0.0,0.3,1,0.6,0.06,0.5,0.1,0,background,CLIP
1.0,1.0,1.0,0.0,0.0,1.0,1.0,0.9285714285714286,2.2857142857142856,13552,0.0011806375442739,0.0,0.5,1.0,1.0,0.0,0.3,3,1.0,0.06,0.75,0.1,1,dialogue,SERIEL ROPERAM .
1.0,1.0,0.4,0.0,0.0,1.0,0.6,0.9615384615384616,2.8852459016393444,10736,0.0029806259314456,0.0,0.5,1.0,0.0,0.0,0.5260869565217391,5,0.5,0.1052173913043478,0.75,0.1,0,background,"Script assistance C.tin , C.food"
1.0,1.0,1.0,0.7,0.0,1.0,1.0,0.9285714285714286,2.3278688524590163,8662,0.0019625952435927,0.6666666666666666,2.9,1.0,1.0,0.0,0.5818181818181818,4,0.5,0.1163636363636363,0.75,0.8,1,dialogue,TO HIS LORDSHIP ?
0.0,0.3,0.2,0.0,0.0,0.0,2.0,0.0,0.7777777777777778,567,0.0052910052910052,0.0,0.5,1.0,1.0,1.0,0.3,1,0.3,0.06,0.5,0.1,0,background,...
1.0,0.7,0.6,0.4,0.0,1.0,1.0,0.9879518072289156,1.357429718875502,84162,0.0012000665383427,0.4444444444444444,1.9222222222222225,1.0,1.0,0.0,0.8099999999999999,19,1.0,0.1619999999999999,0.9,0.3844444444444445,1,dialogue,EVERY MAID IN THE ENTIRE MANOR KNOWS THAT HIS LORDSHIP WENT TO THE GARDENS EARLIER THAN USUAL TODAY !
1.0,0.7,1.0,0.0,0.0,1.0,0.2,1.0,1.5208333333333333,31536,0.0002219685438863,0.0,0.5,0.0,0.0,0.0,0.3,1,0.6,0.06,0.5,0.1,0,background,TREMBLE
0.0,0.3,0.2,0.0,0.0,0.91,0.2,0.0,0.8,320,0.003125,0.0,0.5,0.0,0.0,0.09,0.3,1,0.5,0.06,0.5,0.1,0,background,0
1.0,1.0,1.0,0.7,0.0,1.0,1.0,0.9555555555555556,3.4766355140186915,39804,0.0013566475731082,0.6666666666666666,1.711111111111111,1.0,1.0,0.0,0.5512195121951219,10,1.0,0.1102439024390243,1.0,0.3422222222222222,1,dialogue,HE LIKELY WON'T BE SATISFIED UNTIL HE IS COMPENSATED .
1.0,1.0,0.6,0.7,0.0,1.0,1.0,0.96875,2.165745856353591,70952,0.0005778554515728,0.7777777777777778,2.3,1.0,1.0,0.0,0.906896551724138,10,1.0,0.1813793103448276,1.0,0.8,1,dialogue,HOW DARE YOU TALK TO OUR BOSS LIKE THAT !
1.0,0.7,1.0,0.7,0.0,1.0,1.0,0.9285714285714286,1.4891304347826086,50416,0.0006743890828308,0.6666666666666666,1.1166666666666667,1.0,1.0,0.0,1.1416666666666666,7,1.0,0.2283333333333333,1.0,0.2233333333333333,1,dialogue,I DON'T REALLY MIND WORKING HERE .
0.0,0.7,0.2,0.0,0.0,0.01,0.6,0.0,1.6666666666666667,375,0.0026666666666666,0.0,0.5,1.0,0.0,0.99,0.3,1,0.5,0.06,0.5,0.1,0,background,:
1.0,1.0,1.0,0.7,0.0,1.0,1.0,0.8823529411764706,2.43956043956044,20202,0.001039501039501,0.75,1.875,1.0,1.0,0.0,0.4846153846153846,5,1.0,0.0969230769230769,0.75,0.375,1,dialogue,I'LL JUST IGNORE IT .
0.0,0.3,0.2,0.0,0.0,0.01,2.0,0.0,0.4137931034482758,1392,0.0007183908045977,0.0,0.5,1.0,1.0,0.99,0.3,1,1.0,0.06,0.5,0.1,0,background,!
1.0,0.7,0.6,1.0,0.0,1.0,1.0,0.9428571428571428,1.189516129032258,73160,0.0012438490978676,0.8333333333333334,2.566666666666667,1.0,1.0,0.0,1.128125,22,1.0,0.225625,0.9,0.8,1,dialogue,"CIEL , IF YOU HAD A BIRD THAT YOU REALLY , REALLY CARED ABOUT , WHAT WOULD YOU DO WITH IT ?"
1.0,0.7,1.0,1.0,0.0,1.0,1.0,0.9636363636363636,1.3571428571428572,59850,0.0011862990810359,0.8,2.693333333333334,1.0,1.0,0.0,0.8392156862745097,17,1.0,0.1678431372549019,0.9,0.8,1,dialogue,I WROTE A COUPLE OF THINGS DOWN ABOUT YOU ! WOULD YOU LIKE TO READ IT ?
1.0,1.0,1.0,0.0,0.0,1.0,0.2,1.0,2.5494505494505493,21112,0.0003315649867374,0.0,0.5,0.0,0.0,0.0,0.3,1,0.6,0.06,0.5,0.1,0,background,WHIMPER
1.0,0.7,1.0,0.7,0.0,1.0,0.2,1.0,1.463768115942029,27876,0.000394604677859,0.5,0.5,0.0,0.0,0.0,0.3,2,0.6,0.06,0.6,0.1,0,background,CLICK CLACK
1.0,0.7,0.6,0.0,0.0,0.5,0.2,1.0,1.68,4200,0.0007142857142857,0.0,0.5,0.0,0.0,0.5,0.3,1,1.0,0.06,0.5,0.1,1,dialogue,UMM
1.0,1.0,1.0,1.0,0.0,1.0,1.0,0.95,2.1986301369863015,46866,0.0010668715059958,0.8,2.25,1.0,1.0,0.0,0.6194444444444445,11,1.0,0.1238888888888889,1.0,0.8,1,dialogue,COULD THEY NOT GIVE ME AT LEAST A LITTLE CREDIT ?!
1.0,0.7,1.0,1.0,0.0,1.0,1.0,0.85,1.925233644859813,22042,0.0011795662825514,0.8,1.8,1.0,1.0,0.0,0.6199999999999999,7,1.0,0.1239999999999999,1.0,0.36,1,dialogue,"WELL , I GUESS I'M SORRY ."
1.0,0.3,1.0,0.7,0.0,1.0,0.2,1.0,8.416666666666666,4848,0.0030940594059405,0.6666666666666666,3.3333333333333335,0.0,0.0,0.0,0.7636363636363637,3,0.5,0.1527272727272727,0.75,1.0,0,background,To be continued
1.0,1.0,1.0,0.0,0.0,1.0,0.2,1.0,2.0952380952380953,8316,0.0004810004810004,0.0,0.5,0.0,0.0,0.0,0.3,1,0.6,0.06,0.5,0.1,0,background,DUCK
1.0,1.0,1.0,1.0,0.0,1.0,1.0,0.9333333333333332,3.302325581395349,24424,0.0008188666885031,1.0,3.0,1.0,1.0,0.0,0.8583333333333333,6,1.0,0.1716666666666666,1.0,1.0,1,dialogue,IF YOU WORK FOR ME .
1.0,0.7,0.6,0.0,0.0,1.0,0.2,1.0,1.3571428571428572,4256,0.0007048872180451,0.0,0.5,0.0,0.0,0.0,0.3,1,1.0,0.06,0.5,0.1,0,background,iii
1.0,0.3,0.6,0.7,0.0,1.0,1.0,0.9245283018867924,0.8733766233766234,82852,0.0008448800270361,0.6923076923076923,1.7692307692307692,1.0,1.0,0.0,0.951063829787234,17,1.0,0.1902127659574468,0.9,0.3538461538461538,1,dialogue,ACK ! W - WAIT ! I CAME BECAUSE THERE'S SOMETHING I WANT TO SHOW YOU !
1.0,0.7,1.0,0.7,0.0,1.0,1.0,0.9743589743589745,1.9102564102564104,46488,0.0010540354500086,0.6,2.67,1.0,1.0,0.0,0.55,11,1.0,0.11,1.0,0.8,1,dialogue,I WILL SOON RETURN TO THE EMBRACE OF MY CREATOR .
1.0,1.0,1.0,1.0,0.0,1.0,1.0,0.92,2.3125,21312,0.0015484234234234,0.8571428571428571,2.1714285714285713,1.0,1.0,0.0,0.7142857142857143,9,0.5,0.1428571428571428,1.0,0.8,1,dialogue,"AH , IS IT BECAUSE OF HER GRACE ?"
1.0,0.7,1.0,0.7,0.0,1.0,1.0,0.9743589743589745,1.849624060150376,32718,0.0014365181245797,0.625,1.525,1.0,1.0,0.0,0.9416666666666668,9,1.0,0.1883333333333333,1.0,0.305,1,dialogue,IS OUR RELATIONSHIP EVEN WORSE THAN I THOUGHT ?
1.0,0.3,0.6,0.0,0.0,0.5,0.2,1.0,0.5714285714285714,5488,0.0007288629737609,0.0,0.5,0.0,0.0,0.5,0.3,1,1.0,0.06,0.5,0.1,0,background,Cooo
1.0,0.7,1.0,1.0,0.0,1.0,1.0,0.9714285714285714,1.736842105263158,30723,0.0015948963317384,0.8,2.72,1.0,1.0,0.0,0.696875,12,0.5,0.139375,1.0,0.8,1,dialogue,"I WANNA GO , BUT I PROMISED NOT TO BOTHER HIM ..."
1.0,1.0,0.4,0.0666666666666666,0.0,1.0,1.0,0.925,2.0,134162,0.0003950447965891,0.2222222222222222,0.7111111111111111,1.0,1.0,0.0,0.4685714285714285,13,0.6,0.0937142857142857,1.0,0.1422222222222222,1,dialogue,"Eros Whats wrong , mommy - kins ? Eros Party no fun ?"
1.0,0.7,0.6,0.7,0.0,1.0,1.0,0.958904109589041,1.753303964757709,90346,0.0009961702787063,0.6875,1.6625,1.0,1.0,0.0,0.7720588235294118,18,1.0,0.1544117647058823,0.9,0.3325,1,dialogue,OH ! IS THIS ONE OF THOSE WEB NOVELS WHERE I'VE POSSESSED SOMEONE FROM A DIFFERENT WORLD ?
1.0,0.7,1.0,0.0,0.0,1.0,0.2,1.0,1.424778761061947,18193,0.0002748309789479,0.0,0.5,0.0,0.0,0.0,0.3,1,0.6,0.06,0.5,0.1,0,background,AFFLE
1.0,1.0,1.0,0.7,0.0,1.0,0.6,1.0,4.287671232876712,22849,0.0010941397872992,0.6666666666666666,1.9333333333333331,1.0,0.0,0.0,0.7125,7,1.0,0.1425,1.0,0.3866666666666666,1,dialogue,H - HOW DID HE DODGE THAT
1.0,0.7,0.6,0.7,0.0,1.0,1.0,0.959349593495935,1.0380952380952382,103005,0.001495073054706,0.6071428571428571,2.3428571428571425,1.0,1.0,0.0,0.7922413793103449,32,1.0,0.1584482758620689,0.8,0.8,1,dialogue,"He refused but all the the other gifts , that really servants claim the bear one . He he of even my replied likes . to letters He's honestly so adorable !"
1.0,1.0,0.6,0.7,0.0,1.0,1.0,0.9487179487179488,3.1159420289855073,59340,0.000808897876643,0.5,2.025,1.0,1.0,0.0,0.5885714285714285,10,1.0,0.1177142857142857,1.0,0.8,0,background,"HONESTLY , I THINK SHE PUTS APHRODITE TO SHAME ."
1.0,1.0,1.0,0.7,0.0,1.0,1.0,0.9714285714285714,3.509433962264151,39432,0.0011158449989855,0.6666666666666666,2.7555555555555555,1.0,1.0,0.0,0.925,10,1.0,0.185,1.0,0.8,1,dialogue,AND OF COURSE I KNOW WHAT HAPPENS TO LLOYD .
0.0,0.7,0.2,0.0,0.0,0.91,0.2,0.0,1.2,30,0.0333333333333333,0.0,0.5,0.0,0.0,0.09,0.3,1,0.0,0.06,0.5,0.1,0,background,4
1.0,1.0,0.6,0.7,0.0,1.0,1.0,0.9423076923076924,2.9379310344827587,61770,0.0010199125789218,0.5,1.22,1.0,1.0,0.0,0.9106382978723404,12,1.0,0.182127659574468,1.0,0.244,1,dialogue,"I'VE WORKED DAY AND NIGHT WORKING AT CONSTRUCTION SITES , TOO !"
1.0,0.7,0.2,0.0,0.0,1.0,0.2,1.0,1.0,484,0.0041322314049586,0.0,0.5,0.0,0.0,0.0,0.3,1,0.5,0.06,0.5,0.1,0,background,Sa
1.0,0.7,0.6,0.7,0.0,1.0,1.0,0.9736842105263158,1.824561403508772,94848,0.0009910593792172,0.7058823529411765,2.347058823529412,1.0,1.0,0.0,0.9583333333333334,19,1.0,0.1916666666666666,0.9,0.8,1,dialogue,"COMBINE THAT WITH YOUR MISCONDUCT , AND YOU CAN IMAGINE JUST HOW HARD THINGS MUST BE FOR HIM ."
1.0,0.7,1.0,1.0,0.0,1.0,1.0,0.9714285714285714,1.7417218543046358,39713,0.0012842142371515,1.0,2.844444444444445,1.0,1.0,0.0,1.0,11,1.0,0.2,1.0,0.8,1,dialogue,... AND YOU WOULDN'T HAVE BEEN THE FIRST TO DIE ...
0.8,1.0,1.0,1.0,0.0,1.0,1.0,0.6,2.441860465116279,18060,0.001328903654485,1.0,3.625,1.0,1.0,0.0,1.1428571428571428,10,1.0,0.2285714285714285,1.0,1.0,1,dialogue,WHAT DO I DO ? ! ? ! ? !
1.0,0.7,1.0,1.0,0.0,1.0,0.2,1.0,1.5795454545454546,48928,0.0001021909744931,1.0,0.5,0.0,0.0,0.0,0.3,1,0.6,0.06,0.5,0.1,0,background,RAISE
1.0,1.0,1.0,0.7,0.0,1.0,0.2,1.0,2.6724137931034484,8990,0.0017797552836484,0.5,1.5,0.0,0.0,0.0,0.8818181818181817,4,0.5,0.1763636363636363,0.75,0.3,1,dialogue,A FEW DAYS LATER
1.0,0.7,1.0,0.7,0.0,1.0,1.0,0.9315068493150684,1.2571428571428571,55440,0.0016774891774891,0.7058823529411765,2.3000000000000003,1.0,1.0,0.0,0.706060606060606,21,0.5,0.1412121212121212,0.9,0.8,1,dialogue,"NO , NO . I'M NOT IN A RUSH , SO I SHOULD FOCUS ON IMPROVING MY RELATIONSHIP WITH KARDICIEL ."
1.0,0.3,1.0,0.0,0.0,1.0,0.2,1.0,0.8434343434343434,33066,0.0004233956329764,0.0,0.5,0.0,0.0,0.0,0.3,3,0.6,0.06,0.75,0.1,0,background,STEP STEP STEP
1.0,0.3,1.0,0.4,0.0,1.0,0.2,1.0,11.65625,11936,0.0011729222520107,0.3333333333333333,2.0,0.0,0.0,0.0,1.01,3,1.0,0.202,0.75,0.8,1,dialogue,THE ORB ALLOWS
1.0,0.7,0.4,0.7,0.0,1.0,0.6,0.9444444444444444,1.508860759493671,235420,0.0001826522810296,0.5714285714285714,1.4714285714285715,1.0,0.0,0.0,1.15625,8,0.6,0.23125,1.0,0.2942857142857143,1,dialogue,I'VE BEEN LOOKING EVERYWHERE FOR YOU . STEP
1.0,1.0,0.6,1.0,0.0,1.0,0.6,0.95,2.066666666666667,78585,0.0007253292613094,0.9230769230769232,2.8615384615384616,1.0,0.0,0.0,0.7027777777777778,16,1.0,0.1405555555555555,0.9,0.8,1,dialogue,I - I'M NOT SURE ! I - I ONLY THOUGHT IT MIGHT MAKE FOR A
1.0,1.0,0.6,1.0,0.0,1.0,2.0,1.0,2.875,4600,0.0013043478260869,1.0,2.0,1.0,0.0,0.0,0.3,2,1.0,0.06,3.0,2.5,1,dialogue,... Ok
1.0,0.7,1.0,0.7,0.0,1.0,1.0,0.90625,1.8354430379746836,45820,0.0008729812309035,0.5,1.8,1.0,1.0,0.0,0.9518518518518518,9,1.0,0.1903703703703703,1.0,0.36,1,dialogue,"HEY , ASELLE . FORGET ABOUT THAT LOSER ."
1.0,0.7,1.0,0.0,0.0,1.0,0.2,1.0,1.0739130434782609,56810,3.520506953001232e-05,0.0,0.5,0.0,0.0,0.0,0.3,1,0.6,0.06,0.5,0.1,0,background,Hw
0.0,0.7,0.2,0.0,0.0,0.91,0.2,0.0,1.68,1050,0.0019047619047619,0.0,0.5,0.0,0.0,0.09,0.3,1,0.5,0.06,0.5,0.1,0,background,00
1.0,0.3,0.4,0.7,0.0,1.0,0.6,0.9908256880733946,0.942090395480226,472236,0.0002901091826967,0.5,1.768181818181818,1.0,0.0,0.0,0.8349056603773585,24,0.6,0.1669811320754717,0.9,0.3536363636363636,1,dialogue,CAN YOU MAKE SURE THE PENAL SOLDIERS RECEIVE A PROPER BURIAL ? I KNOW THEIR BODIES ARE USUALLY EITHER ABANDONED OR INCINERATED ... SWAAAA
1.0,1.0,0.2,0.0,0.0,1.0,0.2,1.0,2.838709677419355,2728,0.00183284457478,0.0,0.5,0.0,0.0,0.0,1.633333333333333,1,0.5,0.3266666666666666,0.5,0.1,0,background,CLING
1.0,0.7,1.0,0.7,0.0,1.0,1.0,0.9298245614035088,1.7485380116959064,51129,0.0015451113849283,0.6875,2.24375,1.0,1.0,0.0,0.4196078431372548,21,0.5,0.0839215686274509,0.9,0.8,1,dialogue,"I - IF YOU WISH TO PUNISH ME , I - I SHALL GLADLY ACCEPT IT ! I'M TRULY SORRY !"
1.0,0.7,1.0,0.7,0.0,1.0,1.0,0.96875,5.578947368421052,32224,0.0011792452830188,0.5,1.95,1.0,1.0,0.0,0.6586206896551723,7,1.0,0.1317241379310344,1.0,0.39,1,dialogue,TAILORING INSTEAD OF WASTING MY TIME ?
1.0,1.0,1.0,0.0,0.0,1.0,0.2,1.0,2.739130434782609,5796,0.0006901311249137,0.0,0.5,0.0,0.0,0.0,0.3,1,1.0,0.06,0.5,0.1,0,background,Ahem
1.0,1.0,0.6,0.7,0.0,1.0,0.2,1.0,2.3793103448275863,8004,0.0019990004997501,0.75,2.85,0.0,0.0,0.0,1.4181818181818182,4,0.5,0.2836363636363636,0.75,0.8,1,dialogue,I WONDER WHAT HE
1.0,0.7,0.4,1.0,0.0,1.0,0.2,1.0,1.5179063360881542,200013,1.9998700084494507e-05,1.0,0.5,0.0,0.0,0.0,0.3,1,0.6,0.06,0.5,0.1,0,background,SLAM
1.0,1.0,1.0,0.7,0.0,1.0,1.0,0.9375,3.821428571428571,11984,0.0016688918558077,0.5,2.05,1.0,1.0,0.0,0.7846153846153846,5,0.5,0.1569230769230769,0.75,0.8,1,dialogue,IT MY ENTRANCE FEE .
0.0,1.0,0.2,0.0,0.0,0.0,2.0,0.0,4.444444444444445,360,0.0083333333333333,0.0,0.5,1.0,1.0,1.0,0.3,1,0.3,0.06,0.5,0.1,0,background,...
1.0,1.0,0.6,0.7,0.0,1.0,1.0,0.95,3.262857142857143,99925,0.0007805854390793,0.6875,2.075,1.0,1.0,0.0,0.9163636363636364,19,1.0,0.1832727272727272,0.9,0.8,1,dialogue,"I love that one ! Polo shirts aside , I still need you to get your butt here ."
1.0,0.7,1.0,1.0,0.0,1.0,1.0,0.8974358974358975,1.6165413533834587,28595,0.0017835285889141,0.8181818181818182,1.8636363636363635,1.0,1.0,0.0,0.5484848484848486,13,0.5,0.1096969696969697,1.0,0.3727272727272727,1,dialogue,SO WHY AM I MARRIED ? AND WHY DON'T WE GET ALONG ?!
1.0,0.7,1.0,0.4,0.0,1.0,1.0,0.96875,1.6385542168674698,45152,0.0008194542877391,0.4,1.3199999999999998,1.0,1.0,0.0,0.7379310344827585,6,1.0,0.1475862068965517,1.0,0.2639999999999999,1,dialogue,been super protective of Persephone .
1.0,0.7,1.0,0.7,0.0,1.0,1.0,0.926829268292683,1.6015037593984962,28329,0.0019061738854177,0.75,2.566666666666667,1.0,1.0,0.0,0.7250000000000001,14,0.5,0.145,1.0,0.8,1,dialogue,"THAT'S WHY I HAVE A FAVOR TO ASK OF YOU , YOUR GRACE !"
1.0,0.3,0.6,0.0,0.0,1.0,0.2,1.0,20.58823529411765,5950,0.007563025210084,0.0,0.5,0.0,0.0,0.0,0.3857142857142857,8,0.3,0.0771428571428571,1.0,0.1,0,background,Story / Art Team Coconut Original story peril
1.0,0.7,1.0,1.0,0.0,1.0,1.0,0.925925925925926,1.79136690647482,34611,0.0009245615555748,0.8,2.06,1.0,1.0,0.0,1.2869565217391306,6,1.0,0.2573913043478261,1.0,0.8,1,dialogue,SOMETHING'S OFF ABOUT ALL THIS .
1.0,1.0,1.0,1.0,0.0,1.0,1.0,0.9130434782608696,3.8813559322033897,13511,0.0025164680630597,0.8333333333333334,2.6666666666666665,1.0,1.0,0.0,0.3,9,0.5,0.06,0.3,0.8,1,dialogue,WAIT A MINUTE . BACK IN TIME ... ?
1.0,1.0,0.6,0.4,0.0,1.0,1.0,0.9523809523809524,2.183574879227053,93564,0.0005557693129836,0.4,2.03,1.0,1.0,0.0,0.6131578947368421,11,1.0,0.1226315789473684,1.0,0.8,1,dialogue,SPECIAL NOTE DAY ONE OF RONAN'S RETURN TO THE PAST .
1.0,0.7,0.6,0.0,0.0,1.0,0.2,1.0,1.8365384615384617,79456,6.292790978654854e-05,0.0,0.5,0.0,0.0,0.0,0.3,1,0.6,0.06,0.5,0.1,0,background,PLUNK
1.0,0.7,0.6,1.0,0.0,1.0,0.2,1.0,1.759433962264151,79076,5.0584248065152515e-05,1.0,0.5,0.0,0.0,0.0,0.3,1,0.6,0.06,0.5,0.1,0,background,ZOOM
1.0,1.0,1.0,0.7,0.0,1.0,1.0,0.975,2.007633587786259,34453,0.0014802774794647,0.7272727272727273,2.1818181818181817,1.0,1.0,0.0,0.572972972972973,12,1.0,0.1145945945945946,1.0,0.8,1,dialogue,HALF OF OUR EMPIRE IS NOW IN RUINS BECAUSE OF YOU .
1.0,1.0,0.6,0.0,0.0,1.0,0.2,1.0,2.1166666666666667,7620,0.0006561679790026,0.0,0.5,0.0,0.0,0.0,0.3,1,1.0,0.06,0.5,0.1,0,background,THROB
1.0,0.7,1.0,0.7,0.0,1.0,1.0,0.9696969696969696,1.115606936416185,33389,0.0012578993081553,0.7777777777777778,2.288888888888889,1.0,1.0,0.0,0.55,10,1.0,0.11,1.0,0.8,1,dialogue,JUST LOOKING AT IT IS GOOD ENOUGH FOR ME .
1.0,0.7,1.0,0.7,0.0,1.0,1.0,0.9411764705882352,1.291044776119403,23182,0.0017686135795013,0.5714285714285714,1.9428571428571428,1.0,1.0,0.0,0.6766666666666666,8,0.5,0.1353333333333333,1.0,0.3885714285714285,1,dialogue,SHE'S ALSO THE DUCHESS OF HOUSE ROPERAM .
1.0,1.0,1.0,0.7,0.0,1.0,1.0,0.9583333333333334,2.9727272727272727,35970,0.0008062274117319,0.6,1.1,1.0,1.0,0.0,0.7428571428571429,6,1.0,0.1485714285714285,1.0,0.22,1,dialogue,Did Poseidon bring his wife ?
1.0,1.0,1.0,0.7,0.0,1.0,1.0,0.8518518518518519,2.4716981132075473,27772,0.0012242546449661,0.5,1.5,1.0,1.0,0.0,0.8333333333333334,8,1.0,0.1666666666666666,1.0,0.3,1,dialogue,ACK ! WHAT'S WRONG WITH MY LIPS ?!
0.8,1.0,0.6,1.0,0.0,1.0,2.0,0.6,3.84,2400,0.0025,1.0,1.5,1.0,1.0,0.0,0.3,2,0.5,0.06,0.6,0.3,1,dialogue,HUH ?!
1.0,0.7,1.0,0.7,0.0,1.0,1.0,0.963855421686747,1.3413461538461535,58032,0.0017921146953405,0.6842105263157895,1.863157894736842,1.0,1.0,0.0,0.6012820512820513,22,0.5,0.1202564102564102,0.9,0.3726315789473684,1,dialogue,"WOW , THE GARDEN IS SO BEAUTIFUL . SO THIS IS WHAT IT LOOKED LIKE BEFORE KARDICIEL MET THE FEMALE LEAD ."
1.0,0.3,0.6,0.0545454545454545,0.0,1.0,0.6,0.9782608695652174,0.977859778597786,71815,0.0008215553853651,0.1818181818181818,1.2727272727272727,1.0,0.0,0.0,0.7093023255813954,11,1.0,0.1418604651162791,1.0,0.2545454545454545,0,background,"To be continued SC revolution Story / Art C.night , C.shoes"
1.0,1.0,1.0,0.7,0.0,1.0,1.0,0.9761904761904762,2.044776119402985,36716,0.001552456694629,0.7272727272727273,2.1636363636363636,1.0,1.0,0.0,0.7871794871794872,13,0.5,0.1574358974358974,1.0,0.8,1,dialogue,I WAS JUST ... SURPRISED BY WHAT A DEEP THINKER YOU ARE !
1.0,1.0,1.0,1.0,0.0,1.0,0.6,0.9444444444444444,3.5084745762711864,12213,0.0019651191353475,1.0,2.433333333333333,1.0,0.0,0.0,0.4533333333333333,7,0.5,0.0906666666666666,1.0,0.8,1,dialogue,"EVEN SO , I NEED TO MEET"
1.0,1.0,1.0,0.4,0.0,1.0,1.0,1.0,3.6018518518518516,42012,0.0010711225364181,0.4285714285714285,0.5,1.0,1.0,0.0,0.7272727272727273,8,1.0,0.1454545454545454,1.0,0.1,1,dialogue,SOMETHING HAS SEEMED OFF SINCE LAST NIGHT ...
1.0,1.0,1.0,0.7,0.0,1.0,1.0,0.9,4.268656716417911,19162,0.0012524788644191,0.75,1.0,1.0,1.0,0.0,0.8875,5,1.0,0.1775,0.75,0.2,1,dialogue,DON'T MAKE EYE CONTACT !
1.0,1.0,1.0,0.0,0.0,1.0,0.2,1.0,2.34375,9600,0.0004166666666666,0.0,0.5,0.0,0.0,0.0,0.3,1,0.6,0.06,0.5,0.1,0,background,GULP
1.0,1.0,1.0,1.0,0.0,1.0,1.0,0.9230769230769232,3.202127659574468,28294,0.0006008340991022,1.0,2.25,1.0,1.0,0.0,0.3,5,1.0,0.06,0.75,0.8,1,dialogue,WE NEED TO TALK .
1.0,0.7,1.0,0.7,0.0,1.0,1.0,0.9,1.7953216374269003,52497,0.0002285844905423,0.5,1.45,1.0,1.0,0.0,0.3,3,0.6,0.06,0.75,0.29,1,dialogue,ANNOYED NO .
1.0,1.0,1.0,1.0,0.0,1.0,1.0,0.9333333333333332,3.1204819277108435,21497,0.0009303623761455,1.0,3.2,1.0,1.0,0.0,0.4916666666666667,6,1.0,0.0983333333333333,1.0,1.0,1,dialogue,I HAVE TO TELL HIM !
1.0,1.0,1.0,0.7,0.0,1.0,1.0,0.95,3.580246913580247,23490,0.0010217113665389,0.5,1.925,1.0,1.0,0.0,1.0588235294117647,5,1.0,0.2117647058823529,0.75,0.385,1,dialogue,TIME I SWING SOMETHING ?
1.0,1.0,0.6,0.0,0.0,1.0,0.2,0.8571428571428571,4.125,4224,0.0018939393939393,0.0,0.5,0.0,0.0,0.0,0.3,2,0.5,0.06,0.6,0.1,1,dialogue,POINTS )
1.0,0.7,1.0,0.0,0.0,1.0,0.2,1.0,1.5612903225806452,37510,0.0001332977872567,0.0,0.5,0.0,0.0,0.0,2.1333333333333333,1,0.6,0.4266666666666666,0.5,0.1,0,background,PRESS
1.0,1.0,1.0,0.0,0.0,1.0,0.2,1.0,2.536231884057971,12075,0.0004140786749482,0.0,0.5,0.0,0.0,0.0,1.2333333333333334,1,0.6,0.2466666666666666,0.5,0.1,0,background,WINCE
1.0,0.7,1.0,0.7,0.0,1.0,1.0,0.9210526315789472,1.6985294117647058,31416,0.0016233766233766,0.6,2.21,1.0,1.0,0.0,0.3757575757575757,13,0.5,0.0751515151515151,1.0,0.8,1,dialogue,"OHHH , SO IT CAN HAVE A BEAUTIFUL HOME ? HOW NICE !"
1.0,0.7,0.4,0.0,0.0,1.0,0.2,1.0,1.1128133704735377,573682,8.715629913436364e-06,0.0,0.5,0.0,0.0,0.0,0.3,1,0.6,0.06,0.5,0.1,0,background,DUDUN
1.0,1.0,1.0,0.4,0.0,1.0,1.0,0.95,4.172413793103448,14036,0.0016386434881732,0.3333333333333333,1.0666666666666669,1.0,1.0,0.0,0.9764705882352942,4,0.5,0.1952941176470588,0.75,0.2133333333333333,1,dialogue,THAN AMBITIOUS ENOUGH .
1.0,1.0,1.0,0.7,0.0,1.0,1.0,0.9393939393939394,2.6262626262626263,25740,0.0016317016317016,0.5,1.8375,1.0,1.0,0.0,0.4448275862068965,10,0.5,0.0889655172413793,1.0,0.3675,1,dialogue,"DAISY , WHEN IS THE DUKE MEANT TO RETURN ?"
1.0,0.7,1.0,0.0,0.0,1.0,0.2,1.0,1.336,20875,0.0005269461077844,0.0,0.5,0.0,0.0,0.0,0.3,2,1.0,0.06,0.6,0.1,0,background,CLEAN CLEAN
1.0,0.7,1.0,0.0,0.0,1.0,0.2,1.0,1.713450292397661,50103,7.983553879009241e-05,0.0,0.5,0.0,0.0,0.0,0.3,1,0.6,0.06,0.5,0.1,0,background,BEAM
1.0,0.7,1.0,0.0,0.0,1.0,0.2,1.0,1.7416666666666667,25080,0.0001993620414673,0.0,0.5,0.0,0.0,0.0,1.0333333333333334,1,0.6,0.2066666666666667,0.5,0.1,0,background,PAUSE
1.0,0.3,0.2,0.0,0.0,1.0,0.2,1.0,0.9473684210526316,1368,0.0007309941520467,0.0,0.5,0.0,0.0,0.0,0.3,1,1.0,0.06,0.5,0.1,0,background,D
1.0,1.0,1.0,0.4,0.0,1.0,1.0,1.0,3.2808988764044944,25988,0.0008080652608896,0.3333333333333333,2.0,1.0,1.0,0.0,0.6230769230769231,4,1.0,0.1246153846153846,0.75,0.8,1,dialogue,AHAYUTE THE GIANT ...
1.0,0.7,1.0,1.0,0.0,1.0,1.0,0.95,1.489795918367347,14308,0.0017472742521666,1.0,1.64,1.0,1.0,0.0,1.6117647058823528,6,0.5,0.3223529411764705,1.0,0.3279999999999999,1,dialogue,WHAT ARE YOU DOING HERE ?
1.0,1.0,0.2,1.0,0.0,1.0,2.0,1.0,2.8846153846153846,1950,0.0035897435897435,1.0,3.6,1.0,1.0,0.0,0.3,2,0.5,0.06,0.6,1.0,1,dialogue,BUT ...
1.0,0.7,1.0,0.7,0.0,1.0,1.0,0.8846153846153846,1.8333333333333333,16896,0.0018347537878787,0.5,0.95,1.0,1.0,0.0,0.5619047619047619,6,0.5,0.1123809523809523,1.0,0.19,1,dialogue,"HOW'S YOUR INJURY , KARDICIEL ?"
1.0,0.7,1.0,0.7,0.0,1.0,1.0,0.7777777777777778,5.69811320754717,16006,0.0007497188554292,0.5,0.5,1.0,1.0,0.0,0.3,4,1.0,0.06,0.75,0.1,0,background,BBO ! BANG !
1.0,0.7,1.0,0.7,0.0,1.0,1.0,0.8888888888888888,1.8271604938271604,11988,0.0011678345011678,0.6666666666666666,2.4,1.0,1.0,0.0,1.8166666666666669,5,1.0,0.3633333333333333,0.75,0.8,1,dialogue,Y - YOU WHAT ?
1.0,0.7,1.0,1.0,0.0,1.0,1.0,0.9444444444444444,1.5876288659793814,14938,0.0019413576114607,0.8,2.22,1.0,1.0,0.0,0.3,8,0.5,0.06,1.0,0.8,1,dialogue,"PLEASE , M - MAKE IT STOP ..."
1.0,0.7,0.6,0.0,0.0,1.0,0.2,1.0,5.923076923076923,81081,0.0001356668023334,0.0,0.5,0.0,0.0,0.0,0.6666666666666666,1,0.6,0.1333333333333333,0.5,0.1,0,background,Swordmaster
1.0,1.0,1.0,0.075,0.0,1.0,1.0,0.9230769230769232,2.0412371134020617,19206,0.0016140789336665,0.25,1.625,1.0,1.0,0.0,0.4909090909090908,6,0.5,0.0981818181818181,1.0,0.325,1,dialogue,"FETCH THE PHYSICIAN , QUICKLY !"
1.0,0.7,0.6,0.0,0.0,1.0,0.2,1.0,1.7580645161290325,6758,0.000591891092039,0.0,0.5,0.0,0.0,0.0,1.75,1,1.0,0.35,0.5,0.1,0,background,POUT
1.0,0.3,0.2,0.0,0.0,1.0,0.2,1.0,0.9411764705882352,272,0.0036764705882352,0.0,0.5,0.0,0.0,0.0,0.3,1,0.5,0.06,0.5,0.1,0,background,E
1.0,0.7,0.6,1.0,0.0,1.0,1.0,0.9736842105263158,1.738532110091743,82622,0.0006535789499164,0.8888888888888888,2.0999999999999996,1.0,1.0,0.0,0.6371428571428571,11,1.0,0.1274285714285714,1.0,0.8,1,dialogue,IT'S AS IF ... HE IS A COMPLETELY DIFFERENT PERSON ...
1.0,0.7,0.4,0.0,0.0,1.0,0.2,1.0,1.1833333333333331,208740,1.916259461531091e-05,0.0,0.5,0.0,0.0,0.0,0.3,1,0.6,0.06,0.5,0.1,0,background,WHOO
1.0,1.0,1.0,1.0,0.0,1.0,1.0,0.8823529411764706,3.241758241758242,26845,0.0008567703482957,1.0,2.4,1.0,1.0,0.0,1.0,7,1.0,0.2,1.0,0.8,1,dialogue,"then I can go , right ?"
1.0,0.7,1.0,0.0,0.0,1.0,0.2,1.0,1.86,18600,0.0002150537634408,0.0,0.5,0.0,0.0,0.0,0.3,1,0.6,0.06,0.5,0.1,0,background,HUFF
1.0,0.7,1.0,0.0,0.0,1.0,0.2,1.0,1.541899441340782,49404,6.072382803011902e-05,0.0,0.5,0.0,0.0,0.0,4.3,1,0.6,0.86,0.5,0.1,0,background,ING
1.0,0.7,0.6,0.0,0.0,1.0,0.2,1.0,1.561904761904762,68880,5.8072009291521487e-05,0.0,0.5,0.0,0.0,0.0,0.3,1,0.6,0.06,0.5,0.1,0,background,JOLT
1.0,0.7,1.0,1.0,0.0,1.0,1.0,0.8888888888888888,1.5957446808510638,14100,0.001063829787234,1.0,2.8,1.0,1.0,0.0,1.25,4,1.0,0.25,0.75,0.8,1,dialogue,STOP THIS ... !
1.0,1.0,0.2,0.0,0.0,1.0,2.0,0.8333333333333334,4.695652173913044,2484,0.002818035426731,0.0,0.5,1.0,1.0,0.0,0.3,2,0.5,0.06,0.6,0.1,1,dialogue,YUMMY !
1.0,0.7,0.6,0.0,0.0,1.0,0.2,1.0,1.9056603773584904,48177,0.0001452975486227,0.0,0.5,0.0,0.0,0.0,0.3,1,0.6,0.06,0.5,0.1,0,background,FLICKER
1.0,1.0,1.0,0.7,0.0,1.0,1.0,0.8571428571428571,3.0142857142857142,14770,0.0012863913337846,0.75,2.775,1.0,1.0,0.0,0.96,6,1.0,0.192,1.0,0.8,1,dialogue,"YEAH , I GOT THAT ."
1.0,0.7,1.0,1.0,0.0,1.0,1.0,0.95,1.7263157894736842,15580,0.0016046213093709,1.0,3.12,1.0,1.0,0.0,1.1352941176470588,6,0.5,0.2270588235294117,1.0,1.0,1,dialogue,WOULD THAT BE ALL RIGHT ?
0.0,0.7,0.2,0.0,0.0,0.91,0.2,0.0,1.1470588235294117,1326,0.0015082956259426,0.0,0.5,0.0,0.0,0.09,0.3,1,0.5,0.06,0.5,0.1,0,background,39
1.0,1.0,1.0,0.7,0.0,1.0,1.0,0.95,2.2222222222222223,30420,0.0009204470742932,0.6,0.92,1.0,1.0,0.0,0.7000000000000001,6,1.0,0.14,1.0,0.184,1,dialogue,DON'T GIVE ME FALSE HOPE ...
1.0,1.0,1.0,1.0,0.0,1.0,0.6,0.8888888888888888,3.3333333333333335,9720,0.0023662551440329,0.8,1.96,1.0,0.0,0.0,0.9357142857142856,6,0.5,0.1871428571428571,1.0,0.392,1,dialogue,"WELL , THAT'S MY JOB AS"
1.0,1.0,1.0,0.0,0.0,1.0,0.2,1.0,2.4027777777777777,12456,0.0004816955684007,0.0,0.5,0.0,0.0,0.0,0.3,1,0.6,0.06,0.5,0.1,0,background,CLENCH
1.0,0.7,1.0,0.0,0.0,1.0,0.2,1.0,1.1347517730496457,22560,0.0001329787234042,0.0,0.5,0.0,0.0,0.0,0.3,1,0.6,0.06,0.5,0.1,0,background,JMP
1.0,0.7,1.0,1.0,0.0,1.0,0.2,1.0,1.4191176470588236,26248,0.0002285888448643,1.0,2.5,0.0,0.0,0.0,1.08,2,0.6,0.216,0.6,0.8,0,background,GRIN &
1.0,0.7,1.0,0.7,0.0,1.0,1.0,0.95,1.3636363636363635,53460,0.0010288065843621,0.6363636363636364,2.2454545454545456,1.0,1.0,0.0,0.9305555555555556,13,1.0,0.1861111111111111,1.0,0.8,1,dialogue,HEHE ... THERE'S A WHOLE BUNCH OF THINGS I WANT TO DO !
1.0,0.7,1.0,0.7,0.0,1.0,1.0,0.9736842105263158,1.2394366197183098,56232,0.0008891734243846,0.75,2.1,1.0,1.0,0.0,1.3542857142857143,10,1.0,0.2708571428571428,1.0,0.8,1,dialogue,WHAT ARE YOU THINKING ABOUT ? YOU LOOK EXCITED ...
1.0,0.7,1.0,0.7,0.0,1.0,1.0,0.8518518518518519,1.9361702127659577,17108,0.0021042787000233,0.7142857142857143,2.085714285714286,1.0,1.0,0.0,0.5333333333333333,10,0.5,0.1066666666666666,1.0,0.8,1,dialogue,"OH , STOP IT . I'M ALREADY A GONER ."
1.0,1.0,0.6,1.0,0.0,1.0,0.2,1.0,3.2285714285714286,3955,0.0015170670037926,1.0,0.5,0.0,0.0,0.0,0.3,1,0.5,0.06,0.5,0.1,0,background,GIGGLE
1.0,1.0,1.0,0.7,0.0,1.0,1.0,0.9166666666666666,2.5280898876404496,20025,0.0014981273408239,0.6666666666666666,1.7333333333333334,1.0,1.0,0.0,0.8400000000000001,7,1.0,0.168,1.0,0.3466666666666667,1,dialogue,THE BODY ISN'T FAR FROM HERE .
1.0,0.5,0.6,0.7,0.0,1.0,1.0,0.8333333333333334,6.565217391304348,3473,0.0028793550244745,0.5,1.7,1.0,1.0,0.0,2.2666666666666666,4,0.5,0.4533333333333333,0.75,0.3399999999999999,1,dialogue,W - WHAT ?
1.0,0.7,1.0,1.0,0.0,1.0,1.0,0.9523809523809524,1.7794117647058822,32912,0.0016407389402041,0.8181818181818182,2.0,1.0,1.0,0.0,0.7447368421052631,13,0.5,0.1489473684210526,1.0,0.8,1,dialogue,OF COURSE ! THEN LET ME HELP YOU GET READY RIGHT NOW !
1.0,1.0,1.0,0.7,0.0,1.0,0.6,0.8947368421052632,4.172413793103448,14036,0.0017811342262752,0.6,2.18,1.0,0.0,0.0,0.74,7,0.5,0.148,1.0,0.8,1,dialogue,"NOPE , THAT HURT ! I FELT"
1.0,1.0,0.6,1.0,0.0,0.5,2.0,1.0,2.2325581395348837,4128,0.0016957364341085,1.0,1.7,1.0,1.0,0.5,0.3,2,0.5,0.06,3.0,2.5,1,dialogue,WOW ...
1.0,0.7,1.0,0.0,0.0,1.0,0.2,1.0,1.9724770642201832,23435,0.0001706848730531,0.0,0.5,0.0,0.0,0.0,0.3,1,0.6,0.06,0.5,0.1,0,background,HALT
1.0,0.3,0.4,0.7,0.0,1.0,1.0,0.9365079365079364,0.8992042440318302,127803,0.0006024897694107,0.5833333333333334,1.6666666666666667,1.0,1.0,0.0,0.936842105263158,15,1.0,0.1873684210526315,1.0,0.3333333333333333,1,dialogue,"Hera , I've been looking for you everywhere ! You look SO beautiful tonight !"
1.0,0.7,0.6,0.0,0.0,1.0,0.2,1.0,1.0292207792207793,97636,5.121061903396288e-05,0.0,0.5,0.0,0.0,0.0,0.3,1,0.6,0.06,0.5,0.1,0,background,TWIRL
1.0,1.0,1.0,0.7,0.0,1.0,1.0,1.0,3.3174603174603177,13167,0.0014430014430014,0.5,1.5,1.0,1.0,0.0,0.3,5,1.0,0.06,0.75,0.3,1,dialogue,A FEW YEARS AGO ...
1.0,0.7,1.0,0.0,0.0,1.0,0.2,1.0,1.4656084656084656,52353,9.550551066796554e-05,0.0,0.5,0.0,0.0,0.0,0.3,1,0.6,0.06,0.5,0.1,0,background,SPLAT
1.0,0.7,1.0,0.7,0.0,1.0,1.0,0.951219512195122,1.8345864661654137,32452,0.0015099223468507,0.5,1.7,1.0,1.0,0.0,0.9162162162162162,9,0.5,0.1832432432432432,1.0,0.3399999999999999,1,dialogue,ISN'T THIS QUITE IMPRESSIVE FOR SOMEONE HIS AGE ?
1.0,1.0,1.0,1.0,0.0,1.0,1.0,0.9565217391304348,2.021052631578947,18240,0.0016447368421052,0.8571428571428571,2.457142857142857,1.0,1.0,0.0,0.945,8,0.5,0.189,1.0,0.8,1,dialogue,AND WHO WAS THAT WOMAN I SAW ?
1.0,1.0,0.6,0.4,0.0,1.0,1.0,0.9166666666666666,2.1228070175438596,6897,0.0030448020878642,0.3333333333333333,1.7666666666666666,1.0,1.0,0.0,1.0333333333333334,6,0.5,0.2066666666666667,1.0,0.3533333333333333,1,dialogue,TH - THAT VOICE ... !
1.0,1.0,0.6,0.0,0.0,1.0,0.2,1.0,2.068965517241379,6960,0.0008620689655172,0.0,0.5,0.0,0.0,0.0,0.95,1,1.0,0.19,0.5,0.1,0,background,TWITCH
1.0,1.0,1.0,0.0,0.0,1.0,0.2,1.0,2.6724137931034484,35960,0.000222469410456,0.0,0.5,0.0,0.0,0.0,1.3833333333333335,1,0.6,0.2766666666666667,0.5,0.1,0,background,TATTERED
1.0,1.0,1.0,1.0,0.0,1.0,1.0,0.918918918918919,2.9468085106382977,26038,0.0019202703740686,0.8888888888888888,1.822222222222222,1.0,1.0,0.0,1.003125,11,0.5,0.200625,1.0,0.3644444444444444,1,dialogue,THAT'S RIGHT . THAT'S THE KIND OF PERSON HE IS ...
0.0,0.7,0.2,0.0,0.0,0.91,0.2,0.0,1.1071428571428572,868,0.0046082949308755,0.0,0.5,0.0,0.0,0.09,0.3,1,0.5,0.06,0.5,0.1,0,background,1600
1.0,1.0,1.0,0.7,0.0,1.0,1.0,0.979591836734694,2.2888888888888888,41715,0.0015342203044468,0.7272727272727273,2.2363636363636363,1.0,1.0,0.0,0.8130434782608695,13,0.5,0.1626086956521739,1.0,0.8,1,dialogue,YOU COULD ... YOU COULD TRY GOING TO SEE HIS LORDSHIP YOURSELF !
1.0,1.0,1.0,0.0,0.0,1.0,0.2,1.0,4.555555555555555,9225,0.0008672086720867,0.0,0.5,0.0,0.0,0.0,1.3,1,1.0,0.26,0.5,0.1,0,background,CAUTIOUS
1.0,0.7,1.0,0.0,0.0,1.0,0.2,1.0,1.6835443037974684,10507,0.0004758732273722,0.0,0.5,0.0,0.0,0.0,0.3,1,0.6,0.06,0.5,0.1,0,background,THROB
1.0,0.7,0.6,0.0,0.0,0.5,0.2,1.0,1.84,4600,0.0006521739130434,0.0,0.5,0.0,0.0,0.5,0.3,1,1.0,0.06,0.5,0.1,1,dialogue,HAA
1.0,0.7,1.0,0.7,0.0,1.0,1.0,0.9791666666666666,1.5497076023391814,45315,0.001390268123138,0.6363636363636364,2.536363636363636,1.0,1.0,0.0,0.7022222222222223,13,1.0,0.1404444444444444,1.0,0.8,1,dialogue,"A NAME EMERGED FROM THAT ONSLAUGHT OF MEMORIES , AND IT WAS ..."
1.0,0.7,0.6,0.0,0.0,1.0,0.2,1.0,1.5398230088495577,78648,0.0001525785779676,0.0,0.5,0.0,0.0,0.0,0.3,2,0.6,0.06,0.6,0.1,0,background,WOBBLE SHAKE
1.0,0.3,1.0,0.0,0.0,1.0,1.0,0.9166666666666666,10.28,6425,0.0021789883268482,0.0,0.5,1.0,1.0,0.0,0.6666666666666666,3,0.5,0.1333333333333333,0.75,0.1,1,dialogue,MASTER LLOYD .
0.0,1.0,0.2,0.0,0.0,0.91,0.2,0.0,2.8333333333333335,918,0.0032679738562091,0.0,0.5,0.0,0.0,0.09,0.3,1,0.5,0.06,0.5,0.1,0,background,129
1.0,0.3,0.6,0.0,0.0,1.0,0.6,0.9333333333333332,8.333333333333334,4800,0.0041666666666666,0.0,0.5,1.0,0.0,0.0,0.3,4,0.5,0.06,0.75,0.1,0,background,original story . Q10
1.0,0.3,1.0,0.7,0.0,1.0,1.0,0.9090909090909092,8.735294117647058,10098,0.0012873836403248,0.5,2.75,1.0,1.0,0.0,1.625,3,1.0,0.325,0.75,0.8,1,dialogue,THE CANDLES .
1.0,1.0,1.0,0.7,0.0,1.0,1.0,0.9523809523809524,2.111940298507463,37922,0.0014239755287168,0.6363636363636364,2.0363636363636366,1.0,1.0,0.0,0.7131578947368421,13,1.0,0.1426315789473684,1.0,0.8,1,dialogue,"HER GRACE WAS IN AN ACCIDENT , SO SHE NEEDS HER REST ."
1.0,0.3,0.4,0.4,0.0,1.0,0.6,0.9230769230769232,0.9798206278026906,194902,0.0001641850776287,0.4,1.16,1.0,0.0,0.0,0.6590909090909091,7,0.6,0.1318181818181818,0.3,0.2319999999999999,1,dialogue,"WELCOME BACK , YOUR GRACE ! BOWK"
1.0,0.7,1.0,0.7,0.0,1.0,1.0,0.9,1.8522727272727273,14344,0.0009760178471834,0.5,1.4,1.0,1.0,0.0,1.0857142857142856,3,1.0,0.2171428571428571,0.75,0.2799999999999999,1,dialogue,YOUR GRACE !!!
1.0,0.7,0.6,1.0,0.0,1.0,1.0,0.95,1.344186046511628,62135,0.0008046994447573,0.8,2.13,1.0,1.0,0.0,0.9416666666666668,11,1.0,0.1883333333333333,1.0,0.8,1,dialogue,I don't feel like being seen with you in general .
1.0,0.5,0.6,1.0,0.0,1.0,1.0,1.0,7.04,4400,0.0025,1.0,2.5,1.0,1.0,0.0,1.35,3,0.5,0.27,0.75,0.8,1,dialogue,SO THEN ...
1.0,1.0,1.0,1.0,0.0,1.0,1.0,0.92,2.210526315789474,19950,0.0017543859649122,0.8333333333333334,1.1333333333333333,1.0,1.0,0.0,0.9285714285714286,8,0.5,0.1857142857142857,1.0,0.2266666666666666,1,dialogue,... DOES THAT MEAN I'M STUCK HERE ?
1.0,0.7,1.0,0.7,0.0,1.0,1.0,0.9344262295081968,1.884393063583815,56398,0.0013652966417248,0.7333333333333333,2.02,1.0,1.0,0.0,0.989090909090909,17,1.0,0.1978181818181818,0.9,0.8,1,dialogue,"IF THEY'RE ALL CUTE AND NICE THINGS , WHY DON'T YOU SHOW IT TO HIS LORDSHIP ?"
1.0,1.0,0.2,0.0,0.0,1.0,1.0,0.8,3.8260869565217392,2024,0.0049407114624505,0.0,0.5,1.0,1.0,0.0,0.3,3,0.5,0.06,0.75,0.1,1,dialogue,CIEL ... ?
1.0,0.3,0.2,0.0,0.0,1.0,0.2,1.0,0.4523809523809524,798,0.0012531328320802,0.0,0.5,0.0,0.0,0.0,0.3,1,1.0,0.06,0.5,0.1,0,background,J
1.0,0.7,0.6,1.0,0.0,1.0,1.0,0.9534883720930232,1.4153225806451613,87048,0.0012292068743681,0.8,2.145,1.0,1.0,0.0,0.66125,22,1.0,0.13225,0.9,0.8,1,dialogue,I'LL DISPOSE OF IT VERY CAREFULLY TO MAKE SURE HER GRACE DOESN'T FIND OUT . JUST LIKE ALL THE OTHER TIMES .
1.0,0.7,0.6,0.7,0.0,1.0,1.0,0.926829268292683,1.587378640776699,67362,0.0007422582464891,0.75,2.275,1.0,1.0,0.0,1.0777777777777775,10,1.0,0.2155555555555555,1.0,0.8,1,dialogue,"You're coming to the Panathenaea with me , right ?"
1.0,0.7,1.0,0.7,0.0,1.0,1.0,0.935483870967742,1.6015037593984962,28329,0.0013413816230717,0.7142857142857143,1.1285714285714286,1.0,1.0,0.0,0.8407407407407407,8,1.0,0.1681481481481481,1.0,0.2257142857142857,1,dialogue,KIDS REALLY CAN'T HIDE HOW THEY FEEL .
1.0,0.7,1.0,1.0,0.0,1.0,1.0,1.0,1.3958333333333333,12864,0.001865671641791,0.8,2.5200000000000005,1.0,1.0,0.0,0.4785714285714285,6,0.5,0.0957142857142857,1.0,0.8,1,dialogue,IF I WANT TO SURVIVE ...
1.0,0.7,1.0,1.0,0.0,1.0,1.0,0.9545454545454546,1.84375,16992,0.0016478342749529,1.0,3.25,1.0,1.0,0.0,1.3578947368421053,7,0.5,0.271578947368421,1.0,1.0,1,dialogue,WHAT SHOULD I DO WITH THAT ?
1.0,0.7,1.0,0.0,0.0,1.0,0.2,1.0,1.8932038834951457,20085,0.0002987303958177,0.0,0.5,0.0,0.0,0.0,0.3,1,0.6,0.06,0.5,0.1,0,background,RUSTLE
1.0,1.0,1.0,0.7,0.0,1.0,0.2,0.951219512195122,4.5344827586206895,61016,0.0008194571915563,0.7,1.72,0.0,0.0,0.0,0.5135135135135135,10,1.0,0.1027027027027027,1.0,0.344,1,dialogue,I'M SURE HIS HELP I'LL READY LORDSHIP WANTS TO GET
1.0,0.7,1.0,1.0,0.0,1.0,1.0,0.9487179487179488,1.6140350877192982,47196,0.0010382235782693,0.9,1.93,1.0,1.0,0.0,0.9,11,1.0,0.18,1.0,0.386,1,dialogue,I CAN'T REACH THEM WITH MY SWORD FROM DOWN HERE !
1.0,0.7,0.6,1.0,0.0,1.0,0.2,1.0,1.5689655172413792,5278,0.0005683971201212,1.0,0.5,0.0,0.0,0.0,0.3,1,1.0,0.06,0.5,0.1,0,background,SOB
1.0,1.0,0.6,0.0,0.0,1.0,0.2,1.0,2.707692307692308,102960,5.8275058275058275e-05,0.0,0.5,0.0,0.0,0.0,1.125,1,0.6,0.225,0.5,0.1,0,background,LATTER
1.0,0.7,0.6,0.0,0.0,1.0,0.6,1.0,1.1123188405797102,84732,0.0004720766652504,0.0,0.5,1.0,0.0,0.0,0.3,16,0.6,0.06,0.9,0.1,0,background,2445 9.16 ( 8 ) - ( 9 ) ( 1 - ) 2.19 . E
1.0,1.0,0.4,0.4,0.0,1.0,1.0,0.972972972972973,2.0205278592375366,234949,0.0005831052696542,0.4210526315789473,1.7421052631578948,1.0,1.0,0.0,0.9367924528301886,23,1.0,0.1873584905660377,0.9,0.3484210526315789,1,dialogue,"EVERYTHING YOU DESTROYED YESTERDAY , HIS FURNITURE AND DECORATIONS ... THEY WERE ALL PURCHASED WITH THE PUB OWNER'S HARD - EARNED MONEY ."
1.0,0.7,1.0,1.0,0.0,1.0,1.0,0.8823529411764706,1.0523809523809524,46410,0.0014436543848308,0.9230769230769232,2.476923076923077,1.0,1.0,0.0,0.7744186046511627,17,1.0,0.1548837209302325,0.9,0.8,1,dialogue,"OKAY , KARDICIEL . IF YOU DON'T WANT ME TO DO THAT , THEN I WON'T ."
1.0,0.3,0.6,0.0,0.0,1.0,1.0,0.875,8.173913043478262,4324,0.0030064754856614,0.0,0.5,1.0,1.0,0.0,0.3,3,0.5,0.06,0.75,0.1,1,dialogue,... MARSHAL !
1.0,0.7,0.4,0.4,0.0,1.0,0.6,0.9478527607361964,1.4331983805668016,349752,0.00117797753837,0.4545454545454545,1.75,1.0,0.0,0.0,0.7778501628664496,82,1.0,0.1555700325732899,0.8,0.35,1,dialogue,""" WHILE YOU ARE HERE , YOU SHALL RULE ALL THAT LIVES AND MOVES AND SHALL HAVE THE GREATEST RIGHTS AMONG THE DEATHLESS GODS : THOSE WHO DEFRAUD YOU AND DO NOT APPEASE YOUR POWER WITH OFFERINGS , REVERENTLY PERFORMING RITES AND PAYING FIT GIFTS , SHALL BE PUNISHED FOR EVERMORE . "" HADES TO PERSEPHONE HESIOD , THE HOMERIC HYMNS , AND HOMERICA BY HESIOD ; HOMER ; EVELYN - WHITE , HUGH G. ( HUGH GERARD ) , D. 1924"
1.0,0.7,1.0,0.7,0.0,1.0,1.0,0.9666666666666668,5.681818181818182,24750,0.0016161616161616,0.7142857142857143,1.8285714285714287,1.0,1.0,0.0,0.8444444444444444,8,0.5,0.1688888888888889,1.0,0.3657142857142857,1,dialogue,I HAVEN'T EVEN HAD ANYTHING TO DRINK ...
1.0,0.7,1.0,1.0,0.0,1.0,0.2,1.0,1.7272727272727273,13376,0.0002990430622009,1.0,0.5,0.0,0.0,0.0,0.3,1,0.6,0.06,0.5,0.1,0,background,TURN
1.0,0.7,0.6,0.7,0.0,1.0,1.0,0.8461538461538461,1.9166666666666667,6900,0.0021739130434782,0.5,0.5,1.0,1.0,0.0,1.0333333333333334,3,0.5,0.2066666666666667,0.75,0.1,1,dialogue,THAT'S ENOUGH .
