sample_id,timestamp,text,score,auto_label,label,needs_review,text_length,word_count_raw,panel_id,bbox_x,bbox_y,bbox_width,bbox_height,feature_alphabet_ratio,feature_aspect_ratio,feature_bbox_area,feature_dictionary_ratio,feature_is_timestamp,feature_ocr_noise,feature_punctuation,feature_raw_alpha_ratio,feature_raw_aspect_ratio,feature_raw_bbox_area,feature_raw_density,feature_raw_dict_ratio,feature_raw_freq_score,feature_raw_has_any_punct,feature_raw_has_punctuation,feature_raw_noise,feature_raw_trigram,feature_raw_word_count,feature_text_density,feature_trigram_score,feature_word_count,feature_word_frequency,image_width,image_height,threshold_used,source_file,source_sample_id
0,2026-09-28T10:00:32.619714,WHOO,0.4212,background,background,False,4,1,0,0,0,497,420,1.0,0.7,0.4,0.0,,1.0,0.2,1.0,1.1833333333333331,208740,1.916259461531091e-05,0.0,0.5,0.0,0.0,0.0,0.3,1,0.6,0.06,0.5,0.1,800,1000,0.6,collected_chapter_01.csv,0
1,2026-09-28T10:00:32.619946,129,0.2175,background,background,False,3,1,1,0,0,51,23,0.0,1.0,0.2,0.0,,0.91,0.2,0.0,2.217391304347826,1173,0.0025575447570332,0.0,0.5,0.0,0.0,0.09,0.3,1,0.5,0.06,0.5,0.1,800,1000,0.6,collected_chapter_01.csv,1
2,2026-09-28T10:00:32.620116,FLAP,0.4212,background,background,False,4,1,2,0,0,698,477,1.0,0.7,0.4,0.0,,1.0,0.2,1.0,1.4633123689727463,332946,1.2013960221777706e-05,0.0,0.5,0.0,0.0,0.0,0.3,1,0.6,0.06,0.5,0.1,800,1000,0.6,collected_chapter_01.csv,2
3,2026-09-28T10:00:32.620369,MY NAME IS SUHO KIM .,0.6398,,dialogue,False,21,6,4,0,0,391,26,1.0,0.3,1.0,0.4,,1.0,1.0,0.9375,15.038461538461538,10166,0.0020657092268345,0.4,1.02,1.0,1.0,0.0,0.3,6,0.5,0.06,1.0,0.204,800,1000,0.6,collected_chapter_01.csv,3
4,2026-09-28T10:00:32.620631,BBO ! BANG !,0.7217,dialogue,background,False,12,4,7,0,0,302,53,1.0,0.7,1.0,0.7,,1.0,1.0,0.7777777777777778,5.69811320754717,16006,0.0007497188554292,0.5,0.5,1.0,1.0,0.0,0.3,4,1.0,0.06,0.75,0.1,800,1000,0.6,collected_chapter_01.csv,4
5,2026-09-28T10:00:32.620710,GGO !,0.6972,,background,False,5,2,7,0,0,86,26,1.0,1.0,0.2,0.0,,1.0,2.0,0.75,3.3076923076923075,2236,0.0022361359570661,0.0,0.5,1.0,1.0,0.0,0.3,2,0.5,0.06,0.6,0.1,800,1000,0.6,collected_chapter_01.csv,5
6,2026-09-28T10:00:32.620781,HA !,0.6572,,dialogue,False,4,2,7,0,0,57,27,0.8,1.0,0.2,0.0,,1.0,2.0,0.6666666666666666,2.111111111111111,1539,0.0025990903183885,0.0,0.5,1.0,1.0,0.0,0.3,2,0.5,0.06,0.6,0.1,800,1000,0.6,collected_chapter_01.csv,6
7,2026-09-28T10:00:32.621094,"NO , IN THIS WORLD , MY NAME IS LLOYD FRONTERA !",0.7974,dialogue,dialogue,False,48,12,8,0,0,326,144,1.0,1.0,1.0,0.7,,1.0,1.0,0.918918918918919,2.263888888888889,46944,0.0010224948875255,0.6666666666666666,1.7777777777777777,1.0,1.0,0.0,0.646875,12,1.0,0.129375,1.0,0.3555555555555555,800,1000,0.6,collected_chapter_01.csv,7
8,2026-09-28T10:00:32.621302,AND THIS IS THE STORY ...,0.8671,dialogue,dialogue,False,25,6,9,0,0,208,66,1.0,1.0,1.0,1.0,,1.0,1.0,1.0,3.1515151515151514,13728,0.0018210955710955,0.8,2.82,1.0,1.0,0.0,1.22,6,0.5,0.244,1.0,0.8,800,1000,0.6,collected_chapter_01.csv,8
9,2026-09-28T10:00:32.621378,TWIRL,0.4272,background,background,False,5,1,9,0,0,317,308,1.0,0.7,0.6,0.0,,1.0,0.2,1.0,1.0292207792207793,97636,5.121061903396288e-05,0.0,0.5,0.0,0.0,0.0,0.3,1,0.6,0.06,0.5,0.1,800,1000,0.6,collected_chapter_01.csv,9
10,2026-09-28T10:00:32.621504,SLAM,0.5712,,background,False,4,1,12,0,0,480,291,1.0,0.7,0.4,1.0,,1.0,0.2,1.0,1.649484536082474,139680,2.86368843069874e-05,1.0,0.5,0.0,0.0,0.0,0.3,1,0.6,0.06,0.5,0.1,800,1000,0.6,collected_chapter_01.csv,10
11,2026-09-28T10:00:32.621647,822222227,0.2185,background,background,False,9,1,16,0,0,607,374,0.0,0.7,0.4,0.0,,0.91,0.2,0.0,1.6229946524064172,227018,3.9644433481045555e-05,0.0,0.5,0.0,0.0,0.09,0.3,1,0.6,0.06,0.5,0.1,800,1000,0.6,collected_chapter_01.csv,11
12,2026-09-28T10:00:32.621782,"i """,0.6707,,background,False,3,2,17,0,0,41,57,0.8,0.3,0.2,1.0,,0.4499999999999999,0.2,0.5,0.7192982456140351,2337,0.0012836970474967,1.0,4.2,0.0,0.0,0.55,0.3,2,1.0,0.06,0.6,1.0,800,1000,0.6,collected_chapter_01.csv,12
13,2026-09-28T10:00:32.622036,... OF HOW YOUR AVERAGE CIVIL ENGINEERING STUDENT ...,0.7349,dialogue,dialogue,False,53,9,18,0,0,356,144,1.0,1.0,0.6,0.4,,1.0,1.0,1.0,2.4722222222222223,51264,0.0010338639200998,0.4285714285714285,1.557142857142857,1.0,1.0,0.0,0.7297297297297297,9,1.0,0.1459459459459459,1.0,0.3114285714285714,800,1000,0.6,collected_chapter_01.csv,13
14,2026-09-28T10:00:32.622256,... TURNED AN ENTIRE WORLD UPSIDE DOWN !,0.719,dialogue,dialogue,False,40,8,20,0,0,245,105,1.0,1.0,1.0,0.7,,1.0,1.0,0.9666666666666668,2.3333333333333335,25725,0.0015549076773566,0.5,0.9333333333333332,1.0,1.0,0.0,0.4296296296296296,8,0.5,0.0859259259259259,1.0,0.1866666666666666,800,1000,0.6,collected_chapter_01.csv,14
15,2026-09-28T10:00:32.622374,WHOOOOSH,0.5862,,background,False,8,1,21,0,0,506,247,1.0,1.0,0.4,1.0,,1.0,0.2,1.0,2.048582995951417,124982,6.400921732729513e-05,1.0,0.5,0.0,0.0,0.0,0.3,1,0.6,0.06,0.5,0.1,800,1000,0.6,collected_chapter_01.csv,15
16,2026-09-28T10:00:32.622573,JAVIER .,0.5592,,dialogue,False,8,2,23,0,0,123,28,1.0,1.0,0.6,0.0,,1.0,1.0,0.8571428571428571,4.392857142857143,3444,0.0023228803716608,0.0,0.5,1.0,1.0,0.0,0.3,2,0.5,0.06,0.6,0.1,800,1000,0.6,collected_chapter_01.csv,16
17,2026-09-28T10:00:32.622670,"YES , MASTER LLOYD ?",0.7126,dialogue,dialogue,False,20,5,23,0,0,216,68,1.0,1.0,1.0,0.4,,1.0,1.0,0.875,3.176470588235294,14688,0.0013616557734204,0.3333333333333333,1.0666666666666669,1.0,1.0,0.0,0.5750000000000001,5,1.0,0.115,0.75,0.2133333333333333,800,1000,0.6,collected_chapter_01.csv,17
18,2026-09-28T10:00:32.622816,THIS IS ...,0.8196,dialogue,dialogue,False,11,3,24,0,0,146,23,1.0,0.5,0.6,1.0,,1.0,1.0,1.0,6.3478260869565215,3358,0.0032757593805836,1.0,2.05,1.0,1.0,0.0,1.725,3,0.5,0.345,0.75,0.8,800,1000,0.6,collected_chapter_01.csv,18
19,2026-09-28T10:00:32.622971,... ALL MONEY !,0.7018,dialogue,dialogue,False,15,4,25,0,0,235,29,1.0,0.3,1.0,0.7,,1.0,1.0,0.8888888888888888,8.10344827586207,6815,0.0022010271460014,0.5,1.75,1.0,1.0,0.0,1.2,4,0.5,0.24,0.75,0.35,800,1000,0.6,collected_chapter_01.csv,19
20,2026-09-28T10:00:32.623126,BWA,0.4542,,background,False,3,1,26,0,0,337,125,1.0,1.0,1.0,0.0,,1.0,0.2,1.0,2.696,42125,7.12166172106825e-05,0.0,0.5,0.0,0.0,0.0,0.3,1,0.6,0.06,0.5,0.1,800,1000,0.6,collected_chapter_01.csv,20
21,2026-09-28T10:00:32.623207,HA HA,0.3992,background,background,False,5,2,26,0,0,265,303,1.0,0.3,0.6,0.0,,0.5,0.2,1.0,0.8745874587458746,80295,6.227037798119434e-05,0.0,0.5,0.0,0.0,0.5,0.3,2,0.6,0.06,0.6,0.1,800,1000,0.6,collected_chapter_01.csv,21
22,2026-09-28T10:00:32.623278,129,0.2175,background,background,False,3,1,26,0,0,51,18,0.0,1.0,0.2,0.0,,0.91,0.2,0.0,2.8333333333333335,918,0.0032679738562091,0.0,0.5,0.0,0.0,0.09,0.3,1,0.5,0.06,0.5,0.1,800,1000,0.6,collected_chapter_01.csv,22
23,2026-09-28T10:00:32.623479,"HAVE YOU FINALLY LOST IT , SIR ?",0.8633,dialogue,dialogue,False,32,8,27,0,0,282,106,1.0,1.0,1.0,0.7,,1.0,1.0,0.92,2.660377358490566,29892,0.0010705205406128,0.5,2.2666666666666666,1.0,1.0,0.0,0.5904761904761905,8,1.0,0.1180952380952381,1.0,0.8,800,1000,0.6,collected_chapter_01.csv,23
24,2026-09-28T10:00:32.623626,THE GREATEST TCTATT,0.6278,,background,False,19,3,28,0,0,732,166,1.0,1.0,0.4,0.4,,1.0,0.2,1.0,4.409638554216867,121512,0.0001563631575482,0.3333333333333333,2.0,0.0,0.0,0.0,0.9466666666666668,3,0.6,0.1893333333333333,0.75,0.8,800,1000,0.6,collected_chapter_01.csv,24
25,2026-09-28T10:00:32.623971,ES AIE DEVELOPER,0.4564,,background,False,16,3,29,0,0,642,179,1.0,1.0,0.4,0.0,,1.0,0.2,1.0,3.5865921787709496,114918,0.0001392297116204,0.0,0.5,0.0,0.0,0.0,0.4916666666666667,3,0.6,0.0983333333333333,0.75,0.1,800,1000,0.6,collected_chapter_01.csv,25
26,2026-09-28T10:00:32.624065,V Adaptation : Lee hyunmin,0.5271,,background,False,26,5,29,0,0,228,47,1.0,1.0,1.0,0.0,,1.0,0.6,0.9545454545454546,4.851063829787234,10716,0.0024262784621127,0.0,0.5,1.0,0.0,0.0,0.6842105263157895,5,0.5,0.1368421052631579,0.75,0.1,800,1000,0.6,collected_chapter_01.csv,26
27,2026-09-28T10:00:32.624148,Original Story :,0.4647,,background,False,16,3,29,0,0,126,20,1.0,0.5,0.6,0.0,,1.0,0.6,0.9285714285714286,6.3,2520,0.0063492063492063,0.0,0.5,1.0,0.0,0.0,0.3,3,0.3,0.06,0.75,0.1,800,1000,0.6,collected_chapter_01.csv,27
28,2026-09-28T10:00:32.624225,Art : Kim Hyunsoo,0.4547,,background,False,17,4,29,0,0,160,19,1.0,0.3,0.6,0.0,,1.0,0.6,0.9285714285714286,8.421052631578947,3040,0.0055921052631578,0.0,0.5,1.0,0.0,0.0,0.3,4,0.3,0.06,0.75,0.1,800,1000,0.6,collected_chapter_01.csv,28
29,2026-09-28T10:00:32.624381,XX,0.3852,background,background,False,2,1,31,0,0,18,15,1.0,0.7,0.2,0.0,,1.0,0.2,1.0,1.2,270,0.0074074074074074,0.0,0.5,0.0,0.0,0.0,0.3,1,0.3,0.06,0.5,0.1,800,1000,0.6,collected_chapter_01.csv,29
30,2026-09-28T10:00:32.624471,A FEW YEARS AGO ...,0.7667,dialogue,dialogue,False,19,5,31,0,0,209,63,1.0,1.0,1.0,0.7,,1.0,1.0,1.0,3.3174603174603177,13167,0.0014430014430014,0.5,1.5,1.0,1.0,0.0,0.3,5,1.0,0.06,0.75,0.3,800,1000,0.6,collected_chapter_01.csv,30
31,2026-09-28T10:00:32.624898,"DING ALARM YOU HAVE BEEN CHOSEN TO HAVE A RANDOM WISH GRANTED BY THE "" ABSOLUTE "" !",0.7841,dialogue,dialogue,False,83,18,32,0,0,583,467,1.0,0.7,0.4,0.7,,1.0,1.0,0.984375,1.2483940042826551,272261,0.0003048545329665,0.5333333333333333,2.26,1.0,1.0,0.0,0.6524590163934426,18,0.6,0.1304918032786885,0.9,0.8,800,1000,0.6,collected_chapter_01.csv,31
32,2026-09-28T10:00:32.624959,DONG,0.4546,,background,False,4,1,32,0,0,262,145,1.0,0.7,1.0,0.0,,1.0,0.2,1.0,1.806896551724138,37990,0.0001052908660173,0.0,0.5,0.0,0.0,0.0,1.4,1,0.6,0.2799999999999999,0.5,0.1,800,1000,0.6,collected_chapter_01.csv,32
33,2026-09-28T10:00:32.625155,DING CONGRATS :) CLAP CLAP CLAP DONG,0.5212,,background,False,36,7,33,0,0,708,492,1.0,0.7,0.4,0.0,,1.0,0.6,0.9333333333333332,1.4390243902439024,348336,0.000103348491112,0.0,0.5,1.0,0.0,0.0,0.6538461538461539,7,0.6,0.1307692307692307,1.0,0.1,800,1000,0.6,collected_chapter_01.csv,33
34,2026-09-28T10:00:32.625304,CLAP CONGRATS CLAP CLAP,0.429,background,background,False,23,4,34,0,0,77,149,1.0,0.3,1.0,0.0,,1.0,0.2,1.0,0.5167785234899329,11473,0.0020047067026932,0.0,0.5,0.0,0.0,0.0,0.4666666666666667,4,0.5,0.0933333333333333,0.75,0.1,800,974,0.6,collected_chapter_01.csv,34
35,2026-09-28T10:00:32.625612,"YOU ARE NOW A CHARACTER OF "" KNIGHT OF BLOOD AND IRON . """,0.7936,dialogue,dialogue,False,57,14,35,0,0,330,133,1.0,1.0,0.6,0.7,,1.0,0.6,0.9534883720930232,2.481203007518797,43890,0.0012987012987012,0.6363636363636364,2.4272727272727272,1.0,0.0,0.0,0.7564102564102564,14,1.0,0.1512820512820512,1.0,0.8,800,600,0.6,collected_chapter_01.csv,35
36,2026-09-28T10:00:32.626268,KNIGHT OF BLOOD AND IRON ... ? THE BOOK I READ LAST NIGHT ... ?,0.7929,dialogue,dialogue,False,63,15,36,0,0,399,144,1.0,1.0,0.6,0.7,,1.0,1.0,0.9534883720930232,2.7708333333333335,57456,0.0010964912280701,0.5454545454545454,1.981818181818182,1.0,1.0,0.0,0.7461538461538462,15,1.0,0.1492307692307692,1.0,0.3963636363636363,800,1000,0.6,collected_chapter_01.csv,36
37,2026-09-28T10:00:32.626378,"OF NOW YOU "" A KNIGHT CHARACTER ARE AND OF IRON BLOOD",0.6615,,dialogue,False,53,12,36,0,0,124,147,1.0,0.3,1.0,0.7,,1.0,0.2,1.0,0.8435374149659864,18228,0.0029076146587667,0.6363636363636364,2.4272727272727272,0.0,0.0,0.0,0.8179487179487179,12,0.5,0.1635897435897436,1.0,0.8,800,1000,0.6,collected_chapter_01.csv,37
38,2026-09-28T10:00:32.626613,GOOD LUCK ! YOU'VE GOT THIS ! YEAH ! POR,0.669,,dialogue,False,40,10,37,0,0,508,227,1.0,1.0,0.4,0.7,,1.0,0.6,0.8709677419354839,2.237885462555066,115316,0.0003468729404419,0.5714285714285714,1.4285714285714286,1.0,0.0,0.0,0.6559999999999999,10,0.6,0.1311999999999999,1.0,0.2857142857142857,800,1000,0.6,collected_chapter_01.csv,38
39,2026-09-28T10:00:32.626939,A WISH ? GOOD LUCK WITH WHAT ?,0.8675,dialogue,dialogue,False,30,8,38,0,0,293,105,1.0,1.0,1.0,0.7,,1.0,1.0,0.9130434782608696,2.7904761904761903,30765,0.0009751340809361,0.6666666666666666,2.433333333333333,1.0,1.0,0.0,0.8894736842105262,8,1.0,0.1778947368421052,1.0,0.8,800,1000,0.6,collected_chapter_01.csv,39
40,2026-09-28T10:00:32.627032,I HAVEN'T EVEN HAD ANYTHING TO DRINK ...,0.7367,dialogue,dialogue,False,40,8,38,0,0,375,66,1.0,0.7,1.0,0.7,,1.0,1.0,0.9666666666666668,5.681818181818182,24750,0.0016161616161616,0.7142857142857143,1.8285714285714287,1.0,1.0,0.0,0.8444444444444444,8,0.5,0.1688888888888889,1.0,0.3657142857142857,800,1000,0.6,collected_chapter_01.csv,40
41,2026-09-28T10:00:32.627439,OH ! IS THIS ONE OF THOSE WEB NOVELS WHERE I'VE POSSESSED SOMEONE FROM A DIFFERENT WORLD ?,0.7617,dialogue,dialogue,False,90,18,39,0,0,398,227,1.0,0.7,0.6,0.7,,1.0,1.0,0.958904109589041,1.753303964757709,90346,0.0009961702787063,0.6875,1.6625,1.0,1.0,0.0,0.7720588235294118,18,1.0,0.1544117647058823,0.9,0.3325,800,1000,0.6,collected_chapter_01.csv,41
42,2026-09-28T10:00:32.627761,AM I IN A DIFFERENT WORLD ?!,0.9094,dialogue,dialogue,False,28,7,40,0,0,263,106,1.0,1.0,1.0,1.0,,1.0,1.0,0.9090909090909092,2.481132075471698,27878,0.001004376210632,1.0,2.4333333333333336,1.0,1.0,0.0,0.6722222222222222,7,1.0,0.1344444444444444,1.0,0.8,800,1000,0.6,collected_chapter_01.csv,42
43,2026-09-28T10:00:32.628103,SO THEN ...,0.8144,dialogue,dialogue,False,11,3,41,0,0,176,25,1.0,0.5,0.6,1.0,,1.0,1.0,1.0,7.04,4400,0.0025,1.0,2.5,1.0,1.0,0.0,1.35,3,0.5,0.27,0.75,0.8,800,1000,0.6,collected_chapter_01.csv,43
44,2026-09-28T10:00:32.628228,... WHY AM I WAKING UP FACE DOWN ON A DIRT,0.7365,dialogue,dialogue,False,42,11,41,0,0,288,108,1.0,1.0,1.0,0.7,,1.0,0.6,1.0,2.6666666666666665,31104,0.0013503086419753,0.7,1.84,1.0,0.0,0.0,0.4481481481481481,11,1.0,0.0896296296296296,1.0,0.368,800,1000,0.6,collected_chapter_01.csv,44
45,2026-09-28T10:00:32.628385,ROAD ?!,0.6542,,dialogue,False,7,2,42,0,0,117,22,0.8,0.7,0.6,0.0,,1.0,2.0,0.6666666666666666,5.318181818181818,2574,0.0027195027195027,0.0,0.5,1.0,1.0,0.0,0.3,2,0.5,0.06,0.6,0.1,800,1000,0.6,collected_chapter_01.csv,45
46,2026-09-28T10:00:32.628969,UGH ... IT'S FREEZING ...,0.7074,dialogue,dialogue,False,25,5,43,0,0,192,65,1.0,1.0,1.0,0.7,,1.0,1.0,0.9333333333333332,2.953846153846154,12480,0.0020032051282051,0.6666666666666666,1.0333333333333334,1.0,1.0,0.0,0.6333333333333333,5,0.5,0.1266666666666666,0.75,0.2066666666666667,800,1000,0.6,collected_chapter_01.csv,46
47,2026-09-28T10:00:32.629038,SHIVER,0.4581,,background,False,6,1,43,0,0,229,152,1.0,0.7,1.0,0.0,,1.0,0.2,1.0,1.506578947368421,34808,0.0001723741668581,0.0,0.5,0.0,0.0,0.0,1.65,1,0.6,0.3299999999999999,0.5,0.1,800,1000,0.6,collected_chapter_01.csv,47
48,2026-09-28T10:00:32.629272,ACK ! WHAT'S WRONG WITH MY LIPS ?!,0.7917,dialogue,dialogue,False,34,8,44,0,0,262,106,1.0,1.0,1.0,0.7,,1.0,1.0,0.8518518518518519,2.4716981132075473,27772,0.0012242546449661,0.5,1.5,1.0,1.0,0.0,0.8333333333333334,8,1.0,0.1666666666666666,1.0,0.3,800,1000,0.6,collected_chapter_01.csv,48
49,2026-09-28T10:00:32.629377,DING,0.4672,,background,False,4,1,45,0,0,234,165,1.0,0.7,1.0,0.0,,1.0,0.2,1.0,1.4181818181818182,38610,0.0001036001036001,0.0,0.5,0.0,0.0,0.0,2.3,1,0.6,0.4599999999999999,0.5,0.1,800,1000,0.6,collected_chapter_01.csv,49
50,2026-09-28T10:00:32.629861,HEALTH ALERT ! YOUR JAW HAS GONE OUT OF PLACE FROM SLEEPING ON THE GROUND ! ( LAUGH ) DONG,0.6561,,dialogue,False,90,20,46,0,0,525,465,1.0,0.7,0.4,0.7,,1.0,0.6,0.9710144927536232,1.1290322580645162,244125,0.00036866359447,0.5625,1.6875,1.0,0.0,0.0,0.7507692307692307,20,0.6,0.1501538461538461,0.9,0.3375,800,1000,0.6,collected_chapter_01.csv,50
51,2026-09-28T10:00:32.630169,I KNOW THAT ! THESE ALERTS ARE TICKING ME OFF !,0.7899,dialogue,dialogue,False,47,11,47,0,0,341,147,1.0,1.0,0.6,0.7,,1.0,1.0,0.945945945945946,2.3197278911564627,50127,0.0009376184491391,0.7777777777777778,1.7777777777777777,1.0,1.0,0.0,0.9666666666666668,11,1.0,0.1933333333333333,1.0,0.3555555555555555,800,1000,0.6,collected_chapter_01.csv,51
52,2026-09-28T10:00:32.630242,www.rck KYAA !,0.5387,,background,False,14,3,47,0,0,334,410,1.0,0.3,0.4,0.0,,1.0,1.0,0.9,0.8146341463414634,136940,0.0001022345552796,0.0,0.5,1.0,1.0,0.0,0.3,3,0.6,0.06,0.75,0.1,800,1000,0.6,collected_chapter_01.csv,52
53,2026-09-28T10:00:32.630547,SO I GET THAT I'VE TAKEN OVER SOME CHARACTER IN THIS STORY ...,0.8547,dialogue,dialogue,False,62,13,48,0,0,408,148,1.0,1.0,0.6,0.7,,1.0,1.0,0.9787234042553192,2.756756756756757,60384,0.0010267620561738,0.75,2.3666666666666667,1.0,1.0,0.0,0.8386363636363636,13,1.0,0.1677272727272727,1.0,0.8,800,1000,0.6,collected_chapter_01.csv,53
54,2026-09-28T10:00:32.630910,A THIS THIS IS IS ? DREAM REAL ... ? FOR,0.7962,dialogue,dialogue,False,40,11,49,0,0,213,153,1.0,0.7,1.0,0.7,,1.0,0.6,0.925925925925926,1.392156862745098,32589,0.0012274080211114,0.75,2.2125,1.0,0.0,0.0,1.1565217391304348,11,1.0,0.2313043478260869,1.0,0.8,800,1000,0.6,collected_chapter_01.csv,54
55,2026-09-28T10:00:32.630995,WHO HAVE I TAKEN OVER ? IN,0.8766,dialogue,dialogue,False,26,7,49,0,0,303,66,1.0,1.0,1.0,1.0,,1.0,0.6,0.95,4.590909090909091,19998,0.0013001300130013,0.8333333333333334,3.016666666666667,1.0,0.0,0.0,0.4705882352941176,7,1.0,0.0941176470588235,1.0,1.0,800,1000,0.6,collected_chapter_01.csv,55
56,2026-09-28T10:00:32.631763,""" KNIGHT OF BLOOD AND IRON "" ... THE ONLY PERSON WHO LIVED IN THE MIDDLE OF NOWHERE AND FELL ASLEEP ON THE GROUND WAS ...",0.8421,dialogue,dialogue,False,121,26,50,0,0,658,314,1.0,1.0,0.4,0.7,,1.0,1.0,1.0,2.0955414012738856,206612,0.0005856387818713,0.5909090909090909,2.3545454545454545,1.0,1.0,0.0,0.8616279069767441,26,1.0,0.1723255813953488,0.9,0.8,800,1000,0.6,collected_chapter_01.csv,56
57,2026-09-28T10:00:32.631841,MASTER LLOYD .,0.5518,,dialogue,False,14,3,50,0,0,257,25,1.0,0.3,1.0,0.0,,1.0,1.0,0.9166666666666666,10.28,6425,0.0021789883268482,0.0,0.5,1.0,1.0,0.0,0.6666666666666666,3,0.5,0.1333333333333333,0.75,0.1,800,1000,0.6,collected_chapter_01.csv,57
58,2026-09-28T10:00:32.631991,THERE YOU ARE .,0.8275,dialogue,dialogue,False,15,4,51,0,0,270,26,1.0,0.3,1.0,1.0,,1.0,1.0,0.9166666666666666,10.384615384615383,7020,0.0021367521367521,1.0,2.4,1.0,1.0,0.0,2.1444444444444444,4,0.5,0.4288888888888889,0.75,0.8,800,1000,0.6,collected_chapter_01.csv,58
59,2026-09-28T10:00:32.632194,I'VE BEEN LOOKING EVERYWHERE FOR YOU . STEP,0.6623,,dialogue,False,43,8,52,0,0,596,395,1.0,0.7,0.4,0.7,,1.0,0.6,0.9444444444444444,1.508860759493671,235420,0.0001826522810296,0.5714285714285714,1.4714285714285715,1.0,0.0,0.0,1.15625,8,0.6,0.23125,1.0,0.2942857142857143,800,1000,0.6,collected_chapter_01.csv,59
60,2026-09-28T10:00:32.632262,1:25,0.0,background,background,False,4,1,53,0,0,356,152,,0.0,0.0,,1.0,,0.0,,0.0,0,0.0,,,0.0,0.0,,,0,0.0,,0.0,,800,1000,0.6,collected_chapter_01.csv,60
61,2026-09-28T10:00:32.632441,LET US RETURN TO THE MANOR .,0.8008,dialogue,dialogue,False,28,7,55,0,0,261,104,1.0,1.0,1.0,0.7,,1.0,1.0,0.9545454545454546,2.5096153846153846,27144,0.0010315355142941,0.6666666666666666,1.95,1.0,1.0,0.0,0.5210526315789474,7,1.0,0.1042105263157894,1.0,0.39,800,1000,0.6,collected_chapter_01.csv,61
62,2026-09-28T10:00:32.632727,"THE PROTAGONIST OF "" KNIGHT OF BLOOD AND IRON "" JAVIER ASRAHAN",0.6861,,dialogue,False,62,12,57,0,0,451,194,1.0,1.0,0.6,0.4,,1.0,0.2,1.0,2.3247422680412373,87494,0.0007086200196584,0.4,2.17,0.0,0.0,0.0,0.5787234042553191,12,1.0,0.1157446808510638,1.0,0.8,800,1000,0.6,collected_chapter_01.csv,62
63,2026-09-28T10:00:32.632786,HE,0.7052,dialogue,dialogue,False,2,1,57,0,0,42,20,1.0,1.0,0.2,1.0,,1.0,0.2,1.0,2.1,840,0.0023809523809523,1.0,3.8,0.0,0.0,0.0,0.3,1,0.5,0.06,0.5,1.0,800,1000,0.6,collected_chapter_01.csv,63
64,2026-09-28T10:00:32.632965,LOOKS JUST LIKE IN THE BOOK ...,0.8121,dialogue,dialogue,False,31,7,58,0,0,282,66,1.0,1.0,1.0,0.7,,1.0,1.0,1.0,4.2727272727272725,18612,0.001665592091124,0.6666666666666666,2.5500000000000003,1.0,1.0,0.0,0.51,7,0.5,0.102,1.0,0.8,800,1000,0.6,collected_chapter_01.csv,64
65,2026-09-28T10:00:32.633131,DID HE JUST CALL ME LLOYD ?,0.8277,dialogue,dialogue,False,27,7,59,0,0,282,66,1.0,1.0,0.6,1.0,,1.0,1.0,0.9523809523809524,4.2727272727272725,18612,0.0014506769825918,0.8333333333333334,1.7166666666666668,1.0,1.0,0.0,0.5888888888888889,7,1.0,0.1177777777777777,1.0,0.3433333333333334,800,348,0.6,collected_chapter_01.csv,65
66,2026-09-28T10:00:32.633392,"IN THE BOOK , HE IS JAVIER , THE RENOWNED SWORDSMAN !",0.8538,dialogue,dialogue,False,53,12,60,0,0,334,147,1.0,1.0,0.6,0.7,,1.0,1.0,0.9285714285714286,2.272108843537415,49098,0.0010794737056499,0.5555555555555556,2.3,1.0,1.0,0.0,0.7702702702702703,12,1.0,0.154054054054054,1.0,0.8,800,1000,0.6,collected_chapter_01.csv,66
67,2026-09-28T10:00:32.633847,"BUT HE STARTS OFF AS AN UNKNOWN KNIGHT WORKING FOR THE COUNTRY LORD , ARCOS FRONTERA .",0.7368,dialogue,dialogue,False,86,17,62,0,0,487,151,1.0,1.0,0.6,0.4,,1.0,1.0,0.9714285714285714,3.225165562913907,73537,0.0011694793097352,0.4666666666666667,1.8533333333333333,1.0,1.0,0.0,0.7287878787878788,17,1.0,0.1457575757575757,0.9,0.3706666666666666,800,1000,0.6,collected_chapter_01.csv,67
68,2026-09-28T10:00:32.634017,XXXX,0.4002,background,background,False,4,1,63,0,0,34,16,1.0,1.0,0.2,0.0,,1.0,0.2,1.0,2.125,544,0.0073529411764705,0.0,0.5,0.0,0.0,0.0,0.3,1,0.3,0.06,0.5,0.1,800,1000,0.6,collected_chapter_01.csv,68
69,2026-09-28T10:00:32.634116,AND THE ELDEST SON OF BARON FRONTERA IS--,0.7605,dialogue,dialogue,False,41,8,63,0,0,385,109,1.0,1.0,1.0,0.4,,1.0,0.6,0.9411764705882352,3.532110091743119,41965,0.0009770046467294,0.375,2.075,1.0,0.0,0.0,0.75,8,1.0,0.15,1.0,0.8,800,1000,0.6,collected_chapter_01.csv,69
70,2026-09-28T10:00:32.634285,"I'M THE HOOLIGAN , LLOYD FRONTERA ?!",0.6898,,dialogue,False,36,7,64,0,0,478,173,1.0,1.0,0.6,0.4,,1.0,1.0,0.8666666666666667,2.7630057803468207,82694,0.000435339927927,0.4,1.4,1.0,1.0,0.0,0.7000000000000001,7,0.6,0.14,1.0,0.2799999999999999,800,1000,0.6,collected_chapter_01.csv,70
71,2026-09-28T10:00:32.634565,"I CALLED YOUR NAME , BUT I HAVE NEVER CALLED YOU A HOOLIGAN .",0.8655,dialogue,dialogue,False,61,14,67,0,0,324,147,1.0,1.0,1.0,0.7,,1.0,1.0,0.9583333333333334,2.204081632653061,47628,0.0012807592172671,0.6666666666666666,2.441666666666667,1.0,1.0,0.0,0.7477272727272727,14,1.0,0.1495454545454545,1.0,0.8,800,1000,0.6,collected_chapter_01.csv,71
72,2026-09-28T10:00:32.634821,"WELL , IT'S GOOD THAT YOU ARE SELF - AWARE AT LEAST .",0.8563,dialogue,dialogue,False,53,13,68,0,0,348,145,1.0,1.0,0.6,0.7,,1.0,1.0,0.925,2.4,50460,0.0010503369005152,0.7,2.01,1.0,1.0,0.0,0.9485714285714286,13,1.0,0.1897142857142857,1.0,0.8,800,1000,0.6,collected_chapter_01.csv,72
73,2026-09-28T10:00:32.635204,SHIRK,0.4542,,background,False,5,1,69,0,0,157,74,1.0,1.0,1.0,0.0,,1.0,0.2,1.0,2.1216216216216215,11618,0.0004303666724048,0.0,0.5,0.0,0.0,0.0,0.3,1,0.6,0.06,0.5,0.1,800,1000,0.6,collected_chapter_01.csv,73
74,2026-09-28T10:00:32.635349,JAVIER SEEMS TO BE IN A GOOD MOOD . HEH . I CAN SEE THAT ! SHUT UP ALREADY !,0.7981,dialogue,dialogue,False,76,20,69,0,0,586,280,1.0,1.0,0.4,0.7,,1.0,1.0,0.9298245614035088,2.092857142857143,164080,0.0004631886884446,0.625,2.48125,1.0,1.0,0.0,0.5784313725490197,20,0.6,0.1156862745098039,0.9,0.8,800,1000,0.6,collected_chapter_01.csv,74
75,2026-09-28T10:00:32.635442,H,0.3852,background,background,False,1,1,71,0,0,14,17,1.0,0.3,0.2,0.0,,1.0,0.2,1.0,0.8235294117647058,238,0.0042016806722689,0.0,0.5,0.0,0.0,0.0,0.3,1,0.5,0.06,0.5,0.1,800,1000,0.6,collected_chapter_01.csv,75
76,2026-09-28T10:00:32.636239,SO YOU HAVE NO IDEA HOW YOU ENDED UP LIKE THAT ?,0.9105,dialogue,dialogue,False,48,12,73,0,0,416,106,1.0,1.0,1.0,1.0,,1.0,1.0,0.972972972972973,3.924528301886793,44096,0.001088534107402,0.8181818181818182,2.690909090909091,1.0,1.0,0.0,0.7470588235294118,12,1.0,0.1494117647058823,1.0,0.8,800,1000,0.6,collected_chapter_01.csv,76
77,2026-09-28T10:00:32.636413,"YOU STARTED DRINKING IN THE AFTERNOON , GOT DRUNK , DESTROYED THE PUB FURNITURE , AND THEN YOU PASSED OUT ON YOUR WAY BACK",0.7391,dialogue,dialogue,False,122,24,73,0,0,698,322,1.0,1.0,0.4,0.7,,1.0,0.6,0.9696969696969696,2.1677018633540373,224756,0.000542810870455,0.5714285714285714,2.195238095238095,1.0,0.0,0.0,0.7904255319148936,24,1.0,0.1580851063829787,0.3,0.8,800,1000,0.6,collected_chapter_01.csv,77
78,2026-09-28T10:00:32.636558,TO THE MANOR .,0.7941,dialogue,dialogue,False,14,4,74,0,0,260,26,1.0,0.3,1.0,0.7,,1.0,1.0,0.9090909090909092,10.0,6760,0.0020710059171597,0.6666666666666666,3.4,1.0,1.0,0.0,0.825,4,0.5,0.1649999999999999,0.75,1.0,800,1000,0.6,collected_chapter_01.csv,78
79,2026-09-28T10:00:32.636614,THAT,0.7514,dialogue,dialogue,False,4,1,74,0,0,82,26,1.0,1.0,0.2,1.0,,1.0,0.2,1.0,3.1538461538461537,2132,0.0018761726078799,1.0,4.3,0.0,0.0,0.0,3.6,1,0.5,0.72,0.5,1.0,800,1000,0.6,collected_chapter_01.csv,79
80,2026-09-28T10:00:32.637132,REALLY IS THE DAY IN THE LIFE OF A HOOLIGAN .,0.9102,dialogue,dialogue,False,45,11,75,0,0,324,106,1.0,1.0,1.0,1.0,,1.0,1.0,0.9714285714285714,3.056603773584906,34344,0.0013102725366876,0.9,2.6,1.0,1.0,0.0,0.728125,11,1.0,0.145625,1.0,0.8,800,1000,0.6,collected_chapter_01.csv,80
81,2026-09-28T10:00:32.637220,HIS LORDSHIP WAS WORRIED AND HE SENT ME .,0.8652,dialogue,dialogue,False,41,9,75,0,0,317,105,1.0,1.0,1.0,0.7,,1.0,1.0,0.9696969696969696,3.019047619047619,33285,0.0012317860898302,0.625,2.05,1.0,1.0,0.0,0.73,9,1.0,0.146,1.0,0.8,800,1000,0.6,collected_chapter_01.csv,81
82,2026-09-28T10:00:32.637290,"YOU MAY BE A HOOLIGAN ,",0.8472,dialogue,dialogue,False,23,6,75,0,0,272,69,1.0,1.0,1.0,1.0,,1.0,0.6,0.9444444444444444,3.9420289855072466,18768,0.0012254901960784,0.8,2.82,1.0,0.0,0.0,0.5133333333333333,6,1.0,0.1026666666666666,1.0,0.8,800,1000,0.6,collected_chapter_01.csv,82
83,2026-09-28T10:00:32.638158,"BUT YOU ARE HIS SON . IF YOU DIE ON THE ROAD WITH YOUR JAW OUT OF PLACE , HE WILL BE SAD .",0.8938,dialogue,dialogue,False,90,24,76,0,0,479,148,1.0,1.0,0.6,1.0,,1.0,1.0,0.9552238805970148,3.2364864864864864,70892,0.0012695367601421,0.8095238095238095,2.623809523809524,1.0,1.0,0.0,0.9112903225806452,24,1.0,0.182258064516129,0.9,0.8,800,1000,0.6,collected_chapter_01.csv,83
84,2026-09-28T10:00:32.638266,HE REALLY SNEAKS THOSE ATTACKS IN THERE .,0.8056,dialogue,dialogue,False,41,8,76,0,0,311,141,1.0,1.0,1.0,0.7,,1.0,1.0,0.9705882352941176,2.2056737588652484,43851,0.0009349843789195,0.7142857142857143,1.8714285714285712,1.0,1.0,0.0,1.032258064516129,8,1.0,0.2064516129032258,1.0,0.3742857142857143,800,1000,0.6,collected_chapter_01.csv,84
85,2026-09-28T10:00:32.639310,"BRR ... IT'S COLD ... IF THE FLOOR COULD JUST BE A HEATED ONDOL ... * TRADITIONAL KOREAN DIDN'T YEAH , I UNDERFLOOR HEATING SYSTEM THINK SO . THIS IS A MEDIEVAL FANTASY NOVEL . SHIVER",0.6904,,dialogue,False,183,36,77,0,0,707,491,1.0,0.7,0.4,0.7,,1.0,0.6,0.9637681159420288,1.439918533604888,347137,0.0005271693884547,0.5172413793103449,1.7620689655172417,1.0,0.0,0.0,0.683969465648855,36,1.0,0.136793893129771,0.8,0.3524137931034483,800,1000,0.6,collected_chapter_01.csv,85
86,2026-09-28T10:00:32.639378,SHIVER,0.4981,,background,False,6,1,77,0,0,129,68,1.0,0.7,1.0,0.0,,1.0,0.2,1.0,1.8970588235294117,8772,0.0006839945280437,0.0,0.5,0.0,0.0,0.0,1.65,1,1.0,0.3299999999999999,0.5,0.1,800,1000,0.6,collected_chapter_01.csv,86
87,2026-09-28T10:00:32.639726,COLD,0.4392,background,background,False,4,1,78,0,0,122,81,1.0,0.7,1.0,0.0,,1.0,0.2,1.0,1.5061728395061729,9882,0.0004047763610605,0.0,0.5,0.0,0.0,0.0,0.3,1,0.6,0.06,0.5,0.1,800,1000,0.6,collected_chapter_01.csv,87
88,2026-09-28T10:00:32.639879,"I WILL LEAVE YOU TO REST , SIR . I WILL REPORT WHAT HAPPENED TO HIS LORDSHIP TOMORROW .",0.8309,dialogue,dialogue,False,87,19,78,0,0,416,224,1.0,0.7,0.6,0.7,,1.0,1.0,0.9565217391304348,1.8571428571428572,93184,0.0009336366758241,0.6875,2.35625,1.0,1.0,0.0,0.709375,19,1.0,0.141875,0.9,0.8,800,1000,0.6,collected_chapter_01.csv,88
89,2026-09-28T10:00:32.640092,DO YOU HAVE TO ?,0.8717,dialogue,dialogue,False,16,5,79,0,0,159,65,1.0,1.0,1.0,1.0,,1.0,1.0,0.9166666666666666,2.4461538461538463,10335,0.001548137397194,1.0,4.1,1.0,1.0,0.0,0.6555555555555556,5,0.5,0.1311111111111111,0.75,1.0,800,1000,0.6,collected_chapter_01.csv,89
90,2026-09-28T10:00:32.640167,YES . HE'S SO UPTIGHT ..,0.7225,dialogue,dialogue,False,24,6,79,0,0,306,168,1.0,0.7,0.6,0.7,,1.0,1.0,0.7894736842105263,1.8214285714285712,51408,0.0004668534080298,0.75,1.5,1.0,1.0,0.0,0.676923076923077,6,0.6,0.1353846153846153,1.0,0.3,800,1000,0.6,collected_chapter_01.csv,90
91,2026-09-28T10:00:32.640297,WAIT ... JAVIER .,0.6637,,dialogue,False,17,4,80,0,0,248,25,1.0,0.3,0.6,0.7,,1.0,1.0,0.9090909090909092,9.92,6200,0.0027419354838709,0.5,1.3,1.0,1.0,0.0,0.3,4,0.5,0.06,0.75,0.26,800,1000,0.6,collected_chapter_01.csv,91
92,2026-09-28T10:00:32.640585,"YES , MASTER LLOYD ?",0.7126,dialogue,dialogue,False,20,5,81,0,0,220,70,1.0,1.0,1.0,0.4,,1.0,1.0,0.875,3.142857142857143,15400,0.0012987012987012,0.3333333333333333,1.0666666666666669,1.0,1.0,0.0,0.5750000000000001,5,1.0,0.115,0.75,0.2133333333333333,800,1000,0.6,collected_chapter_01.csv,92
93,2026-09-28T10:00:32.640687,"OUR FAMILY ... HAS A LOT OF DEBT , DON'T WE ?",0.7988,dialogue,dialogue,False,45,12,81,0,0,340,105,1.0,1.0,1.0,0.7,,1.0,1.0,0.9032258064516128,3.238095238095238,35700,0.0012605042016806,0.6666666666666666,1.8666666666666667,1.0,1.0,0.0,0.5538461538461539,12,1.0,0.1107692307692307,1.0,0.3733333333333333,800,1000,0.6,collected_chapter_01.csv,93
94,2026-09-28T10:00:32.640854,WHAT A STRANGE THING TO SAY ...,0.8196,dialogue,dialogue,False,31,7,83,0,0,293,66,1.0,1.0,1.0,0.7,,1.0,1.0,1.0,4.4393939393939394,19338,0.0016030613300237,0.6666666666666666,2.733333333333333,1.0,1.0,0.0,1.04,7,0.5,0.208,1.0,0.8,800,512,0.6,collected_chapter_01.csv,94
95,2026-09-28T10:00:32.640956,CLACK,0.4542,,background,False,5,1,84,0,0,171,79,1.0,1.0,1.0,0.0,,1.0,0.2,1.0,2.1645569620253164,13509,0.0003701236212895,0.0,0.5,0.0,0.0,0.0,0.3,1,0.6,0.06,0.5,0.1,800,1000,0.6,collected_chapter_01.csv,95
96,2026-09-28T10:00:32.641221,I KNOW EVERYTHING THAT HAPPENS IN THIS STORY .,0.8729,dialogue,dialogue,False,46,9,86,0,0,306,147,1.0,1.0,1.0,0.7,,1.0,1.0,0.9736842105263158,2.0816326530612246,44982,0.0010226312747321,0.625,2.55,1.0,1.0,0.0,1.28,9,1.0,0.256,1.0,0.8,800,1000,0.6,collected_chapter_01.csv,96
97,2026-09-28T10:00:32.641589,"JUST LAST NIGHT , IN MY MICROSCOPIC BOARDING HOUSE ROOM ... I READ THE LAST CHAPTER .",0.7545,dialogue,dialogue,False,85,17,87,0,0,531,278,1.0,0.7,0.4,0.7,,1.0,1.0,0.9696969696969696,1.910071942446043,147618,0.0005758105380102,0.5714285714285714,1.6857142857142855,1.0,1.0,0.0,0.6370967741935484,17,1.0,0.1274193548387096,0.9,0.3371428571428571,800,1000,0.6,collected_chapter_01.csv,97
98,2026-09-28T10:00:32.641770,E,0.3852,background,background,False,1,1,88,0,0,16,17,1.0,0.3,0.2,0.0,,1.0,0.2,1.0,0.9411764705882352,272,0.0036764705882352,0.0,0.5,0.0,0.0,0.0,0.3,1,0.5,0.06,0.5,0.1,800,1000,0.6,collected_chapter_01.csv,98
99,2026-09-28T10:00:32.641872,AND OF COURSE I KNOW WHAT HAPPENS TO LLOYD .,0.868,dialogue,dialogue,False,44,10,88,0,0,372,106,1.0,1.0,1.0,0.7,,1.0,1.0,0.9714285714285714,3.509433962264151,39432,0.0011158449989855,0.6666666666666666,2.7555555555555555,1.0,1.0,0.0,0.925,10,1.0,0.185,1.0,0.8,800,1000,0.6,collected_chapter_01.csv,99
100,2026-09-28T10:00:32.642544,"PART ONE ! THE BARON AND BARONESS FALL PREY TO AN EVIL CONMAN , LOSE ALL OF THEIR LAND AND FORTUNE , AND COMMIT SUICIDE !",0.8264,dialogue,dialogue,False,121,26,89,0,0,453,267,1.0,0.7,0.4,0.7,,1.0,1.0,0.9583333333333334,1.696629213483146,120951,0.0010004051227356,0.5454545454545454,2.0818181818181816,1.0,1.0,0.0,0.8133333333333334,26,1.0,0.1626666666666666,0.9,0.8,800,1000,0.6,collected_chapter_01.csv,100
101,2026-09-28T10:00:32.642604,DUM DU -,0.4987,,background,False,8,3,89,0,0,417,250,1.0,0.7,0.4,0.0,,1.0,0.6,0.8333333333333334,1.668,104250,7.673860911270984e-05,0.0,0.5,1.0,0.0,0.0,0.3,3,0.6,0.06,0.75,0.1,800,1000,0.6,collected_chapter_01.csv,101
102,2026-09-28T10:00:32.643008,"THEN BECOMES A BEGGAR , DRINKING ALL DAY LONG , AND THEN HE ...",0.8392,dialogue,dialogue,False,63,14,91,0,0,344,186,1.0,0.7,0.6,0.7,,1.0,1.0,0.9574468085106383,1.8494623655913975,63984,0.0009846211552888,0.7272727272727273,2.0636363636363635,1.0,1.0,0.0,0.8023255813953488,14,1.0,0.1604651162790697,1.0,0.8,800,1000,0.6,collected_chapter_01.csv,102
103,2026-09-28T10:00:32.643063,TUD,0.4272,background,background,False,3,1,91,0,0,345,262,1.0,0.7,0.6,0.0,,1.0,0.2,1.0,1.316793893129771,90390,3.318951211417192e-05,0.0,0.5,0.0,0.0,0.0,0.3,1,0.6,0.06,0.5,0.1,800,1000,0.6,collected_chapter_01.csv,103
104,2026-09-28T10:00:32.643143,BEER ! BRING ME MORE BEER !,0.7701,dialogue,dialogue,False,27,7,91,0,0,272,106,1.0,1.0,1.0,0.7,,1.0,1.0,0.9047619047619048,2.5660377358490565,28832,0.0009364594894561,0.6,0.92,1.0,1.0,0.0,0.5352941176470588,7,1.0,0.1070588235294117,1.0,0.184,800,1000,0.6,collected_chapter_01.csv,104
105,2026-09-28T10:00:32.643315,... COUGHS UP BLOOD AND DIES !,0.75,dialogue,dialogue,False,30,7,92,0,0,249,105,1.0,1.0,1.0,0.4,,1.0,1.0,0.9523809523809524,2.371428571428571,26145,0.0011474469305794,0.4,1.7600000000000002,1.0,1.0,0.0,0.5166666666666667,7,1.0,0.1033333333333333,1.0,0.352,800,1000,0.6,collected_chapter_01.csv,105
106,2026-09-28T10:00:32.643370,LATTER,0.4537,,background,False,6,1,92,0,0,528,195,1.0,1.0,0.6,0.0,,1.0,0.2,1.0,2.707692307692308,102960,5.8275058275058275e-05,0.0,0.5,0.0,0.0,0.0,1.125,1,0.6,0.225,0.5,0.1,800,1000,0.6,collected_chapter_01.csv,106
107,2026-09-28T10:00:32.643491,GLURGH !,0.7592,dialogue,background,False,8,2,93,0,0,147,43,1.0,1.0,0.6,0.0,,1.0,2.0,0.8571428571428571,3.4186046511627906,6321,0.0012656225280809,0.0,0.5,1.0,1.0,0.0,0.3,2,1.0,0.06,0.6,0.1,800,1000,0.6,collected_chapter_01.csv,107
108,2026-09-28T10:00:32.643717,GAH ! WHAT'S THE POINT OF BEING AN ARISTOCRAT THEN ?!,0.7771,dialogue,dialogue,False,53,11,94,0,0,325,185,1.0,0.7,0.6,0.7,,1.0,1.0,0.9069767441860463,1.7567567567567568,60125,0.0008814968814968,0.7777777777777778,1.9333333333333331,1.0,1.0,0.0,0.7945945945945946,11,1.0,0.1589189189189189,1.0,0.3866666666666666,800,1000,0.6,collected_chapter_01.csv,108
109,2026-09-28T10:00:32.643775,SPRING,0.4352,background,background,False,6,1,94,0,0,441,324,1.0,0.7,0.4,0.0,,1.0,0.2,1.0,1.3611111111111112,142884,4.1992105484168974e-05,0.0,0.5,0.0,0.0,0.0,1.3,1,0.6,0.26,0.5,0.1,800,1000,0.6,collected_chapter_01.csv,109
110,2026-09-28T10:00:32.644004,"IT'S THE SAME MISERABLE LIFE , LIKE IT WAS IN KOREA !",0.8926,dialogue,dialogue,False,53,12,95,0,0,286,145,1.0,0.7,1.0,1.0,,1.0,1.0,0.9285714285714286,1.972413793103448,41470,0.001278032312515,0.8,2.06,1.0,1.0,0.0,0.5432432432432432,12,1.0,0.1086486486486486,1.0,0.8,800,1000,0.6,collected_chapter_01.csv,110
111,2026-09-28T10:00:32.644395,WHAT THE HECK KIND OF GUY IS THIS ABSOLUTE ?!,0.8661,dialogue,dialogue,False,45,10,96,0,0,347,105,1.0,1.0,1.0,0.7,,1.0,1.0,0.9444444444444444,3.304761904761905,36435,0.00123507616303,0.5555555555555556,2.066666666666667,1.0,1.0,0.0,0.79375,10,1.0,0.15875,1.0,0.8,800,1000,0.6,collected_chapter_01.csv,111
112,2026-09-28T10:00:32.644448,ALARM,0.4822,,background,False,5,1,96,0,0,166,36,1.0,1.0,0.6,0.0,,1.0,0.2,1.0,4.611111111111111,5976,0.0008366800535475,0.0,0.5,0.0,0.0,0.0,0.3,1,1.0,0.06,0.5,0.1,800,1000,0.6,collected_chapter_01.csv,112
113,2026-09-28T10:00:32.644556,YOU HAVE BEEN CHOSEN TO HAVE A RANDOM WISH GRANTED BY THE,0.7328,dialogue,dialogue,False,57,12,96,0,0,461,107,1.0,1.0,0.6,0.7,,1.0,0.2,1.0,4.308411214953271,49327,0.0011555537535224,0.6666666666666666,2.6999999999999997,0.0,0.0,0.0,0.6977272727272728,12,1.0,0.1395454545454545,1.0,0.8,800,1000,0.6,collected_chapter_01.csv,113
114,2026-09-28T10:00:32.644936,""" ABSOLUTE "" !",0.5347,,dialogue,False,14,4,97,0,0,222,25,1.0,0.3,0.6,0.0,,1.0,1.0,0.8888888888888888,8.88,5550,0.0025225225225225,0.0,0.5,1.0,1.0,0.0,0.3,4,0.5,0.06,0.75,0.1,800,1000,0.6,collected_chapter_01.csv,114
115,2026-09-28T10:00:32.645072,WHAT DID I WISH FOR THAT WOULD PUT ME IN THE BODY OF SOMEONE WITH SUCH AN ENDING ?!,0.8331,dialogue,dialogue,False,83,19,97,0,0,406,228,1.0,0.7,0.6,0.7,,1.0,1.0,0.9692307692307692,1.780701754385965,92568,0.0008966381470918,0.7222222222222222,2.5277777777777777,1.0,1.0,0.0,0.8622950819672132,19,1.0,0.1724590163934426,0.9,0.8,800,1000,0.6,collected_chapter_01.csv,115
116,2026-09-28T10:00:32.645154,0,0.2025,background,background,False,1,1,100,0,0,21,19,0.0,0.7,0.2,0.0,,0.91,0.2,0.0,1.105263157894737,399,0.0025062656641604,0.0,0.5,0.0,0.0,0.09,0.3,1,0.5,0.06,0.5,0.1,800,1000,0.6,collected_chapter_01.csv,116
117,2026-09-28T10:00:32.645357,YOU BROKE THINGS AT THE PUB LAST NIGHT ... ?,0.8045,dialogue,dialogue,False,44,10,101,0,0,293,146,1.0,1.0,1.0,0.7,,1.0,1.0,0.96875,2.006849315068493,42778,0.0010285660853709,0.5,1.875,1.0,1.0,0.0,0.9448275862068966,10,1.0,0.1889655172413793,1.0,0.375,800,1000,0.6,collected_chapter_01.csv,117
118,2026-09-28T10:00:32.645482,LLOYD'S MOTHER MARBELLA FRONTERA,0.5199,,background,False,32,4,102,0,0,439,99,1.0,1.0,1.0,0.0,,1.0,0.2,0.9655172413793104,4.434343434343434,43461,0.0007362923080462,0.0,0.5,0.0,0.0,0.0,0.8884615384615385,4,1.0,0.1776923076923077,0.75,0.1,800,1000,0.6,collected_chapter_01.csv,118
119,2026-09-28T10:00:32.645705,"NO . LAST NIGHT , I WAS READING A BOOK .",0.7978,dialogue,dialogue,False,40,11,103,0,0,299,108,1.0,1.0,1.0,0.7,,1.0,1.0,0.9,2.7685185185185186,32292,0.0012386968908708,0.625,1.7,1.0,1.0,0.0,0.84,11,1.0,0.1679999999999999,1.0,0.3399999999999999,800,1000,0.6,collected_chapter_01.csv,119
120,2026-09-28T10:00:32.646002,"I BEG YOU , LLOYD , THIS TIME , GO TO THE PUB AND APOLOGIZE ...",0.832,dialogue,dialogue,False,63,16,104,0,0,292,186,1.0,0.7,0.6,0.7,,1.0,1.0,0.9333333333333332,1.5698924731182795,54312,0.0011599646486964,0.6666666666666666,2.7416666666666667,1.0,1.0,0.0,0.7825,16,1.0,0.1565,0.9,0.8,800,1000,0.6,collected_chapter_01.csv,120
121,2026-09-28T10:00:32.646378,TSK ... I GUESS IT'S A MESS THAT THIS BODY MADE SO I'LL HAVE TO CLEAN IT UP ...,0.8456,dialogue,dialogue,False,79,19,106,0,0,390,147,1.0,1.0,0.6,0.7,,1.0,1.0,0.9636363636363636,2.653061224489796,57330,0.0013779870922728,0.6470588235294118,2.4,1.0,1.0,0.0,0.6862745098039216,19,1.0,0.1372549019607843,0.9,0.8,800,741,0.6,collected_chapter_01.csv,121
122,2026-09-28T10:00:32.646529,SCRATCH,0.4542,,background,False,7,1,107,0,0,224,80,1.0,1.0,1.0,0.0,,1.0,0.2,1.0,2.8,17920,0.000390625,0.0,0.5,0.0,0.0,0.0,0.3,1,0.6,0.06,0.5,0.1,800,1000,0.6,collected_chapter_01.csv,122
123,2026-09-28T10:00:32.646606,YES ... OKAY ... I'LL DO IT .,0.892,dialogue,dialogue,False,29,8,107,0,0,191,105,1.0,0.7,1.0,1.0,,1.0,1.0,0.875,1.819047619047619,20055,0.0014460234355522,1.0,2.5,1.0,1.0,0.0,0.5,8,1.0,0.1,1.0,0.8,800,1000,0.6,collected_chapter_01.csv,123
124,2026-09-28T10:00:32.646822,THESE TWO PEOPLE ARE HIGHLY CONFUSED BY YOUR RESPONSE .,0.6691,,dialogue,False,55,10,108,0,0,527,68,1.0,0.5,1.0,0.4,,1.0,1.0,0.9782608695652174,7.75,35836,0.0015347695055251,0.4444444444444444,1.411111111111111,1.0,1.0,0.0,0.8418604651162791,10,0.5,0.1683720930232558,1.0,0.2822222222222222,800,1000,0.6,collected_chapter_01.csv,124
125,2026-09-28T10:00:32.647023,COULD THEY NOT GIVE ME AT LEAST A LITTLE CREDIT ?!,0.9087,dialogue,dialogue,False,50,11,109,0,0,321,146,1.0,1.0,1.0,1.0,,1.0,1.0,0.95,2.1986301369863015,46866,0.0010668715059958,0.8,2.25,1.0,1.0,0.0,0.6194444444444445,11,1.0,0.1238888888888889,1.0,0.8,800,1000,0.6,collected_chapter_01.csv,125
126,2026-09-28T10:00:32.647115,OOF ...,0.6942,,dialogue,False,7,2,111,0,0,97,28,1.0,1.0,0.6,0.0,,0.5,2.0,1.0,3.4642857142857144,2716,0.0025773195876288,0.0,0.5,1.0,1.0,0.5,0.3,2,0.5,0.06,0.6,0.1,800,1000,0.6,collected_chapter_01.csv,126
127,2026-09-28T10:00:32.647217,HUH ?!,0.8492,dialogue,dialogue,False,6,2,114,0,0,96,25,0.8,1.0,0.6,1.0,,1.0,2.0,0.6,3.84,2400,0.0025,1.0,1.5,1.0,1.0,0.0,0.3,2,0.5,0.06,0.6,0.3,800,1000,0.6,collected_chapter_01.csv,127
128,2026-09-28T10:00:32.647299,SCRAMBLE,0.4542,,background,False,8,1,115,0,0,253,117,1.0,1.0,1.0,0.0,,1.0,0.2,1.0,2.1623931623931623,29601,0.0002702611398263,0.0,0.5,0.0,0.0,0.0,0.3,1,0.6,0.06,0.5,0.1,800,1000,0.6,collected_chapter_01.csv,128
129,2026-09-28T10:00:32.647399,"6 ,,",0.2305,background,background,False,4,2,116,0,0,29,32,0.0,0.3,0.2,0.0,,0.2766666666666667,0.6,0.0,0.90625,928,0.0043103448275862,0.0,0.5,1.0,0.0,0.7233333333333333,0.3,2,0.5,0.06,0.6,0.1,800,1000,0.6,collected_chapter_01.csv,129
130,2026-09-28T10:00:32.648117,SHUFFLE,0.4272,background,background,False,7,1,119,0,0,301,172,1.0,0.7,0.6,0.0,,1.0,0.2,1.0,1.75,51772,0.0001352082206598,0.0,0.5,0.0,0.0,0.0,0.3,1,0.6,0.06,0.5,0.1,800,1000,0.6,collected_chapter_01.csv,130
131,2026-09-28T10:00:32.648193,DASH 201,0.4062,background,background,False,8,2,119,0,0,198,182,0.8,0.7,1.0,0.0,,1.0,0.2,0.5714285714285714,1.0879120879120878,36036,0.0002220002220002,0.0,0.5,0.0,0.0,0.0,0.3,2,0.6,0.06,0.6,0.1,800,1000,0.6,collected_chapter_01.csv,131
132,2026-09-28T10:00:32.648247,:,0.2355,background,background,False,1,1,119,0,0,25,15,0.0,0.7,0.2,0.0,,0.01,0.6,0.0,1.6666666666666667,375,0.0026666666666666,0.0,0.5,1.0,0.0,0.99,0.3,1,0.5,0.06,0.5,0.1,800,1000,0.6,collected_chapter_01.csv,132
133,2026-09-28T10:00:32.648422,DON'T MAKE EYE CONTACT !,0.7599,dialogue,dialogue,False,24,5,122,0,0,286,67,1.0,1.0,1.0,0.7,,1.0,1.0,0.9,4.268656716417911,19162,0.0012524788644191,0.75,1.0,1.0,1.0,0.0,0.8875,5,1.0,0.1775,0.75,0.2,800,1000,0.6,collected_chapter_01.csv,133
134,2026-09-28T10:00:32.648472,W,0.3852,background,background,False,1,1,122,0,0,9,8,1.0,0.7,0.2,0.0,,1.0,0.2,1.0,1.125,72,0.0138888888888888,0.0,0.5,0.0,0.0,0.0,0.3,1,0.3,0.06,0.5,0.1,800,1000,0.6,collected_chapter_01.csv,134
135,2026-09-28T10:00:32.648560,St,0.4392,background,background,False,2,1,124,0,0,218,190,1.0,0.7,1.0,0.0,,1.0,0.2,1.0,1.1473684210526316,41420,4.828585224529213e-05,0.0,0.5,0.0,0.0,0.0,0.3,1,0.6,0.06,0.5,0.1,800,1000,0.6,collected_chapter_01.csv,135
136,2026-09-28T10:00:32.648808,DING THE VILLAGERS ABSOLUTELY DETEST YOU .,0.6822,,dialogue,False,42,7,125,0,0,569,297,1.0,0.7,0.4,0.4,,1.0,1.0,0.9722222222222222,1.915824915824916,168993,0.0002485310042427,0.3333333333333333,1.8,1.0,1.0,0.0,0.7999999999999999,7,0.6,0.1599999999999999,1.0,0.36,800,1000,0.6,collected_chapter_01.csv,136
137,2026-09-28T10:00:32.648872,"YEAH , I GOT THAT .",0.8684,dialogue,dialogue,False,19,6,125,0,0,211,70,1.0,1.0,1.0,0.7,,1.0,1.0,0.8571428571428571,3.0142857142857142,14770,0.0012863913337846,0.75,2.775,1.0,1.0,0.0,0.96,6,1.0,0.192,1.0,0.8,800,1000,0.6,collected_chapter_01.csv,137
138,2026-09-28T10:00:32.649139,"BY THE WAY , JAVIER , WHY ARE YOU FOLLOWING ME ?",0.8163,dialogue,dialogue,False,48,12,126,0,0,372,107,1.0,1.0,1.0,0.7,,1.0,1.0,0.918918918918919,3.4766355140186915,39804,0.0012059089538739,0.7777777777777778,2.088888888888889,1.0,1.0,0.0,0.7374999999999999,12,1.0,0.1475,0.3,0.8,800,1000,0.6,collected_chapter_01.csv,138
139,2026-09-28T10:00:32.649527,HIS LORDSHIP ORDERED ME TO ESCORT YOU SO THAT WHAT HAPPENED YESTERDAY DOES NOT RECUR .,0.8411,dialogue,dialogue,False,86,16,127,0,0,483,225,1.0,1.0,0.4,0.7,,1.0,1.0,0.9859154929577464,2.1466666666666665,108675,0.0007913503565677,0.6,2.14,1.0,1.0,0.0,0.7926470588235294,16,1.0,0.1585294117647058,0.9,0.8,800,1000,0.6,collected_chapter_01.csv,139
140,2026-09-28T10:00:32.649590,ESCORT FOR ME ?,0.8471,dialogue,dialogue,False,15,4,127,0,0,205,66,1.0,1.0,1.0,0.7,,1.0,1.0,0.9166666666666666,3.106060606060606,13530,0.0011086474501108,0.6666666666666666,2.3666666666666667,1.0,1.0,0.0,0.6888888888888888,4,1.0,0.1377777777777777,0.75,0.8,800,1000,0.6,collected_chapter_01.csv,140
141,2026-09-28T10:00:32.650013,"HARDLY . IT'S FOR THE VILLAGERS . I'M PROTECTING THEM FROM YOU . AH , SO I'M LIKE A GANGSTER .",0.8413,dialogue,dialogue,False,94,21,128,0,0,583,284,1.0,1.0,0.4,0.7,,1.0,1.0,0.8918918918918919,2.0528169014084505,165572,0.000567728843041,0.75,2.19375,1.0,1.0,0.0,0.8078125,21,1.0,0.1615625,0.9,0.8,800,1000,0.6,collected_chapter_01.csv,141
142,2026-09-28T10:00:32.650866,I GUESS THE FIRST THING I NEED TO DO IS TO GET RID OF THIS SCUMBAG IMAGE I HAVE ... THAT WAY I CAN AT LEAST GET MYSELF SOME FOOD WHEN I'M A BEGGAR .,0.8162,dialogue,dialogue,False,148,35,129,0,0,590,455,1.0,0.7,0.4,0.7,,1.0,1.0,0.981981981981982,1.2967032967032968,268450,0.0005513130936859,0.7575757575757576,2.4939393939393937,1.0,1.0,0.0,0.5841121495327103,35,1.0,0.116822429906542,0.8,0.8,800,1000,0.6,collected_chapter_01.csv,142
143,2026-09-28T10:00:32.651001,"NO , IF I CAN",0.7575,dialogue,dialogue,False,13,5,130,0,0,212,35,1.0,0.5,1.0,1.0,,1.0,0.6,0.8888888888888888,6.057142857142857,7420,0.0017520215633423,1.0,2.95,1.0,0.0,0.0,0.7166666666666667,5,0.5,0.1433333333333333,0.75,0.8,800,1000,0.6,collected_chapter_01.csv,143
144,2026-09-28T10:00:32.651188,SORT OUT MY FAMILY'S DEBT BEFORE THAT HAPPENS ...,0.7813,dialogue,dialogue,False,49,9,131,0,0,385,105,1.0,1.0,0.6,0.7,,1.0,1.0,0.9736842105263158,3.6666666666666665,40425,0.0012121212121212,0.5,1.5875,1.0,1.0,0.0,0.7657142857142857,9,1.0,0.1531428571428571,1.0,0.3175,800,459,0.6,collected_chapter_01.csv,144
145,2026-09-28T10:00:32.651433,... I CAN LIVE PEACEFULLY AS THE HEIR TO A COUNTRY BARON ...,0.8504,dialogue,dialogue,False,60,13,132,0,0,328,146,1.0,1.0,0.6,0.7,,1.0,1.0,1.0,2.2465753424657535,47888,0.0012529234881389,0.6363636363636364,2.4727272727272727,1.0,1.0,0.0,0.53,13,1.0,0.106,1.0,0.8,800,900,0.6,collected_chapter_01.csv,145
146,2026-09-28T10:00:32.651686,"... AND LIVE A SWEET , COMFORTABLE LIFE TO A RIPE OLD AGE !",0.8028,dialogue,dialogue,False,59,14,133,0,0,416,109,1.0,1.0,1.0,0.7,,1.0,1.0,0.9534883720930232,3.81651376146789,45344,0.0013011644318983,0.6363636363636364,1.9727272727272729,1.0,1.0,0.0,0.6153846153846154,14,1.0,0.123076923076923,1.0,0.3945454545454545,800,1000,0.6,collected_chapter_01.csv,146
147,2026-09-28T10:00:32.652068,IS THERE NO CHEAT CODE OR SKILL I CAN USE ... ? Oood DING,0.665,,dialogue,False,57,14,134,0,0,470,336,1.0,0.7,0.4,0.7,,1.0,0.6,0.975,1.3988095238095235,157920,0.0003609422492401,0.5833333333333334,1.6833333333333331,1.0,0.0,0.0,0.8918918918918919,14,0.6,0.1783783783783784,1.0,0.3366666666666666,800,1000,0.6,collected_chapter_01.csv,147
148,2026-09-28T10:00:32.652141,HUH ? SO I DO HAVE A SKILL !,0.8863,dialogue,dialogue,False,28,9,134,0,0,240,67,1.0,1.0,1.0,1.0,,1.0,1.0,0.9,3.582089552238806,16080,0.0017412935323383,0.8571428571428571,3.057142857142857,1.0,1.0,0.0,0.45,9,0.5,0.09,1.0,1.0,800,1000,0.6,collected_chapter_01.csv,148
149,2026-09-28T10:00:32.652481,LLOYD'S SKILLS,0.4696,,background,False,14,2,135,0,0,362,35,1.0,0.3,1.0,0.0,,1.0,0.2,0.9230769230769232,10.342857142857143,12670,0.0011049723756906,0.0,0.5,0.0,0.0,0.0,0.54,2,1.0,0.108,0.6,0.1,800,1000,0.6,collected_chapter_01.csv,149
150,2026-09-28T10:00:32.652605,-HUMAN SCUM- A PASSIVE SKILL . IT CAUSES OTHERS TO FURROW THEIR BROWS .,0.7235,dialogue,dialogue,False,71,14,135,0,0,355,234,1.0,0.7,0.6,0.4,,1.0,1.0,0.9473684210526316,1.517094017094017,83070,0.0008547008547008,0.3333333333333333,1.6833333333333331,1.0,1.0,0.0,0.7153846153846154,14,1.0,0.143076923076923,1.0,0.3366666666666666,800,1000,0.6,collected_chapter_01.csv,150
151,2026-09-28T10:00:32.652676,-ROWDY DRUNKARD- WHEN THIS SKILL IS,0.7259,dialogue,dialogue,False,35,6,135,0,0,337,99,1.0,1.0,1.0,0.7,,1.0,0.6,0.9655172413793104,3.404040404040404,33363,0.0010490663309654,0.5,1.35,1.0,0.0,0.0,0.7461538461538461,6,1.0,0.1492307692307692,1.0,0.2699999999999999,800,1000,0.6,collected_chapter_01.csv,151
152,2026-09-28T10:00:32.652892,"USED , YOU BECOME AN ABSOLUTE ASS .",0.7732,dialogue,dialogue,False,35,8,136,0,0,366,70,1.0,0.7,1.0,0.7,,1.0,1.0,0.9285714285714286,5.228571428571429,25620,0.0013661202185792,0.5,1.4833333333333334,1.0,1.0,0.0,0.625,8,1.0,0.125,1.0,0.2966666666666667,800,1000,0.6,collected_chapter_01.csv,152
153,2026-09-28T10:00:32.652945,WAVE ?,0.7312,dialogue,background,False,6,2,136,0,0,283,131,1.0,1.0,1.0,0.0,,1.0,2.0,0.8,2.1603053435114505,37073,0.000161842850592,0.0,0.5,1.0,1.0,0.0,0.3,2,0.6,0.06,0.6,0.1,800,1000,0.6,collected_chapter_01.csv,153
154,2026-09-28T10:00:32.652998,WAVE,0.4392,background,background,False,4,1,136,0,0,185,117,1.0,0.7,1.0,0.0,,1.0,0.2,1.0,1.5811965811965811,21645,0.0001848001848001,0.0,0.5,0.0,0.0,0.0,0.3,1,0.6,0.06,0.5,0.1,800,1000,0.6,collected_chapter_01.csv,154
155,2026-09-28T10:00:32.653167,"MASTER LLOYD , WHERE ARE YOU GOING ?",0.7831,dialogue,dialogue,False,36,8,137,0,0,277,110,1.0,1.0,1.0,0.7,,1.0,1.0,0.9310344827586208,2.518181818181818,30470,0.0011814899901542,0.5,1.05,1.0,1.0,0.0,1.1840000000000002,8,1.0,0.2368,1.0,0.21,800,1000,0.6,collected_chapter_01.csv,155
156,2026-09-28T10:00:32.653328,HUH ?! WHAT ?,0.8382,dialogue,dialogue,False,13,4,138,0,0,119,67,1.0,0.7,1.0,1.0,,1.0,1.0,0.7,1.7761194029850746,7973,0.0016305029474476,1.0,2.2,1.0,1.0,0.0,1.48,4,0.5,0.296,0.75,0.8,800,1000,0.6,collected_chapter_01.csv,156
157,2026-09-28T10:00:32.653394,THE PUB IS OVER HERE,0.712,dialogue,dialogue,False,20,5,138,0,0,210,101,1.0,1.0,1.0,1.0,,1.0,0.2,1.0,2.0792079207920793,21210,0.0009429514380009,0.8,1.72,0.0,0.0,0.0,1.2785714285714285,5,1.0,0.2557142857142856,0.75,0.344,800,1000,0.6,collected_chapter_01.csv,157
158,2026-09-28T10:00:32.653759,WERE YOU LYING WHEN YOU SAID YOU WOULD APOLOGIZE ?,0.856,dialogue,dialogue,False,50,10,139,0,0,370,146,1.0,1.0,0.6,0.7,,1.0,1.0,0.975609756097561,2.5342465753424657,54020,0.0009255831173639,0.6666666666666666,2.0999999999999996,1.0,1.0,0.0,0.9263157894736844,10,1.0,0.1852631578947368,1.0,0.8,800,1000,0.6,collected_chapter_01.csv,158
159,2026-09-28T10:00:32.653851,HUH ?! NO ! NO ! I WAS THINKING ABOUT SOMETHING !,0.7908,dialogue,dialogue,False,49,12,139,0,0,285,147,1.0,0.7,1.0,0.7,,1.0,1.0,0.868421052631579,1.9387755102040816,41895,0.0011695906432748,0.75,1.8375,1.0,1.0,0.0,1.1193548387096774,12,1.0,0.2238709677419355,1.0,0.3675,800,1000,0.6,collected_chapter_01.csv,159
160,2026-09-28T10:00:32.653998,HM ? WHAT ? WHAT'S WRONG ?,0.784,dialogue,dialogue,False,26,7,141,0,0,257,105,1.0,1.0,1.0,0.7,,1.0,1.0,0.8,2.447619047619048,26985,0.0009634982397628,0.5,1.1,1.0,1.0,0.0,1.1428571428571428,7,1.0,0.2285714285714285,1.0,0.22,800,1000,0.6,collected_chapter_01.csv,160
161,2026-09-28T10:00:32.654139,WHAT ? HUH ?,0.8062,dialogue,dialogue,False,12,4,142,0,0,213,25,1.0,0.3,0.6,1.0,,1.0,1.0,0.7777777777777778,8.52,5325,0.0022535211267605,1.0,2.2,1.0,1.0,0.0,1.48,4,0.5,0.296,0.75,0.8,800,1000,0.6,collected_chapter_01.csv,161
162,2026-09-28T10:00:32.654198,IT'S NOTHING .,0.6957,,dialogue,False,14,3,142,0,0,230,28,1.0,0.3,1.0,0.7,,1.0,1.0,0.8333333333333334,8.214285714285714,6440,0.0021739130434782,0.5,1.3,1.0,1.0,0.0,1.725,3,0.5,0.345,0.75,0.26,800,1000,0.6,collected_chapter_01.csv,162
163,2026-09-28T10:00:32.654381,LET US GO IN .,0.7897,dialogue,dialogue,False,14,5,143,0,0,231,26,1.0,0.3,0.6,1.0,,1.0,1.0,0.9,8.884615384615385,6006,0.0023310023310023,1.0,2.0,1.0,1.0,0.0,0.3,5,0.5,0.06,0.75,0.8,800,1000,0.6,collected_chapter_01.csv,163
164,2026-09-28T10:00:32.654447,"HELLO , EXCUSE ME ! BREAK",0.5492,,dialogue,False,25,6,143,0,0,433,281,1.0,0.7,0.4,0.075,,1.0,0.6,0.9,1.5409252669039146,121673,0.0002054687564208,0.25,1.025,1.0,0.0,0.0,0.73125,6,0.6,0.14625,1.0,0.205,800,1000,0.6,collected_chapter_01.csv,164
165,2026-09-28T10:00:32.654614,SOMETHING HAS SEEMED OFF SINCE LAST NIGHT ...,0.7152,dialogue,dialogue,False,45,8,145,0,0,389,108,1.0,1.0,1.0,0.4,,1.0,1.0,1.0,3.6018518518518516,42012,0.0010711225364181,0.4285714285714285,0.5,1.0,1.0,0.0,0.7272727272727273,8,1.0,0.1454545454545454,1.0,0.1,800,1000,0.6,collected_chapter_01.csv,165
166,2026-09-28T10:00:32.654818,IT'S AS IF ... HE IS A COMPLETELY DIFFERENT PERSON ...,0.8819,dialogue,dialogue,False,54,11,146,0,0,379,218,1.0,0.7,0.6,1.0,,1.0,1.0,0.9736842105263158,1.738532110091743,82622,0.0006535789499164,0.8888888888888888,2.0999999999999996,1.0,1.0,0.0,0.6371428571428571,11,1.0,0.1274285714285714,1.0,0.8,800,1000,0.6,collected_chapter_01.csv,166
167,2026-09-28T10:00:32.655035,FORGIVE ME ! EVERYTHING THAT HAPPENED LAST NIGHT WAS MY FAULT !,0.7628,dialogue,dialogue,False,63,12,149,0,0,299,185,1.0,0.7,0.6,0.7,,1.0,1.0,0.9615384615384616,1.616216216216216,55315,0.0011389315737141,0.5,1.35,1.0,1.0,0.0,1.025,12,1.0,0.205,1.0,0.27,800,1000,0.6,collected_chapter_01.csv,167
168,2026-09-28T10:00:32.655249,THE PUB OWNER HAS ASSUMED THE POSITION OF EXTREME HIGH ALERT .,0.7375,dialogue,dialogue,False,62,12,151,0,0,372,149,1.0,1.0,0.6,0.4,,1.0,1.0,0.9803921568627452,2.496644295302014,55428,0.0011185682326621,0.4545454545454545,1.6909090909090911,1.0,1.0,0.0,0.6270833333333333,12,1.0,0.1254166666666666,1.0,0.3381818181818182,800,1000,0.6,collected_chapter_01.csv,168
169,2026-09-28T10:00:32.655625,"M - MASTER LLOYD ... PLEASE , I BEG YOU . DO NOT DO THIS .",0.8092,dialogue,dialogue,False,58,16,152,0,0,333,106,1.0,1.0,1.0,0.7,,1.0,1.0,0.9230769230769232,3.141509433962264,35298,0.0016431525865488,0.6363636363636364,2.4545454545454546,1.0,1.0,0.0,0.7970588235294117,16,0.5,0.1594117647058823,0.9,0.8,800,1000,0.6,collected_chapter_01.csv,169
170,2026-09-28T10:00:32.655674,2,0.1825,background,background,False,1,1,152,0,0,14,13,0.0,0.7,0.2,0.0,,0.91,0.2,0.0,1.0769230769230769,182,0.0054945054945054,0.0,0.5,0.0,0.0,0.09,0.3,1,0.3,0.06,0.5,0.1,800,1000,0.6,collected_chapter_01.csv,170
171,2026-09-28T10:00:32.655732,"OH , IS THAT",0.7843,dialogue,dialogue,False,12,4,152,0,0,197,33,1.0,0.7,1.0,1.0,,1.0,0.6,0.8888888888888888,5.96969696969697,6501,0.0018458698661744,1.0,2.433333333333333,1.0,0.0,0.0,1.9166666666666667,4,0.5,0.3833333333333333,0.75,0.8,800,1000,0.6,collected_chapter_01.csv,171
172,2026-09-28T10:00:32.656269,WHAT'S HAPPENING ? HE'S EVEN MORE TERRIFIED BECAUSE THIS SCUMBAG IS SUDDENLY BEING POLITE ?,0.758,dialogue,dialogue,False,91,15,153,0,0,463,183,1.0,1.0,0.6,0.7,,1.0,1.0,0.948051948051948,2.530054644808743,84729,0.0010740124396605,0.6153846153846154,0.8461538461538461,1.0,1.0,0.0,0.6859154929577465,15,1.0,0.1371830985915492,1.0,0.1692307692307692,800,1000,0.6,collected_chapter_01.csv,172
173,2026-09-28T10:00:32.656335,THEN I'LL BE A LITTLE RUDER .,0.8941,dialogue,dialogue,False,29,7,153,0,0,200,106,1.0,0.7,1.0,1.0,,1.0,1.0,0.9130434782608696,1.8867924528301887,21200,0.0013679245283018,0.8333333333333334,2.1666666666666665,1.0,1.0,0.0,0.6473684210526316,7,1.0,0.1294736842105263,1.0,0.8,800,1000,0.6,collected_chapter_01.csv,173
174,2026-09-28T10:00:32.656396,"WELL , I GUESS I'M SORRY .",0.8277,dialogue,dialogue,False,26,7,153,0,0,206,107,1.0,0.7,1.0,1.0,,1.0,1.0,0.85,1.925233644859813,22042,0.0011795662825514,0.8,1.8,1.0,1.0,0.0,0.6199999999999999,7,1.0,0.1239999999999999,1.0,0.36,800,1000,0.6,collected_chapter_01.csv,174
175,2026-09-28T10:00:32.656671,SW,0.4392,background,background,False,2,1,154,0,0,82,65,1.0,0.7,1.0,0.0,,1.0,0.2,1.0,1.2615384615384615,5330,0.0003752345215759,0.0,0.5,0.0,0.0,0.0,0.3,1,0.6,0.06,0.5,0.1,800,812,0.6,collected_chapter_01.csv,175
176,2026-09-28T10:00:32.656791,"YOUR APOLOGY DOES NOT SEEM VERY GENUINE . COME ON , WHAT AM I SUPPOSED TO DO ?!",0.829,dialogue,dialogue,False,79,18,154,0,0,561,307,1.0,0.7,0.4,1.0,,1.0,1.0,0.935483870967742,1.8273615635179152,172227,0.000458696952278,0.8,2.086666666666667,1.0,1.0,0.0,0.6428571428571429,18,0.6,0.1285714285714286,0.9,0.8,800,812,0.6,collected_chapter_01.csv,176
177,2026-09-28T10:00:32.656975,I - IT'S FINE ... YOU DON'T HAVE TO APOLOGIZE ...,0.8976,dialogue,dialogue,False,49,11,155,0,0,490,186,1.0,1.0,0.6,1.0,,1.0,1.0,0.9375,2.6344086021505375,91140,0.0005376344086021,0.875,2.5625,1.0,1.0,0.0,0.6857142857142857,11,1.0,0.1371428571428571,1.0,0.8,800,1000,0.6,collected_chapter_01.csv,177
178,2026-09-28T10:00:32.657243,"EVEN WHEN I APOLOGIZED , HE DIDN'T SEEM ALL THAT HAPPY ...",0.8945,dialogue,dialogue,False,58,12,159,0,0,289,147,1.0,0.7,1.0,1.0,,1.0,1.0,0.9545454545454546,1.965986394557823,42483,0.0013652519831461,0.8,2.17,1.0,1.0,0.0,0.6775,12,1.0,0.1355,1.0,0.8,800,1000,0.6,collected_chapter_01.csv,178
179,2026-09-28T10:00:32.657303,THAT'S TO BE EXPECTED .,0.8026,dialogue,dialogue,False,23,5,159,0,0,225,65,1.0,1.0,1.0,0.7,,1.0,1.0,0.8947368421052632,3.4615384615384617,14625,0.0015726495726495,0.75,2.625,1.0,1.0,0.0,1.0799999999999998,5,0.5,0.2159999999999999,0.75,0.8,800,1000,0.6,collected_chapter_01.csv,179
180,2026-09-28T10:00:32.657805,"EVERYTHING YOU DESTROYED YESTERDAY , HIS FURNITURE AND DECORATIONS ... THEY WERE ALL PURCHASED WITH THE PUB OWNER'S HARD - EARNED MONEY .",0.7304,dialogue,dialogue,False,137,23,160,0,0,689,341,1.0,1.0,0.4,0.4,,1.0,1.0,0.972972972972973,2.0205278592375366,234949,0.0005831052696542,0.4210526315789473,1.7421052631578948,1.0,1.0,0.0,0.9367924528301886,23,1.0,0.1873584905660377,0.9,0.3484210526315789,800,1000,0.6,collected_chapter_01.csv,180
181,2026-09-28T10:00:32.658154,HE LIKELY WON'T BE SATISFIED UNTIL HE IS COMPENSATED .,0.7941,dialogue,dialogue,False,54,10,161,0,0,372,107,1.0,1.0,1.0,0.7,,1.0,1.0,0.9555555555555556,3.4766355140186915,39804,0.0013566475731082,0.6666666666666666,1.711111111111111,1.0,1.0,0.0,0.5512195121951219,10,1.0,0.1102439024390243,1.0,0.3422222222222222,800,1000,0.6,collected_chapter_01.csv,181
182,2026-09-28T10:00:32.658232,COMPENSATING HIM WHEN WE HAVE SO MUCH DEBT ...,0.8619,dialogue,dialogue,False,46,9,161,0,0,342,105,1.0,1.0,1.0,0.7,,1.0,1.0,1.0,3.257142857142857,35910,0.0012809802283486,0.75,2.0875,1.0,1.0,0.0,0.4939393939393939,9,1.0,0.0987878787878787,1.0,0.8,800,1000,0.6,collected_chapter_01.csv,182
183,2026-09-28T10:00:32.658688,... IS IT SO HARD TO GET BROWNIE POINTS WITH THE VILLAGERS ?,0.8641,dialogue,dialogue,False,60,13,162,0,0,298,145,1.0,1.0,1.0,0.7,,1.0,1.0,0.9777777777777776,2.0551724137931036,43210,0.0013885674612358,0.6363636363636364,2.3363636363636364,1.0,1.0,0.0,0.6476190476190476,13,1.0,0.1295238095238095,1.0,0.8,800,1000,0.6,collected_chapter_01.csv,183
184,2026-09-28T10:00:32.658792,"SO IF WE DON'T REPAY THE DEBT , NOTHING IS GOING TO CHANGE",0.7152,dialogue,dialogue,False,58,13,162,0,0,291,174,1.0,0.7,0.6,0.7,,1.0,0.6,0.9565217391304348,1.6724137931034482,50634,0.0011454753722794,0.6666666666666666,1.8333333333333333,1.0,0.0,0.0,0.8690476190476191,13,1.0,0.1738095238095238,1.0,0.3666666666666666,800,1000,0.6,collected_chapter_01.csv,184
185,2026-09-28T10:00:32.659030,BUT HOW ?,0.7997,dialogue,dialogue,False,9,3,163,0,0,174,25,1.0,0.5,0.6,1.0,,1.0,1.0,0.8571428571428571,6.96,4350,0.0020689655172413,1.0,2.8,1.0,1.0,0.0,0.3,3,0.5,0.06,0.75,0.8,800,1000,0.6,collected_chapter_01.csv,185
186,2026-09-28T10:00:32.659121,"NOT ONLY THAT , THE PUB OWNER'S MOTHER IS SICK AFTER THE",0.7978,dialogue,dialogue,False,56,12,163,0,0,534,174,1.0,1.0,0.6,0.7,,1.0,0.6,0.9555555555555556,3.068965517241379,92916,0.000602694907228,0.6363636363636364,2.2636363636363637,1.0,0.0,0.0,1.0585365853658537,12,1.0,0.2117073170731707,1.0,0.8,800,1000,0.6,collected_chapter_01.csv,186
187,2026-09-28T10:00:32.659478,LATE WINTER COLD .,0.6392,,dialogue,False,18,4,164,0,0,217,67,1.0,1.0,1.0,0.0,,1.0,1.0,0.9333333333333332,3.2388059701492535,14539,0.0012380493844143,0.0,0.5,1.0,1.0,0.0,0.8333333333333334,4,1.0,0.1666666666666666,0.75,0.1,800,1000,0.6,collected_chapter_01.csv,187
188,2026-09-28T10:00:32.659604,"COMBINE THAT WITH YOUR MISCONDUCT , AND YOU CAN IMAGINE JUST HOW HARD THINGS MUST BE FOR HIM .",0.8344,dialogue,dialogue,False,94,19,164,0,0,416,228,1.0,0.7,0.6,0.7,,1.0,1.0,0.9736842105263158,1.824561403508772,94848,0.0009910593792172,0.7058823529411765,2.347058823529412,1.0,1.0,0.0,0.9583333333333334,19,1.0,0.1916666666666666,0.9,0.8,800,1000,0.6,collected_chapter_01.csv,188
189,2026-09-28T10:00:32.659942,THE INSIDE OF THE PUB WAS RATHER CHILLY .,0.8539,dialogue,dialogue,False,41,9,165,0,0,211,146,1.0,0.7,1.0,0.7,,1.0,1.0,0.9696969696969696,1.4452054794520548,30806,0.0013309095630721,0.5,2.1375,1.0,1.0,0.0,0.9933333333333334,9,1.0,0.1986666666666666,1.0,0.8,800,1000,0.6,collected_chapter_01.csv,189
190,2026-09-28T10:00:32.660036,A SINGLE FIREPLACE ISN'T ENOUGH TO HEAT AN ENTIRE BUILDING ...,0.7188,dialogue,dialogue,False,62,11,165,0,0,296,185,1.0,0.7,0.6,0.4,,1.0,1.0,0.979591836734694,1.6,54760,0.0011322132943754,0.4,1.58,1.0,1.0,0.0,0.6021739130434782,11,1.0,0.1204347826086956,1.0,0.316,800,1000,0.6,collected_chapter_01.csv,190
191,2026-09-28T10:00:32.660260,THE ELDERLY CAN'T HANDLE THAT KIND OF COLD FOR VERY LONG .,0.7943,dialogue,dialogue,False,58,12,166,0,0,339,145,1.0,1.0,0.6,0.7,,1.0,1.0,0.9574468085106383,2.337931034482758,49155,0.0011799410029498,0.6363636363636364,1.945454545454545,1.0,1.0,0.0,0.9255813953488372,12,1.0,0.1851162790697674,1.0,0.389090909090909,800,1000,0.6,collected_chapter_01.csv,191
192,2026-09-28T10:00:32.660400,STEP,0.4392,background,background,False,4,1,167,0,0,191,115,1.0,0.7,1.0,0.0,,1.0,0.2,1.0,1.6608695652173913,21965,0.0001821078989301,0.0,0.5,0.0,0.0,0.0,0.3,1,0.6,0.06,0.5,0.1,800,1000,0.6,collected_chapter_01.csv,192
193,2026-09-28T10:00:32.660484,STEP UNLESS THEY HAVE ONDOL FLOORS ...,0.6787,,dialogue,False,38,7,167,0,0,347,271,1.0,0.7,0.6,0.4,,1.0,1.0,1.0,1.2804428044280445,94037,0.0004040962599827,0.3333333333333333,1.6,1.0,1.0,0.0,0.5481481481481482,7,0.6,0.1096296296296296,1.0,0.3199999999999999,800,1000,0.6,collected_chapter_01.csv,193
194,2026-09-28T10:00:32.660576,PAUSE,0.4495,background,background,False,5,1,168,0,0,217,112,1.0,0.7,1.0,0.0,,1.0,0.2,1.0,1.9375,24304,0.0002057274522712,0.0,0.5,0.0,0.0,0.0,1.0333333333333334,1,0.6,0.2066666666666667,0.5,0.1,800,1000,0.6,collected_chapter_01.csv,194
195,2026-09-28T10:00:32.660666,0,0.2525,background,background,False,1,1,170,0,0,54,36,0.0,0.7,0.2,0.0,,0.91,0.2,0.0,1.5,1944,0.000514403292181,0.0,0.5,0.0,0.0,0.09,0.3,1,1.0,0.06,0.5,0.1,800,1000,0.6,collected_chapter_01.csv,195
196,2026-09-28T10:00:32.660759,FLICKER,0.4272,background,background,False,7,1,172,0,0,303,159,1.0,0.7,0.6,0.0,,1.0,0.2,1.0,1.9056603773584904,48177,0.0001452975486227,0.0,0.5,0.0,0.0,0.0,0.3,1,0.6,0.06,0.5,0.1,800,1000,0.6,collected_chapter_01.csv,196
197,2026-09-28T10:00:32.660869,I'VE GOT IT .,0.6815,,dialogue,False,13,4,173,0,0,203,23,1.0,0.3,0.6,0.7,,1.0,1.0,0.8,8.826086956521738,4669,0.0027843221246519,0.6666666666666666,1.7,1.0,1.0,0.0,0.7166666666666667,4,0.5,0.1433333333333333,0.75,0.3399999999999999,800,1000,0.6,collected_chapter_01.csv,197
198,2026-09-28T10:00:32.661007,IT'S ...,0.9522,dialogue,dialogue,False,8,2,174,0,0,88,25,1.0,1.0,0.2,1.0,,1.0,2.0,0.75,3.52,2200,0.0036363636363636,1.0,2.1,1.0,1.0,0.0,0.3,2,0.5,0.06,0.6,0.8,800,1000,0.6,collected_chapter_01.csv,198
199,2026-09-28T10:00:32.661067,... IT'S LIKE ...,0.7897,dialogue,dialogue,False,17,4,174,0,0,203,25,1.0,0.3,0.6,1.0,,1.0,1.0,0.875,8.12,5075,0.0033497536945812,1.0,2.3,1.0,1.0,0.0,0.3,4,0.5,0.06,0.75,0.8,800,1000,0.6,collected_chapter_01.csv,199
200,2026-09-28T10:00:32.661190,JOLT,0.4212,background,background,False,4,1,175,0,0,660,446,1.0,0.7,0.4,0.0,,1.0,0.2,1.0,1.4798206278026906,294360,1.3588802826470989e-05,0.0,0.5,0.0,0.0,0.0,0.3,1,0.6,0.06,0.5,0.1,800,1000,0.6,collected_chapter_01.csv,200
201,2026-09-28T10:00:32.661376,... A LIGHTBULB I WENT OFF IN MY HEAD !,0.8626,dialogue,dialogue,False,39,10,178,0,0,296,106,1.0,1.0,1.0,0.7,,1.0,1.0,0.9629629629629628,2.792452830188679,31376,0.0012429882712901,0.625,2.275,1.0,1.0,0.0,0.5458333333333333,10,1.0,0.1091666666666666,1.0,0.8,800,1000,0.6,collected_chapter_01.csv,201
202,2026-09-28T10:00:32.661467,ZOOM,0.5772,,background,False,4,1,180,0,0,373,212,1.0,0.7,0.6,1.0,,1.0,0.2,1.0,1.759433962264151,79076,5.0584248065152515e-05,1.0,0.5,0.0,0.0,0.0,0.3,1,0.6,0.06,0.5,0.1,800,1000,0.6,collected_chapter_01.csv,202
203,2026-09-28T10:00:32.661552,ZOOM,0.6042,,background,False,4,1,181,0,0,368,128,1.0,1.0,1.0,1.0,,1.0,0.2,1.0,2.875,47104,8.491847826086956e-05,1.0,0.5,0.0,0.0,0.0,0.3,1,0.6,0.06,0.5,0.1,800,1000,0.6,collected_chapter_01.csv,203
204,2026-09-28T10:00:32.661623,ZOOM,0.5772,,background,False,4,1,182,0,0,376,229,1.0,0.7,0.6,1.0,,1.0,0.2,1.0,1.6419213973799127,86104,4.6455449224194e-05,1.0,0.5,0.0,0.0,0.0,0.3,1,0.6,0.06,0.5,0.1,800,1000,0.6,collected_chapter_01.csv,204
205,2026-09-28T10:00:32.661807,THERE ARE NO ONDOL FLOORS HERE !,0.7893,dialogue,dialogue,False,32,7,183,0,0,259,107,1.0,1.0,1.0,0.7,,1.0,1.0,0.9615384615384616,2.4205607476635516,27713,0.0011546927434777,0.6666666666666666,1.2166666666666666,1.0,1.0,0.0,1.2739130434782608,7,1.0,0.2547826086956521,1.0,0.2433333333333333,800,1000,0.6,collected_chapter_01.csv,205
206,2026-09-28T10:00:32.661856,3 14,0.2865,background,background,False,4,2,183,0,0,133,35,0.0,1.0,0.6,0.0,,0.91,0.2,0.0,3.8,4655,0.0008592910848549,0.0,0.5,0.0,0.0,0.09,0.3,2,1.0,0.06,0.6,0.1,800,1000,0.6,collected_chapter_01.csv,206
207,2026-09-28T10:00:32.661937,6,0.1825,background,background,False,1,1,184,0,0,12,24,0.0,0.3,0.2,0.0,,0.91,0.2,0.0,0.5,288,0.0034722222222222,0.0,0.5,0.0,0.0,0.09,0.3,1,0.5,0.06,0.5,0.1,800,1000,0.6,collected_chapter_01.csv,207
208,2026-09-28T10:00:32.662088,IF I BUILD THEM IN THIS WORLD ...,0.9108,dialogue,dialogue,False,33,8,185,0,0,226,105,1.0,1.0,1.0,1.0,,1.0,1.0,1.0,2.1523809523809523,23730,0.0013906447534766,1.0,2.585714285714286,1.0,1.0,0.0,0.7714285714285714,8,1.0,0.1542857142857142,1.0,0.8,800,1000,0.6,collected_chapter_01.csv,208
209,2026-09-28T10:00:32.662218,... THEY WOULD DEFINITELY SELL !,0.7506,dialogue,dialogue,False,32,6,186,0,0,282,67,1.0,1.0,1.0,0.7,,1.0,1.0,0.9583333333333334,4.208955223880597,18894,0.0016936593627606,0.75,1.85,1.0,1.0,0.0,0.719047619047619,6,0.5,0.1438095238095238,1.0,0.37,800,1000,0.6,collected_chapter_01.csv,209
210,2026-09-28T10:00:32.662423,THE HOOLIGAN LLOYD FRONTERA COULD NEVER DREAM OF THIS STUFF !,0.8026,dialogue,dialogue,False,61,11,187,0,0,422,108,1.0,1.0,1.0,0.7,,1.0,1.0,0.9803921568627452,3.907407407407407,45576,0.0013384237317886,0.5,1.85,1.0,1.0,0.0,0.8666666666666667,11,1.0,0.1733333333333333,1.0,0.37,800,1000,0.6,collected_chapter_01.csv,210
211,2026-09-28T10:00:32.662587,"BUT THE REAL ME , SUHO KIM , CAN !",0.8702,dialogue,dialogue,False,34,10,188,0,0,259,109,1.0,1.0,1.0,0.7,,1.0,1.0,0.88,2.376146788990826,28231,0.001204349828203,0.5714285714285714,2.1714285714285713,1.0,1.0,0.0,1.085,10,1.0,0.217,1.0,0.8,800,1000,0.6,collected_chapter_01.csv,211
212,2026-09-28T10:00:32.662740,IN SCHOOL I MAJORED IN CIVIL ENGINEERING !,0.816,dialogue,dialogue,False,42,8,190,0,0,339,107,1.0,1.0,1.0,0.4,,1.0,1.0,0.9714285714285714,3.1682242990654204,36273,0.001157886030932,0.4285714285714285,2.142857142857143,1.0,1.0,0.0,0.425,8,1.0,0.0849999999999999,1.0,0.8,800,1000,0.6,collected_chapter_01.csv,212
213,2026-09-28T10:00:32.664709,20 . 1 -S Mrdr TA El 6 ) BB ' B A . BB ' B ( 935 ) AB El B . 2 2445 . and,0.5311,,background,False,73,28,191,0,0,362,342,0.8,0.7,0.4,0.0352941176470588,,1.0,0.6,0.6666666666666666,1.0584795321637428,123804,0.0005896416917062,0.1176470588235294,0.9705882352941176,1.0,0.0,0.0,0.4772727272727273,28,1.0,0.0954545454545454,0.9,0.1941176470588235,800,1000,0.6,collected_chapter_01.csv,213
214,2026-09-28T10:00:32.664764,30,0.1825,background,background,False,2,1,191,0,0,16,14,0.0,0.7,0.2,0.0,,0.91,0.2,0.0,1.1428571428571428,224,0.0089285714285714,0.0,0.5,0.0,0.0,0.09,0.3,1,0.3,0.06,0.5,0.1,800,1000,0.6,collected_chapter_01.csv,214
215,2026-09-28T10:00:32.664829,2445 9.16 ( 8 ) - ( 9 ) ( 1 - ) 2.19 . E,0.5152,,background,False,40,16,191,0,0,307,276,1.0,0.7,0.6,0.0,,1.0,0.6,1.0,1.1123188405797102,84732,0.0004720766652504,0.0,0.5,1.0,0.0,0.0,0.3,16,0.6,0.06,0.9,0.1,800,1000,0.6,collected_chapter_01.csv,215
216,2026-09-28T10:00:32.664879,B,0.3852,background,background,False,1,1,191,0,0,15,11,1.0,0.7,0.2,0.0,,1.0,0.2,1.0,1.3636363636363635,165,0.006060606060606,0.0,0.5,0.0,0.0,0.0,0.3,1,0.3,0.06,0.5,0.1,800,1000,0.6,collected_chapter_01.csv,216
217,2026-09-28T10:00:32.665065,"DURING MY TIME AS A MILITARY ENGINEER IN THE ARMY , I CONSTRUCTED A HOUSE ALL BY MYSELF !",0.8453,dialogue,dialogue,False,89,19,191,0,0,430,186,1.0,1.0,0.6,0.7,,1.0,1.0,0.971830985915493,2.3118279569892475,79980,0.0011127781945486,0.6470588235294118,2.4705882352941178,1.0,1.0,0.0,0.6611940298507463,19,1.0,0.1322388059701492,0.9,0.8,800,1000,0.6,collected_chapter_01.csv,217
218,2026-09-28T10:00:32.665310,"I'VE WORKED DAY AND NIGHT WORKING AT CONSTRUCTION SITES , TOO !",0.7723,dialogue,dialogue,False,63,12,192,0,0,426,145,1.0,1.0,0.6,0.7,,1.0,1.0,0.9423076923076924,2.9379310344827587,61770,0.0010199125789218,0.5,1.22,1.0,1.0,0.0,0.9106382978723404,12,1.0,0.182127659574468,1.0,0.244,800,1000,0.6,collected_chapter_01.csv,218
219,2026-09-28T10:00:32.665604,"THIS IS IT ! WITH THIS , I CAN SETTLE ALL OF THE BARON'S DEBTS !",0.8497,dialogue,dialogue,False,64,16,194,0,0,401,145,1.0,1.0,0.6,0.7,,1.0,1.0,0.9183673469387756,2.7655172413793103,58145,0.0011006965345257,0.7692307692307693,2.8076923076923075,1.0,1.0,0.0,0.9767441860465116,16,1.0,0.1953488372093023,0.9,0.8,800,1000,0.6,collected_chapter_01.csv,219
220,2026-09-28T10:00:32.665837,JAVIER ! LET'S GO BACK TO THE PUB !,0.8129,dialogue,dialogue,False,35,9,196,0,0,301,105,1.0,1.0,1.0,0.7,,1.0,1.0,0.8888888888888888,2.8666666666666667,31605,0.0011074197120708,0.5714285714285714,2.257142857142857,1.0,1.0,0.0,0.4909090909090908,9,1.0,0.0981818181818181,0.3,0.8,800,1000,0.6,collected_chapter_01.csv,220
221,2026-09-28T10:00:32.665891,MA,0.3852,background,background,False,2,1,196,0,0,20,15,1.0,0.7,0.2,0.0,,1.0,0.2,1.0,1.3333333333333333,300,0.0066666666666666,0.0,0.5,0.0,0.0,0.0,0.3,1,0.3,0.06,0.5,0.1,800,1000,0.6,collected_chapter_01.csv,221
222,2026-09-28T10:00:32.665956,AND WHY IS THAT ?,0.8514,dialogue,dialogue,False,17,5,196,0,0,161,65,1.0,1.0,1.0,1.0,,1.0,1.0,0.9230769230769232,2.476923076923077,10465,0.0016244624940277,1.0,2.45,1.0,1.0,0.0,1.35,5,0.5,0.27,0.75,0.8,800,1000,0.6,collected_chapter_01.csv,222
223,2026-09-28T10:00:32.666063,Tr,0.4202,background,background,False,2,1,197,0,0,42,21,1.0,1.0,0.2,0.0,,1.0,0.2,1.0,2.0,882,0.0022675736961451,0.0,0.5,0.0,0.0,0.0,0.3,1,0.5,0.06,0.5,0.1,800,1000,0.6,collected_chapter_01.csv,223
224,2026-09-28T10:00:32.666124,STRIDE STRIDE,0.4282,background,background,False,13,2,197,0,0,706,442,1.0,0.7,0.4,0.0,,1.0,0.2,1.0,1.5972850678733033,312052,4.165972337943677e-05,0.0,0.5,0.0,0.0,0.0,0.3,2,0.6,0.06,0.6,0.1,800,1000,0.6,collected_chapter_01.csv,224
225,2026-09-28T10:00:32.666800,TO GET MY FIRST ORDER !,0.9042,dialogue,dialogue,False,23,6,198,0,0,304,92,1.0,1.0,1.0,1.0,,1.0,1.0,0.9444444444444444,3.3043478260869565,27968,0.0008223684210526,0.8,2.58,1.0,1.0,0.0,0.3,6,1.0,0.06,1.0,0.8,800,1000,0.6,collected_chapter_01.csv,225
226,2026-09-28T10:00:32.666906,DENG,0.4272,background,background,False,4,1,199,0,0,289,174,1.0,0.7,0.6,0.0,,1.0,0.2,1.0,1.660919540229885,50286,7.954500258521259e-05,0.0,0.5,0.0,0.0,0.0,0.3,1,0.6,0.06,0.5,0.1,800,1000,0.6,collected_chapter_01.csv,226
227,2026-09-28T10:00:32.667182,NOTIFICATION,0.4729,,background,False,12,1,200,0,0,300,33,1.0,0.3,1.0,0.0,,1.0,0.2,1.0,9.090909090909092,9900,0.0012121212121212,0.0,0.5,0.0,0.0,0.0,1.2799999999999998,1,1.0,0.2559999999999999,0.5,0.1,800,1000,0.6,collected_chapter_01.csv,227
228,2026-09-28T10:00:32.667268,YOUR TRUE JOURNEY HAS BEGUN ! DONG,0.5908,,dialogue,False,34,7,200,0,0,508,319,1.0,0.7,0.4,0.4,,1.0,0.6,0.9642857142857144,1.5924764890282133,162052,0.0002098091970478,0.3333333333333333,0.7999999999999999,1.0,0.0,0.0,0.7,7,0.6,0.1399999999999999,1.0,0.1599999999999999,800,1000,0.6,collected_chapter_01.csv,228
229,2026-09-28T10:00:32.667362,DING RP SYSTEM HAS BEEN ACTIVATED . ( RP RELATIONSHIP,0.5344,,dialogue,False,53,10,200,0,0,471,306,1.0,0.7,0.4,0.075,,1.0,0.6,0.9767441860465116,1.53921568627451,144126,0.0003677337884906,0.25,0.5,1.0,0.0,0.0,0.7975,10,0.6,0.1595,1.0,0.1,800,1000,0.6,collected_chapter_01.csv,229
230,2026-09-28T10:00:32.667634,POINTS ),0.4392,background,dialogue,False,8,2,201,0,0,132,32,1.0,1.0,0.6,0.0,,1.0,0.2,0.8571428571428571,4.125,4224,0.0018939393939393,0.0,0.5,0.0,0.0,0.0,0.3,2,0.5,0.06,0.6,0.1,800,1000,0.6,collected_chapter_01.csv,230
231,2026-09-28T10:00:32.667748,YOU CAN EARN RP BY IMPROVING RELATIONSHIPS WITH KEY CHARACTERS . DONG,0.6172,,dialogue,False,69,12,201,0,0,502,377,1.0,0.7,0.4,0.4,,1.0,0.6,0.9827586206896552,1.3315649867374004,189254,0.0003645893878068,0.3636363636363636,1.5636363636363635,1.0,0.0,0.0,0.9527272727272728,12,0.6,0.1905454545454545,1.0,0.3127272727272727,800,1000,0.6,collected_chapter_01.csv,231
232,2026-09-28T10:00:32.667828,DING CURRENT RP 0 TOTAL,0.4453,background,background,False,23,5,201,0,0,413,259,1.0,0.7,0.4,0.0,,1.0,0.2,0.9473684210526316,1.5945945945945943,106967,0.0002150195854796,0.0,0.5,0.0,0.0,0.0,0.7687499999999999,5,0.6,0.15375,0.75,0.1,800,1000,0.6,collected_chapter_01.csv,232
233,2026-09-28T10:00:32.668048,MOTADIRION HV2 BEEM HH2 OSTAVITOA B62121EW CAM LORI,0.4837,,background,False,51,8,203,0,0,184,425,1.0,0.3,0.6,0.0,,1.0,0.2,1.0,0.4329411764705882,78200,0.0006521739130434,0.0,0.5,0.0,0.0,0.0,0.4057142857142857,8,1.0,0.0811428571428571,1.0,0.1,800,1000,0.6,collected_chapter_01.csv,233
234,2026-09-28T10:00:32.668110,TO BE CONTINUED .,0.7932,dialogue,background,False,17,4,203,0,0,306,26,1.0,0.3,1.0,0.7,,1.0,1.0,0.9285714285714286,11.76923076923077,7956,0.0021367521367521,0.6666666666666666,3.3333333333333335,1.0,1.0,0.0,0.7636363636363637,4,0.5,0.1527272727272727,0.75,1.0,800,1000,0.6,collected_chapter_01.csv,234
235,2026-09-28T10:00:32.668267,Assistance by : Jini Hyeonseok Noh JQ COMICS,0.5797,,background,False,44,8,204,0,0,309,159,1.0,0.7,0.4,0.0428571428571428,,1.0,0.6,0.972972972972973,1.9433962264150944,49131,0.0008955649182797,0.1428571428571428,0.9285714285714286,1.0,0.0,0.0,0.6,8,1.0,0.12,1.0,0.1857142857142857,800,315,0.6,collected_chapter_01.csv,235
236,2026-09-28T10:12:12.234033,".YOU'RE READY TO GO BACK , RIGHT ?",0.7982,dialogue,dialogue,False,34,8,1,0,0,398,154,1.0,1.0,1.0,1.0,,1.0,1.0,0.8846153846153846,2.5844155844155843,61292,0.0005547216602492,0.8333333333333334,1.8,1.0,1.0,0.0,0.9428571428571428,8,1.0,0.1885714285714285,0.3,0.36,800,1280,0.6,collected_i-wont-let-my-son-become-the-evil-male-lead_ep1.csv,0
237,2026-09-28T10:12:12.234340,OUR BET BEGINS NOW .,0.765,dialogue,dialogue,False,20,5,3,0,0,301,103,1.0,1.0,1.0,0.7,,1.0,1.0,0.9375,2.9223300970873787,31003,0.0006450988614005,0.5,1.275,1.0,1.0,0.0,0.6615384615384615,5,1.0,0.1323076923076923,0.75,0.255,800,1280,0.6,collected_i-wont-let-my-son-become-the-evil-male-lead_ep1.csv,1
238,2026-09-28T10:12:12.234737,HER GRACE HAS WOKEN UP ! SHOUT,0.6564,,dialogue,False,30,7,5,0,0,338,218,1.0,0.7,0.6,0.7,,1.0,0.6,0.9583333333333334,1.5504587155963303,73684,0.0004071440204114,0.6666666666666666,1.3333333333333333,1.0,0.0,0.0,0.6,7,0.6,0.12,1.0,0.2666666666666666,800,1280,0.6,collected_i-wont-let-my-son-become-the-evil-male-lead_ep1.csv,2
239,2026-09-28T10:12:12.234863,"FETCH THE PHYSICIAN , QUICKLY !",0.6469,,dialogue,False,31,6,5,0,0,198,97,1.0,1.0,1.0,0.075,,1.0,1.0,0.9230769230769232,2.0412371134020617,19206,0.0016140789336665,0.25,1.625,1.0,1.0,0.0,0.4909090909090908,6,0.5,0.0981818181818181,1.0,0.325,800,1280,0.6,collected_i-wont-let-my-son-become-the-evil-male-lead_ep1.csv,3
240,2026-09-28T10:12:12.234949,YELL,0.6483,,background,False,4,1,5,0,0,91,35,1.0,1.0,0.6,1.0,,1.0,0.2,1.0,2.6,3185,0.0012558869701726,1.0,0.5,0.0,0.0,0.0,1.45,1,1.0,0.29,0.5,0.1,800,1280,0.6,collected_i-wont-let-my-son-become-the-evil-male-lead_ep1.csv,4
241,2026-09-28T10:12:12.235091,BLINK,0.4322,background,background,False,5,1,6,0,0,88,36,1.0,1.0,0.6,0.0,,1.0,0.2,1.0,2.4444444444444446,3168,0.0015782828282828,0.0,0.5,0.0,0.0,0.0,0.3,1,0.5,0.06,0.5,0.1,800,1280,0.6,collected_i-wont-let-my-son-become-the-evil-male-lead_ep1.csv,5
242,2026-09-28T10:12:12.235638,WHO ARE THEY TALKING ABOUT ?,0.8042,dialogue,dialogue,False,28,6,7,0,0,186,91,1.0,1.0,1.0,1.0,,1.0,1.0,0.9565217391304348,2.043956043956044,16926,0.0016542597187758,0.8,1.96,1.0,1.0,0.0,1.1,6,0.5,0.22,1.0,0.392,800,1280,0.6,collected_i-wont-let-my-son-become-the-evil-male-lead_ep1.csv,6
243,2026-09-28T10:12:12.235723,IS THIS A DREAM ?,0.756,dialogue,dialogue,False,17,5,7,0,0,226,20,1.0,0.3,0.6,0.7,,1.0,1.0,0.9230769230769232,11.3,4520,0.0037610619469026,0.75,2.275,1.0,1.0,0.0,1.11,5,0.5,0.2219999999999999,0.75,0.8,800,1280,0.6,collected_i-wont-let-my-son-become-the-evil-male-lead_ep1.csv,7
244,2026-09-28T10:12:12.235842,HUH ? WHERE AM I ? I DEFINITELY DIED ... SPRING,0.6588,,dialogue,False,47,11,7,0,0,437,356,1.0,0.7,0.4,0.7,,1.0,0.6,0.9411764705882352,1.2275280898876404,155572,0.0003021109197027,0.625,1.55,1.0,0.0,0.0,0.7333333333333333,11,0.6,0.1466666666666666,1.0,0.31,800,1280,0.6,collected_i-wont-let-my-son-become-the-evil-male-lead_ep1.csv,8
245,2026-09-28T10:12:12.236480,Y - YOUR GRACE ! YOU MUSTN'T SIT UP SO SUDDENLY ! YOU'RE STILL UNWELL ... !,0.7128,dialogue,dialogue,False,75,17,8,0,0,260,172,1.0,0.7,1.0,0.7,,1.0,1.0,0.9090909090909092,1.5116279069767442,44720,0.0016771019677996,0.5833333333333334,1.3083333333333331,1.0,1.0,0.0,0.75625,17,0.5,0.15125,0.9,0.2616666666666666,800,1280,0.6,collected_i-wont-let-my-son-become-the-evil-male-lead_ep1.csv,9
246,2026-09-28T10:12:12.240104,"UGH , MY HEAD FEELS LIKE SOMEONE",0.6687,,dialogue,False,32,7,8,0,0,196,90,1.0,1.0,1.0,0.7,,1.0,0.6,0.9615384615384616,2.1777777777777776,17640,0.001814058956916,0.5,1.2666666666666666,1.0,0.0,0.0,0.408695652173913,7,0.5,0.0817391304347826,1.0,0.2533333333333333,800,1280,0.6,collected_i-wont-let-my-son-become-the-evil-male-lead_ep1.csv,10
247,2026-09-28T10:12:12.240398,CRACKED IT OPEN ...,0.7227,dialogue,dialogue,False,19,4,9,0,0,153,61,1.0,1.0,1.0,0.7,,1.0,1.0,1.0,2.5081967213114753,9333,0.0020357869923925,0.6666666666666666,1.7,1.0,1.0,0.0,0.3,4,0.5,0.06,0.75,0.3399999999999999,800,1280,0.6,collected_i-wont-let-my-son-become-the-evil-male-lead_ep1.csv,11
248,2026-09-28T10:12:12.240468,THROB,0.4392,background,background,False,5,1,9,0,0,133,79,1.0,0.7,1.0,0.0,,1.0,0.2,1.0,1.6835443037974684,10507,0.0004758732273722,0.0,0.5,0.0,0.0,0.0,0.3,1,0.6,0.06,0.5,0.1,800,1280,0.6,collected_i-wont-let-my-son-become-the-evil-male-lead_ep1.csv,12
249,2026-09-28T10:12:12.240567,HANG ON ... WHY DID I DIE ?,0.7847,dialogue,dialogue,False,27,8,9,0,0,200,58,1.0,1.0,1.0,1.0,,1.0,1.0,0.9411764705882352,3.4482758620689653,11600,0.0023275862068965,0.8333333333333334,1.6833333333333331,1.0,1.0,0.0,0.3,8,0.5,0.06,1.0,0.3366666666666666,800,1280,0.6,collected_i-wont-let-my-son-become-the-evil-male-lead_ep1.csv,13
250,2026-09-28T10:12:12.240882,DIZZY,0.4822,,background,False,5,1,11,0,0,112,37,1.0,1.0,0.6,0.0,,1.0,0.2,1.0,3.027027027027027,4144,0.0012065637065637,0.0,0.5,0.0,0.0,0.0,0.3,1,1.0,0.06,0.5,0.1,800,1280,0.6,collected_i-wont-let-my-son-become-the-evil-male-lead_ep1.csv,14
251,2026-09-28T10:12:12.240989,AND WHO WAS THAT WOMAN I SAW ?,0.8632,dialogue,dialogue,False,30,8,11,0,0,192,95,1.0,1.0,1.0,1.0,,1.0,1.0,0.9565217391304348,2.021052631578947,18240,0.0016447368421052,0.8571428571428571,2.457142857142857,1.0,1.0,0.0,0.945,8,0.5,0.189,1.0,0.8,800,1280,0.6,collected_i-wont-let-my-son-become-the-evil-male-lead_ep1.csv,15
252,2026-09-28T10:12:12.241081,AND WHY'D SHE SAY WE BET SOMETHING ?,0.7714,dialogue,dialogue,False,36,8,11,0,0,215,98,1.0,1.0,1.0,0.4,,1.0,1.0,0.9310344827586208,2.193877551020408,21070,0.0017085904129093,0.4285714285714285,2.257142857142857,1.0,1.0,0.0,0.812,8,0.5,0.1624,1.0,0.8,800,1280,0.6,collected_i-wont-let-my-son-become-the-evil-male-lead_ep1.csv,16
253,2026-09-28T10:12:12.241478,"A BUNCH OF WEIRD MEMORIES KEEP POURING IN , AND IT'S MAKING IT HARD TO FOCUS ...",0.7922,dialogue,dialogue,False,80,17,12,0,0,290,172,1.0,0.7,1.0,0.7,,1.0,1.0,0.9672131147540984,1.686046511627907,49880,0.0016038492381716,0.5333333333333333,2.193333333333334,1.0,1.0,0.0,0.6543859649122806,17,0.5,0.1308771929824561,0.9,0.8,800,1280,0.6,collected_i-wont-let-my-son-become-the-evil-male-lead_ep1.csv,17
254,2026-09-28T10:12:12.241730,PLEASE LET ME KNOW IF YOU NEED SOMETHING !,0.798,dialogue,dialogue,False,42,9,13,0,0,250,96,1.0,1.0,1.0,1.0,,1.0,1.0,0.9705882352941176,2.6041666666666665,24000,0.00175,0.875,1.875,1.0,1.0,0.0,0.8387096774193549,9,0.5,0.1677419354838709,1.0,0.375,800,1280,0.6,collected_i-wont-let-my-son-become-the-evil-male-lead_ep1.csv,18
255,2026-09-28T10:12:12.241831,STEP,0.4392,background,background,False,4,1,13,0,0,140,77,1.0,0.7,1.0,0.0,,1.0,0.2,1.0,1.818181818181818,10780,0.0003710575139146,0.0,0.5,0.0,0.0,0.0,0.3,1,0.6,0.06,0.5,0.1,800,1280,0.6,collected_i-wont-let-my-son-become-the-evil-male-lead_ep1.csv,19
256,2026-09-28T10:12:12.242093,ST,0.4272,background,background,False,2,1,14,0,0,107,73,1.0,0.7,0.6,0.0,,1.0,0.2,1.0,1.4657534246575343,7811,0.0002560491614389,0.0,0.5,0.0,0.0,0.0,0.3,1,0.6,0.06,0.5,0.1,800,1280,0.6,collected_i-wont-let-my-son-become-the-evil-male-lead_ep1.csv,20
257,2026-09-28T10:12:12.242176,BURST,0.4212,background,background,False,5,1,14,0,0,505,278,1.0,0.7,0.4,0.0,,1.0,0.2,1.0,1.816546762589928,140390,3.561507229859677e-05,0.0,0.5,0.0,0.0,0.0,0.3,1,0.6,0.06,0.5,0.1,800,1280,0.6,collected_i-wont-let-my-son-become-the-evil-male-lead_ep1.csv,21
258,2026-09-28T10:12:12.242562,"Y - YOUR GRACE , YOU CAN'T COME HERE UNANNOUNCED LIKE THIS ...",0.7492,dialogue,dialogue,False,62,13,16,0,0,301,136,1.0,1.0,1.0,0.7,,1.0,1.0,0.9565217391304348,2.213235294117647,40936,0.0015145593120969,0.7,1.6800000000000002,1.0,1.0,0.0,0.9833333333333332,13,0.5,0.1966666666666666,1.0,0.336,800,1280,0.6,collected_i-wont-let-my-son-become-the-evil-male-lead_ep1.csv,22
259,2026-09-28T10:12:12.242861,"A - AS YOU CAN SEE , HER GRACE IS VERY ILL !",0.8467,dialogue,dialogue,False,44,13,17,0,0,196,133,1.0,0.7,1.0,1.0,,1.0,1.0,0.935483870967742,1.4736842105263157,26068,0.0016878932023937,0.9,2.2,1.0,1.0,0.0,0.8333333333333334,13,0.5,0.1666666666666666,1.0,0.8,800,1280,0.6,collected_i-wont-let-my-son-become-the-evil-male-lead_ep1.csv,23
260,2026-09-28T10:12:12.243009,STEP STEP,0.4262,background,background,False,9,2,18,0,0,194,203,1.0,0.3,1.0,0.0,,1.0,0.2,1.0,0.955665024630542,39382,0.0002285308008734,0.0,0.5,0.0,0.0,0.0,0.3,2,0.6,0.06,0.6,0.1,800,1280,0.6,collected_i-wont-let-my-son-become-the-evil-male-lead_ep1.csv,24
261,2026-09-28T10:12:12.243555,"LOOM HMM , I THOUGHT YOU'D START SCREAMING AND THROWING THINGS AT ME AS SOON AS I CAME IN .",0.8008,dialogue,dialogue,False,91,20,19,0,0,694,312,1.0,1.0,0.4,0.7,,1.0,1.0,0.9583333333333334,2.2243589743589745,216528,0.0004202689721421,0.5555555555555556,2.0611111111111113,1.0,1.0,0.0,0.7701492537313434,20,0.6,0.1540298507462686,0.9,0.8,800,1280,0.6,collected_i-wont-let-my-son-become-the-evil-male-lead_ep1.csv,25
262,2026-09-28T10:12:12.243855,WH - WHO THE HECK IS THIS ?! WHY'S HE SO TALL,0.7556,dialogue,dialogue,False,45,12,20,0,0,263,104,1.0,1.0,1.0,0.7,,1.0,0.6,0.9090909090909092,2.5288461538461537,27352,0.0016452178999707,0.6,2.04,1.0,0.0,0.0,0.7571428571428571,12,0.5,0.1514285714285714,1.0,0.8,800,1280,0.6,collected_i-wont-let-my-son-become-the-evil-male-lead_ep1.csv,26
263,2026-09-28T10:12:12.244079,AND SCARY !!,0.7538,dialogue,dialogue,False,12,3,21,0,0,176,19,1.0,0.3,0.6,0.7,,1.0,1.0,0.8,9.263157894736842,3344,0.0035885167464114,0.5,2.5,1.0,1.0,0.0,0.95,3,0.5,0.19,0.75,0.8,800,1280,0.6,collected_i-wont-let-my-son-become-the-evil-male-lead_ep1.csv,27
264,2026-09-28T10:12:12.244148,WHIMPER,0.4542,,background,False,7,1,21,0,0,232,91,1.0,1.0,1.0,0.0,,1.0,0.2,1.0,2.5494505494505493,21112,0.0003315649867374,0.0,0.5,0.0,0.0,0.0,0.3,1,0.6,0.06,0.5,0.1,800,1280,0.6,collected_i-wont-let-my-son-become-the-evil-male-lead_ep1.csv,28
265,2026-09-28T10:12:12.244218,10,0.2445,background,background,False,2,1,21,0,0,56,66,0.0,0.3,0.6,0.0,,0.91,0.2,0.0,0.8484848484848485,3696,0.0005411255411255,0.0,0.5,0.0,0.0,0.09,0.3,1,1.0,0.06,0.5,0.1,800,1280,0.6,collected_i-wont-let-my-son-become-the-evil-male-lead_ep1.csv,29
266,2026-09-28T10:12:12.244298,100,0.1675,background,background,False,3,1,21,0,0,23,60,0.0,0.3,0.2,0.0,,0.41,0.2,0.0,0.3833333333333333,1380,0.0021739130434782,0.0,0.5,0.0,0.0,0.59,0.3,1,0.5,0.06,0.5,0.1,800,1280,0.6,collected_i-wont-let-my-son-become-the-evil-male-lead_ep1.csv,30
267,2026-09-28T10:12:12.244371,Cooo,0.4322,background,background,False,4,1,21,0,0,56,98,1.0,0.3,0.6,0.0,,0.5,0.2,1.0,0.5714285714285714,5488,0.0007288629737609,0.0,0.5,0.0,0.0,0.5,0.3,1,1.0,0.06,0.5,0.1,800,1280,0.6,collected_i-wont-let-my-son-become-the-evil-male-lead_ep1.csv,31
268,2026-09-28T10:12:12.244441,0,0.1625,background,background,False,1,1,21,0,0,9,14,0.0,0.3,0.2,0.0,,0.91,0.2,0.0,0.6428571428571429,126,0.0079365079365079,0.0,0.5,0.0,0.0,0.09,0.3,1,0.3,0.06,0.5,0.1,800,1280,0.6,collected_i-wont-let-my-son-become-the-evil-male-lead_ep1.csv,32
269,2026-09-28T10:12:12.244921,"HER GRACE WAS IN AN ACCIDENT , SO SHE NEEDS HER REST .",0.865,dialogue,dialogue,False,54,13,22,0,0,283,134,1.0,1.0,1.0,0.7,,1.0,1.0,0.9523809523809524,2.111940298507463,37922,0.0014239755287168,0.6363636363636364,2.0363636363636366,1.0,1.0,0.0,0.7131578947368421,13,1.0,0.1426315789473684,1.0,0.8,800,1280,0.6,collected_i-wont-let-my-son-become-the-evil-male-lead_ep1.csv,33
270,2026-09-28T10:12:12.245027,IF YOU COULD PLEASE RETURN AT ANOTHER TIME--,0.7922,dialogue,dialogue,False,44,8,22,0,0,196,172,1.0,0.7,1.0,0.7,,1.0,0.6,0.945945945945946,1.1395348837209305,33712,0.0013051732320835,0.625,2.0,1.0,0.0,0.0,0.8696969696969696,8,1.0,0.1739393939393939,1.0,0.8,800,1280,0.6,collected_i-wont-let-my-son-become-the-evil-male-lead_ep1.csv,34
271,2026-09-28T10:12:12.245325,"AH , RIGHT . THIS IS HOW THINGS ALWAYS ARE BETWEEN US .",0.7591,dialogue,dialogue,False,55,13,23,0,0,202,135,1.0,0.7,1.0,1.0,,1.0,1.0,0.9302325581395348,1.4962962962962962,27270,0.002016868353502,0.9,1.09,1.0,1.0,0.0,0.8157894736842105,13,0.5,0.1631578947368421,1.0,0.218,800,1280,0.6,collected_i-wont-let-my-son-become-the-evil-male-lead_ep1.csv,35
272,2026-09-28T10:12:12.245789,NOW YOU'RE EVEN PRETENDING TO GET CAUGHT IN ACCIDENTS AND PASS OUT ? NOT VERY WIFELY OF YOU .,0.8323,dialogue,dialogue,False,93,19,24,0,0,320,269,1.0,0.7,0.6,0.7,,1.0,1.0,0.96,1.1895910780669146,86080,0.0010803903345724,0.7647058823529411,2.3000000000000003,1.0,1.0,0.0,0.8071428571428572,19,1.0,0.1614285714285714,0.9,0.8,800,1280,0.6,collected_i-wont-let-my-son-become-the-evil-male-lead_ep1.csv,36
273,2026-09-28T10:12:12.245853,BRUSH,0.4822,,background,False,5,1,24,0,0,115,47,1.0,1.0,0.6,0.0,,1.0,0.2,1.0,2.4468085106382977,5405,0.0009250693802035,0.0,0.5,0.0,0.0,0.0,0.3,1,1.0,0.06,0.5,0.1,800,1280,0.6,collected_i-wont-let-my-son-become-the-evil-male-lead_ep1.csv,37
274,2026-09-28T10:12:12.246057,HUH ? IS HE MY HUSBAND ?,0.7976,dialogue,dialogue,False,24,7,25,0,0,199,57,1.0,1.0,1.0,1.0,,1.0,1.0,0.8888888888888888,3.491228070175439,11343,0.0021158423697434,0.8,1.88,1.0,1.0,0.0,0.7999999999999999,7,0.5,0.1599999999999999,1.0,0.376,800,1280,0.6,collected_i-wont-let-my-son-become-the-evil-male-lead_ep1.csv,38
275,2026-09-28T10:12:12.246546,YOU SHOULD HAVE BEEN A LITTLE MORE PATIENT .,0.7803,dialogue,dialogue,False,44,9,26,0,0,194,138,1.0,0.7,1.0,1.0,,1.0,1.0,0.9722222222222222,1.4057971014492754,26772,0.0016435081428357,0.875,1.875,1.0,1.0,0.0,0.6454545454545455,9,0.5,0.1290909090909091,1.0,0.375,800,1280,0.6,collected_i-wont-let-my-son-become-the-evil-male-lead_ep1.csv,39
276,2026-09-28T10:12:12.246674,"I'LL BE LEAVING THE MANOR SOON , AND IT'LL BE SOME TIME UNTIL I RETURN .",0.7912,dialogue,dialogue,False,72,16,26,0,0,270,173,1.0,0.7,1.0,0.7,,1.0,1.0,0.9298245614035088,1.560693641618497,46710,0.0015414258188824,0.6428571428571429,2.257142857142857,1.0,1.0,0.0,0.5843137254901961,16,0.5,0.1168627450980392,0.9,0.8,800,1280,0.6,collected_i-wont-let-my-son-become-the-evil-male-lead_ep1.csv,40
277,2026-09-28T10:12:12.246780,SWISH,0.4822,,background,False,5,1,27,0,0,111,54,1.0,1.0,0.6,0.0,,1.0,0.2,1.0,2.0555555555555554,5994,0.0008341675008341,0.0,0.5,0.0,0.0,0.0,0.3,1,1.0,0.06,0.5,0.1,800,1280,0.6,collected_i-wont-let-my-son-become-the-evil-male-lead_ep1.csv,41
278,2026-09-28T10:12:12.246931,TURN,0.6042,,background,False,4,1,28,0,0,341,141,1.0,1.0,1.0,1.0,,1.0,0.2,1.0,2.418439716312057,48081,8.31929452382438e-05,1.0,0.5,0.0,0.0,0.0,0.3,1,0.6,0.06,0.5,0.1,800,1280,0.6,collected_i-wont-let-my-son-become-the-evil-male-lead_ep1.csv,42
279,2026-09-28T10:12:12.247005,"I DEFINITELY DIED ,",0.6187,,dialogue,False,19,4,28,0,0,167,59,1.0,1.0,1.0,0.4,,1.0,0.6,0.9375,2.830508474576271,9853,0.0019283466964376,0.3333333333333333,1.7333333333333334,1.0,0.0,0.0,0.3,4,0.5,0.06,0.75,0.3466666666666667,800,1280,0.6,collected_i-wont-let-my-son-become-the-evil-male-lead_ep1.csv,43
280,2026-09-28T10:12:12.247289,SO WHY AM I MARRIED ? AND WHY DON'T WE GET ALONG ?!,0.7786,dialogue,dialogue,False,51,13,29,0,0,215,133,1.0,0.7,1.0,1.0,,1.0,1.0,0.8974358974358975,1.6165413533834587,28595,0.0017835285889141,0.8181818181818182,1.8636363636363635,1.0,1.0,0.0,0.5484848484848486,13,0.5,0.1096969696969697,1.0,0.3727272727272727,800,1280,0.6,collected_i-wont-let-my-son-become-the-evil-male-lead_ep1.csv,44
281,2026-09-28T10:12:12.247452,SOMETHING'S OFF ABOUT ALL THIS .,0.903,dialogue,dialogue,False,32,6,30,0,0,249,139,1.0,0.7,1.0,1.0,,1.0,1.0,0.925925925925926,1.79136690647482,34611,0.0009245615555748,0.8,2.06,1.0,1.0,0.0,1.2869565217391306,6,1.0,0.2573913043478261,1.0,0.8,800,1280,0.6,collected_i-wont-let-my-son-become-the-evil-male-lead_ep1.csv,45
282,2026-09-28T10:12:12.247737,"YOUR GRACE , PLEASE ! YOU NEED TO REST !",0.8505,dialogue,dialogue,False,40,10,31,0,0,208,134,1.0,0.7,1.0,0.7,,1.0,1.0,0.9032258064516128,1.5522388059701493,27872,0.0014351320321469,0.7142857142857143,2.042857142857143,1.0,1.0,0.0,0.75,10,1.0,0.15,1.0,0.8,800,1280,0.6,collected_i-wont-let-my-son-become-the-evil-male-lead_ep1.csv,46
283,2026-09-28T10:12:12.247837,GLANCE FRET SEARCH SWEAT,0.4423,background,background,False,24,4,31,0,0,479,103,1.0,1.0,1.0,0.0,,1.0,0.2,1.0,4.650485436893204,49337,0.0004864503313942,0.0,0.5,0.0,0.0,0.0,0.4473684210526316,4,0.6,0.0894736842105263,0.3,0.1,800,1280,0.6,collected_i-wont-let-my-son-become-the-evil-male-lead_ep1.csv,47
284,2026-09-28T10:12:12.248250,"YOU'VE ONLY JUST WOKEN UP , YOUR GRACE !",0.7763,dialogue,dialogue,False,40,9,32,0,0,228,133,1.0,0.7,1.0,0.7,,1.0,1.0,0.90625,1.7142857142857142,30324,0.0013190871916633,0.7142857142857143,1.5857142857142856,1.0,1.0,0.0,0.6222222222222222,9,1.0,0.1244444444444444,1.0,0.3171428571428571,800,1280,0.6,collected_i-wont-let-my-son-become-the-evil-male-lead_ep1.csv,48
285,2026-09-28T10:12:12.248427,J,0.4352,background,background,False,1,1,33,0,0,19,42,1.0,0.3,0.2,0.0,,1.0,0.2,1.0,0.4523809523809524,798,0.0012531328320802,0.0,0.5,0.0,0.0,0.0,0.3,1,1.0,0.06,0.5,0.1,800,1280,0.6,collected_i-wont-let-my-son-become-the-evil-male-lead_ep1.csv,49
286,2026-09-28T10:12:12.248521,WOBBLE SHAKE,0.4342,background,background,False,12,2,33,0,0,348,226,1.0,0.7,0.6,0.0,,1.0,0.2,1.0,1.5398230088495577,78648,0.0001525785779676,0.0,0.5,0.0,0.0,0.0,0.3,2,0.6,0.06,0.6,0.1,800,1280,0.6,collected_i-wont-let-my-son-become-the-evil-male-lead_ep1.csv,50
287,2026-09-28T10:12:12.248828,"OW , MY HEAD ...",0.6657,,dialogue,False,16,5,34,0,0,201,22,1.0,0.3,0.6,0.7,,1.0,1.0,0.8888888888888888,9.136363636363637,4422,0.0036182722749886,0.6666666666666666,1.3666666666666665,1.0,1.0,0.0,0.3,5,0.5,0.06,0.75,0.2733333333333333,800,1280,0.6,collected_i-wont-let-my-son-become-the-evil-male-lead_ep1.csv,51
288,2026-09-28T10:12:12.248945,UGH ... THERE'RE SO MANY WEIRD MEMORIES RUSHING THROUGH MY HEAD .,0.6666,,dialogue,False,65,12,34,0,0,245,169,1.0,0.7,1.0,0.4,,1.0,1.0,0.9607843137254902,1.4497041420118344,41405,0.0015698587127158,0.4,0.99,1.0,1.0,0.0,0.8468085106382978,12,0.5,0.1693617021276595,1.0,0.198,800,1280,0.6,collected_i-wont-let-my-son-become-the-evil-male-lead_ep1.csv,52
289,2026-09-28T10:12:12.249087,LONG SILVER HAIR ...,0.6451,,dialogue,False,20,4,35,0,0,167,58,1.0,1.0,1.0,0.4,,1.0,1.0,1.0,2.8793103448275863,9686,0.0020648358455502,0.3333333333333333,0.5,1.0,1.0,0.0,0.5416666666666666,4,0.5,0.1083333333333333,0.75,0.1,800,1280,0.6,collected_i-wont-let-my-son-become-the-evil-male-lead_ep1.csv,53
290,2026-09-28T10:12:12.249298,... AND VIOLET EYES THAT GLEAM LIKE AMETHYSTS ...,0.6907,,dialogue,False,49,9,36,0,0,230,134,1.0,0.7,1.0,0.4,,1.0,1.0,1.0,1.7164179104477613,30820,0.0015898767034393,0.4285714285714285,1.9,1.0,1.0,0.0,0.6181818181818182,9,0.5,0.1236363636363636,1.0,0.38,800,1280,0.6,collected_i-wont-let-my-son-become-the-evil-male-lead_ep1.csv,54
291,2026-09-28T10:12:12.249585,"A NAME EMERGED FROM THAT ONSLAUGHT OF MEMORIES , AND IT WAS ...",0.8498,dialogue,dialogue,False,63,13,37,0,0,265,171,1.0,0.7,1.0,0.7,,1.0,1.0,0.9791666666666666,1.5497076023391814,45315,0.001390268123138,0.6363636363636364,2.536363636363636,1.0,1.0,0.0,0.7022222222222223,13,1.0,0.1404444444444444,1.0,0.8,800,1280,0.6,collected_i-wont-let-my-son-become-the-evil-male-lead_ep1.csv,55
292,2026-09-28T10:12:12.249725,SERIEL ROPERAM .,0.6317,,dialogue,False,16,3,39,0,0,176,77,1.0,1.0,1.0,0.0,,1.0,1.0,0.9285714285714286,2.2857142857142856,13552,0.0011806375442739,0.0,0.5,1.0,1.0,0.0,0.3,3,1.0,0.06,0.75,0.1,800,1280,0.6,collected_i-wont-let-my-son-become-the-evil-male-lead_ep1.csv,56
293,2026-09-28T10:12:12.249953,SHE'S KNOWN AS THE GREATEST BEAUTY IN THE EMPIRE .,0.8512,dialogue,dialogue,False,50,10,40,0,0,197,171,1.0,0.7,1.0,0.7,,1.0,1.0,0.951219512195122,1.152046783625731,33687,0.0014842520853741,0.5555555555555556,2.3,1.0,1.0,0.0,0.8,10,1.0,0.16,1.0,0.8,800,1280,0.6,collected_i-wont-let-my-son-become-the-evil-male-lead_ep1.csv,57
294,2026-09-28T10:12:12.250147,SHE'S ALSO THE DUCHESS OF HOUSE ROPERAM .,0.7378,dialogue,dialogue,False,41,8,41,0,0,173,134,1.0,0.7,1.0,0.7,,1.0,1.0,0.9411764705882352,1.291044776119403,23182,0.0017686135795013,0.5714285714285714,1.9428571428571428,1.0,1.0,0.0,0.6766666666666666,8,0.5,0.1353333333333333,1.0,0.3885714285714285,800,1280,0.6,collected_i-wont-let-my-son-become-the-evil-male-lead_ep1.csv,58
295,2026-09-28T10:12:12.250615,"AND TO TOP IT ALL OFF , SHE'S THE MOTHER OF THE TWISTED , OBSESSIVE MALE LEAD OF TORN WINGS .",0.7944,dialogue,dialogue,False,93,21,42,0,0,269,207,1.0,0.7,1.0,0.7,,1.0,1.0,0.9452054794520548,1.2995169082125604,55683,0.0016701686331555,0.6111111111111112,2.25,1.0,1.0,0.0,0.8149253731343283,21,0.5,0.1629850746268656,0.9,0.8,800,1280,0.6,collected_i-wont-let-my-son-become-the-evil-male-lead_ep1.csv,59
296,2026-09-28T10:12:12.250859,I Won't Let My Son Become the Evil Maje Lead !,0.7324,dialogue,background,False,46,11,43,0,0,615,275,1.0,1.0,0.4,0.7,,1.0,1.0,0.9444444444444444,2.2363636363636363,169125,0.0002719881744271,0.7,1.58,1.0,1.0,0.0,0.571875,11,0.6,0.114375,1.0,0.316,800,1280,0.6,collected_i-wont-let-my-son-become-the-evil-male-lead_ep1.csv,60
297,2026-09-28T10:12:12.251066,Story / Art Team Coconut Original story peril,0.4134,background,background,False,45,8,44,0,0,350,17,1.0,0.3,0.6,0.0,,1.0,0.2,1.0,20.58823529411765,5950,0.007563025210084,0.0,0.5,0.0,0.0,0.0,0.3857142857142857,8,0.3,0.0771428571428571,1.0,0.1,800,1280,0.6,collected_i-wont-let-my-son-become-the-evil-male-lead_ep1.csv,61
298,2026-09-28T10:12:12.251132,1,0.1825,background,background,False,1,1,44,0,0,17,26,0.0,0.3,0.2,0.0,,0.91,0.2,0.0,0.6538461538461539,442,0.002262443438914,0.0,0.5,0.0,0.0,0.09,0.3,1,0.5,0.06,0.5,0.1,800,1280,0.6,collected_i-wont-let-my-son-become-the-evil-male-lead_ep1.csv,62
299,2026-09-28T10:12:12.251741,OHHH NOOOO !!! WAAAH,0.5047,,dialogue,False,20,4,45,0,0,429,253,1.0,0.7,0.6,0.0,,1.0,0.6,0.9090909090909092,1.6956521739130437,108537,0.0001842689589725,0.0,0.5,1.0,0.0,0.0,0.3,4,0.6,0.06,0.75,0.1,800,1280,0.6,collected_i-wont-let-my-son-become-the-evil-male-lead_ep1.csv,63
300,2026-09-28T10:12:12.251817,GOODNESS ...,0.765,dialogue,dialogue,False,12,2,45,0,0,172,47,1.0,1.0,0.6,0.0,,1.0,2.0,1.0,3.6595744680851063,8084,0.0014844136566056,0.0,0.5,1.0,1.0,0.0,0.7166666666666667,2,1.0,0.1433333333333333,0.6,0.1,800,1280,0.6,collected_i-wont-let-my-son-become-the-evil-male-lead_ep1.csv,64
301,2026-09-28T10:12:12.251974,MUST SHE POORER WE BE IN THAN HEALTH THOUGHT .,0.7965,dialogue,dialogue,False,46,10,45,0,0,206,136,1.0,0.7,1.0,0.7,,1.0,1.0,0.972972972972973,1.5147058823529411,28016,0.0016419189034837,0.6666666666666666,2.211111111111111,1.0,1.0,0.0,0.4676470588235294,10,0.5,0.0935294117647058,1.0,0.8,800,1280,0.6,collected_i-wont-let-my-son-become-the-evil-male-lead_ep1.csv,65
302,2026-09-28T10:12:12.252090,I WOUND UP INSIDE THE NOVEL I WAS READING ?! SERIOUSLY ?!,0.7872,dialogue,dialogue,False,57,12,45,0,0,285,161,1.0,0.7,1.0,0.7,,1.0,1.0,0.9130434782608696,1.7701863354037266,45885,0.0012422360248447,0.5,1.92,1.0,1.0,0.0,0.6849999999999999,12,1.0,0.1369999999999999,1.0,0.384,800,1280,0.6,collected_i-wont-let-my-son-become-the-evil-male-lead_ep1.csv,66
303,2026-09-28T10:12:12.252451,"OKAY , NO , NO . CALM DOWN . IT'LL BE OKAY ...",0.7308,dialogue,dialogue,False,46,13,46,0,0,201,132,1.0,0.7,1.0,0.7,,1.0,1.0,0.8387096774193549,1.5227272727272727,26532,0.0017337554650987,0.75,1.8875,1.0,1.0,0.0,0.3,13,0.5,0.06,1.0,0.3775,800,1280,0.6,collected_i-wont-let-my-son-become-the-evil-male-lead_ep1.csv,67
304,2026-09-28T10:12:12.252513,HAHAHA,0.4672,,background,False,6,1,46,0,0,131,44,1.0,1.0,0.6,0.0,,0.5,0.2,1.0,2.977272727272727,5764,0.0010409437890353,0.0,0.5,0.0,0.0,0.5,0.3,1,1.0,0.06,0.5,0.1,800,1280,0.6,collected_i-wont-let-my-son-become-the-evil-male-lead_ep1.csv,68
305,2026-09-28T10:12:12.252583,GRRR,0.4392,background,background,False,4,1,46,0,0,136,64,1.0,1.0,1.0,0.0,,0.5,0.2,1.0,2.125,8704,0.0004595588235294,0.0,0.5,0.0,0.0,0.5,0.3,1,0.6,0.06,0.5,0.1,800,1280,0.6,collected_i-wont-let-my-son-become-the-evil-male-lead_ep1.csv,69
306,2026-09-28T10:12:12.252845,AS IF I COULD !,0.8237,dialogue,dialogue,False,15,5,47,0,0,182,20,1.0,0.3,0.6,1.0,,1.0,1.0,0.9090909090909092,9.1,3640,0.0041208791208791,1.0,3.25,1.0,1.0,0.0,0.5875,5,0.5,0.1175,0.75,1.0,800,1280,0.6,collected_i-wont-let-my-son-become-the-evil-male-lead_ep1.csv,70
307,2026-09-28T10:12:12.252939,MY CHARACTER BARELY SHOWED UP IN THAT BOOK !,0.8145,dialogue,dialogue,False,44,9,47,0,0,265,95,1.0,1.0,1.0,0.7,,1.0,1.0,0.9722222222222222,2.789473684210526,25175,0.0017477656405163,0.5,2.075,1.0,1.0,0.0,0.6787878787878787,9,0.5,0.1357575757575757,1.0,0.8,800,1280,0.6,collected_i-wont-let-my-son-become-the-evil-male-lead_ep1.csv,71
308,2026-09-28T10:12:12.253485,AM I SERIOUSLY THE SERIEL ? MAYBE THIS IS ALL JUST A BAD DREAM ...,0.7996,dialogue,dialogue,False,66,15,48,0,0,260,133,1.0,0.7,1.0,0.7,,1.0,1.0,0.979591836734694,1.954887218045113,34580,0.0019086176980913,0.7692307692307693,2.0153846153846153,1.0,1.0,0.0,0.6826086956521739,15,0.5,0.1365217391304347,1.0,0.8,800,1280,0.6,collected_i-wont-let-my-son-become-the-evil-male-lead_ep1.csv,72
309,2026-09-28T10:12:12.253546,SLAP,0.4392,background,background,False,4,1,48,0,0,129,76,1.0,0.7,1.0,0.0,,1.0,0.2,1.0,1.6973684210526316,9804,0.0004079967360261,0.0,0.5,0.0,0.0,0.0,0.3,1,0.6,0.06,0.5,0.1,800,1280,0.6,collected_i-wont-let-my-son-become-the-evil-male-lead_ep1.csv,73
310,2026-09-28T10:12:12.253610,SLAP,0.4392,background,background,False,4,1,48,0,0,130,74,1.0,0.7,1.0,0.0,,1.0,0.2,1.0,1.7567567567567568,9620,0.0004158004158004,0.0,0.5,0.0,0.0,0.0,0.3,1,0.6,0.06,0.5,0.1,800,1280,0.6,collected_i-wont-let-my-son-become-the-evil-male-lead_ep1.csv,74
311,2026-09-28T10:12:12.253695,"NOPE , THAT HURT ! I FELT",0.7554,dialogue,dialogue,False,25,7,48,0,0,242,58,1.0,1.0,1.0,0.7,,1.0,0.6,0.8947368421052632,4.172413793103448,14036,0.0017811342262752,0.6,2.18,1.0,0.0,0.0,0.74,7,0.5,0.148,1.0,0.8,800,1280,0.6,collected_i-wont-let-my-son-become-the-evil-male-lead_ep1.csv,75
312,2026-09-28T10:12:12.253908,EVERY SLAP .,0.6501,,dialogue,False,12,3,49,0,0,163,20,1.0,0.3,0.6,0.7,,1.0,1.0,0.9,8.15,3260,0.003680981595092,0.5,0.5,1.0,1.0,0.0,1.042857142857143,3,0.5,0.2085714285714285,0.75,0.1,800,1280,0.6,collected_i-wont-let-my-son-become-the-evil-male-lead_ep1.csv,76
313,2026-09-28T10:12:12.253991,BUT THEN IF ALL THIS IS REAL ...,0.8498,dialogue,dialogue,False,32,8,49,0,0,177,95,1.0,0.7,1.0,1.0,,1.0,1.0,1.0,1.863157894736842,16815,0.0019030627415997,0.8571428571428571,2.3000000000000003,1.0,1.0,0.0,1.06,8,0.5,0.212,1.0,0.8,800,1280,0.6,collected_i-wont-let-my-son-become-the-evil-male-lead_ep1.csv,77
314,2026-09-28T10:12:12.254176,... DOES THAT MEAN I'M STUCK HERE ?,0.777,dialogue,dialogue,False,35,8,50,0,0,210,95,1.0,1.0,1.0,1.0,,1.0,1.0,0.92,2.210526315789474,19950,0.0017543859649122,0.8333333333333334,1.1333333333333333,1.0,1.0,0.0,0.9285714285714286,8,0.5,0.1857142857142857,1.0,0.2266666666666666,800,1280,0.6,collected_i-wont-let-my-son-become-the-evil-male-lead_ep1.csv,78
315,2026-09-28T10:12:12.254316,MIL,0.4272,background,background,False,3,1,51,0,0,323,302,1.0,0.7,0.6,0.0,,1.0,0.2,1.0,1.0695364238410596,97546,3.075472084965042e-05,0.0,0.5,0.0,0.0,0.0,0.3,1,0.6,0.06,0.5,0.1,800,1280,0.6,collected_i-wont-let-my-son-become-the-evil-male-lead_ep1.csv,79
316,2026-09-28T10:12:12.254383,HANG ON ...,0.7427,dialogue,dialogue,False,11,3,51,0,0,130,20,1.0,0.5,0.2,0.7,,1.0,1.0,1.0,6.5,2600,0.0042307692307692,0.5,2.2,1.0,1.0,0.0,0.3,3,0.5,0.06,0.75,0.8,800,1280,0.6,collected_i-wont-let-my-son-become-the-evil-male-lead_ep1.csv,80
317,2026-09-28T10:12:12.254839,I'M STUCK HERE ?!,0.747,dialogue,dialogue,False,17,4,52,0,0,211,93,1.0,1.0,1.0,0.7,,1.0,1.0,0.7857142857142857,2.2688172043010755,19623,0.0008663303266574,0.6666666666666666,0.5,1.0,1.0,0.0,1.0333333333333334,4,1.0,0.2066666666666667,0.75,0.1,800,1280,0.6,collected_i-wont-let-my-son-become-the-evil-male-lead_ep1.csv,81
318,2026-09-28T10:12:12.254988,WHY COULDN'T I HAVE BEEN THE FEMALE LEAD INSTEAD ? OR A NICE SIDE CHARACTER ? WHY'D I HAVE TO BE THIS,0.7192,dialogue,dialogue,False,101,22,52,0,0,318,206,1.0,0.7,0.6,0.7,,1.0,0.6,0.95,1.5436893203883495,65508,0.001541796421811,0.7,2.38,1.0,0.0,0.0,0.5837837837837837,22,0.5,0.1167567567567567,0.9,0.8,800,1280,0.6,collected_i-wont-let-my-son-become-the-evil-male-lead_ep1.csv,82
319,2026-09-28T10:12:12.255121,CHARACTER ?!,0.6808,,dialogue,False,12,2,53,0,0,169,20,1.0,0.3,0.6,0.0,,1.0,2.0,0.8181818181818182,8.45,3380,0.0035502958579881,0.0,0.5,1.0,1.0,0.0,0.7714285714285715,2,0.5,0.1542857142857143,0.6,0.1,800,1280,0.6,collected_i-wont-let-my-son-become-the-evil-male-lead_ep1.csv,83
320,2026-09-28T10:12:12.255174,DOOM,0.4012,background,background,False,4,1,53,0,0,480,515,1.0,0.3,0.4,0.0,,1.0,0.2,1.0,0.9320388349514565,247200,1.6181229773462782e-05,0.0,0.5,0.0,0.0,0.0,0.3,1,0.6,0.06,0.5,0.1,800,1280,0.6,collected_i-wont-let-my-son-become-the-evil-male-lead_ep1.csv,84
321,2026-09-28T10:12:12.255506,TREMBLE,0.4942,,background,False,7,1,54,0,0,157,53,1.0,1.0,1.0,0.0,,1.0,0.2,1.0,2.962264150943396,8321,0.0008412450426631,0.0,0.5,0.0,0.0,0.0,0.3,1,1.0,0.06,0.5,0.1,800,1280,0.6,collected_i-wont-let-my-son-become-the-evil-male-lead_ep1.csv,85
322,2026-09-28T10:12:12.255653,THE MALE LEAD IS BASICALLY INSANE ! HE EVEN KILLED THE SECOND MALE LEAD WITHOUT BATTING AN EYE !,0.7549,dialogue,dialogue,False,96,19,54,0,0,318,208,1.0,0.7,0.6,0.7,,1.0,1.0,0.9743589743589745,1.5288461538461535,66144,0.0014513788098693,0.5294117647058824,1.4588235294117649,1.0,1.0,0.0,0.7216216216216216,19,1.0,0.1443243243243243,0.9,0.291764705882353,800,1280,0.6,collected_i-wont-let-my-son-become-the-evil-male-lead_ep1.csv,86
323,2026-09-28T10:12:12.255767,SHIVER,0.4461,background,background,False,6,1,55,0,0,384,243,1.0,0.7,0.6,0.0,,1.0,0.2,1.0,1.5802469135802468,93312,6.430041152263375e-05,0.0,0.5,0.0,0.0,0.0,1.65,1,0.6,0.3299999999999999,0.5,0.1,800,1280,0.6,collected_i-wont-let-my-son-become-the-evil-male-lead_ep1.csv,87
324,2026-09-28T10:12:12.255828,GULP,0.4702,,background,False,4,1,55,0,0,86,32,1.0,1.0,0.2,0.0,,1.0,0.2,1.0,2.6875,2752,0.001453488372093,0.0,0.5,0.0,0.0,0.0,0.3,1,1.0,0.06,0.5,0.1,800,1280,0.6,collected_i-wont-let-my-son-become-the-evil-male-lead_ep1.csv,88
325,2026-09-28T10:12:12.256062,HE MIGHT KILL ME TOO IF I GET IN HIS WAY .,0.8581,dialogue,dialogue,False,42,12,56,0,0,240,95,1.0,1.0,1.0,1.0,,1.0,1.0,0.967741935483871,2.526315789473684,22800,0.0018421052631578,1.0,2.481818181818182,1.0,1.0,0.0,0.5821428571428572,12,0.5,0.1164285714285714,1.0,0.8,800,1280,0.6,collected_i-wont-let-my-son-become-the-evil-male-lead_ep1.csv,89
326,2026-09-28T10:12:12.256196,I'M LEAVING YOU !,0.7648,dialogue,dialogue,False,17,4,57,0,0,127,115,1.0,0.7,1.0,0.7,,1.0,1.0,0.8571428571428571,1.1043478260869566,14605,0.0011639849366655,0.6666666666666666,1.6,1.0,1.0,0.0,1.02,4,1.0,0.204,0.75,0.3199999999999999,800,1280,0.6,collected_i-wont-let-my-son-become-the-evil-male-lead_ep1.csv,90
327,2026-09-28T10:12:12.256419,"IF YOU WANT TO GO , THEN BE MY GUEST ...",0.8435,dialogue,dialogue,False,40,11,58,0,0,181,135,1.0,0.7,1.0,1.0,,1.0,1.0,0.9629629629629628,1.3407407407407408,24435,0.0016369961121342,0.8888888888888888,2.7666666666666666,1.0,1.0,0.0,0.6083333333333333,11,0.5,0.1216666666666666,1.0,0.8,800,1280,0.6,collected_i-wont-let-my-son-become-the-evil-male-lead_ep1.csv,91
328,2026-09-28T10:12:12.256534,... BUT,0.9822,dialogue,dialogue,False,7,2,59,0,0,72,24,1.0,1.0,0.2,1.0,,1.0,2.0,1.0,3.0,1728,0.0040509259259259,1.0,3.6,1.0,0.0,0.0,0.3,2,0.5,0.06,0.6,1.0,800,1280,0.6,collected_i-wont-let-my-son-become-the-evil-male-lead_ep1.csv,92
329,2026-09-28T10:12:12.256750,BE PREPARED FOR WHAT WILL HAPPEN IF I CATCH YOU .,0.861,dialogue,dialogue,False,49,11,60,0,0,321,99,1.0,1.0,1.0,1.0,,1.0,1.0,0.9743589743589745,3.242424242424242,31779,0.0015418987381604,0.8,2.7,1.0,1.0,0.0,0.7888888888888889,11,0.5,0.1577777777777777,1.0,0.8,800,1280,0.6,collected_i-wont-let-my-son-become-the-evil-male-lead_ep1.csv,93
330,2026-09-28T10:12:12.256982,I'LL CHAIN YOU DOWN SO YOU CAN NEVER LEAVE ME AGAIN .,0.8274,dialogue,dialogue,False,53,12,61,0,0,257,171,1.0,0.7,1.0,1.0,,1.0,1.0,0.9523809523809524,1.5029239766081872,43947,0.001205998134116,0.9090909090909092,1.681818181818182,1.0,1.0,0.0,0.85,12,1.0,0.1699999999999999,1.0,0.3363636363636363,800,1280,0.6,collected_i-wont-let-my-son-become-the-evil-male-lead_ep1.csv,94
331,2026-09-28T10:12:12.257282,IT WAS A NOVEL THAT LEFT THE READERS AS BROKENHEARTED AS THE FEMALE LEAD ...,0.852,dialogue,dialogue,False,76,15,63,0,0,263,210,1.0,0.7,1.0,0.7,,1.0,1.0,1.0,1.2523809523809524,55230,0.0013760637334781,0.6428571428571429,2.4285714285714284,1.0,1.0,0.0,0.8578947368421053,15,1.0,0.171578947368421,1.0,0.8,800,1280,0.6,collected_i-wont-let-my-son-become-the-evil-male-lead_ep1.csv,95
332,2026-09-28T10:12:12.257942,"SIGH OKAY , GET IT TOGETHER . IN A TYPICAL DARK ROMANCE NOVEL , THE MALE LEAD ELIMINATES ANYTHING AND EVERYTHING THAT GETS IN HIS WAY .",0.8069,dialogue,dialogue,False,135,27,64,0,0,344,486,1.0,0.3,0.4,0.7,,1.0,1.0,0.963302752293578,0.7078189300411523,167184,0.0008074935400516,0.5652173913043478,2.0565217391304347,1.0,1.0,0.0,0.8485436893203884,27,1.0,0.1697087378640776,0.9,0.8,800,1280,0.6,collected_i-wont-let-my-son-become-the-evil-male-lead_ep1.csv,96
333,2026-09-28T10:12:12.258008,THAT USUALLY MEANS,0.6192,,dialogue,False,18,3,64,0,0,210,59,1.0,1.0,1.0,0.4,,1.0,0.2,1.0,3.559322033898305,12390,0.0014527845036319,0.3333333333333333,1.7666666666666666,0.0,0.0,0.0,0.9785714285714286,3,1.0,0.1957142857142857,0.75,0.3533333333333333,800,1280,0.6,collected_i-wont-let-my-son-become-the-evil-male-lead_ep1.csv,97
334,2026-09-28T10:12:12.258684,THE PARENT HE DOESN'T GET ALONG WITH ...,0.8195,dialogue,dialogue,False,40,8,65,0,0,253,95,1.0,1.0,1.0,0.7,,1.0,1.0,0.9666666666666668,2.663157894736842,24035,0.0016642396505096,0.7142857142857143,2.414285714285714,1.0,1.0,0.0,1.0333333333333332,8,0.5,0.2066666666666666,1.0,0.8,800,1280,0.6,collected_i-wont-let-my-son-become-the-evil-male-lead_ep1.csv,98
335,2026-09-28T10:12:12.258739,M HUH ?,0.7117,dialogue,dialogue,False,7,3,65,0,0,203,85,1.0,1.0,1.0,0.7,,1.0,1.0,0.8,2.388235294117647,17255,0.0004056795131845,0.5,1.0,1.0,1.0,0.0,0.3,3,0.6,0.06,0.75,0.2,800,1280,0.6,collected_i-wont-let-my-son-become-the-evil-male-lead_ep1.csv,99
336,2026-09-28T10:12:12.258815,&,0.7668,dialogue,background,False,1,1,65,0,0,80,74,1.0,0.7,0.6,1.0,,1.0,0.2,1.0,1.0810810810810811,5920,0.0001689189189189,1.0,4.5,0.0,0.0,0.0,4.2,1,0.6,0.8400000000000001,0.5,1.0,800,1280,0.6,collected_i-wont-let-my-son-become-the-evil-male-lead_ep1.csv,100
337,2026-09-28T10:12:12.259022,WHICH MEANS I'M DEFINITELY AT RISK ...,0.7657,dialogue,dialogue,False,38,7,66,0,0,190,134,1.0,0.7,1.0,0.7,,1.0,1.0,0.9655172413793104,1.417910447761194,25460,0.0014925373134328,0.5,1.3833333333333335,1.0,1.0,0.0,0.3,7,1.0,0.06,1.0,0.2766666666666667,800,1280,0.6,collected_i-wont-let-my-son-become-the-evil-male-lead_ep1.csv,101
338,2026-09-28T10:12:12.259081,AHHHHHHHH !!!,0.7362,dialogue,dialogue,False,13,2,66,0,0,341,38,1.0,0.3,1.0,0.0,,1.0,2.0,0.75,8.973684210526315,12958,0.0010032412409322,0.0,0.5,1.0,1.0,0.0,0.3,2,1.0,0.06,0.6,0.1,800,1280,0.6,collected_i-wont-let-my-son-become-the-evil-male-lead_ep1.csv,102
339,2026-09-28T10:12:12.259404,MENTAL BREAKDOWN,0.5105,,background,False,16,2,67,0,0,254,74,1.0,1.0,1.0,0.0,,1.0,0.2,1.0,3.4324324324324325,18796,0.0008512449457331,0.0,0.5,0.0,0.0,0.0,0.9615384615384616,2,1.0,0.1923076923076923,0.6,0.1,800,1280,0.6,collected_i-wont-let-my-son-become-the-evil-male-lead_ep1.csv,103
340,2026-09-28T10:12:12.259509,MY RELATIONSHIP WITH MY HUSBAND IS ALREADY A DISASTER !,0.7393,dialogue,dialogue,False,55,10,67,0,0,250,132,1.0,0.7,1.0,0.7,,1.0,1.0,0.9782608695652174,1.893939393939394,33000,0.0016666666666666,0.5555555555555556,1.9,1.0,1.0,0.0,0.8813953488372093,10,0.5,0.1762790697674418,1.0,0.38,800,1280,0.6,collected_i-wont-let-my-son-become-the-evil-male-lead_ep1.csv,104
341,2026-09-28T10:12:12.259575,"PLUS , MY SON GROWS UP",0.6286,,dialogue,False,22,6,67,0,0,243,54,1.0,1.0,1.0,0.4,,1.0,0.6,0.9411764705882352,4.5,13122,0.0016765736930345,0.4,1.48,1.0,0.0,0.0,0.3,6,0.5,0.06,1.0,0.296,800,1280,0.6,collected_i-wont-let-my-son-become-the-evil-male-lead_ep1.csv,105
342,2026-09-28T10:12:12.259942,TO BE A PSYCHOPATH WHO LOCKS UP THE FEMALE LEAD AGAINST HER WILL !,0.8638,dialogue,dialogue,False,66,14,68,0,0,347,132,1.0,1.0,1.0,0.7,,1.0,1.0,0.981132075471698,2.628787878787879,45804,0.0014409221902017,0.6923076923076923,2.5615384615384613,1.0,1.0,0.0,0.628,14,1.0,0.1256,1.0,0.8,800,1280,0.6,collected_i-wont-let-my-son-become-the-evil-male-lead_ep1.csv,106
343,2026-09-28T10:12:12.260008,IF I WANT TO SURVIVE ...,0.8417,dialogue,dialogue,False,24,6,68,0,0,134,96,1.0,0.7,1.0,1.0,,1.0,1.0,1.0,1.3958333333333333,12864,0.001865671641791,0.8,2.5200000000000005,1.0,1.0,0.0,0.4785714285714285,6,0.5,0.0957142857142857,1.0,0.8,800,1280,0.6,collected_i-wont-let-my-son-become-the-evil-male-lead_ep1.csv,107
344,2026-09-28T10:12:12.260395,... I NEED TO BUILD A SUPER LOVING RELATIONSHIP WITH ONE OF THOSE TWO BEFORE IT'S TOO LATE !,0.7323,dialogue,dialogue,False,92,19,69,0,0,331,171,1.0,0.7,1.0,0.7,,1.0,1.0,0.971830985915493,1.935672514619883,56601,0.0016254129785692,0.6470588235294118,1.9705882352941175,1.0,1.0,0.0,0.7253731343283583,19,0.5,0.1450746268656716,0.9,0.3941176470588236,800,1280,0.6,collected_i-wont-let-my-son-become-the-evil-male-lead_ep1.csv,108
345,2026-09-28T10:12:12.260926,NOW THE QUESTION IS WHO ... DO I PICK MY ESTRANGED HUSBAND OR THE SON I'VE NEGLECTED FOR YEARS ? TURN,0.7655,dialogue,dialogue,False,101,21,70,0,0,518,381,1.0,0.7,0.4,0.7,,1.0,0.6,0.9743589743589745,1.3595800524934385,197358,0.00051176035428,0.631578947368421,2.005263157894737,1.0,0.0,0.0,0.7472972972972972,21,1.0,0.1494594594594594,0.9,0.8,800,1280,0.6,collected_i-wont-let-my-son-become-the-evil-male-lead_ep1.csv,109
346,2026-09-28T10:12:12.261063,HUH ?,0.8772,dialogue,dialogue,False,5,2,71,0,0,61,20,1.0,1.0,0.2,1.0,,1.0,2.0,0.75,3.05,1220,0.0040983606557377,1.0,1.5,1.0,1.0,0.0,0.3,2,0.5,0.06,0.6,0.3,800,1280,0.6,collected_i-wont-let-my-son-become-the-evil-male-lead_ep1.csv,110
347,2026-09-28T10:12:12.261328,"I THINK I SEE A CHILD THROUGH THE WINDOW , BUT WHO ?",0.8447,dialogue,dialogue,False,52,13,72,0,0,233,132,1.0,0.7,1.0,1.0,,1.0,1.0,0.95,1.7651515151515151,30756,0.0016907270126154,0.9090909090909092,2.727272727272727,1.0,1.0,0.0,0.6944444444444444,13,0.5,0.1388888888888889,1.0,0.8,800,1280,0.6,collected_i-wont-let-my-son-become-the-evil-male-lead_ep1.csv,111
348,2026-09-28T10:12:12.261557,MUTTER,0.4657,,background,False,6,1,73,0,0,208,92,1.0,1.0,1.0,0.0,,1.0,0.2,1.0,2.260869565217391,19136,0.0003135451505016,0.0,0.5,0.0,0.0,0.0,1.125,1,0.6,0.225,0.5,0.1,800,1280,0.6,collected_i-wont-let-my-son-become-the-evil-male-lead_ep1.csv,112
349,2026-09-28T10:12:12.261675,OH MY GOODNESS !!! WHO IS THAT ?! HE'S SO ADORABLE ! MURMUR,0.6657,,dialogue,False,59,13,73,0,0,508,307,1.0,0.7,0.4,0.7,,1.0,0.6,0.8888888888888888,1.654723127035831,155956,0.0003783118315422,0.7,1.7899999999999998,1.0,0.0,0.0,0.7157894736842105,13,0.6,0.1431578947368421,1.0,0.358,800,1280,0.6,collected_i-wont-let-my-son-become-the-evil-male-lead_ep1.csv,113
350,2026-09-28T10:12:12.261915,HANG ANG ON- ON THERE'S ONLY ONE KID AT THIS MANOR !,0.7412,dialogue,dialogue,False,52,12,74,0,0,283,202,1.0,0.7,1.0,0.4,,1.0,1.0,0.926829268292683,1.400990099009901,57166,0.0009096315992023,0.4545454545454545,1.7545454545454546,1.0,1.0,0.0,0.9694444444444444,12,1.0,0.1938888888888889,1.0,0.3509090909090909,800,1280,0.6,collected_i-wont-let-my-son-become-the-evil-male-lead_ep1.csv,114
351,2026-09-28T10:12:12.262072,THEN THAT LITTLE CUTIE PIE,0.6097,,dialogue,False,26,5,75,0,0,244,63,1.0,1.0,1.0,0.7,,1.0,0.2,1.0,3.873015873015873,15372,0.0016913869372885,0.6,1.6,0.0,0.0,0.0,1.015,5,0.5,0.203,0.75,0.32,800,1280,0.6,collected_i-wont-let-my-son-become-the-evil-male-lead_ep1.csv,115
352,2026-09-28T10:12:12.262954,OUT THERE IS GONNA GROW UP TO BE A CRIMINAL ?!,0.9102,dialogue,dialogue,False,46,11,76,0,0,295,105,1.0,1.0,1.0,1.0,,1.0,1.0,0.9444444444444444,2.8095238095238093,30975,0.0014850686037126,0.9,2.45,1.0,1.0,0.0,0.728125,11,1.0,0.145625,1.0,0.8,800,1280,0.6,collected_i-wont-let-my-son-become-the-evil-male-lead_ep1.csv,116
353,2026-09-28T10:12:12.263134,"THE BOOK DOESN'T GO INTO THE MALE LEAD'S CHILDHOOD TOO MUCH , SO I NEVER THOUGHT I'D GET TO SEE HIM LIKE THIS . HIS CHEEKS ARE SO ROUND !",0.7681,dialogue,dialogue,False,137,30,76,0,0,336,283,1.0,0.7,0.6,0.7,,1.0,1.0,0.9444444444444444,1.187279151943463,95088,0.0014407706545515,0.7037037037037037,1.9555555555555555,1.0,1.0,0.0,0.604,30,1.0,0.1207999999999999,0.9,0.3911111111111111,800,1280,0.6,collected_i-wont-let-my-son-become-the-evil-male-lead_ep1.csv,117
354,2026-09-28T10:12:12.263405,AWWW !,0.7592,dialogue,dialogue,False,6,2,77,0,0,135,59,1.0,1.0,0.6,0.0,,1.0,2.0,0.75,2.288135593220339,7965,0.0007532956685499,0.0,0.5,1.0,1.0,0.0,0.3,2,1.0,0.06,0.6,0.1,800,1280,0.6,collected_i-wont-let-my-son-become-the-evil-male-lead_ep1.csv,118
355,2026-09-28T10:12:12.263509,HOW IS HE THIS CUTE ? HE'S NOTHING LIKE THE PSYCHO FROM THE BOOK .,0.8018,dialogue,dialogue,False,66,15,77,0,0,242,170,1.0,0.7,1.0,0.7,,1.0,1.0,0.9423076923076924,1.423529411764706,41140,0.0016042780748663,0.6923076923076923,2.176923076923077,1.0,1.0,0.0,0.8425531914893617,15,0.5,0.1685106382978723,1.0,0.8,800,1280,0.6,collected_i-wont-let-my-son-become-the-evil-male-lead_ep1.csv,119
356,2026-09-28T10:12:12.264020,WINNER ! LOSER,0.4987,,background,False,14,3,78,0,0,431,324,1.0,0.7,0.4,0.0,,1.0,0.6,0.9166666666666666,1.3302469135802468,139644,0.0001002549339749,0.0,0.5,1.0,0.0,0.0,0.3,3,0.6,0.06,0.75,0.1,800,1280,0.6,collected_i-wont-let-my-son-become-the-evil-male-lead_ep1.csv,120
357,2026-09-28T10:12:12.264181,"OKAY , I'VE MADE MY CHOICE ! WHY PICK THE 0 SCARY HUSBAND WHEN 0 MY ADORABLE LITTLE 0 SON IS RIGHT THERE ?! 0",0.701,dialogue,dialogue,False,109,25,78,0,0,551,225,1.0,1.0,0.6,0.7,,1.0,0.6,0.8941176470588236,2.448888888888889,123975,0.0008792095180479,0.5,1.2090909090909092,1.0,0.0,0.0,0.6216216216216216,25,1.0,0.1243243243243243,0.9,0.2418181818181818,800,1280,0.6,collected_i-wont-let-my-son-become-the-evil-male-lead_ep1.csv,121
358,2026-09-28T10:12:12.264290,BUT ...,0.9822,dialogue,dialogue,False,7,2,79,0,0,75,26,1.0,1.0,0.2,1.0,,1.0,2.0,1.0,2.8846153846153846,1950,0.0035897435897435,1.0,3.6,1.0,1.0,0.0,0.3,2,0.5,0.06,0.6,1.0,800,1280,0.6,collected_i-wont-let-my-son-become-the-evil-male-lead_ep1.csv,122
359,2026-09-28T10:12:12.264600,HOW THE HECK AM I SUPPOSED TO GET CLOSE TO,0.7261,dialogue,dialogue,False,42,10,80,0,0,211,139,1.0,0.7,1.0,0.7,,1.0,0.2,1.0,1.5179856115107917,29329,0.0014320297316649,0.7,2.53,0.0,0.0,0.0,0.4354838709677419,10,1.0,0.0870967741935483,1.0,0.8,800,1280,0.6,collected_i-wont-let-my-son-become-the-evil-male-lead_ep1.csv,123
360,2026-09-28T10:12:12.264766,HIM ?!,0.9122,dialogue,dialogue,False,6,2,81,0,0,82,26,0.8,1.0,0.2,1.0,,1.0,2.0,0.6,3.1538461538461537,2132,0.0028142589118198,1.0,2.4,1.0,1.0,0.0,0.3,2,0.5,0.06,0.6,0.8,800,1280,0.6,collected_i-wont-let-my-son-become-the-evil-male-lead_ep1.csv,124
361,2026-09-28T10:12:12.264827,GAAAH !,0.7092,dialogue,dialogue,False,7,2,81,0,0,126,33,1.0,1.0,0.6,0.0,,1.0,2.0,0.8,3.8181818181818183,4158,0.0016835016835016,0.0,0.5,1.0,1.0,0.0,0.3,2,0.5,0.06,0.6,0.1,800,1280,0.6,collected_i-wont-let-my-son-become-the-evil-male-lead_ep1.csv,125
362,2026-09-28T10:12:12.265052,THE NEXT DAY,0.6456,,dialogue,False,12,3,82,0,0,183,20,1.0,0.3,0.6,1.0,,1.0,0.2,1.0,9.15,3660,0.0032786885245901,1.0,2.0,0.0,0.0,0.0,0.825,3,0.5,0.1649999999999999,0.3,0.8,800,1280,0.6,collected_i-wont-let-my-son-become-the-evil-male-lead_ep1.csv,126
363,2026-09-28T10:12:12.265131,"YOUR GRACE , IT'S TIME FOR BREAKFAST !",0.7398,dialogue,dialogue,False,38,8,82,0,0,183,97,1.0,0.7,1.0,0.7,,1.0,1.0,0.9032258064516128,1.88659793814433,17751,0.0021407244662272,0.6666666666666666,1.9833333333333336,1.0,1.0,0.0,0.7384615384615384,8,0.5,0.1476923076923076,1.0,0.3966666666666666,800,1280,0.6,collected_i-wont-let-my-son-become-the-evil-male-lead_ep1.csv,127
364,2026-09-28T10:12:12.265227,STRETCH,0.4822,,background,False,7,1,83,0,0,163,42,1.0,1.0,0.6,0.0,,1.0,0.2,1.0,3.880952380952381,6846,0.0010224948875255,0.0,0.5,0.0,0.0,0.0,0.3,1,1.0,0.06,0.5,0.1,800,1280,0.6,collected_i-wont-let-my-son-become-the-evil-male-lead_ep1.csv,128
365,2026-09-28T10:12:12.265449,ARE YOU FEELING ANY BETTER ?,0.7182,dialogue,dialogue,False,28,6,84,0,0,166,97,1.0,0.7,1.0,0.7,,1.0,1.0,0.9565217391304348,1.711340206185567,16102,0.0017389144205688,0.6,1.16,1.0,1.0,0.0,0.955,6,0.5,0.191,1.0,0.2319999999999999,800,1280,0.6,collected_i-wont-let-my-son-become-the-evil-male-lead_ep1.csv,129
366,2026-09-28T10:12:12.265507,MUCH BETTER !,0.6655,,dialogue,False,13,3,84,0,0,106,58,1.0,0.7,0.6,0.7,,1.0,1.0,0.9090909090909092,1.827586206896552,6148,0.0021145087833441,0.5,0.5,1.0,1.0,0.0,0.7125,3,0.5,0.1425,0.75,0.1,800,1280,0.6,collected_i-wont-let-my-son-become-the-evil-male-lead_ep1.csv,130
367,2026-09-28T10:12:12.265915,"FOR NOW , PLEASE FOCUS ON RECOVERING , AND LEAVE THE MANOR'S NEEDS TO THE SIDE .",0.8433,dialogue,dialogue,False,80,17,85,0,0,320,173,1.0,0.7,1.0,0.7,,1.0,1.0,0.9375,1.8497109826589595,55360,0.0014450867052023,0.6428571428571429,2.4499999999999997,1.0,1.0,0.0,0.7327586206896551,17,1.0,0.146551724137931,0.9,0.8,800,1280,0.6,collected_i-wont-let-my-son-become-the-evil-male-lead_ep1.csv,131
368,2026-09-28T10:12:12.265965,CLINK,0.4052,background,background,False,5,1,85,0,0,69,36,1.0,0.7,0.2,0.0,,1.0,0.2,1.0,1.9166666666666667,2484,0.002012882447665,0.0,0.5,0.0,0.0,0.0,0.3,1,0.5,0.06,0.5,0.1,800,1280,0.6,collected_i-wont-let-my-son-become-the-evil-male-lead_ep1.csv,132
369,2026-09-28T10:12:12.266026,SURE ...,1.3752,dialogue,dialogue,False,8,2,85,0,0,89,21,1.0,1.0,0.2,1.0,,1.0,2.0,1.0,4.238095238095238,1869,0.0042803638309256,1.0,1.9,1.0,1.0,0.0,0.3,2,0.5,0.06,3.0,2.5,800,1280,0.6,collected_i-wont-let-my-son-become-the-evil-male-lead_ep1.csv,133
370,2026-09-28T10:12:12.266157,"OH , DAISY .",0.6697,,dialogue,False,12,4,86,0,0,138,23,1.0,0.3,0.6,0.7,,1.0,1.0,0.7777777777777778,6.0,3174,0.0037807183364839,0.5,1.5,1.0,1.0,0.0,0.3,4,0.5,0.06,0.75,0.3,800,1280,0.6,collected_i-wont-let-my-son-become-the-evil-male-lead_ep1.csv,134
371,2026-09-28T10:12:12.266396,HOW MANY DAYS WAS I BEDRIDDEN AFTER THE ACCIDENT ?,0.7315,dialogue,dialogue,False,50,10,87,0,0,250,133,1.0,0.7,1.0,0.7,,1.0,1.0,0.975609756097561,1.8796992481203008,33250,0.0015037593984962,0.5555555555555556,1.7444444444444445,1.0,1.0,0.0,0.6526315789473685,10,0.5,0.1305263157894736,1.0,0.3488888888888889,800,1280,0.6,collected_i-wont-let-my-son-become-the-evil-male-lead_ep1.csv,135
372,2026-09-28T10:12:12.266455,YOU WERE,0.6751,,dialogue,False,8,2,87,0,0,139,22,1.0,0.5,0.2,1.0,,1.0,0.2,1.0,6.318181818181818,3058,0.0026160889470241,1.0,2.15,0.0,0.0,0.0,1.58,2,0.5,0.316,0.6,0.8,800,1280,0.6,collected_i-wont-let-my-son-become-the-evil-male-lead_ep1.csv,136
373,2026-09-28T10:12:12.266966,UNCONSCIOUS FOR AN ENTIRE DAY .,0.7501,dialogue,dialogue,False,31,6,88,0,0,192,92,1.0,1.0,1.0,0.7,,1.0,1.0,0.9615384615384616,2.0869565217391304,17664,0.0017549818840579,0.6,1.72,1.0,1.0,0.0,0.9608695652173912,6,0.5,0.1921739130434782,1.0,0.344,800,1280,0.6,collected_i-wont-let-my-son-become-the-evil-male-lead_ep1.csv,137
374,2026-09-28T10:12:12.267118,"I SEE . I'VE SPENT SEVERAL DAYS RESTING NOW , BUT IT SEEMS RECOVERY IS SLOWER THAN I THOUGHT IT WOULD BE ...",0.7707,dialogue,dialogue,False,108,23,88,0,0,291,248,1.0,0.7,0.6,0.7,,1.0,1.0,0.963855421686747,1.1733870967741935,72168,0.0014965081476554,0.6,1.98,1.0,1.0,0.0,0.7384615384615385,23,1.0,0.1476923076923077,0.9,0.396,800,1280,0.6,collected_i-wont-let-my-son-become-the-evil-male-lead_ep1.csv,138
375,2026-09-28T10:12:12.267554,"IT WAS A TERRIBLE ACCIDENT , YOUR GRACE ! THE WHOLE MANOR WAS PETRIFIED AT THE THOUGHT OF LOSING YOU !!!",0.8261,dialogue,dialogue,False,104,21,89,0,0,463,355,1.0,0.7,0.4,0.7,,1.0,1.0,0.9634146341463414,1.304225352112676,164365,0.0006327381133452,0.5555555555555556,2.111111111111111,1.0,1.0,0.0,0.7961038961038961,21,1.0,0.1592207792207792,0.9,0.8,800,1280,0.6,collected_i-wont-let-my-son-become-the-evil-male-lead_ep1.csv,139
376,2026-09-28T10:12:12.267609,SOB,0.6172,,background,False,3,1,89,0,0,86,50,1.0,0.7,0.6,1.0,,1.0,0.2,1.0,1.72,4300,0.0006976744186046,1.0,0.5,0.0,0.0,0.0,0.3,1,1.0,0.06,0.5,0.1,800,1280,0.6,collected_i-wont-let-my-son-become-the-evil-male-lead_ep1.csv,140
377,2026-09-28T10:12:12.267836,WHO COULD HAVE EXPECTED THE CARRIAGE TO CRASH LIKE THAT ?!,0.86,dialogue,dialogue,False,58,11,90,0,0,268,134,1.0,1.0,1.0,1.0,,1.0,1.0,0.9583333333333334,2.0,35912,0.0016150590331922,0.8,2.72,1.0,1.0,0.0,0.7136363636363636,11,0.5,0.1427272727272727,1.0,0.8,800,1280,0.6,collected_i-wont-let-my-son-become-the-evil-male-lead_ep1.csv,141
378,2026-09-28T10:12:12.267980,SO THAT'S WHAT HAPPENED ...,0.735,dialogue,dialogue,False,27,5,91,0,0,226,60,1.0,1.0,1.0,0.7,,1.0,1.0,0.95,3.7666666666666666,13560,0.0019911504424778,0.75,1.6749999999999998,1.0,1.0,0.0,1.2294117647058822,5,0.5,0.2458823529411764,0.75,0.3349999999999999,800,1280,0.6,collected_i-wont-let-my-son-become-the-evil-male-lead_ep1.csv,142
379,2026-09-28T10:12:12.268584,"ANYWAY , EVEN MY HUSBAND WHO SUPPOSEDLY HATES ME DROPPED BY , BUT THERE'S NO WORD FROM MY SON , AND I'VE BEEN AWAKE FOR DAYS NOW .",0.739,dialogue,dialogue,False,130,28,92,0,0,390,439,1.0,0.3,0.4,0.7,,1.0,1.0,0.941747572815534,0.8883826879271071,171210,0.0007593014426727,0.625,1.7916666666666667,1.0,1.0,0.0,0.7326315789473684,28,1.0,0.1465263157894736,0.9,0.3583333333333333,800,1280,0.6,collected_i-wont-let-my-son-become-the-evil-male-lead_ep1.csv,143
380,2026-09-28T10:12:12.268637,WHOOSH,0.6042,,background,False,6,1,92,0,0,240,79,1.0,1.0,1.0,1.0,,1.0,0.2,1.0,3.037974683544304,18960,0.0003164556962025,1.0,0.5,0.0,0.0,0.0,0.3,1,0.6,0.06,0.5,0.1,800,1280,0.6,collected_i-wont-let-my-son-become-the-evil-male-lead_ep1.csv,144
381,2026-09-28T10:12:12.268884,IS OUR RELATIONSHIP EVEN WORSE THAN I THOUGHT ?,0.7789,dialogue,dialogue,False,47,9,93,0,0,246,133,1.0,0.7,1.0,0.7,,1.0,1.0,0.9743589743589745,1.849624060150376,32718,0.0014365181245797,0.625,1.525,1.0,1.0,0.0,0.9416666666666668,9,1.0,0.1883333333333333,1.0,0.305,800,1280,0.6,collected_i-wont-let-my-son-become-the-evil-male-lead_ep1.csv,145
382,2026-09-28T10:12:12.268938,DAISY .,0.5472,,dialogue,False,7,2,93,0,0,86,22,1.0,1.0,0.2,0.0,,1.0,1.0,0.8333333333333334,3.909090909090909,1892,0.0036997885835095,0.0,0.5,1.0,1.0,0.0,0.3,2,0.5,0.06,0.6,0.1,800,1280,0.6,collected_i-wont-let-my-son-become-the-evil-male-lead_ep1.csv,146
383,2026-09-28T10:12:12.269070,"YES , YOUR GRACE ?",0.7294,dialogue,dialogue,False,18,5,94,0,0,141,60,1.0,1.0,1.0,0.7,,1.0,1.0,0.8571428571428571,2.35,8460,0.002127659574468,0.6666666666666666,1.6666666666666667,1.0,1.0,0.0,0.85,5,0.5,0.1699999999999999,0.75,0.3333333333333333,800,1280,0.6,collected_i-wont-let-my-son-become-the-evil-male-lead_ep1.csv,147
384,2026-09-28T10:12:12.269243,HAS KARDICIEL BEEN BUSY ?,0.6867,,dialogue,False,25,5,95,0,0,188,58,1.0,1.0,1.0,0.7,,1.0,1.0,0.9523809523809524,3.2413793103448274,10904,0.0022927366104181,0.5,0.5,1.0,1.0,0.0,0.3,5,0.5,0.06,0.75,0.1,800,1280,0.6,collected_i-wont-let-my-son-become-the-evil-male-lead_ep1.csv,148
385,2026-09-28T10:12:12.269302,FLINCH,0.4542,,background,False,6,1,95,0,0,212,74,1.0,1.0,1.0,0.0,,1.0,0.2,1.0,2.864864864864865,15688,0.0003824579296277,0.0,0.5,0.0,0.0,0.0,0.3,1,0.6,0.06,0.5,0.1,800,1280,0.6,collected_i-wont-let-my-son-become-the-evil-male-lead_ep1.csv,149
386,2026-09-28T10:12:12.269358,O,0.4052,background,background,False,1,1,95,0,0,18,17,1.0,0.7,0.2,0.0,,1.0,0.2,1.0,1.0588235294117647,306,0.0032679738562091,0.0,0.5,0.0,0.0,0.0,0.3,1,0.5,0.06,0.5,0.1,800,1280,0.6,collected_i-wont-let-my-son-become-the-evil-male-lead_ep1.csv,150
387,2026-09-28T10:12:12.270017,"O - OH ! UM , WELL , YOU SEE , UHHHH ... ! HAHA ...",0.7395,dialogue,dialogue,False,51,16,96,0,0,241,100,1.0,1.0,1.0,0.7,,1.0,1.0,0.8148148148148148,2.41,24100,0.0021161825726141,0.625,1.675,1.0,1.0,0.0,0.805,16,0.5,0.161,0.9,0.335,800,1280,0.6,collected_i-wont-let-my-son-become-the-evil-male-lead_ep1.csv,151
388,2026-09-28T10:12:12.270127,"WOW , IT REALLY IS AS BAD AS I THOUGHT . IT MIGHT EVEN BE WORSE ...",0.8878,dialogue,dialogue,False,67,17,96,0,0,275,173,1.0,0.7,1.0,1.0,,1.0,1.0,0.9583333333333334,1.5895953757225434,47575,0.0014083026799789,0.8571428571428571,2.242857142857143,1.0,1.0,0.0,0.7022727272727273,17,1.0,0.1404545454545454,0.9,0.8,800,1280,0.6,collected_i-wont-let-my-son-become-the-evil-male-lead_ep1.csv,152
389,2026-09-28T10:12:12.270302,STARE,0.4943,,background,False,5,1,97,0,0,149,54,1.0,1.0,0.6,0.0,,1.0,0.2,1.0,2.759259259259259,8046,0.0006214267959234,0.0,0.5,0.0,0.0,0.0,1.1666666666666667,1,1.0,0.2333333333333333,0.5,0.1,800,1280,0.6,collected_i-wont-let-my-son-become-the-evil-male-lead_ep1.csv,153
390,2026-09-28T10:12:12.270391,"STILL , I CAN'T JUST SIT HERE AND DO NOTHING .",0.7942,dialogue,dialogue,False,46,11,97,0,0,185,132,1.0,0.7,1.0,1.0,,1.0,1.0,0.9166666666666666,1.4015151515151516,24420,0.0018837018837018,0.8888888888888888,1.9222222222222225,1.0,1.0,0.0,1.535483870967742,11,0.5,0.3070967741935484,1.0,0.3844444444444445,800,1280,0.6,collected_i-wont-let-my-son-become-the-evil-male-lead_ep1.csv,154
391,2026-09-28T10:12:12.270602,DO YOU KNOW WHERE HE IS RIGHT NOW ?,0.9004,dialogue,dialogue,False,35,9,98,0,0,177,134,1.0,0.7,1.0,1.0,,1.0,1.0,0.9629629629629628,1.3208955223880596,23718,0.0014756724850324,1.0,2.175,1.0,1.0,0.0,1.1,9,1.0,0.22,1.0,0.8,800,1280,0.6,collected_i-wont-let-my-son-become-the-evil-male-lead_ep1.csv,155
392,2026-09-28T10:12:12.270655,I BELIEVE,0.6726,,dialogue,False,9,2,98,0,0,122,21,1.0,0.7,0.2,1.0,,1.0,0.2,1.0,5.809523809523809,2562,0.0035128805620608,1.0,2.35,0.0,0.0,0.0,0.6833333333333332,2,0.5,0.1366666666666666,0.6,0.8,800,1280,0.6,collected_i-wont-let-my-son-become-the-evil-male-lead_ep1.csv,156
393,2026-09-28T10:12:12.270924,HIS LORDSHIP IS IN THE GARDEN .,0.8138,dialogue,dialogue,False,31,7,99,0,0,245,60,1.0,1.0,1.0,0.7,,1.0,1.0,0.96,4.083333333333333,14700,0.0021088435374149,0.6666666666666666,2.4,1.0,1.0,0.0,0.6318181818181818,7,0.5,0.1263636363636363,1.0,0.8,800,1280,0.6,collected_i-wont-let-my-son-become-the-evil-male-lead_ep1.csv,157
394,2026-09-28T10:12:12.270994,A - ARE YOU GOING TO SEE HIM ... ?,0.8618,dialogue,dialogue,False,34,10,99,0,0,194,97,1.0,1.0,1.0,1.0,,1.0,1.0,0.9523809523809524,2.0,18818,0.0018067807418429,0.8571428571428571,2.6571428571428575,1.0,1.0,0.0,0.8444444444444444,10,0.5,0.1688888888888889,1.0,0.8,800,1280,0.6,collected_i-wont-let-my-son-become-the-evil-male-lead_ep1.csv,158
395,2026-09-28T10:12:12.271042,CAUTIOUS,0.5082,,background,False,8,1,99,0,0,205,45,1.0,1.0,1.0,0.0,,1.0,0.2,1.0,4.555555555555555,9225,0.0008672086720867,0.0,0.5,0.0,0.0,0.0,1.3,1,1.0,0.26,0.5,0.1,800,1280,0.6,collected_i-wont-let-my-son-become-the-evil-male-lead_ep1.csv,159
396,2026-09-28T10:12:12.271227,CS,0.4392,background,background,False,2,1,101,0,0,205,118,1.0,0.7,1.0,0.0,,1.0,0.2,1.0,1.7372881355932204,24190,8.267879288962381e-05,0.0,0.5,0.0,0.0,0.0,0.3,1,0.6,0.06,0.5,0.1,800,1280,0.6,collected_i-wont-let-my-son-become-the-evil-male-lead_ep1.csv,160
397,2026-09-28T10:12:12.271328,"IN THE ORIGINAL NOVEL , KARDICIEL COMPLETELY LACKED EMPATHY .",0.6439,,dialogue,False,61,10,101,0,0,276,133,1.0,1.0,1.0,0.075,,1.0,1.0,0.9615384615384616,2.075187969924812,36708,0.0016617631034107,0.25,1.55,1.0,1.0,0.0,0.4375,10,0.5,0.0875,1.0,0.31,800,1280,0.6,collected_i-wont-let-my-son-become-the-evil-male-lead_ep1.csv,161
398,2026-09-28T10:12:12.271563,BUT IT'LL DEFINITELY BE DIFFERENT BECAUSE HE'S A CHILD RIGHT NOW .,0.8238,dialogue,dialogue,False,66,12,102,0,0,268,171,1.0,0.7,1.0,1.0,,1.0,1.0,0.9454545454545454,1.567251461988304,45828,0.0014401675831369,0.8181818181818182,1.6909090909090911,1.0,1.0,0.0,0.574,12,1.0,0.1147999999999999,1.0,0.3381818181818182,800,1280,0.6,collected_i-wont-let-my-son-become-the-evil-male-lead_ep1.csv,162
399,2026-09-28T10:12:12.271901,"I KNOW I SHOULD REACH OUT FIRST ,",0.8016,dialogue,dialogue,False,33,8,103,0,0,211,97,1.0,1.0,1.0,1.0,,1.0,0.6,0.9615384615384616,2.1752577319587627,20467,0.0016123515903649,1.0,2.357142857142857,1.0,0.0,0.0,0.8304347826086957,8,0.5,0.1660869565217391,1.0,0.8,800,1280,0.6,collected_i-wont-let-my-son-become-the-evil-male-lead_ep1.csv,163
400,2026-09-28T10:12:12.271964,BUT I'M A LITTLE WORRIED .,0.7768,dialogue,dialogue,False,26,6,103,0,0,162,94,1.0,0.7,1.0,1.0,,1.0,1.0,0.9047619047619048,1.7234042553191489,15228,0.0017073811400052,0.8,1.92,1.0,1.0,0.0,0.3,6,0.5,0.06,1.0,0.384,800,1280,0.6,collected_i-wont-let-my-son-become-the-evil-male-lead_ep1.csv,164
401,2026-09-28T10:12:12.272025,"EVEN SO , I NEED TO MEET",0.7963,dialogue,dialogue,False,24,7,103,0,0,207,59,1.0,1.0,1.0,1.0,,1.0,0.6,0.9444444444444444,3.5084745762711864,12213,0.0019651191353475,1.0,2.433333333333333,1.0,0.0,0.0,0.4533333333333333,7,0.5,0.0906666666666666,1.0,0.8,800,1280,0.6,collected_i-wont-let-my-son-become-the-evil-male-lead_ep1.csv,165
402,2026-09-28T10:12:12.272524,HIM AS SOON AS POSSIBLE ...,0.8092,dialogue,dialogue,False,27,6,104,0,0,199,57,1.0,1.0,1.0,0.7,,1.0,1.0,1.0,3.491228070175439,11343,0.0023803226659613,0.6,2.2,1.0,1.0,0.0,0.3,6,0.5,0.06,1.0,0.8,800,1280,0.6,collected_i-wont-let-my-son-become-the-evil-male-lead_ep1.csv,166
403,2026-09-28T10:12:12.272602,TO SEE HOW BAD THINGS REALLY ARE BETWEEN US .,0.766,dialogue,dialogue,False,45,10,104,0,0,224,133,1.0,0.7,1.0,1.0,,1.0,1.0,0.9722222222222222,1.6842105263157894,29792,0.0015104726100966,0.8888888888888888,1.3222222222222222,1.0,1.0,0.0,0.8090909090909091,10,0.5,0.1618181818181818,1.0,0.2644444444444444,800,1280,0.6,collected_i-wont-let-my-son-become-the-evil-male-lead_ep1.csv,167
404,2026-09-28T10:12:12.272651,PONDER,0.4399,background,background,False,6,1,104,0,0,120,29,1.0,1.0,0.6,0.0,,1.0,0.2,1.0,4.137931034482759,3480,0.0017241379310344,0.0,0.5,0.0,0.0,0.0,0.85,1,0.5,0.1699999999999999,0.5,0.1,800,1280,0.6,collected_i-wont-let-my-son-become-the-evil-male-lead_ep1.csv,168
405,2026-09-28T10:12:12.272752,THAT'LL DIRECTLY AFFECT HOW LONG IT'LL TAKE FOR US TO GET CLOSE .,0.7768,dialogue,dialogue,False,65,13,104,0,0,286,172,1.0,0.7,1.0,0.7,,1.0,1.0,0.9433962264150944,1.662790697674419,49192,0.0013213530655391,0.5833333333333334,1.6083333333333334,1.0,1.0,0.0,0.6104166666666667,13,1.0,0.1220833333333333,1.0,0.3216666666666666,800,1280,0.6,collected_i-wont-let-my-son-become-the-evil-male-lead_ep1.csv,169
406,2026-09-28T10:12:12.272937,I SHOULD HAVE STAYED SILENT . I'M SORRY . 02,0.6631,,dialogue,False,44,10,105,0,0,336,279,1.0,0.7,0.6,0.7,,1.0,0.6,0.8571428571428571,1.2043010752688172,93744,0.0004693633725891,0.625,1.6,1.0,0.0,0.0,0.5071428571428571,10,0.6,0.1014285714285714,1.0,0.32,800,1280,0.6,collected_i-wont-let-my-son-become-the-evil-male-lead_ep1.csv,170
407,2026-09-28T10:12:12.273143,"PLEASE GET SOME REST , YOUR GRACE .",0.7325,dialogue,dialogue,False,35,8,106,0,0,156,136,1.0,0.7,1.0,0.7,,1.0,1.0,0.9285714285714286,1.1470588235294117,21216,0.0016496983408748,0.6666666666666666,1.7166666666666668,1.0,1.0,0.0,0.7875,8,0.5,0.1575,1.0,0.3433333333333334,800,1280,0.6,collected_i-wont-let-my-son-become-the-evil-male-lead_ep1.csv,171
408,2026-09-28T10:12:12.273194,HOLD ON .,0.8054,dialogue,dialogue,False,9,3,106,0,0,124,22,1.0,0.7,0.2,1.0,,1.0,1.0,0.8571428571428571,5.636363636363637,2728,0.0032991202346041,1.0,2.2,1.0,1.0,0.0,0.85,3,0.5,0.1699999999999999,0.75,0.8,800,1280,0.6,collected_i-wont-let-my-son-become-the-evil-male-lead_ep1.csv,172
409,2026-09-28T10:12:12.273240,SLIDE,0.4822,,background,False,5,1,106,0,0,103,43,1.0,1.0,0.6,0.0,,1.0,0.2,1.0,2.395348837209302,4429,0.0011289230074508,0.0,0.5,0.0,0.0,0.0,0.3,1,1.0,0.06,0.5,0.1,800,1280,0.6,collected_i-wont-let-my-son-become-the-evil-male-lead_ep1.csv,173
410,2026-09-28T10:12:12.273462,WHAT IS IT ?,0.8235,dialogue,dialogue,False,12,4,107,0,0,75,60,1.0,0.7,0.6,1.0,,1.0,1.0,0.8888888888888888,1.25,4500,0.0026666666666666,1.0,2.5,1.0,1.0,0.0,1.2833333333333334,4,0.5,0.2566666666666667,0.75,0.8,800,1280,0.6,collected_i-wont-let-my-son-become-the-evil-male-lead_ep1.csv,174
411,2026-09-28T10:12:12.273538,I WANT TO SEE KARDICIEL . TAKE ME TO HIM .,0.8542,dialogue,dialogue,False,42,11,107,0,0,222,98,1.0,1.0,1.0,1.0,,1.0,1.0,0.9375,2.2653061224489797,21756,0.0019305019305019,0.8888888888888888,2.6888888888888887,1.0,1.0,0.0,0.3,11,0.5,0.06,1.0,0.8,800,1280,0.6,collected_i-wont-let-my-son-become-the-evil-male-lead_ep1.csv,175
412,2026-09-28T10:12:12.273751,A - ARE YOU CERTAIN ? YOU'VE YET TO FULLY RECOVER ...,0.7333,dialogue,dialogue,False,53,12,109,0,0,223,136,1.0,0.7,1.0,0.7,,1.0,1.0,0.9473684210526316,1.6397058823529411,30328,0.0017475600105513,0.5555555555555556,1.7777777777777777,1.0,1.0,0.0,0.7147058823529412,12,0.5,0.1429411764705882,1.0,0.3555555555555555,800,1280,0.6,collected_i-wont-let-my-son-become-the-evil-male-lead_ep1.csv,176
413,2026-09-28T10:12:12.273836,SMILE,0.6172,,background,False,5,1,110,0,0,100,51,1.0,0.7,0.6,1.0,,1.0,0.2,1.0,1.96078431372549,5100,0.0009803921568627,1.0,0.5,0.0,0.0,0.0,0.3,1,1.0,0.06,0.5,0.1,800,1280,0.6,collected_i-wont-let-my-son-become-the-evil-male-lead_ep1.csv,177
414,2026-09-28T10:12:12.274397,"A SHORT WALK SHOULD BE FINE , AND I'LL HAVE YOU BY MY SIDE , WON'T I ?",0.8514,dialogue,dialogue,False,70,18,111,0,0,291,135,1.0,1.0,1.0,1.0,,1.0,1.0,0.9056603773584906,2.155555555555555,39285,0.0017818505791014,0.8666666666666667,2.4066666666666667,1.0,1.0,0.0,0.6021739130434782,18,0.5,0.1204347826086956,0.9,0.8,800,1280,0.6,collected_i-wont-let-my-son-become-the-evil-male-lead_ep1.csv,178
415,2026-09-28T10:12:12.274552,OF COURSE ! THEN LET ME HELP YOU GET READY RIGHT NOW !,0.8454,dialogue,dialogue,False,54,13,111,0,0,242,136,1.0,0.7,1.0,1.0,,1.0,1.0,0.9523809523809524,1.7794117647058822,32912,0.0016407389402041,0.8181818181818182,2.0,1.0,1.0,0.0,0.7447368421052631,13,0.5,0.1489473684210526,1.0,0.8,800,1280,0.6,collected_i-wont-let-my-son-become-the-evil-male-lead_ep1.csv,179
416,2026-09-28T10:12:12.275036,"WOW , THE GARDEN IS SO BEAUTIFUL . SO THIS IS WHAT IT LOOKED LIKE BEFORE KARDICIEL MET THE FEMALE LEAD .",0.7273,dialogue,dialogue,False,104,22,113,0,0,279,208,1.0,0.7,1.0,0.7,,1.0,1.0,0.963855421686747,1.3413461538461535,58032,0.0017921146953405,0.6842105263157895,1.863157894736842,1.0,1.0,0.0,0.6012820512820513,22,0.5,0.1202564102564102,0.9,0.3726315789473684,800,1280,0.6,collected_i-wont-let-my-son-become-the-evil-male-lead_ep1.csv,180
417,2026-09-28T10:12:12.275260,"IN THE NOVEL , HE COVERED THE WHOLE THING IN WILD THORNS",0.807,dialogue,dialogue,False,56,12,114,0,0,302,133,1.0,1.0,1.0,0.7,,1.0,0.6,0.9777777777777776,2.2706766917293235,40166,0.0013942140118508,0.5454545454545454,2.3272727272727276,1.0,0.0,0.0,0.8571428571428571,12,1.0,0.1714285714285714,1.0,0.8,800,1280,0.6,collected_i-wont-let-my-son-become-the-evil-male-lead_ep1.csv,181
418,2026-09-28T10:12:12.275458,SO SHE WOUL BE ABLE TO ESCAPE .,0.8107,dialogue,dialogue,False,31,8,115,0,0,191,91,1.0,1.0,1.0,0.7,,1.0,1.0,0.9583333333333334,2.098901098901099,17381,0.0017835567573787,0.7142857142857143,2.4285714285714284,1.0,1.0,0.0,0.4095238095238095,8,0.5,0.0819047619047619,1.0,0.8,800,1280,0.6,collected_i-wont-let-my-son-become-the-evil-male-lead_ep1.csv,182
419,2026-09-28T10:12:12.275517,YIKES ...,0.7712,dialogue,dialogue,False,9,2,115,0,0,172,56,1.0,1.0,1.0,0.0,,1.0,2.0,1.0,3.0714285714285716,9632,0.0009343853820598,0.0,0.5,1.0,1.0,0.0,0.3,2,1.0,0.06,0.6,0.1,800,1280,0.6,collected_i-wont-let-my-son-become-the-evil-male-lead_ep1.csv,183
420,2026-09-28T10:12:12.275665,WHERE IS HE--,0.5929,,dialogue,False,13,3,116,0,0,192,22,1.0,0.3,0.6,0.7,,1.0,0.6,0.8181818181818182,8.727272727272727,4224,0.0030776515151515,0.6666666666666666,0.5,1.0,0.0,0.0,1.2428571428571429,3,0.5,0.2485714285714285,0.75,0.1,800,1280,0.6,collected_i-wont-let-my-son-become-the-evil-male-lead_ep1.csv,184
421,2026-09-28T10:12:12.275734,AH !,1.3202,dialogue,dialogue,False,4,2,116,0,0,42,22,0.8,0.7,0.2,1.0,,1.0,2.0,0.6666666666666666,1.9090909090909092,924,0.0043290043290043,1.0,1.8,1.0,1.0,0.0,0.3,2,0.5,0.06,3.0,2.5,800,1280,0.6,collected_i-wont-let-my-son-become-the-evil-male-lead_ep1.csv,185
422,2026-09-28T10:12:12.275784,GLANCE,0.442,background,background,False,6,1,116,0,0,103,33,1.0,1.0,0.6,0.0,,1.0,0.2,1.0,3.121212121212121,3399,0.0017652250661959,0.0,0.5,0.0,0.0,0.0,1.0,1,0.5,0.2,0.5,0.1,800,1280,0.6,collected_i-wont-let-my-son-become-the-evil-male-lead_ep1.csv,186
423,2026-09-28T10:12:12.275933,THERE HE IS !,0.8113,dialogue,dialogue,False,13,4,117,0,0,245,29,1.0,0.3,0.6,1.0,,1.0,1.0,0.9,8.448275862068966,7105,0.0018296973961998,1.0,2.4,1.0,1.0,0.0,1.842857142857143,4,0.5,0.3685714285714286,0.75,0.8,800,1280,0.6,collected_i-wont-let-my-son-become-the-evil-male-lead_ep1.csv,187
424,2026-09-28T10:12:12.275986,OM NOM,0.4862,,background,False,6,2,117,0,0,138,80,1.0,0.7,1.0,0.0,,1.0,0.2,1.0,1.725,11040,0.0005434782608695,0.0,0.5,0.0,0.0,0.0,0.3,2,1.0,0.06,0.6,0.1,800,1280,0.6,collected_i-wont-let-my-son-become-the-evil-male-lead_ep1.csv,188
425,2026-09-28T10:12:12.276077,FWIP,0.4552,,background,False,4,1,118,0,0,64,42,1.0,0.7,0.2,0.0,,1.0,0.2,1.0,1.5238095238095235,2688,0.0014880952380952,0.0,0.5,0.0,0.0,0.0,0.3,1,1.0,0.06,0.5,0.1,800,1280,0.6,collected_i-wont-let-my-son-become-the-evil-male-lead_ep1.csv,189
426,2026-09-28T10:12:12.276219,MUNCH MUNCH,0.4462,background,background,False,11,2,119,0,0,261,169,1.0,0.7,1.0,0.0,,1.0,0.2,1.0,1.544378698224852,44109,0.0002493822122469,0.0,0.5,0.0,0.0,0.0,0.3,2,0.6,0.06,0.6,0.1,800,1280,0.6,collected_i-wont-let-my-son-become-the-evil-male-lead_ep1.csv,190
427,2026-09-28T10:12:12.276276,YUMMY !,0.6972,,dialogue,False,7,2,119,0,0,108,23,1.0,1.0,0.2,0.0,,1.0,2.0,0.8333333333333334,4.695652173913044,2484,0.002818035426731,0.0,0.5,1.0,1.0,0.0,0.3,2,0.5,0.06,0.6,0.1,800,1280,0.6,collected_i-wont-let-my-son-become-the-evil-male-lead_ep1.csv,191
428,2026-09-28T10:12:12.276606,HE'S REALLY ENJOYING IT ! HE MUST HAVE A SWEET TOOTH . HAHAHA ! WHAT A CUTIE !,0.8118,dialogue,dialogue,False,78,18,120,0,0,328,349,1.0,0.3,0.6,0.7,,1.0,1.0,0.918032786885246,0.9398280802292264,114472,0.0006813893353833,0.6428571428571429,2.0,1.0,1.0,0.0,0.7703703703703704,18,1.0,0.154074074074074,0.9,0.8,800,1280,0.6,collected_i-wont-let-my-son-become-the-evil-male-lead_ep1.csv,192
429,2026-09-28T10:12:12.276757,WHY'D THE ORIGINAL SERIEL ...,0.6298,,dialogue,False,29,5,121,0,0,235,60,1.0,1.0,1.0,0.075,,1.0,1.0,0.9545454545454546,3.9166666666666665,14100,0.0020567375886524,0.25,1.625,1.0,1.0,0.0,0.5210526315789474,5,0.5,0.1042105263157894,0.75,0.325,800,1280,0.6,collected_i-wont-let-my-son-become-the-evil-male-lead_ep1.csv,193
430,2026-09-28T10:12:12.277523,... NEGLECT HIM WHEN HE'S THIS ADORABLE AND PRECIOUS ?,0.7367,dialogue,dialogue,False,54,10,122,0,0,258,133,1.0,0.7,1.0,0.7,,1.0,1.0,0.9523809523809524,1.9398496240601504,34314,0.0015737016961007,0.625,1.875,1.0,1.0,0.0,0.7473684210526316,10,0.5,0.1494736842105263,1.0,0.375,800,1280,0.6,collected_i-wont-let-my-son-become-the-evil-male-lead_ep1.csv,194
431,2026-09-28T10:12:12.277594,HM ? I CAN SOMEONE FEEL,0.7181,dialogue,dialogue,False,23,6,122,0,0,229,187,1.0,0.7,1.0,0.7,,1.0,0.6,0.9444444444444444,1.2245989304812834,42823,0.000537094551993,0.6,1.64,1.0,0.0,0.0,0.6333333333333333,6,1.0,0.1266666666666666,1.0,0.3279999999999999,800,1280,0.6,collected_i-wont-let-my-son-become-the-evil-male-lead_ep1.csv,195
432,2026-09-28T10:12:12.277773,GLANCE,0.492,,background,False,6,1,123,0,0,127,56,1.0,1.0,0.6,0.0,,1.0,0.2,1.0,2.267857142857143,7112,0.0008436445444319,0.0,0.5,0.0,0.0,0.0,1.0,1,1.0,0.2,0.5,0.1,800,1280,0.6,collected_i-wont-let-my-son-become-the-evil-male-lead_ep1.csv,196
433,2026-09-28T10:12:12.277867,HE'S GOT CREAM ALL OVER HIS WIDDLE CHEEKS !!!,0.7709,dialogue,dialogue,False,45,9,123,0,0,283,162,1.0,0.7,1.0,0.7,,1.0,1.0,0.9428571428571428,1.7469135802469136,45846,0.0009815469179426,0.5,1.3875,1.0,1.0,0.0,0.6645161290322581,9,1.0,0.1329032258064516,1.0,0.2774999999999999,800,1280,0.6,collected_i-wont-let-my-son-become-the-evil-male-lead_ep1.csv,197
434,2026-09-28T10:12:12.277913,SQUEAL,0.4822,,background,False,6,1,123,0,0,117,50,1.0,1.0,0.6,0.0,,1.0,0.2,1.0,2.34,5850,0.001025641025641,0.0,0.5,0.0,0.0,0.0,0.3,1,1.0,0.06,0.5,0.1,800,1280,0.6,collected_i-wont-let-my-son-become-the-evil-male-lead_ep1.csv,198
435,2026-09-28T10:12:12.278107,I WANT TO WIPE IT OFF FOR HIM .,0.8567,dialogue,dialogue,False,31,9,124,0,0,203,95,1.0,1.0,1.0,1.0,,1.0,1.0,0.9565217391304348,2.136842105263158,19285,0.0016074669432201,0.875,2.6125,1.0,1.0,0.0,0.475,9,0.5,0.095,1.0,0.8,800,1280,0.6,collected_i-wont-let-my-son-become-the-evil-male-lead_ep1.csv,199
436,2026-09-28T10:12:12.278202,RUSTLE,0.4422,background,background,False,6,1,124,0,0,552,187,1.0,1.0,0.6,0.0,,1.0,0.2,1.0,2.9518716577540105,103224,5.812601720530109e-05,0.0,0.5,0.0,0.0,0.0,0.3,1,0.6,0.06,0.5,0.1,800,1280,0.6,collected_i-wont-let-my-son-become-the-evil-male-lead_ep1.csv,200
437,2026-09-28T10:12:12.278295,TWITCH,0.4913,,background,False,6,1,125,0,0,120,58,1.0,1.0,0.6,0.0,,1.0,0.2,1.0,2.068965517241379,6960,0.0008620689655172,0.0,0.5,0.0,0.0,0.0,0.95,1,1.0,0.19,0.5,0.1,800,1280,0.6,collected_i-wont-let-my-son-become-the-evil-male-lead_ep1.csv,201
438,2026-09-28T10:12:12.278412,WHO'S THERE ?!,0.8243,dialogue,dialogue,False,14,3,126,0,0,204,115,1.0,0.7,1.0,1.0,,1.0,1.0,0.75,1.7739130434782608,23460,0.0005967604433077,1.0,1.7,1.0,1.0,0.0,1.842857142857143,3,1.0,0.3685714285714286,0.75,0.3399999999999999,800,1280,0.6,collected_i-wont-let-my-son-become-the-evil-male-lead_ep1.csv,202
439,2026-09-28T10:12:12.278457,FWIP,0.4422,background,background,False,4,1,126,0,0,373,181,1.0,1.0,0.6,0.0,,1.0,0.2,1.0,2.0607734806629834,67513,5.924784856249907e-05,0.0,0.5,0.0,0.0,0.0,0.3,1,0.6,0.06,0.5,0.1,800,1280,0.6,collected_i-wont-let-my-son-become-the-evil-male-lead_ep1.csv,203
440,2026-09-28T10:12:12.278549,DUCK,0.4542,,background,False,4,1,127,0,0,132,63,1.0,1.0,1.0,0.0,,1.0,0.2,1.0,2.0952380952380953,8316,0.0004810004810004,0.0,0.5,0.0,0.0,0.0,0.3,1,0.6,0.06,0.5,0.1,800,1280,0.6,collected_i-wont-let-my-son-become-the-evil-male-lead_ep1.csv,204
441,2026-09-28T10:12:12.278596,CU,0.4552,,background,False,2,1,127,0,0,62,49,1.0,0.7,0.2,0.0,,1.0,0.2,1.0,1.2653061224489797,3038,0.0006583278472679,0.0,0.5,0.0,0.0,0.0,0.3,1,1.0,0.06,0.5,0.1,800,1280,0.6,collected_i-wont-let-my-son-become-the-evil-male-lead_ep1.csv,205
442,2026-09-28T10:12:12.279104,"WHISPER MURMUR D - DAISY , DID HE CATCH US SPYING ON HIM ?",0.7531,dialogue,dialogue,False,58,14,128,0,0,331,276,1.0,0.7,0.6,0.7,,1.0,1.0,0.9545454545454546,1.1992753623188406,91356,0.0006348789351547,0.5454545454545454,1.2818181818181815,1.0,1.0,0.0,0.4774999999999999,14,1.0,0.0954999999999999,1.0,0.2563636363636363,800,1280,0.6,collected_i-wont-let-my-son-become-the-evil-male-lead_ep1.csv,206
443,2026-09-28T10:12:12.279190,WHISPER YOU WERE A BIT LOUD WHEN YOU CALLED HIM A CUTIE .,0.8382,dialogue,dialogue,False,57,13,128,0,0,276,241,1.0,0.7,0.6,0.7,,1.0,1.0,0.9777777777777776,1.1452282157676348,66516,0.0008569366768897,0.6666666666666666,2.0416666666666665,1.0,1.0,0.0,0.7285714285714286,13,1.0,0.1457142857142857,1.0,0.8,800,1280,0.6,collected_i-wont-let-my-son-become-the-evil-male-lead_ep1.csv,207
444,2026-09-28T10:12:12.279352,"YOU KNOW I CAN HEAR EVERYTHING , RIGHT ?!",0.9189,dialogue,dialogue,False,41,9,129,0,0,321,129,1.0,1.0,1.0,1.0,,1.0,1.0,0.9090909090909092,2.488372093023256,41409,0.0009901229201381,0.8571428571428571,2.0571428571428574,1.0,1.0,0.0,1.35,9,1.0,0.2699999999999999,1.0,0.8,800,1280,0.6,collected_i-wont-let-my-son-become-the-evil-male-lead_ep1.csv,208
445,2026-09-28T10:12:12.279481,AWKWARD 00,0.5012,,background,False,10,2,130,0,0,188,71,1.0,1.0,1.0,0.0,,1.0,0.2,0.7777777777777778,2.647887323943662,13348,0.0007491759065028,0.0,0.5,0.0,0.0,0.0,0.3,2,1.0,0.06,0.6,0.1,800,1280,0.6,collected_i-wont-let-my-son-become-the-evil-male-lead_ep1.csv,209
446,2026-09-28T10:12:12.279547,"HELLO , KARDICIEL .",0.5844,,dialogue,False,19,4,130,0,0,135,62,1.0,1.0,1.0,0.0,,1.0,1.0,0.875,2.1774193548387095,8370,0.0022700119474313,0.0,0.5,1.0,1.0,0.0,0.4916666666666667,4,0.5,0.0983333333333333,0.75,0.1,800,1280,0.6,collected_i-wont-let-my-son-become-the-evil-male-lead_ep1.csv,210
447,2026-09-28T10:12:12.279693,WHAT ARE YOU DOING HERE ?,0.7868,dialogue,dialogue,False,25,6,131,0,0,146,98,1.0,0.7,1.0,1.0,,1.0,1.0,0.95,1.489795918367347,14308,0.0017472742521666,1.0,1.64,1.0,1.0,0.0,1.6117647058823528,6,0.5,0.3223529411764705,1.0,0.3279999999999999,800,1280,0.6,collected_i-wont-let-my-son-become-the-evil-male-lead_ep1.csv,211
448,2026-09-28T10:12:12.279737,TURN,0.6322,,background,False,4,1,131,0,0,130,61,1.0,1.0,0.6,1.0,,1.0,0.2,1.0,2.1311475409836067,7930,0.0005044136191677,1.0,0.5,0.0,0.0,0.0,0.3,1,1.0,0.06,0.5,0.1,800,1280,0.6,collected_i-wont-let-my-son-become-the-evil-male-lead_ep1.csv,212
449,2026-09-28T10:12:12.280076,I JUST HAPPENED TO SEE YOU IN THE GARDEN AND ...,0.8754,dialogue,dialogue,False,48,11,132,0,0,209,134,1.0,0.7,1.0,1.0,,1.0,1.0,1.0,1.5597014925373134,28006,0.0017139184460472,0.8,3.22,1.0,1.0,0.0,0.7424242424242424,11,0.5,0.1484848484848485,1.0,1.0,800,1280,0.6,collected_i-wont-let-my-son-become-the-evil-male-lead_ep1.csv,213
450,2026-09-28T10:12:12.280156,"IF YOU'RE HAVING A TEA PARTY , COULD I JOIN YOU ?",0.8019,dialogue,dialogue,False,49,12,132,0,0,208,135,1.0,0.7,1.0,0.7,,1.0,1.0,0.9210526315789472,1.5407407407407407,28080,0.0017450142450142,0.7,2.0,1.0,1.0,0.0,0.8484848484848485,12,0.5,0.1696969696969697,1.0,0.8,800,1280,0.6,collected_i-wont-let-my-son-become-the-evil-male-lead_ep1.csv,214
451,2026-09-28T10:12:12.280253,SLIDE SIGH,0.5662,,background,False,10,2,134,0,0,302,96,1.0,1.0,1.0,0.7,,1.0,0.2,1.0,3.1458333333333335,28992,0.0003449227373068,0.5,0.5,0.0,0.0,0.0,0.3,2,0.6,0.06,0.6,0.1,800,1280,0.6,collected_i-wont-let-my-son-become-the-evil-male-lead_ep1.csv,215
452,2026-09-28T10:12:12.280366,HM ?,0.6572,,dialogue,False,4,2,135,0,0,74,34,0.8,1.0,0.2,0.0,,1.0,2.0,0.6666666666666666,2.176470588235294,2516,0.0015898251192368,0.0,0.5,1.0,1.0,0.0,0.3,2,0.5,0.06,0.6,0.1,800,1280,0.6,collected_i-wont-let-my-son-become-the-evil-male-lead_ep1.csv,216
453,2026-09-28T10:12:12.280409,ZOOM,0.6042,,background,False,4,1,135,0,0,204,67,1.0,1.0,1.0,1.0,,1.0,0.2,1.0,3.044776119402985,13668,0.0002926543751829,1.0,0.5,0.0,0.0,0.0,0.3,1,0.6,0.06,0.5,0.1,800,1280,0.6,collected_i-wont-let-my-son-become-the-evil-male-lead_ep1.csv,217
454,2026-09-28T10:12:12.280510,FIDGET PANIC,0.4862,,background,False,12,2,136,0,0,134,69,1.0,0.7,1.0,0.0,,1.0,0.2,1.0,1.9420289855072463,9246,0.0012978585334198,0.0,0.5,0.0,0.0,0.0,0.3,2,1.0,0.06,0.6,0.1,800,1280,0.6,collected_i-wont-let-my-son-become-the-evil-male-lead_ep1.csv,218
455,2026-09-28T10:12:12.280835,IS HE RUNNING AWAY FROM ME ? BUT NO ! I CAN'T JUST LET HIM LEAVE LIKE THIS !,0.8371,dialogue,dialogue,False,76,19,137,0,0,264,171,1.0,0.7,1.0,1.0,,1.0,1.0,0.9310344827586208,1.543859649122807,45144,0.0016835016835016,0.9375,2.11875,1.0,1.0,0.0,0.6499999999999999,19,0.5,0.1299999999999999,0.9,0.8,800,1280,0.6,collected_i-wont-let-my-son-become-the-evil-male-lead_ep1.csv,219
456,2026-09-28T10:12:12.280915,TUG,0.4272,background,background,False,3,1,138,0,0,395,260,1.0,0.7,0.6,0.0,,1.0,0.2,1.0,1.5192307692307692,102700,2.9211295034079844e-05,0.0,0.5,0.0,0.0,0.0,0.3,1,0.6,0.06,0.5,0.1,800,1280,0.6,collected_i-wont-let-my-son-become-the-evil-male-lead_ep1.csv,220
457,2026-09-28T10:12:12.281036,H - HOLD ON .,0.6899,,dialogue,False,13,5,139,0,0,187,26,1.0,0.5,0.6,0.7,,1.0,1.0,0.875,7.1923076923076925,4862,0.0026737967914438,0.6666666666666666,1.6333333333333335,1.0,1.0,0.0,0.74,5,0.5,0.148,0.75,0.3266666666666667,800,1280,0.6,collected_i-wont-let-my-son-become-the-evil-male-lead_ep1.csv,221
458,2026-09-28T10:12:12.281083,CLING,0.4389,background,background,False,5,1,139,0,0,88,31,1.0,1.0,0.2,0.0,,1.0,0.2,1.0,2.838709677419355,2728,0.00183284457478,0.0,0.5,0.0,0.0,0.0,1.633333333333333,1,0.5,0.3266666666666666,0.5,0.1,800,1280,0.6,collected_i-wont-let-my-son-become-the-evil-male-lead_ep1.csv,222
459,2026-09-28T10:12:12.281258,COULD YOU GIVE MOMMY A MOMENT OF YOUR TIME ?,0.8678,dialogue,dialogue,False,44,10,142,0,0,313,119,1.0,1.0,1.0,0.7,,1.0,1.0,0.9714285714285714,2.630252100840336,37247,0.0011813031922033,0.7777777777777778,2.388888888888889,1.0,1.0,0.0,0.915625,10,1.0,0.183125,1.0,0.8,800,1280,0.6,collected_i-wont-let-my-son-become-the-evil-male-lead_ep1.csv,223
460,2026-09-28T10:12:12.281344,FLASH,0.4542,,background,False,5,1,143,0,0,342,167,1.0,1.0,1.0,0.0,,1.0,0.2,1.0,2.0479041916167664,57114,8.754420982596211e-05,0.0,0.5,0.0,0.0,0.0,0.3,1,0.6,0.06,0.5,0.1,800,1280,0.6,collected_i-wont-let-my-son-become-the-evil-male-lead_ep1.csv,224
461,2026-09-28T10:12:12.281393,THROB,0.4822,,background,False,5,1,143,0,0,127,60,1.0,1.0,0.6,0.0,,1.0,0.2,1.0,2.1166666666666667,7620,0.0006561679790026,0.0,0.5,0.0,0.0,0.0,0.3,1,1.0,0.06,0.5,0.1,800,1280,0.6,collected_i-wont-let-my-son-become-the-evil-male-lead_ep1.csv,225
462,2026-09-28T10:12:12.281475,PANG,0.4672,,background,False,4,1,144,0,0,115,67,1.0,0.7,0.6,0.0,,1.0,0.2,1.0,1.7164179104477613,7705,0.0005191434133679,0.0,0.5,0.0,0.0,0.0,0.3,1,1.0,0.06,0.5,0.1,800,1280,0.6,collected_i-wont-let-my-son-become-the-evil-male-lead_ep1.csv,226
463,2026-09-28T10:12:12.281573,I ...,0.9672,dialogue,dialogue,False,5,2,145,0,0,51,31,1.0,0.7,0.2,1.0,,1.0,2.0,1.0,1.6451612903225807,1581,0.0031625553447185,1.0,4.2,1.0,1.0,0.0,0.3,2,0.5,0.06,0.6,1.0,800,1280,0.6,collected_i-wont-let-my-son-become-the-evil-male-lead_ep1.csv,227
464,2026-09-28T10:12:12.281762,"To be continued SC revolution Story / Art C.night , C.shoes",0.5793,,background,False,59,11,146,0,0,265,271,1.0,0.3,0.6,0.0545454545454545,,1.0,0.6,0.9782608695652174,0.977859778597786,71815,0.0008215553853651,0.1818181818181818,1.2727272727272727,1.0,0.0,0.0,0.7093023255813954,11,1.0,0.1418604651162791,1.0,0.2545454545454545,800,1280,0.6,collected_i-wont-let-my-son-become-the-evil-male-lead_ep1.csv,228
465,2026-09-28T10:12:12.281898,"Script assistance C.tin , C.food",0.5069,,background,False,32,5,147,0,0,176,61,1.0,1.0,0.4,0.0,,1.0,0.6,0.9615384615384616,2.8852459016393444,10736,0.0029806259314456,0.0,0.5,1.0,0.0,0.0,0.5260869565217391,5,0.5,0.1052173913043478,0.75,0.1,800,77,0.6,collected_i-wont-let-my-son-become-the-evil-male-lead_ep1.csv,229
466,2026-09-28T10:12:41.596424,I ...,0.9672,dialogue,dialogue,False,5,2,1,0,0,51,28,1.0,0.7,0.2,1.0,,1.0,2.0,1.0,1.8214285714285712,1428,0.003501400560224,1.0,4.2,1.0,1.0,0.0,0.3,2,0.5,0.06,0.6,1.0,800,1280,0.6,collected_i-wont-let-my-son-become-the-evil-male-lead_ep2.csv,0
467,2026-09-28T10:12:41.596912,I DON'T NEED A MOMMY ! SLAP,0.6632,,dialogue,False,27,7,2,0,0,454,331,1.0,0.7,0.4,0.7,,1.0,0.6,0.9047619047619048,1.3716012084592144,150274,0.0001796717995128,0.6666666666666666,1.7833333333333332,1.0,0.0,0.0,0.5529411764705883,7,0.6,0.1105882352941176,1.0,0.3566666666666666,800,1280,0.6,collected_i-wont-let-my-son-become-the-evil-male-lead_ep2.csv,1
468,2026-09-28T10:12:41.597284,THROB,0.4942,,background,False,5,1,4,0,0,141,66,1.0,1.0,1.0,0.0,,1.0,0.2,1.0,2.136363636363636,9306,0.0005372877713303,0.0,0.5,0.0,0.0,0.0,0.3,1,1.0,0.06,0.5,0.1,800,1280,0.6,collected_i-wont-let-my-son-become-the-evil-male-lead_ep2.csv,2
469,2026-09-28T10:12:41.597484,HE ... DOESN'T NEED A MOM ?,0.793,dialogue,dialogue,False,27,7,4,0,0,176,59,1.0,1.0,1.0,1.0,,1.0,1.0,0.8888888888888888,2.983050847457627,10384,0.0026001540832049,0.8,1.96,1.0,1.0,0.0,0.3,7,0.5,0.06,1.0,0.392,800,1280,0.6,collected_i-wont-let-my-son-become-the-evil-male-lead_ep2.csv,3
470,2026-09-28T10:12:41.597805,KARDICIEL ! TURN DASH,0.5587,,dialogue,False,21,4,5,0,0,527,345,1.0,0.7,0.4,0.4,,1.0,0.6,0.9444444444444444,1.527536231884058,181815,0.0001155020212853,0.3333333333333333,0.5,1.0,0.0,0.0,0.3,4,0.6,0.06,0.75,0.1,800,1280,0.6,collected_i-wont-let-my-son-become-the-evil-male-lead_ep2.csv,4
471,2026-09-28T10:12:41.598104,TAP TRIP,0.4262,background,background,False,8,2,7,0,0,154,195,1.0,0.3,1.0,0.0,,1.0,0.2,1.0,0.7897435897435897,30030,0.0002664002664002,0.0,0.5,0.0,0.0,0.0,0.3,2,0.6,0.06,0.6,0.1,800,1280,0.6,collected_i-wont-let-my-son-become-the-evil-male-lead_ep2.csv,5
472,2026-09-28T10:12:41.598428,SPRING OW ! THUD,0.6093,,dialogue,False,16,4,8,0,0,594,388,1.0,0.7,0.4,0.7,,1.0,0.6,0.9230769230769232,1.5309278350515465,230472,6.942274983512097e-05,0.6666666666666666,0.5,1.0,0.0,0.0,0.7,4,0.6,0.1399999999999999,0.75,0.1,800,1280,0.6,collected_i-wont-let-my-son-become-the-evil-male-lead_ep2.csv,6
473,2026-09-28T10:12:41.598850,KARDICIEL !,0.6942,,dialogue,False,11,2,9,0,0,166,28,1.0,0.7,0.6,0.0,,1.0,2.0,0.9,5.928571428571429,4648,0.0023666092943201,0.0,0.5,1.0,1.0,0.0,0.3,2,0.5,0.06,0.6,0.1,800,1280,0.6,collected_i-wont-let-my-son-become-the-evil-male-lead_ep2.csv,7
474,2026-09-28T10:12:41.599018,GO AWAY ! SWOOS DON'T BE NICE TO ME !,0.8038,dialogue,dialogue,False,37,10,9,0,0,645,231,1.0,1.0,0.4,0.7,,1.0,1.0,0.8928571428571429,2.792207792207792,148995,0.0002483304808886,0.75,2.0875,1.0,1.0,0.0,0.4869565217391304,10,0.6,0.097391304347826,1.0,0.8,800,1280,0.6,collected_i-wont-let-my-son-become-the-evil-male-lead_ep2.csv,8
475,2026-09-28T10:12:41.599347,SNIFFLE,0.4322,background,background,False,7,1,10,0,0,113,40,1.0,1.0,0.6,0.0,,1.0,0.2,1.0,2.825,4520,0.0015486725663716,0.0,0.5,0.0,0.0,0.0,0.3,1,0.5,0.06,0.5,0.1,800,1280,0.6,collected_i-wont-let-my-son-become-the-evil-male-lead_ep2.csv,9
476,2026-09-28T10:12:41.599468,HIC,0.4552,,background,False,3,1,10,0,0,62,44,1.0,0.7,0.2,0.0,,1.0,0.2,1.0,1.4090909090909092,2728,0.001099706744868,0.0,0.5,0.0,0.0,0.0,0.3,1,1.0,0.06,0.5,0.1,800,1280,0.6,collected_i-wont-let-my-son-become-the-evil-male-lead_ep2.csv,10
477,2026-09-28T10:12:41.599641,I KNOW YOU'RE JUST PRETENDING !,0.8482,dialogue,dialogue,False,31,6,10,0,0,173,97,1.0,0.7,1.0,1.0,,1.0,1.0,0.9230769230769232,1.7835051546391754,16781,0.0018473273344854,0.8,2.0,1.0,1.0,0.0,0.9409090909090908,6,0.5,0.1881818181818181,1.0,0.8,800,1280,0.6,collected_i-wont-let-my-son-become-the-evil-male-lead_ep2.csv,11
478,2026-09-28T10:12:41.600437,WE ... CAN TALK ABOUT THAT LATER . L - LET ME TAKE A LOOK AT YOUR KNEE . KNEEL,0.7264,dialogue,dialogue,False,78,20,11,0,0,616,397,1.0,0.7,0.4,0.7,,1.0,0.6,0.9636363636363636,1.5516372795969773,244552,0.0003189505708397,0.75,2.0875,1.0,0.0,0.0,0.8137254901960784,20,0.6,0.1627450980392157,0.9,0.8,800,1280,0.6,collected_i-wont-let-my-son-become-the-evil-male-lead_ep2.csv,12
479,2026-09-28T10:12:41.601387,FWIP DON'T COME NEAR ME ! I SAID I DON'T NEED YOU ! SHOUT,0.6654,,dialogue,False,57,14,13,0,0,667,414,1.0,0.7,0.4,0.7,,1.0,0.6,0.9090909090909092,1.6111111111111112,276138,0.0002064185298655,0.75,1.7,1.0,0.0,0.0,0.8842105263157896,14,0.6,0.1768421052631579,1.0,0.3399999999999999,800,1280,0.6,collected_i-wont-let-my-son-become-the-evil-male-lead_ep2.csv,13
480,2026-09-28T10:12:41.601699,SOB,0.6172,,background,False,3,1,14,0,0,91,58,1.0,0.7,0.6,1.0,,1.0,0.2,1.0,1.5689655172413792,5278,0.0005683971201212,1.0,0.5,0.0,0.0,0.0,0.3,1,1.0,0.06,0.5,0.1,800,1280,0.6,collected_i-wont-let-my-son-become-the-evil-male-lead_ep2.csv,14
481,2026-09-28T10:12:41.601820,HIC,0.4672,,background,False,3,1,14,0,0,79,53,1.0,0.7,0.6,0.0,,1.0,0.2,1.0,1.490566037735849,4187,0.0007165034631,0.0,0.5,0.0,0.0,0.0,0.3,1,1.0,0.06,0.5,0.1,800,1280,0.6,collected_i-wont-let-my-son-become-the-evil-male-lead_ep2.csv,15
482,2026-09-28T10:12:41.602658,"M - MY LORD , DON'T RUN ! AGAIN YOU MIGHT ! FALL SPRINT",0.6909,,dialogue,False,55,14,16,0,0,355,296,1.0,0.7,0.6,0.7,,1.0,0.6,0.902439024390244,1.1993243243243243,105080,0.0005234107346783,0.7,1.09,1.0,0.0,0.0,0.7285714285714285,14,1.0,0.1457142857142857,1.0,0.218,800,1280,0.6,collected_i-wont-let-my-son-become-the-evil-male-lead_ep2.csv,16
483,2026-09-28T10:12:41.602879,MY LORD !!!,0.7757,dialogue,dialogue,False,11,3,16,0,0,175,59,1.0,1.0,1.0,0.7,,1.0,1.0,0.8571428571428571,2.9661016949152543,10325,0.0010653753026634,0.5,1.8,1.0,1.0,0.0,0.3,3,1.0,0.06,0.75,0.36,800,1280,0.6,collected_i-wont-let-my-son-become-the-evil-male-lead_ep2.csv,17
484,2026-09-28T10:12:41.603243,KARDICIEL ...,0.6842,,dialogue,False,13,2,17,0,0,148,23,1.0,0.5,0.6,0.0,,1.0,2.0,1.0,6.434782608695652,3404,0.003819036427732,0.0,0.5,1.0,1.0,0.0,0.3,2,0.5,0.06,0.6,0.1,800,1280,0.6,collected_i-wont-let-my-son-become-the-evil-male-lead_ep2.csv,18
485,2026-09-28T10:12:41.604484,2,0.1825,background,background,False,1,1,19,0,0,22,27,0.0,0.3,0.2,0.0,,0.91,0.2,0.0,0.8148148148148148,594,0.0016835016835016,0.0,0.5,0.0,0.0,0.09,0.3,1,0.5,0.06,0.5,0.1,800,1280,0.6,collected_i-wont-let-my-son-become-the-evil-male-lead_ep2.csv,21
486,2026-09-28T10:12:41.604720,HAA ...,0.6822,,dialogue,False,7,2,21,0,0,70,22,1.0,1.0,0.2,0.0,,0.5,2.0,1.0,3.1818181818181817,1540,0.0045454545454545,0.0,0.5,1.0,1.0,0.5,0.3,2,0.5,0.06,0.6,0.1,800,1280,0.6,collected_i-wont-let-my-son-become-the-evil-male-lead_ep2.csv,22
487,2026-09-28T10:12:41.604995,POOR CIEL ... THAT FALL LOOKED,0.6287,,dialogue,False,30,6,22,0,0,246,50,1.0,1.0,1.0,0.4,,1.0,0.6,1.0,4.92,12300,0.0024390243902439,0.4,1.26,1.0,0.0,0.0,0.775,6,0.5,0.155,1.0,0.252,800,1280,0.6,collected_i-wont-let-my-son-become-the-evil-male-lead_ep2.csv,23
488,2026-09-28T10:12:41.605481,LIKE IT HURT ... IS HE GONNA BE OKAY ?,0.8558,dialogue,dialogue,False,38,10,23,0,0,201,95,1.0,1.0,1.0,1.0,,1.0,1.0,0.9615384615384616,2.1157894736842104,19095,0.0019900497512437,0.875,2.3375,1.0,1.0,0.0,0.417391304347826,10,0.5,0.0834782608695652,1.0,0.8,800,1280,0.6,collected_i-wont-let-my-son-become-the-evil-male-lead_ep2.csv,24
489,2026-09-28T10:12:41.605592,THIS IS BAD ...,0.7371,dialogue,dialogue,False,15,4,23,0,0,166,21,1.0,0.5,0.6,1.0,,1.0,1.0,1.0,7.904761904761905,3486,0.0043029259896729,1.0,1.5333333333333332,1.0,1.0,0.0,1.1142857142857143,4,0.5,0.2228571428571428,0.75,0.3066666666666666,800,1280,0.6,collected_i-wont-let-my-son-become-the-evil-male-lead_ep2.csv,25
490,2026-09-28T10:12:41.606280,KARDICIEL SEEMS TO HATE SERIEL EVEN MORE THAN I THOUGHT .,0.7926,dialogue,dialogue,False,57,11,24,0,0,296,132,1.0,1.0,1.0,0.7,,1.0,1.0,0.9787234042553192,2.242424242424242,39072,0.0014588452088452,0.5,1.6,1.0,1.0,0.0,0.6886363636363636,11,1.0,0.1377272727272727,1.0,0.32,800,1280,0.6,collected_i-wont-let-my-son-become-the-evil-male-lead_ep2.csv,26
491,2026-09-28T10:12:41.606453,"HE PROBABLY WON'T BE IN THE GARDEN TOMORROW , HUH ?",0.864,dialogue,dialogue,False,51,11,24,0,0,273,132,1.0,1.0,1.0,0.7,,1.0,1.0,0.926829268292683,2.0681818181818183,36036,0.0014152514152514,0.6666666666666666,2.388888888888889,1.0,1.0,0.0,0.6444444444444444,11,1.0,0.1288888888888889,1.0,0.8,800,1280,0.6,collected_i-wont-let-my-son-become-the-evil-male-lead_ep2.csv,27
492,2026-09-28T10:12:41.607047,I FEEL TERRIBLE . IT'S LIKE I TOOK AWAY THE ONE PLACE HE COULD BE HAPPY ...,0.7905,dialogue,dialogue,False,75,17,25,0,0,214,207,1.0,0.7,1.0,0.7,,1.0,1.0,0.9642857142857144,1.0338164251207729,44298,0.0016930786942977,0.7333333333333333,2.3266666666666667,1.0,1.0,0.0,0.5365384615384615,17,0.5,0.1073076923076923,0.9,0.8,800,1280,0.6,collected_i-wont-let-my-son-become-the-evil-male-lead_ep2.csv,28
493,2026-09-28T10:12:41.607698,"FROM KARDICIEL'S PERSPECTIVE , THE SUDDEN SHIFT IN HIS MOTHER'S ATTITUDE MUST'VE BEEN SHOCKING AND CONFUSING .",0.6953,,dialogue,False,110,17,26,0,0,347,173,1.0,1.0,1.0,0.4,,1.0,1.0,0.946808510638298,2.005780346820809,60031,0.0018323866002565,0.4,1.72,1.0,1.0,0.0,0.7609195402298851,17,0.5,0.152183908045977,0.9,0.344,800,1280,0.6,collected_i-wont-let-my-son-become-the-evil-male-lead_ep2.csv,29
494,2026-09-28T10:12:41.608132,"I NEED A WAY TO GET CLOSER TO HIM , BUT SLOWLY .",0.8392,dialogue,dialogue,False,48,13,28,0,0,211,136,1.0,0.7,1.0,1.0,,1.0,1.0,0.9444444444444444,1.5514705882352942,28696,0.0016727069974909,0.8181818181818182,2.7454545454545456,1.0,1.0,0.0,0.3,13,0.5,0.06,1.0,0.8,800,1280,0.6,collected_i-wont-let-my-son-become-the-evil-male-lead_ep2.csv,30
495,2026-09-28T10:12:41.608418,SCRITCH TU MONTY LAYER STONE SCRATCH,0.4807,,background,False,36,6,29,0,0,411,177,1.0,1.0,0.6,0.0,,1.0,0.2,1.0,2.3220338983050848,72747,0.0004948657676605,0.0,0.5,0.0,0.0,0.0,0.5517241379310345,6,0.6,0.1103448275862069,1.0,0.1,800,1280,0.6,collected_i-wont-let-my-son-become-the-evil-male-lead_ep2.csv,31
496,2026-09-28T10:12:41.608740,"DAISY , CAN YOU COME IN HERE ?",0.85,dialogue,dialogue,False,30,8,30,0,0,175,97,1.0,0.7,1.0,1.0,,1.0,1.0,0.9130434782608696,1.8041237113402064,16975,0.0017673048600883,0.8333333333333334,2.3000000000000003,1.0,1.0,0.0,1.0736842105263158,8,0.5,0.2147368421052631,1.0,0.8,800,1280,0.6,collected_i-wont-let-my-son-become-the-evil-male-lead_ep2.csv,32
497,2026-09-28T10:12:41.608993,"YES , YOUR GRACE !",0.7294,dialogue,dialogue,False,18,5,31,0,0,140,63,1.0,1.0,1.0,0.7,,1.0,1.0,0.8571428571428571,2.2222222222222223,8820,0.0020408163265306,0.6666666666666666,1.6666666666666667,1.0,1.0,0.0,0.85,5,0.5,0.1699999999999999,0.75,0.3333333333333333,800,1280,0.6,collected_i-wont-let-my-son-become-the-evil-male-lead_ep2.csv,33
498,2026-09-28T10:12:41.609357,COULD YOU DELIVER THIS TO KARDICIEL ?,0.8175,dialogue,dialogue,False,37,7,32,0,0,217,96,1.0,1.0,1.0,0.7,,1.0,1.0,0.967741935483871,2.2604166666666665,20832,0.0017761136712749,0.6666666666666666,2.566666666666667,1.0,1.0,0.0,0.8928571428571429,7,0.5,0.1785714285714285,1.0,0.8,800,1280,0.6,collected_i-wont-let-my-son-become-the-evil-male-lead_ep2.csv,34
499,2026-09-28T10:12:41.609468,TO HIS LORDSHIP ?,0.7956,dialogue,dialogue,False,17,4,32,0,0,142,61,1.0,1.0,1.0,0.7,,1.0,1.0,0.9285714285714286,2.3278688524590163,8662,0.0019625952435927,0.6666666666666666,2.9,1.0,1.0,0.0,0.5818181818181818,4,0.5,0.1163636363636363,0.75,0.8,800,1280,0.6,collected_i-wont-let-my-son-become-the-evil-male-lead_ep2.csv,35
500,2026-09-28T10:12:41.610074,"THAT'S RIGHT . I KNOW THIS MIGHT SEEM STRANGE NOW , ESPECIALLY AFTER ALL THIS TIME ...",0.7778,dialogue,dialogue,False,86,17,33,0,0,285,172,1.0,0.7,1.0,1.0,,1.0,1.0,0.9552238805970148,1.6569767441860466,49020,0.0017543859649122,0.8571428571428571,1.8928571428571428,1.0,1.0,0.0,0.9274193548387096,17,0.5,0.1854838709677419,0.9,0.3785714285714285,800,1280,0.6,collected_i-wont-let-my-son-become-the-evil-male-lead_ep2.csv,36
501,2026-09-28T10:12:41.610374,39,0.2025,background,background,False,2,1,35,0,0,39,34,0.0,0.7,0.2,0.0,,0.91,0.2,0.0,1.1470588235294117,1326,0.0015082956259426,0.0,0.5,0.0,0.0,0.09,0.3,1,0.5,0.06,0.5,0.1,800,1280,0.6,collected_i-wont-let-my-son-become-the-evil-male-lead_ep2.csv,37
502,2026-09-28T10:12:41.610493,3,0.2325,background,background,False,1,1,35,0,0,30,31,0.0,0.3,0.2,0.0,,0.91,0.2,0.0,0.967741935483871,930,0.0010752688172043,0.0,0.5,0.0,0.0,0.09,0.3,1,1.0,0.06,0.5,0.1,800,1280,0.6,collected_i-wont-let-my-son-become-the-evil-male-lead_ep2.csv,38
503,2026-09-28T10:12:41.610634,... BUT I WANT TO GET CLOSER,0.8442,dialogue,dialogue,False,28,7,35,0,0,260,72,1.0,1.0,1.0,1.0,,1.0,0.6,1.0,3.611111111111111,18720,0.0014957264957264,0.8333333333333334,2.6999999999999997,1.0,0.0,0.0,0.3,7,1.0,0.06,1.0,0.8,800,1280,0.6,collected_i-wont-let-my-son-become-the-evil-male-lead_ep2.csv,39
504,2026-09-28T10:12:41.610845,0,0.1825,background,background,False,1,1,36,0,0,11,8,0.0,0.7,0.2,0.0,,0.91,0.2,0.0,1.375,88,0.0113636363636363,0.0,0.5,0.0,0.0,0.09,0.3,1,0.3,0.06,0.5,0.1,800,1280,0.6,collected_i-wont-let-my-son-become-the-evil-male-lead_ep2.csv,40
505,2026-09-28T10:12:41.611096,SQUEAL,0.4392,background,background,False,6,1,37,0,0,161,101,1.0,0.7,1.0,0.0,,1.0,0.2,1.0,1.594059405940594,16261,0.0003689809974786,0.0,0.5,0.0,0.0,0.0,0.3,1,0.6,0.06,0.5,0.1,800,1280,0.6,collected_i-wont-let-my-son-become-the-evil-male-lead_ep2.csv,41
506,2026-09-28T10:12:41.611221,YOUR GRACE !,0.6777,,dialogue,False,12,3,37,0,0,178,22,1.0,0.3,0.6,0.7,,1.0,1.0,0.9,8.090909090909092,3916,0.0030643513789581,0.5,1.4,1.0,1.0,0.0,1.0857142857142856,3,0.5,0.2171428571428571,0.75,0.2799999999999999,800,1280,0.6,collected_i-wont-let-my-son-become-the-evil-male-lead_ep2.csv,42
507,2026-09-28T10:12:41.612015,JUST LEAVE IT TO ME ! I'LL MAKE SURE THIS LETTER REACHES HIM !,0.8436,dialogue,dialogue,False,62,14,38,0,0,241,134,1.0,0.7,1.0,1.0,,1.0,1.0,0.9387755102040816,1.7985074626865671,32294,0.0019198612745401,0.8333333333333334,2.183333333333333,1.0,1.0,0.0,0.6136363636363636,14,0.5,0.1227272727272727,1.0,0.8,800,1280,0.6,collected_i-wont-let-my-son-become-the-evil-male-lead_ep2.csv,43
508,2026-09-28T10:12:41.612156,LIFT I'LL LEAVE HANDS IT . IN YOUR,0.7062,dialogue,dialogue,False,34,8,38,0,0,211,234,1.0,0.3,1.0,0.7,,1.0,0.6,0.925925925925926,0.9017094017094016,49374,0.0006886215417021,0.7142857142857143,1.8285714285714287,1.0,0.0,0.0,0.8130434782608695,8,1.0,0.1626086956521739,1.0,0.3657142857142857,800,1280,0.6,collected_i-wont-let-my-son-become-the-evil-male-lead_ep2.csv,44
509,2026-09-28T10:12:41.612378,A FEW DAYS LATER,0.6048,,dialogue,False,16,4,39,0,0,155,58,1.0,1.0,1.0,0.7,,1.0,0.2,1.0,2.6724137931034484,8990,0.0017797552836484,0.5,1.5,0.0,0.0,0.0,0.8818181818181817,4,0.5,0.1763636363636363,0.75,0.3,800,1280,0.6,collected_i-wont-let-my-son-become-the-evil-male-lead_ep2.csv,45
510,2026-09-28T10:12:41.612629,CHIRP CHIRP STRETCH,0.4597,,background,False,19,3,40,0,0,429,187,1.0,1.0,0.6,0.0,,1.0,0.2,1.0,2.2941176470588234,80223,0.0002368398090323,0.0,0.5,0.0,0.0,0.0,0.3,3,0.6,0.06,0.75,0.1,800,1280,0.6,collected_i-wont-let-my-son-become-the-evil-male-lead_ep2.csv,46
511,2026-09-28T10:12:41.612724,eeeee,0.4052,background,background,False,5,1,40,0,0,53,36,1.0,0.7,0.2,0.0,,1.0,0.2,1.0,1.4722222222222223,1908,0.0026205450733752,0.0,0.5,0.0,0.0,0.0,0.3,1,0.5,0.06,0.5,0.1,800,1280,0.6,collected_i-wont-let-my-son-become-the-evil-male-lead_ep2.csv,47
512,2026-09-28T10:12:41.612822,eeee HNNNNGH !,0.6317,,background,False,14,3,40,0,0,279,58,1.0,1.0,1.0,0.0,,1.0,1.0,0.875,4.810344827586207,16182,0.0008651588184402,0.0,0.5,1.0,1.0,0.0,0.3,3,1.0,0.06,0.75,0.1,800,1280,0.6,collected_i-wont-let-my-son-become-the-evil-male-lead_ep2.csv,48
513,2026-09-28T10:12:41.613046,@,0.7242,dialogue,background,False,1,1,41,0,0,103,97,1.0,0.7,1.0,1.0,,1.0,0.2,1.0,1.0618556701030928,9991,0.0001000900810729,1.0,3.7,0.0,0.0,0.0,0.3,1,0.6,0.06,0.5,1.0,800,1280,0.6,collected_i-wont-let-my-son-become-the-evil-male-lead_ep2.csv,49
514,2026-09-28T10:12:41.613129,GLARE,0.4513,,background,False,5,1,41,0,0,156,87,1.0,0.7,1.0,0.0,,1.0,0.2,1.0,1.793103448275862,13572,0.0003684055408193,0.0,0.5,0.0,0.0,0.0,1.1666666666666667,1,0.6,0.2333333333333333,0.5,0.1,800,1280,0.6,collected_i-wont-let-my-son-become-the-evil-male-lead_ep2.csv,50
515,2026-09-28T10:12:41.613237,OH ... ANOTHER GIFT .,0.6746,,dialogue,False,21,5,41,0,0,197,61,1.0,1.0,1.0,0.4,,1.0,1.0,0.9285714285714286,3.2295081967213113,12017,0.0017475243405176,0.3333333333333333,1.1666666666666667,1.0,1.0,0.0,1.2181818181818185,5,0.5,0.2436363636363636,0.75,0.2333333333333333,800,1280,0.6,collected_i-wont-let-my-son-become-the-evil-male-lead_ep2.csv,51
516,2026-09-28T10:12:41.613560,WHY DOES SHE KEEP SENDING THESE USELESS THINGS ? GRUMBLE,0.6439,,dialogue,False,56,10,42,0,0,395,318,1.0,0.7,0.6,0.7,,1.0,0.6,0.9787234042553192,1.2421383647798745,125610,0.00044582437704,0.5555555555555556,0.8,1.0,0.0,0.0,0.8522727272727273,10,0.6,0.1704545454545454,1.0,0.16,800,1280,0.6,collected_i-wont-let-my-son-become-the-evil-male-lead_ep2.csv,52
517,2026-09-28T10:12:41.613742,TA - DA,0.4987,,background,False,7,3,44,0,0,564,315,1.0,0.7,0.4,0.0,,1.0,0.6,1.0,1.7904761904761906,177660,3.940110323089047e-05,0.0,0.5,1.0,0.0,0.0,0.3,3,0.6,0.06,0.75,0.1,800,1280,0.6,collected_i-wont-let-my-son-become-the-evil-male-lead_ep2.csv,53
518,2026-09-28T10:12:41.613986,BA - BUMP,0.5717,,background,False,9,3,46,0,0,227,76,1.0,1.0,1.0,0.0,,1.0,0.6,1.0,2.986842105263158,17252,0.000521678645954,0.0,0.5,1.0,0.0,0.0,0.3,3,1.0,0.06,0.75,0.1,800,1280,0.6,collected_i-wont-let-my-son-become-the-evil-male-lead_ep2.csv,54
519,2026-09-28T10:12:41.614077,BA - BUMP,0.5717,,background,False,9,3,46,0,0,225,79,1.0,1.0,1.0,0.0,,1.0,0.6,1.0,2.848101265822785,17775,0.000506329113924,0.0,0.5,1.0,0.0,0.0,0.3,3,1.0,0.06,0.75,0.1,800,1280,0.6,collected_i-wont-let-my-son-become-the-evil-male-lead_ep2.csv,55
520,2026-09-28T10:12:41.615977,' &,0.7658,dialogue,background,False,3,2,47,0,0,80,111,1.0,0.3,1.0,1.0,,1.0,0.2,1.0,0.7207207207207207,8880,0.0003378378378378,1.0,4.5,0.0,0.0,0.0,4.2,2,0.6,0.8400000000000001,0.6,1.0,800,1280,0.6,collected_i-wont-let-my-son-become-the-evil-male-lead_ep2.csv,56
521,2026-09-28T10:12:41.616057,&,0.7748,dialogue,background,False,1,1,47,0,0,35,37,1.0,0.3,0.2,1.0,,1.0,0.2,1.0,0.945945945945946,1295,0.0007722007722007,1.0,4.5,0.0,0.0,0.0,4.2,1,1.0,0.8400000000000001,0.5,1.0,800,1280,0.6,collected_i-wont-let-my-son-become-the-evil-male-lead_ep2.csv,57
522,2026-09-28T10:12:41.616139,RUSTLE,0.4392,background,background,False,6,1,47,0,0,195,103,1.0,0.7,1.0,0.0,,1.0,0.2,1.0,1.8932038834951457,20085,0.0002987303958177,0.0,0.5,0.0,0.0,0.0,0.3,1,0.6,0.06,0.5,0.1,800,1280,0.6,collected_i-wont-let-my-son-become-the-evil-male-lead_ep2.csv,58
523,2026-09-28T10:12:41.616537,"The Good weather morning , Kardiciel ! I asked the is lovely today . servants your favorite relax desserts to . prepare Please in I'll go stay out the of the garden way . . P.S. I included How is your knee ? some",0.6948,,dialogue,False,212,44,47,0,0,480,447,1.0,0.7,0.4,0.7,,1.0,0.6,0.9464285714285714,1.0738255033557047,214560,0.0009880686055182,0.5789473684210527,1.9105263157894736,1.0,0.0,0.0,0.6789808917197452,44,1.0,0.135796178343949,0.8,0.3821052631578947,800,1280,0.6,collected_i-wont-let-my-son-become-the-evil-male-lead_ep2.csv,59
524,2026-09-28T10:12:41.616791,Please make sure to use it .,0.8826,dialogue,dialogue,False,28,7,48,0,0,402,64,1.0,0.5,1.0,1.0,,1.0,1.0,0.9545454545454546,6.28125,25728,0.0010883084577114,1.0,2.8666666666666667,1.0,1.0,0.0,0.5421052631578948,7,1.0,0.1084210526315789,1.0,0.8,800,1280,0.6,collected_i-wont-let-my-son-become-the-evil-male-lead_ep2.csv,60
525,2026-09-28T10:12:41.617108,SHE USED TO SAY THAT I WAS A NUISANCE ...,0.8165,dialogue,dialogue,False,41,10,49,0,0,219,97,1.0,1.0,1.0,0.7,,1.0,1.0,1.0,2.2577319587628866,21243,0.0019300475450736,0.6666666666666666,2.8555555555555556,1.0,1.0,0.0,0.8185185185185185,10,0.5,0.1637037037037037,1.0,0.8,800,1280,0.6,collected_i-wont-let-my-son-become-the-evil-male-lead_ep2.csv,61
526,2026-09-28T10:12:41.617615,MUTTER MUMBLE,0.4908,,background,False,13,2,50,0,0,184,100,1.0,0.7,1.0,0.0,,1.0,0.2,1.0,1.84,18400,0.0007065217391304,0.0,0.5,0.0,0.0,0.0,0.63,2,1.0,0.126,0.6,0.1,800,1280,0.6,collected_i-wont-let-my-son-become-the-evil-male-lead_ep2.csv,62
527,2026-09-28T10:12:41.617831,WHY IS SHE SUDDENLY BEING SO NICE TO ME ?,0.7438,dialogue,dialogue,False,41,10,50,0,0,275,97,1.0,1.0,1.0,0.7,,1.0,1.0,0.96875,2.8350515463917527,26675,0.0015370196813495,0.7777777777777778,1.7555555555555555,1.0,1.0,0.0,0.4379310344827586,10,0.5,0.0875862068965517,1.0,0.3511111111111111,800,1280,0.6,collected_i-wont-let-my-son-become-the-evil-male-lead_ep2.csv,63
528,2026-09-28T10:12:41.618228,KNOCK KNOCK,0.4539,,background,False,11,2,51,0,0,208,127,1.0,0.7,1.0,0.0,,1.0,0.2,1.0,1.6377952755905512,26416,0.000416414294367,0.0,0.5,0.0,0.0,0.0,0.85,2,0.6,0.1699999999999999,0.6,0.1,800,1280,0.6,collected_i-wont-let-my-son-become-the-evil-male-lead_ep2.csv,64
529,2026-09-28T10:12:41.618357,"CLACK LORD KARDICIEL , ARE YOU AWAKE ?",0.6767,,dialogue,False,38,8,51,0,0,478,186,1.0,1.0,0.6,0.4,,1.0,1.0,0.935483870967742,2.5698924731182795,88908,0.0004274081072569,0.3333333333333333,1.05,1.0,1.0,0.0,0.5148148148148148,8,0.6,0.1029629629629629,1.0,0.21,800,1280,0.6,collected_i-wont-let-my-son-become-the-evil-male-lead_ep2.csv,65
530,2026-09-28T10:12:41.618502,JOLT,0.4272,background,background,False,4,1,52,0,0,328,210,1.0,0.7,0.6,0.0,,1.0,0.2,1.0,1.561904761904762,68880,5.8072009291521487e-05,0.0,0.5,0.0,0.0,0.0,0.3,1,0.6,0.06,0.5,0.1,800,1280,0.6,collected_i-wont-let-my-son-become-the-evil-male-lead_ep2.csv,66
531,2026-09-28T10:12:41.618832,Y - Y - YOU SCARED ME !!! SHOUT WHOOSH FWIP,0.6474,,dialogue,False,43,11,53,0,0,609,443,1.0,0.7,0.4,0.7,,1.0,0.6,0.9655172413793104,1.3747178329571106,269787,0.0001593849963119,0.5,1.175,1.0,0.0,0.0,0.7269230769230769,11,0.6,0.1453846153846154,1.0,0.235,800,1280,0.6,collected_i-wont-let-my-son-become-the-evil-male-lead_ep2.csv,67
532,2026-09-28T10:12:41.618902,www,0.4672,,background,False,3,1,53,0,0,93,52,1.0,0.7,0.6,0.0,,1.0,0.2,1.0,1.7884615384615383,4836,0.0006203473945409,0.0,0.5,0.0,0.0,0.0,0.3,1,1.0,0.06,0.5,0.1,800,1280,0.6,collected_i-wont-let-my-son-become-the-evil-male-lead_ep2.csv,68
533,2026-09-28T10:12:41.619332,"YOU ALWAYS THROW AWAY THE GIFTS , BUT YOU KEEP ALL THE LETTERS .",0.8663,dialogue,dialogue,False,64,14,54,0,0,328,132,1.0,1.0,1.0,0.7,,1.0,1.0,0.9607843137254902,2.484848484848485,43296,0.0014781966001478,0.75,2.2666666666666666,1.0,1.0,0.0,0.8042553191489361,14,1.0,0.1608510638297872,1.0,0.8,800,1280,0.6,collected_i-wont-let-my-son-become-the-evil-male-lead_ep2.csv,69
534,2026-09-28T10:12:41.619405,SMILE,0.5892,,background,False,5,1,54,0,0,151,85,1.0,0.7,1.0,1.0,,1.0,0.2,1.0,1.776470588235294,12835,0.0003895597974289,1.0,0.5,0.0,0.0,0.0,0.3,1,0.6,0.06,0.5,0.1,800,1280,0.6,collected_i-wont-let-my-son-become-the-evil-male-lead_ep2.csv,70
535,2026-09-28T10:12:41.619479,AHEM,0.4822,,background,False,4,1,54,0,0,100,46,1.0,1.0,0.6,0.0,,1.0,0.2,1.0,2.1739130434782608,4600,0.0008695652173913,0.0,0.5,0.0,0.0,0.0,0.3,1,1.0,0.06,0.5,0.1,800,1280,0.6,collected_i-wont-let-my-son-become-the-evil-male-lead_ep2.csv,71
536,2026-09-28T10:12:41.620075,"I APOLOGIZE . I ASSUMED YOU'D WAKE UP WHEN I KNOCKED , AS ALWAYS .",0.8108,dialogue,dialogue,False,66,15,55,0,0,323,134,1.0,1.0,1.0,0.7,,1.0,1.0,0.9230769230769232,2.41044776119403,43282,0.0015248833233214,0.5833333333333334,2.058333333333333,1.0,1.0,0.0,0.417391304347826,15,0.5,0.0834782608695652,1.0,0.8,800,1280,0.6,collected_i-wont-let-my-son-become-the-evil-male-lead_ep2.csv,72
537,2026-09-28T10:12:41.620186,SHALL I HELP YOU GET DRESSED ? 100000000000,0.7949,dialogue,dialogue,False,43,8,55,0,0,417,192,1.0,1.0,0.6,0.7,,1.0,0.6,0.8518518518518519,2.171875,80064,0.000537070343725,0.7142857142857143,2.0142857142857142,1.0,0.0,0.0,0.8523809523809524,8,1.0,0.1704761904761904,1.0,0.8,800,1280,0.6,collected_i-wont-let-my-son-become-the-evil-male-lead_ep2.csv,73
538,2026-09-28T10:12:41.620423,SLIDE,0.4942,,background,False,5,1,56,0,0,136,64,1.0,1.0,1.0,0.0,,1.0,0.2,1.0,2.125,8704,0.0005744485294117,0.0,0.5,0.0,0.0,0.0,0.3,1,1.0,0.06,0.5,0.1,800,1280,0.6,collected_i-wont-let-my-son-become-the-evil-male-lead_ep2.csv,74
539,2026-09-28T10:12:41.620515,00,0.2025,background,background,False,2,1,56,0,0,42,25,0.0,0.7,0.2,0.0,,0.91,0.2,0.0,1.68,1050,0.0019047619047619,0.0,0.5,0.0,0.0,0.09,0.3,1,0.5,0.06,0.5,0.1,800,1280,0.6,collected_i-wont-let-my-son-become-the-evil-male-lead_ep2.csv,75
540,2026-09-28T10:12:41.620617,"NO , I CAN DO IT MYSELF .",0.8456,dialogue,dialogue,False,25,8,56,0,0,156,96,1.0,0.7,1.0,1.0,,1.0,1.0,0.8888888888888888,1.625,14976,0.0016693376068376,0.8333333333333334,2.9,1.0,1.0,0.0,0.7571428571428571,8,0.5,0.1514285714285714,1.0,0.8,800,1280,0.6,collected_i-wont-let-my-son-become-the-evil-male-lead_ep2.csv,76
541,2026-09-28T10:12:41.620983,WHAT SHOULD I DO WITH THAT ?,0.884,dialogue,dialogue,False,28,7,57,0,0,177,96,1.0,0.7,1.0,1.0,,1.0,1.0,0.9545454545454546,1.84375,16992,0.0016478342749529,1.0,3.25,1.0,1.0,0.0,1.3578947368421053,7,0.5,0.271578947368421,1.0,1.0,800,1280,0.6,collected_i-wont-let-my-son-become-the-evil-male-lead_ep2.csv,77
542,2026-09-28T10:12:41.621073,THAT .,0.8784,dialogue,dialogue,False,6,2,57,0,0,72,20,1.0,1.0,0.2,1.0,,1.0,1.0,0.8,3.6,1440,0.0041666666666666,1.0,4.3,1.0,1.0,0.0,3.6,2,0.5,0.72,0.6,1.0,800,1280,0.6,collected_i-wont-let-my-son-become-the-evil-male-lead_ep2.csv,78
543,2026-09-28T10:12:41.621204,HALT,0.4392,background,background,False,4,1,58,0,0,215,109,1.0,0.7,1.0,0.0,,1.0,0.2,1.0,1.9724770642201832,23435,0.0001706848730531,0.0,0.5,0.0,0.0,0.0,0.3,1,0.6,0.06,0.5,0.1,800,1280,0.6,collected_i-wont-let-my-son-become-the-evil-male-lead_ep2.csv,79
544,2026-09-28T10:12:41.621749,GLANCE,0.464,,background,False,6,1,60,0,0,181,89,1.0,1.0,1.0,0.0,,1.0,0.2,1.0,2.033707865168539,16109,0.0003724625985473,0.0,0.5,0.0,0.0,0.0,1.0,1,0.6,0.2,0.5,0.1,800,1280,0.6,collected_i-wont-let-my-son-become-the-evil-male-lead_ep2.csv,80
545,2026-09-28T10:12:41.621957,I'LL DISPOSE OF IT VERY CAREFULLY TO MAKE SURE HER GRACE DOESN'T FIND OUT . JUST LIKE ALL THE OTHER TIMES .,0.8753,dialogue,dialogue,False,107,22,60,0,0,351,248,1.0,0.7,0.6,1.0,,1.0,1.0,0.9534883720930232,1.4153225806451613,87048,0.0012292068743681,0.8,2.145,1.0,1.0,0.0,0.66125,22,1.0,0.13225,0.9,0.8,800,1280,0.6,collected_i-wont-let-my-son-become-the-evil-male-lead_ep2.csv,81
546,2026-09-28T10:12:41.622143,W - WAIT !,0.6837,,dialogue,False,10,4,61,0,0,151,28,1.0,0.7,0.6,0.7,,1.0,1.0,0.8333333333333334,5.392857142857143,4228,0.0023651844843897,0.5,1.3,1.0,1.0,0.0,0.3,4,0.5,0.06,0.75,0.26,800,1280,0.6,collected_i-wont-let-my-son-become-the-evil-male-lead_ep2.csv,82
547,2026-09-28T10:12:41.622209,00,0.2175,background,background,False,2,1,61,0,0,36,16,0.0,1.0,0.2,0.0,,0.91,0.2,0.0,2.25,576,0.0034722222222222,0.0,0.5,0.0,0.0,0.09,0.3,1,0.5,0.06,0.5,0.1,800,1280,0.6,collected_i-wont-let-my-son-become-the-evil-male-lead_ep2.csv,83
548,2026-09-28T10:12:41.622576,JUST THROW AWAY THE BOX . I'M KEEPING THE BEAR ! BA - BUMP,0.6164,,dialogue,False,58,14,62,0,0,494,248,1.0,0.7,0.6,0.4,,1.0,0.6,0.9318181818181818,1.9919354838709675,122512,0.0004734230116233,0.4545454545454545,1.4909090909090907,1.0,0.0,0.0,0.6179487179487179,14,0.6,0.1235897435897435,1.0,0.2981818181818181,800,1280,0.6,collected_i-wont-let-my-son-become-the-evil-male-lead_ep2.csv,84
549,2026-09-28T10:12:41.622731,BA - BUMP,0.5317,,background,False,9,3,63,0,0,227,82,1.0,1.0,1.0,0.0,,1.0,0.6,1.0,2.768292682926829,18614,0.0004835070377135,0.0,0.5,1.0,0.0,0.0,0.3,3,0.6,0.06,0.75,0.1,800,1280,0.6,collected_i-wont-let-my-son-become-the-evil-male-lead_ep2.csv,85
550,2026-09-28T10:12:41.623098,VERY WELL ! IT SEEMS YOU'VE TAKEN A LIKING TO THAT BEAR . BEAM,0.7157,dialogue,dialogue,False,62,14,64,0,0,405,232,1.0,0.7,0.6,0.7,,1.0,0.6,0.9387755102040816,1.7456896551724137,93960,0.0006598552575564,0.5833333333333334,1.9166666666666667,1.0,0.0,0.0,0.7318181818181819,14,1.0,0.1463636363636364,1.0,0.3833333333333333,800,1280,0.6,collected_i-wont-let-my-son-become-the-evil-male-lead_ep2.csv,86
551,2026-09-28T10:12:41.624084,IT ISN'T BECAUSE SHE GAVE IT TO ME .,0.9055,dialogue,dialogue,False,36,9,66,0,0,257,97,1.0,1.0,1.0,1.0,,1.0,1.0,0.9285714285714286,2.649484536082474,24929,0.001444101247543,0.875,2.525,1.0,1.0,0.0,0.3916666666666666,9,1.0,0.0783333333333333,1.0,0.8,800,1280,0.6,collected_i-wont-let-my-son-become-the-evil-male-lead_ep2.csv,87
552,2026-09-28T10:12:41.624161,MUMBLE,0.4942,,background,False,6,1,66,0,0,155,55,1.0,1.0,1.0,0.0,,1.0,0.2,1.0,2.8181818181818183,8525,0.0007038123167155,0.0,0.5,0.0,0.0,0.0,0.3,1,1.0,0.06,0.5,0.1,800,1280,0.6,collected_i-wont-let-my-son-become-the-evil-male-lead_ep2.csv,88
553,2026-09-28T10:12:41.624239,POUT,0.4875,,background,False,4,1,66,0,0,109,62,1.0,0.7,0.6,0.0,,1.0,0.2,1.0,1.7580645161290325,6758,0.000591891092039,0.0,0.5,0.0,0.0,0.0,1.75,1,1.0,0.35,0.5,0.1,800,1280,0.6,collected_i-wont-let-my-son-become-the-evil-male-lead_ep2.csv,89
554,2026-09-28T10:12:41.624315,MURMUR,0.4942,,background,False,6,1,66,0,0,158,57,1.0,1.0,1.0,0.0,,1.0,0.2,1.0,2.7719298245614037,9006,0.0006662225183211,0.0,0.5,0.0,0.0,0.0,0.3,1,1.0,0.06,0.5,0.1,800,1280,0.6,collected_i-wont-let-my-son-become-the-evil-male-lead_ep2.csv,90
555,2026-09-28T10:12:41.624818,I'M KEEPING IT BECAUSE I LIKE IT .,0.843,dialogue,dialogue,False,34,8,67,0,0,159,97,1.0,0.7,1.0,1.0,,1.0,1.0,0.925925925925926,1.6391752577319587,15423,0.0022044997730662,0.8571428571428571,2.3428571428571425,1.0,1.0,0.0,0.5695652173913043,8,0.5,0.1139130434782608,1.0,0.8,800,1280,0.6,collected_i-wont-let-my-son-become-the-evil-male-lead_ep2.csv,91
556,2026-09-28T10:12:41.624948,I SEE . THEN I SHALL THROW OUT JUST THE BOX . www,0.7784,dialogue,dialogue,False,49,13,67,0,0,337,249,1.0,0.7,0.6,0.7,,1.0,0.6,0.9444444444444444,1.3534136546184738,83913,0.0005839381263928,0.7272727272727273,2.272727272727273,1.0,0.0,0.0,0.74375,13,1.0,0.14875,1.0,0.8,800,1280,0.6,collected_i-wont-let-my-son-become-the-evil-male-lead_ep2.csv,92
557,2026-09-28T10:12:41.625130,STEP STEP STEP,0.4367,background,background,False,14,3,68,0,0,167,198,1.0,0.3,1.0,0.0,,1.0,0.2,1.0,0.8434343434343434,33066,0.0004233956329764,0.0,0.5,0.0,0.0,0.0,0.3,3,0.6,0.06,0.75,0.1,800,1280,0.6,collected_i-wont-let-my-son-become-the-evil-male-lead_ep2.csv,93
558,2026-09-28T10:12:41.625491,"AH , BEFORE YOU GO , THERE'S SOMETHING I WANT YOU TO DO .",0.9032,dialogue,dialogue,False,57,14,69,0,0,269,170,1.0,0.7,1.0,1.0,,1.0,1.0,0.9090909090909092,1.5823529411764703,45730,0.0012464465340039,0.9090909090909092,2.4181818181818184,1.0,1.0,0.0,1.3,14,1.0,0.26,1.0,0.8,800,1280,0.6,collected_i-wont-let-my-son-become-the-evil-male-lead_ep2.csv,94
559,2026-09-28T10:12:41.625715,"DAISY , LOOK AT THIS !!!",0.8153,dialogue,dialogue,False,24,6,71,0,0,167,60,1.0,1.0,1.0,0.7,,1.0,1.0,0.8823529411764706,2.783333333333333,10020,0.0023952095808383,0.75,2.475,1.0,1.0,0.0,0.7384615384615384,6,0.5,0.1476923076923076,1.0,0.8,800,1280,0.6,collected_i-wont-let-my-son-become-the-evil-male-lead_ep2.csv,95
560,2026-09-28T10:12:41.625853,BEAM,0.4392,background,background,False,4,1,73,0,0,293,171,1.0,0.7,1.0,0.0,,1.0,0.2,1.0,1.713450292397661,50103,7.983553879009241e-05,0.0,0.5,0.0,0.0,0.0,0.3,1,0.6,0.06,0.5,0.1,800,1280,0.6,collected_i-wont-let-my-son-become-the-evil-male-lead_ep2.csv,96
561,2026-09-28T10:12:41.625938,SQUEAL,0.4822,,background,False,6,1,73,0,0,105,52,1.0,1.0,0.6,0.0,,1.0,0.2,1.0,2.019230769230769,5460,0.001098901098901,0.0,0.5,0.0,0.0,0.0,0.3,1,1.0,0.06,0.5,0.1,800,1280,0.6,collected_i-wont-let-my-son-become-the-evil-male-lead_ep2.csv,97
562,2026-09-28T10:12:41.626142,KARDICIEL WROTE BACK TO ME !,0.7952,dialogue,dialogue,False,28,6,74,0,0,211,115,1.0,0.7,1.0,0.7,,1.0,1.0,0.9565217391304348,1.834782608695652,24265,0.0011539254069647,0.6,2.06,1.0,1.0,0.0,0.3,6,1.0,0.06,0.3,0.8,800,1280,0.6,collected_i-wont-let-my-son-become-the-evil-male-lead_ep2.csv,98
563,2026-09-28T10:12:41.626621,"CONGRATULATIONS , YOUR GRACE !",0.6715,,dialogue,False,30,5,75,0,0,260,61,1.0,1.0,1.0,0.4,,1.0,1.0,0.9230769230769232,4.262295081967213,15860,0.0018915510718789,0.3333333333333333,1.1,1.0,1.0,0.0,1.1454545454545455,5,0.5,0.2290909090909091,0.75,0.2199999999999999,800,1280,0.6,collected_i-wont-let-my-son-become-the-evil-male-lead_ep2.csv,99
564,2026-09-28T10:12:41.626760,CLAP CLAP CLAP BA - BUMP,0.5222,,background,False,24,6,75,0,0,329,215,1.0,0.7,0.6,0.0,,1.0,0.6,1.0,1.5302325581395348,70735,0.0003392945500812,0.0,0.5,1.0,0.0,0.0,0.3,6,0.6,0.06,1.0,0.1,800,1280,0.6,collected_i-wont-let-my-son-become-the-evil-male-lead_ep2.csv,100
565,2026-09-28T10:12:41.626845,BA - BUMP,0.5097,,background,False,9,3,75,0,0,126,34,1.0,1.0,0.6,0.0,,1.0,0.6,1.0,3.7058823529411766,4284,0.0021008403361344,0.0,0.5,1.0,0.0,0.0,0.3,3,0.5,0.06,0.75,0.1,800,1280,0.6,collected_i-wont-let-my-son-become-the-evil-male-lead_ep2.csv,101
566,2026-09-28T10:12:41.626938,I WONDER WHAT HE,0.6754,,dialogue,False,16,4,75,0,0,138,58,1.0,1.0,0.6,0.7,,1.0,0.2,1.0,2.3793103448275863,8004,0.0019990004997501,0.75,2.85,0.0,0.0,0.0,1.4181818181818182,4,0.5,0.2836363636363636,0.75,0.8,800,1280,0.6,collected_i-wont-let-my-son-become-the-evil-male-lead_ep2.csv,102
567,2026-09-28T10:12:41.627113,PAUSE,0.4495,background,background,False,5,1,77,0,0,219,123,1.0,0.7,1.0,0.0,,1.0,0.2,1.0,1.7804878048780488,26937,0.0001856182945391,0.0,0.5,0.0,0.0,0.0,1.0333333333333334,1,0.6,0.2066666666666667,0.5,0.1,800,1280,0.6,collected_i-wont-let-my-son-become-the-evil-male-lead_ep2.csv,103
568,2026-09-28T10:12:41.627452,CROOKED send any Please letters don't or gifts . more MESSY,0.6178,,dialogue,False,59,11,78,0,0,494,535,1.0,0.3,0.4,0.7,,1.0,0.6,0.9591836734693876,0.9233644859813084,264290,0.0002232396231412,0.6,0.92,1.0,0.0,0.0,0.5844444444444444,11,0.6,0.1168888888888888,1.0,0.184,800,1280,0.6,collected_i-wont-let-my-son-become-the-evil-male-lead_ep2.csv,104
569,2026-09-28T10:12:41.627872,DROOP I KNEW IT ... IT WAS TOO SOON ...,0.7983,dialogue,dialogue,False,39,10,79,0,0,426,106,1.0,1.0,1.0,0.7,,1.0,1.0,1.0,4.018867924528302,45156,0.0008636726016476,0.625,1.8625,1.0,1.0,0.0,0.5272727272727272,10,1.0,0.1054545454545454,1.0,0.3724999999999999,800,1280,0.6,collected_i-wont-let-my-son-become-the-evil-male-lead_ep2.csv,105
570,2026-09-28T10:12:41.627967,Y - YOUR SLUMP GRACE ...,0.6799,,dialogue,False,24,6,79,0,0,412,83,1.0,1.0,1.0,0.075,,1.0,1.0,1.0,4.963855421686747,34196,0.000701836472102,0.25,0.95,1.0,1.0,0.0,0.7230769230769231,6,1.0,0.1446153846153846,1.0,0.19,800,1280,0.6,collected_i-wont-let-my-son-become-the-evil-male-lead_ep2.csv,106
571,2026-09-28T10:12:41.628176,IT'S FINE . I EXPECTED THIS .,0.8626,dialogue,dialogue,False,29,7,80,0,0,229,60,1.0,1.0,1.0,1.0,,1.0,1.0,0.8695652173913043,3.816666666666667,13740,0.0021106259097525,0.8,2.18,1.0,1.0,0.0,0.8999999999999999,7,0.5,0.18,1.0,0.8,800,1280,0.6,collected_i-wont-let-my-son-become-the-evil-male-lead_ep2.csv,107
572,2026-09-28T10:12:41.628527,BUT CIEL HAS SUCH CUTE HANDWRITING !,0.6788,,dialogue,False,36,7,81,0,0,204,97,1.0,1.0,1.0,0.4,,1.0,1.0,0.9666666666666668,2.1030927835051547,19788,0.0018192844147968,0.3333333333333333,1.0166666666666666,1.0,1.0,0.0,0.5925925925925926,7,0.5,0.1185185185185185,1.0,0.2033333333333333,800,1280,0.6,collected_i-wont-let-my-son-become-the-evil-male-lead_ep2.csv,108
573,2026-09-28T10:12:41.628636,ISN'T THIS QUITE IMPRESSIVE FOR SOMEONE HIS AGE ?,0.7338,dialogue,dialogue,False,49,9,81,0,0,244,133,1.0,0.7,1.0,0.7,,1.0,1.0,0.951219512195122,1.8345864661654137,32452,0.0015099223468507,0.5,1.7,1.0,1.0,0.0,0.9162162162162162,9,0.5,0.1832432432432432,1.0,0.3399999999999999,800,1280,0.6,collected_i-wont-let-my-son-become-the-evil-male-lead_ep2.csv,109
574,2026-09-28T10:12:41.628707,GRIN SMILE,0.5992,,background,False,10,2,81,0,0,469,134,1.0,1.0,0.6,1.0,,1.0,0.2,1.0,3.5,62846,0.0001591191165706,1.0,0.5,0.0,0.0,0.0,0.3,2,0.6,0.06,0.6,0.1,800,1280,0.6,collected_i-wont-let-my-son-become-the-evil-male-lead_ep2.csv,110
575,2026-09-28T10:12:41.629074,VERY TRUE ! HIS LORDSHIP HAS ALWAYS BEEN A QUICK LEARNER !,0.7122,dialogue,dialogue,False,58,12,82,0,0,238,138,1.0,0.7,1.0,0.7,,1.0,1.0,0.9574468085106383,1.7246376811594204,32844,0.0017659237608086,0.6,1.2,1.0,1.0,0.0,0.4395348837209302,12,0.5,0.087906976744186,1.0,0.24,800,1280,0.6,collected_i-wont-let-my-son-become-the-evil-male-lead_ep2.csv,111
576,2026-09-28T10:12:41.629156,THIS IS MY FIRST REPLY,0.6593,,dialogue,False,22,5,82,0,0,212,54,1.0,1.0,1.0,1.0,,1.0,0.2,1.0,3.925925925925926,11448,0.0019217330538085,0.8,1.92,0.0,0.0,0.0,0.65625,5,0.5,0.13125,0.75,0.384,800,1280,0.6,collected_i-wont-let-my-son-become-the-evil-male-lead_ep2.csv,112
577,2026-09-28T10:12:41.629413,"FROM KARDICIEL , SO THAT ALONE MAKES ME HAPPY .",0.7496,dialogue,dialogue,False,47,10,83,0,0,265,96,1.0,1.0,1.0,0.7,,1.0,1.0,0.9473684210526316,2.7604166666666665,25440,0.0018474842767295,0.5,1.8875,1.0,1.0,0.0,0.5676470588235294,10,0.5,0.1135294117647058,1.0,0.3775,800,1280,0.6,collected_i-wont-let-my-son-become-the-evil-male-lead_ep2.csv,113
578,2026-09-28T10:12:41.629476,GIGGLE,0.5822,,background,False,6,1,83,0,0,113,35,1.0,1.0,0.6,1.0,,1.0,0.2,1.0,3.2285714285714286,3955,0.0015170670037926,1.0,0.5,0.0,0.0,0.0,0.3,1,0.5,0.06,0.5,0.1,800,1280,0.6,collected_i-wont-let-my-son-become-the-evil-male-lead_ep2.csv,114
579,2026-09-28T10:12:41.629726,HIS LORDSHIP JUST ISN'T ACCUSTOMED TO YOU YET .,0.8467,dialogue,dialogue,False,47,9,84,0,0,230,137,1.0,0.7,1.0,0.7,,1.0,1.0,0.9487179487179488,1.6788321167883211,31510,0.0014915899714376,0.625,2.05,1.0,1.0,0.0,0.48,9,1.0,0.096,1.0,0.8,800,1280,0.6,collected_i-wont-let-my-son-become-the-evil-male-lead_ep2.csv,115
580,2026-09-28T10:12:41.629788,GRIN,0.5892,,background,False,4,1,84,0,0,176,96,1.0,0.7,1.0,1.0,,1.0,0.2,1.0,1.8333333333333333,16896,0.0002367424242424,1.0,0.5,0.0,0.0,0.0,0.3,1,0.6,0.06,0.5,0.1,800,1280,0.6,collected_i-wont-let-my-son-become-the-evil-male-lead_ep2.csv,116
581,2026-09-28T10:12:41.630097,THIS IS THE FIRST TIME YOU'VE GIVEN HIM ANY ATTENTION .,0.7819,dialogue,dialogue,False,55,11,85,0,0,247,135,1.0,0.7,1.0,1.0,,1.0,1.0,0.9555555555555556,1.8296296296296295,33345,0.0016494227020542,0.8,1.7899999999999998,1.0,1.0,0.0,0.9439024390243902,11,0.5,0.188780487804878,1.0,0.358,800,1280,0.6,collected_i-wont-let-my-son-become-the-evil-male-lead_ep2.csv,117
582,2026-09-28T10:12:41.630167,FORGIVE ME FOR,0.638,,dialogue,False,14,3,85,0,0,221,22,1.0,0.3,0.6,0.7,,1.0,0.2,1.0,10.045454545454543,4862,0.0028794734677087,0.6666666666666666,2.3666666666666667,0.0,0.0,0.0,1.25,3,0.5,0.25,0.75,0.8,800,1280,0.6,collected_i-wont-let-my-son-become-the-evil-male-lead_ep2.csv,118
583,2026-09-28T10:12:41.630740,OVERSTEPPING ...,0.6876,,dialogue,False,16,2,86,0,0,220,22,1.0,0.3,0.6,0.0,,1.0,2.0,1.0,10.0,4840,0.0033057851239669,0.0,0.5,1.0,1.0,0.0,1.26,2,0.5,0.252,0.6,0.1,800,1280,0.6,collected_i-wont-let-my-son-become-the-evil-male-lead_ep2.csv,119
584,2026-09-28T10:12:41.630804,GRIN,0.5892,,background,False,4,1,86,0,0,152,88,1.0,0.7,1.0,1.0,,1.0,0.2,1.0,1.7272727272727273,13376,0.0002990430622009,1.0,0.5,0.0,0.0,0.0,0.3,1,0.6,0.06,0.5,0.1,800,1280,0.6,collected_i-wont-let-my-son-become-the-evil-male-lead_ep2.csv,120
585,2026-09-28T10:12:41.630986,"... BUT THIS IS THE FIRST TIME I'VE SEEN YOU SMILE SINCE COMING HERE . IT MAKES ME HAPPY , YOUR GRACE .",0.7172,dialogue,dialogue,False,103,23,86,0,0,302,209,1.0,0.7,0.6,0.7,,1.0,1.0,0.9487179487179488,1.444976076555024,63118,0.0016318641275072,0.6842105263157895,1.8105263157894735,1.0,1.0,0.0,0.8458333333333333,23,0.5,0.1691666666666666,0.9,0.3621052631578947,800,1280,0.6,collected_i-wont-let-my-son-become-the-evil-male-lead_ep2.csv,121
586,2026-09-28T10:12:41.631162,THEN DOES THAT MEAN ...,0.7838,dialogue,dialogue,False,23,5,87,0,0,165,58,1.0,1.0,1.0,1.0,,1.0,1.0,1.0,2.8448275862068964,9570,0.0024033437826541,1.0,1.875,1.0,1.0,0.0,1.0714285714285714,5,0.5,0.2142857142857142,0.75,0.375,800,1280,0.6,collected_i-wont-let-my-son-become-the-evil-male-lead_ep2.csv,122
587,2026-09-28T10:12:41.631225,GULP,0.4542,,background,False,4,1,87,0,0,150,64,1.0,1.0,1.0,0.0,,1.0,0.2,1.0,2.34375,9600,0.0004166666666666,0.0,0.5,0.0,0.0,0.0,0.3,1,0.6,0.06,0.5,0.1,800,1280,0.6,collected_i-wont-let-my-son-become-the-evil-male-lead_ep2.csv,123
588,2026-09-28T10:12:41.631572,... THE ENTIRE TIME I'VE BEEN AT THE MANOR THEY'VE NEVER SEEN ME SMILE ?,0.7342,dialogue,dialogue,False,72,15,88,0,0,227,208,1.0,0.7,1.0,0.7,,1.0,1.0,0.9454545454545454,1.0913461538461535,47216,0.0015249068112504,0.7692307692307693,1.7538461538461538,1.0,1.0,0.0,0.83,15,0.5,0.1659999999999999,1.0,0.3507692307692308,800,1280,0.6,collected_i-wont-let-my-son-become-the-evil-male-lead_ep2.csv,124
589,2026-09-28T10:12:41.631999,"WELL , I GUESS IF I THINK ABOUT IT , EVERYONE IN THE MANOR HAS BEEN PRETTY GRIM ...",0.7943,dialogue,dialogue,False,83,19,90,0,0,231,206,1.0,0.7,1.0,0.7,,1.0,1.0,0.967741935483871,1.1213592233009708,47586,0.0017442104820745,0.6875,2.175,1.0,1.0,0.0,0.8086206896551724,19,0.5,0.1617241379310345,0.9,0.8,800,1280,0.6,collected_i-wont-let-my-son-become-the-evil-male-lead_ep2.csv,125
590,2026-09-28T10:12:41.632433,IT SEEMED MORE LIKE THEY WERE WORRIED ABOUT WHAT WOULD HAPPEN INSTEAD OF BEING WORRIED ABOUT ME .,0.768,dialogue,dialogue,False,97,18,92,0,0,290,245,1.0,0.7,0.6,0.7,,1.0,1.0,0.9875,1.183673469387755,71050,0.0013652357494722,0.7647058823529411,1.911764705882353,1.0,1.0,0.0,0.6896103896103897,18,1.0,0.1379220779220779,0.9,0.3823529411764706,800,1280,0.6,collected_i-wont-let-my-son-become-the-evil-male-lead_ep2.csv,126
591,2026-09-28T10:12:41.632550,CLINK,0.4942,,background,False,5,1,93,0,0,145,68,1.0,1.0,1.0,0.0,,1.0,0.2,1.0,2.1323529411764706,9860,0.0005070993914807,0.0,0.5,0.0,0.0,0.0,0.3,1,1.0,0.06,0.5,0.1,800,1280,0.6,collected_i-wont-let-my-son-become-the-evil-male-lead_ep2.csv,127
592,2026-09-28T10:12:41.632690,HAA ...,0.6822,,dialogue,False,7,2,94,0,0,71,21,1.0,1.0,0.2,0.0,,0.5,2.0,1.0,3.380952380952381,1491,0.0046948356807511,0.0,0.5,1.0,1.0,0.5,0.3,2,0.5,0.06,0.6,0.1,800,1280,0.6,collected_i-wont-let-my-son-become-the-evil-male-lead_ep2.csv,128
593,2026-09-28T10:12:41.632751,LEAN,0.4672,,background,False,4,1,94,0,0,109,70,1.0,0.7,0.6,0.0,,1.0,0.2,1.0,1.5571428571428572,7630,0.000524246395806,0.0,0.5,0.0,0.0,0.0,0.3,1,1.0,0.06,0.5,0.1,800,1280,0.6,collected_i-wont-let-my-son-become-the-evil-male-lead_ep2.csv,129
594,2026-09-28T10:12:41.633374,"THIS IS SO WEIRD , BUT I REALLY CAN'T REMEMBER ANYTHING ELSE ABOUT THE MANOR OR WHAT HAPPENED HERE .",0.719,dialogue,dialogue,False,100,20,95,0,0,315,209,1.0,0.7,0.6,0.7,,1.0,1.0,0.9629629629629628,1.507177033492823,65835,0.0015189488873699,0.7222222222222222,1.8333333333333333,1.0,1.0,0.0,0.9263157894736844,20,0.5,0.1852631578947368,0.9,0.3666666666666666,800,1280,0.6,collected_i-wont-let-my-son-become-the-evil-male-lead_ep2.csv,130
595,2026-09-28T10:12:41.633452,SHOULD I ASK DAISY ?,0.7049,dialogue,dialogue,False,20,5,95,0,0,143,57,1.0,1.0,0.6,0.7,,1.0,1.0,0.9375,2.508771929824561,8151,0.0024536866642129,0.5,1.425,1.0,1.0,0.0,0.4769230769230769,5,0.5,0.0953846153846153,0.75,0.285,800,1280,0.6,collected_i-wont-let-my-son-become-the-evil-male-lead_ep2.csv,131
596,2026-09-28T10:12:41.633573,PONDER,0.4619,,background,False,6,1,96,0,0,161,76,1.0,1.0,1.0,0.0,,1.0,0.2,1.0,2.1184210526315788,12236,0.0004903563255966,0.0,0.5,0.0,0.0,0.0,0.85,1,0.6,0.1699999999999999,0.5,0.1,800,1280,0.6,collected_i-wont-let-my-son-become-the-evil-male-lead_ep2.csv,132
597,2026-09-28T10:12:41.633723,YOUR GRACE ?,0.6977,,dialogue,False,12,3,97,0,0,100,58,1.0,0.7,0.6,0.7,,1.0,1.0,0.9,1.7241379310344829,5800,0.0020689655172413,0.5,1.4,1.0,1.0,0.0,1.0857142857142856,3,0.5,0.2171428571428571,0.75,0.2799999999999999,800,1280,0.6,collected_i-wont-let-my-son-become-the-evil-male-lead_ep2.csv,133
598,2026-09-28T10:12:41.634216,"NO , NO . I'M NOT IN A RUSH , SO I SHOULD FOCUS ON IMPROVING MY RELATIONSHIP WITH KARDICIEL .",0.7929,dialogue,dialogue,False,93,21,99,0,0,264,210,1.0,0.7,1.0,0.7,,1.0,1.0,0.9315068493150684,1.2571428571428571,55440,0.0016774891774891,0.7058823529411765,2.3000000000000003,1.0,1.0,0.0,0.706060606060606,21,0.5,0.1412121212121212,0.9,0.8,800,1280,0.6,collected_i-wont-let-my-son-become-the-evil-male-lead_ep2.csv,134
599,2026-09-28T10:12:41.634713,"IF KARDICIEL AND I GET A LITTLE CLOSER , HE'LL STOP PUSHING ME AWAY , RIGHT ?",0.7282,dialogue,dialogue,False,77,17,100,0,0,266,171,1.0,0.7,1.0,0.7,,1.0,1.0,0.9344262295081968,1.5555555555555556,45486,0.0016928285626346,0.7857142857142857,1.907142857142857,1.0,1.0,0.0,0.5709090909090909,17,0.5,0.1141818181818181,0.9,0.3814285714285714,800,1280,0.6,collected_i-wont-let-my-son-become-the-evil-male-lead_ep2.csv,135
600,2026-09-28T10:12:41.634782,OF COURSE !,0.7601,dialogue,dialogue,False,11,3,100,0,0,159,22,1.0,0.5,0.6,0.7,,1.0,1.0,0.8888888888888888,7.227272727272728,3498,0.0031446540880503,0.5,2.55,1.0,1.0,0.0,0.6833333333333332,3,0.5,0.1366666666666666,0.75,0.8,800,1280,0.6,collected_i-wont-let-my-son-become-the-evil-male-lead_ep2.csv,136
601,2026-09-28T10:12:41.635086,YOU COULD ... YOU COULD TRY GOING TO SEE HIS LORDSHIP YOURSELF !,0.8164,dialogue,dialogue,False,64,13,101,0,0,309,135,1.0,1.0,1.0,0.7,,1.0,1.0,0.979591836734694,2.2888888888888888,41715,0.0015342203044468,0.7272727272727273,2.2363636363636363,1.0,1.0,0.0,0.8130434782608695,13,0.5,0.1626086956521739,1.0,0.8,800,1280,0.6,collected_i-wont-let-my-son-become-the-evil-male-lead_ep2.csv,137
602,2026-09-28T10:12:41.635415,WOULD THAT BE ALL RIGHT ?,0.8809,dialogue,dialogue,False,25,6,102,0,0,164,95,1.0,0.7,1.0,1.0,,1.0,1.0,0.95,1.7263157894736842,15580,0.0016046213093709,1.0,3.12,1.0,1.0,0.0,1.1352941176470588,6,0.5,0.2270588235294117,1.0,1.0,800,1280,0.6,collected_i-wont-let-my-son-become-the-evil-male-lead_ep2.csv,138
603,2026-09-28T10:12:41.635524,WHAT IF HE PUSHES ME AWAY AND THEN GETS HURT AGAIN ?,0.803,dialogue,dialogue,False,52,12,102,0,0,280,133,1.0,1.0,1.0,0.7,,1.0,1.0,0.975609756097561,2.1052631578947367,37240,0.0013963480128893,0.7272727272727273,1.9272727272727272,1.0,1.0,0.0,0.7263157894736842,12,1.0,0.1452631578947368,1.0,0.3854545454545454,800,1280,0.6,collected_i-wont-let-my-son-become-the-evil-male-lead_ep2.csv,139
604,2026-09-28T10:12:41.635659,SIGH,0.6322,,background,False,4,1,103,0,0,104,43,1.0,1.0,0.6,1.0,,1.0,0.2,1.0,2.4186046511627906,4472,0.0008944543828264,1.0,0.5,0.0,0.0,0.0,0.3,1,1.0,0.06,0.5,0.1,800,1280,0.6,collected_i-wont-let-my-son-become-the-evil-male-lead_ep2.csv,140
605,2026-09-28T10:12:41.635722,BUT ...,0.9822,dialogue,dialogue,False,7,2,103,0,0,77,29,1.0,1.0,0.2,1.0,,1.0,2.0,1.0,2.6551724137931036,2233,0.0031347962382445,1.0,3.6,1.0,1.0,0.0,0.3,2,0.5,0.06,0.6,1.0,800,1280,0.6,collected_i-wont-let-my-son-become-the-evil-male-lead_ep2.csv,141
606,2026-09-28T10:12:41.635980,... I DON'T EVEN KNOW WHERE HE IS RIGHT NOW .,0.8355,dialogue,dialogue,False,45,11,104,0,0,253,133,1.0,0.7,1.0,1.0,,1.0,1.0,0.9375,1.9022556390977443,33649,0.0013373354334452,1.0,1.8333333333333333,1.0,1.0,0.0,1.1071428571428572,11,1.0,0.2214285714285714,1.0,0.3666666666666666,800,1280,0.6,collected_i-wont-let-my-son-become-the-evil-male-lead_ep2.csv,142
607,2026-09-28T10:12:41.636044,HAA,0.4522,,dialogue,False,3,1,104,0,0,92,50,1.0,0.7,0.6,0.0,,0.5,0.2,1.0,1.84,4600,0.0006521739130434,0.0,0.5,0.0,0.0,0.5,0.3,1,1.0,0.06,0.5,0.1,800,1280,0.6,collected_i-wont-let-my-son-become-the-evil-male-lead_ep2.csv,143
608,2026-09-28T10:12:41.636206,WHAT DO YOU MEAN ?,0.8483,dialogue,dialogue,False,18,5,105,0,0,154,58,1.0,1.0,1.0,1.0,,1.0,1.0,0.9285714285714286,2.6551724137931036,8932,0.0020152261531571,1.0,2.725,1.0,1.0,0.0,1.1272727272727272,5,0.5,0.2254545454545454,0.75,0.8,800,1280,0.6,collected_i-wont-let-my-son-become-the-evil-male-lead_ep2.csv,144
609,2026-09-28T10:12:41.636261,TILT,0.4392,background,background,False,4,1,105,0,0,128,70,1.0,0.7,1.0,0.0,,1.0,0.2,1.0,1.8285714285714283,8960,0.0004464285714285,0.0,0.5,0.0,0.0,0.0,0.3,1,0.6,0.06,0.5,0.1,800,1280,0.6,collected_i-wont-let-my-son-become-the-evil-male-lead_ep2.csv,145
610,2026-09-28T10:12:41.636679,EVERY MAID IN THE ENTIRE MANOR KNOWS THAT HIS LORDSHIP WENT TO THE GARDENS EARLIER THAN USUAL TODAY !,0.725,dialogue,dialogue,False,101,19,106,0,0,338,249,1.0,0.7,0.6,0.4,,1.0,1.0,0.9879518072289156,1.357429718875502,84162,0.0012000665383427,0.4444444444444444,1.9222222222222225,1.0,1.0,0.0,0.8099999999999999,19,1.0,0.1619999999999999,0.9,0.3844444444444445,800,1280,0.6,collected_i-wont-let-my-son-become-the-evil-male-lead_ep2.csv,146
611,2026-09-28T10:12:41.636833,HE'S THERE RIGHT NOW ?,0.7781,dialogue,dialogue,False,22,5,107,0,0,162,61,1.0,1.0,1.0,1.0,,1.0,1.0,0.8888888888888888,2.6557377049180326,9882,0.0022262699858328,1.0,1.525,1.0,1.0,0.0,1.4142857142857144,5,0.5,0.2828571428571428,0.75,0.305,800,1280,0.6,collected_i-wont-let-my-son-become-the-evil-male-lead_ep2.csv,147
612,2026-09-28T10:12:41.637281,"I WANNA GO , BUT I PROMISED NOT TO BOTHER HIM ...",0.8448,dialogue,dialogue,False,49,12,108,0,0,231,133,1.0,0.7,1.0,1.0,,1.0,1.0,0.9714285714285714,1.736842105263158,30723,0.0015948963317384,0.8,2.72,1.0,1.0,0.0,0.696875,12,0.5,0.139375,1.0,0.8,800,1280,0.6,collected_i-wont-let-my-son-become-the-evil-male-lead_ep2.csv,148
613,2026-09-28T10:12:41.637387,I'M SURE HIS HELP I'LL READY LORDSHIP WANTS TO GET,0.6738,,dialogue,False,50,10,108,0,0,526,116,1.0,1.0,1.0,0.7,,1.0,0.2,0.951219512195122,4.5344827586206895,61016,0.0008194571915563,0.7,1.72,0.0,0.0,0.0,0.5135135135135135,10,1.0,0.1027027027027027,1.0,0.344,800,1280,0.6,collected_i-wont-let-my-son-become-the-evil-male-lead_ep2.csv,149
614,2026-09-28T10:12:41.637811,"QUICKL SEE YOU TOO , YOUR GRACE ! YOU SHOULD HURRY THERE ! BEAM GRIN",0.6611,,dialogue,False,68,15,109,0,0,461,438,1.0,0.7,0.4,0.7,,1.0,0.6,0.9444444444444444,1.052511415525114,201918,0.0003367703721312,0.6666666666666666,1.5416666666666667,1.0,0.0,0.0,0.9183673469387756,15,0.6,0.1836734693877551,1.0,0.3083333333333333,800,1280,0.6,collected_i-wont-let-my-son-become-the-evil-male-lead_ep2.csv,150
615,2026-09-28T10:12:41.637879,Y - YOU THINK SO ?,0.8143,dialogue,dialogue,False,18,6,109,0,0,135,60,1.0,1.0,0.6,0.7,,1.0,1.0,0.9166666666666666,2.25,8100,0.0022222222222222,0.75,2.3,1.0,1.0,0.0,1.522222222222222,6,0.5,0.3044444444444444,1.0,0.8,800,1280,0.6,collected_i-wont-let-my-son-become-the-evil-male-lead_ep2.csv,151
616,2026-09-28T10:12:41.637987,CHIRP,0.4822,,background,False,5,1,110,0,0,101,43,1.0,1.0,0.6,0.0,,1.0,0.2,1.0,2.3488372093023258,4343,0.0011512779184895,0.0,0.5,0.0,0.0,0.0,0.3,1,1.0,0.06,0.5,0.1,800,1280,0.6,collected_i-wont-let-my-son-become-the-evil-male-lead_ep2.csv,152
617,2026-09-28T10:12:41.638179,"I GOT TALKED INTO COMING , BUT ...",0.7365,dialogue,dialogue,False,34,8,111,0,0,178,96,1.0,0.7,1.0,0.7,,1.0,1.0,0.9583333333333334,1.8541666666666667,17088,0.0019897003745318,0.5,1.9333333333333331,1.0,1.0,0.0,0.6047619047619047,8,0.5,0.1209523809523809,1.0,0.3866666666666666,800,1280,0.6,collected_i-wont-let-my-son-become-the-evil-male-lead_ep2.csv,153
618,2026-09-28T10:12:41.638372,... IS THIS REALLY GOING TO BE OKAY ?,0.8483,dialogue,dialogue,False,37,9,112,0,0,166,134,1.0,0.7,1.0,1.0,,1.0,1.0,0.9615384615384616,1.2388059701492538,22244,0.0016633698975004,0.8571428571428571,2.371428571428571,1.0,1.0,0.0,0.9521739130434782,9,0.5,0.1904347826086956,1.0,0.8,800,1280,0.6,collected_i-wont-let-my-son-become-the-evil-male-lead_ep2.csv,154
619,2026-09-28T10:12:41.638499,CLICK CLACK,0.5512,,background,False,11,2,113,0,0,202,138,1.0,0.7,1.0,0.7,,1.0,0.2,1.0,1.463768115942029,27876,0.000394604677859,0.5,0.5,0.0,0.0,0.0,0.3,2,0.6,0.06,0.6,0.1,800,1280,0.6,collected_i-wont-let-my-son-become-the-evil-male-lead_ep2.csv,155
620,2026-09-28T10:12:41.638749,WHAT SHOULD I SAY IF WE RUN INTO EACH OTHER ... ?,0.8961,dialogue,dialogue,False,49,12,114,0,0,253,134,1.0,0.7,1.0,1.0,,1.0,1.0,0.9714285714285714,1.888059701492537,33902,0.0014453424576721,0.9,2.24,1.0,1.0,0.0,0.79375,12,1.0,0.15875,1.0,0.8,800,1280,0.6,collected_i-wont-let-my-son-become-the-evil-male-lead_ep2.csv,156
621,2026-09-28T10:12:41.638884,OH !,1.3352,dialogue,dialogue,False,4,2,115,0,0,46,21,0.8,1.0,0.2,1.0,,1.0,2.0,0.6666666666666666,2.1904761904761907,966,0.0041407867494824,1.0,2.5,1.0,1.0,0.0,0.3,2,0.5,0.06,3.0,2.5,800,1280,0.6,collected_i-wont-let-my-son-become-the-evil-male-lead_ep2.csv,157
622,2026-09-28T10:12:41.638942,PAUSE,0.4495,background,background,False,5,1,115,0,0,209,120,1.0,0.7,1.0,0.0,,1.0,0.2,1.0,1.7416666666666667,25080,0.0001993620414673,0.0,0.5,0.0,0.0,0.0,1.0333333333333334,1,0.6,0.2066666666666667,0.5,0.1,800,1280,0.6,collected_i-wont-let-my-son-become-the-evil-male-lead_ep2.csv,158
623,2026-09-28T10:12:41.639001,pa,0.3652,background,background,False,2,1,115,0,0,11,20,1.0,0.3,0.2,0.0,,1.0,0.2,1.0,0.55,220,0.009090909090909,0.0,0.5,0.0,0.0,0.0,0.3,1,0.3,0.06,0.5,0.1,800,1280,0.6,collected_i-wont-let-my-son-become-the-evil-male-lead_ep2.csv,159
624,2026-09-28T10:12:41.639109,GLANCE,0.437,background,background,False,6,1,117,0,0,344,207,1.0,0.7,0.6,0.0,,1.0,0.2,1.0,1.6618357487922706,71208,8.426019548365353e-05,0.0,0.5,0.0,0.0,0.0,1.0,1,0.6,0.2,0.5,0.1,800,1280,0.6,collected_i-wont-let-my-son-become-the-evil-male-lead_ep2.csv,160
625,2026-09-28T10:12:41.639274,CIEL REALLY IS HERE ... !,0.7661,dialogue,dialogue,False,25,6,118,0,0,232,79,1.0,1.0,1.0,0.7,,1.0,1.0,0.9411764705882352,2.9367088607594938,18328,0.0013640331732867,0.75,0.5,1.0,1.0,0.0,1.15,6,1.0,0.23,1.0,0.1,800,1280,0.6,collected_i-wont-let-my-son-become-the-evil-male-lead_ep2.csv,161
626,2026-09-28T10:12:41.639608,"To be continued Sc revolution Story / Art C.night , C.shoes Script assistance C.tin , C.food",0.5607,,background,False,92,16,119,0,0,266,349,1.0,0.3,0.6,0.0352941176470588,,1.0,0.6,0.9722222222222222,0.7621776504297995,92834,0.0009910162225046,0.1176470588235294,1.0,1.0,0.0,0.0,0.6720588235294118,16,1.0,0.1344117647058823,0.9,0.2,800,1166,0.6,collected_i-wont-let-my-son-become-the-evil-male-lead_ep2.csv,162
627,2026-09-28T10:13:13.274009,GLANCE,0.437,background,background,False,6,1,0,0,0,322,191,1.0,0.7,0.6,0.0,,1.0,0.2,1.0,1.6858638743455496,61502,9.755780299827648e-05,0.0,0.5,0.0,0.0,0.0,1.0,1,0.6,0.2,0.5,0.1,800,1280,0.6,collected_i-wont-let-my-son-become-the-evil-male-lead_ep3.csv,0
628,2026-09-28T10:13:13.274851,"HOW'S YOUR INJURY , KARDICIEL ?",0.7064,dialogue,dialogue,False,31,6,2,0,0,176,96,1.0,0.7,1.0,0.7,,1.0,1.0,0.8846153846153846,1.8333333333333333,16896,0.0018347537878787,0.5,0.95,1.0,1.0,0.0,0.5619047619047619,6,0.5,0.1123809523809523,1.0,0.19,800,1280,0.6,collected_i-wont-let-my-son-become-the-evil-male-lead_ep3.csv,2
629,2026-09-28T10:13:13.275103,FIDGET AWKWARD,0.5012,,background,False,14,2,3,0,0,268,86,1.0,1.0,1.0,0.0,,1.0,0.2,1.0,3.116279069767442,23048,0.000607427976397,0.0,0.5,0.0,0.0,0.0,0.3,2,1.0,0.06,0.6,0.1,800,1280,0.6,collected_i-wont-let-my-son-become-the-evil-male-lead_ep3.csv,3
630,2026-09-28T10:13:13.275548,0,0.1525,background,background,False,1,1,4,0,0,7,7,0.0,0.7,0.2,0.0,,0.91,0.2,0.0,1.0,49,0.0204081632653061,0.0,0.5,0.0,0.0,0.09,0.3,1,0.0,0.06,0.5,0.1,800,1280,0.6,collected_i-wont-let-my-son-become-the-evil-male-lead_ep3.csv,4
631,2026-09-28T10:13:13.275739,IT'S FINE . I WASN'T HURT THAT BADLY .,0.7485,dialogue,dialogue,False,38,9,4,0,0,196,96,1.0,1.0,1.0,0.7,,1.0,1.0,0.8666666666666667,2.0416666666666665,18816,0.0020195578231292,0.7142857142857143,1.8,1.0,1.0,0.0,0.6749999999999999,9,0.5,0.1349999999999999,1.0,0.36,800,1280,0.6,collected_i-wont-let-my-son-become-the-evil-male-lead_ep3.csv,5
632,2026-09-28T10:13:13.275848,TURN,0.5892,,background,False,4,1,4,0,0,151,91,1.0,0.7,1.0,1.0,,1.0,0.2,1.0,1.6593406593406594,13741,0.0002910996288479,1.0,0.5,0.0,0.0,0.0,0.3,1,0.6,0.06,0.5,0.1,800,1280,0.6,collected_i-wont-let-my-son-become-the-evil-male-lead_ep3.csv,6
633,2026-09-28T10:13:13.276052,HMPH,0.4672,,dialogue,False,4,1,5,0,0,88,48,1.0,0.7,0.6,0.0,,1.0,0.2,1.0,1.8333333333333333,4224,0.0009469696969696,0.0,0.5,0.0,0.0,0.0,0.3,1,1.0,0.06,0.5,0.1,800,1280,0.6,collected_i-wont-let-my-son-become-the-evil-male-lead_ep3.csv,7
634,2026-09-28T10:13:13.276527,HE PUT MEDICINE ON IT ! WHAT A GOOD BOY . BEAM,0.7349,dialogue,dialogue,False,46,12,7,0,0,456,229,1.0,0.7,0.6,0.7,,1.0,0.6,0.9428571428571428,1.9912663755458515,104424,0.0004405117597487,0.7,2.35,1.0,0.0,0.0,0.4903225806451612,12,0.6,0.0980645161290322,1.0,0.8,800,1280,0.6,collected_i-wont-let-my-son-become-the-evil-male-lead_ep3.csv,8
635,2026-09-28T10:13:13.277598,"THEY SAID HE CAME TO THE GARDENS EARLY , BUT HE HASN'T TOUCHED A SINGLE DESSERT .",0.7917,dialogue,dialogue,False,81,17,8,0,0,280,171,1.0,0.7,1.0,0.7,,1.0,1.0,0.953846153846154,1.6374269005847952,47880,0.0016917293233082,0.6,2.1866666666666665,1.0,1.0,0.0,0.6183333333333334,17,0.5,0.1236666666666666,0.9,0.8,800,1280,0.6,collected_i-wont-let-my-son-become-the-evil-male-lead_ep3.csv,9
636,2026-09-28T10:13:13.278166,"WHOA , HANG ON !",0.7087,dialogue,dialogue,False,16,5,9,0,0,121,58,1.0,1.0,0.6,0.7,,1.0,1.0,0.8333333333333334,2.086206896551724,7018,0.0022798518096323,0.6666666666666666,1.6333333333333335,1.0,1.0,0.0,0.3,5,0.5,0.06,0.75,0.3266666666666667,800,1280,0.6,collected_i-wont-let-my-son-become-the-evil-male-lead_ep3.csv,10
637,2026-09-28T10:13:13.278315,BARBUMP BA - BUMP,0.5567,,background,False,17,4,9,0,0,180,109,1.0,0.7,1.0,0.0,,1.0,0.6,1.0,1.651376146788991,19620,0.0008664627930682,0.0,0.5,1.0,0.0,0.0,0.3,4,1.0,0.06,0.75,0.1,800,1280,0.6,collected_i-wont-let-my-son-become-the-evil-male-lead_ep3.csv,11
638,2026-09-28T10:13:13.278504,"KARDICIEL ,",0.4842,,dialogue,False,11,2,9,0,0,135,23,1.0,0.7,0.6,0.0,,1.0,0.6,0.9,5.869565217391305,3105,0.0035426731078904,0.0,0.5,1.0,0.0,0.0,0.3,2,0.5,0.06,0.6,0.1,800,1280,0.6,collected_i-wont-let-my-son-become-the-evil-male-lead_ep3.csv,12
639,2026-09-28T10:13:13.278894,WERE YOU WAITING FOR ME ?,0.8506,dialogue,dialogue,False,25,6,10,0,0,171,91,1.0,0.7,1.0,1.0,,1.0,1.0,0.95,1.879120879120879,15561,0.0016065805539489,0.8,2.28,1.0,1.0,0.0,1.1176470588235294,6,0.5,0.2235294117647059,1.0,0.8,800,1280,0.6,collected_i-wont-let-my-son-become-the-evil-male-lead_ep3.csv,13
640,2026-09-28T10:13:13.279202,GLARE,0.4913,,background,False,5,1,11,0,0,128,77,1.0,0.7,1.0,0.0,,1.0,0.2,1.0,1.6623376623376624,9856,0.0005073051948051,0.0,0.5,0.0,0.0,0.0,1.1666666666666667,1,1.0,0.2333333333333333,0.5,0.1,800,1280,0.6,collected_i-wont-let-my-son-become-the-evil-male-lead_ep3.csv,14
641,2026-09-28T10:13:13.279384,I'D NEVER DO THAT .,0.7947,dialogue,dialogue,False,19,5,11,0,0,127,60,1.0,1.0,0.6,0.7,,1.0,1.0,0.8666666666666667,2.1166666666666667,7620,0.0024934383202099,0.75,2.25,1.0,1.0,0.0,1.3727272727272728,5,0.5,0.2745454545454545,0.75,0.8,800,1280,0.6,collected_i-wont-let-my-son-become-the-evil-male-lead_ep3.csv,15
642,2026-09-28T10:13:13.279753,I THOUGHT YOU WOULDN'T BE HERE .,0.8664,dialogue,dialogue,False,32,7,12,0,0,200,98,1.0,1.0,1.0,1.0,,1.0,1.0,0.9230769230769232,2.0408163265306123,19600,0.0016326530612244,0.8333333333333334,2.3833333333333333,1.0,1.0,0.0,1.1727272727272728,7,0.5,0.2345454545454545,1.0,0.8,800,1280,0.6,collected_i-wont-let-my-son-become-the-evil-male-lead_ep3.csv,16
643,2026-09-28T10:13:13.280108,I COME TO THE GARDEN OFTEN .,0.8641,dialogue,dialogue,False,28,7,13,0,0,211,99,1.0,1.0,1.0,0.7,,1.0,1.0,0.9545454545454546,2.1313131313131315,20889,0.0013404184020297,0.6666666666666666,2.8333333333333335,1.0,1.0,0.0,0.6473684210526316,7,1.0,0.1294736842105263,1.0,0.8,800,1280,0.6,collected_i-wont-let-my-son-become-the-evil-male-lead_ep3.csv,17
644,2026-09-28T10:13:13.280316,FWIP,0.4392,background,background,False,4,1,14,0,0,134,86,1.0,0.7,1.0,0.0,,1.0,0.2,1.0,1.558139534883721,11524,0.0003471017007983,0.0,0.5,0.0,0.0,0.0,0.3,1,0.6,0.06,0.5,0.1,800,1280,0.6,collected_i-wont-let-my-son-become-the-evil-male-lead_ep3.csv,18
645,2026-09-28T10:13:13.281179,I DON'T HAVE TO GIVE UP MY SPECIAL SPOT JUST BECAUSE SOMEONE ELSE IS HERE .,0.7743,dialogue,dialogue,False,75,16,15,0,0,238,211,1.0,0.7,1.0,0.7,,1.0,1.0,0.9666666666666668,1.127962085308057,50218,0.0014934883906169,0.7333333333333333,1.7266666666666666,1.0,1.0,0.0,0.6821428571428572,16,1.0,0.1364285714285714,0.9,0.3453333333333333,800,1280,0.6,collected_i-wont-let-my-son-become-the-evil-male-lead_ep3.csv,19
646,2026-09-28T10:13:13.281308,THEN CAN I SIT WITH YOU ?,0.8525,dialogue,dialogue,False,25,7,15,0,0,134,96,1.0,0.7,1.0,1.0,,1.0,1.0,0.9473684210526316,1.3958333333333333,12864,0.001943407960199,1.0,2.85,1.0,1.0,0.0,1.25,7,0.5,0.25,1.0,0.8,800,1280,0.6,collected_i-wont-let-my-son-become-the-evil-male-lead_ep3.csv,20
647,2026-09-28T10:13:13.281551,SMILE,0.5892,,background,False,5,1,16,0,0,141,109,1.0,0.7,1.0,1.0,,1.0,0.2,1.0,1.2935779816513762,15369,0.0003253302101633,1.0,0.5,0.0,0.0,0.0,0.3,1,0.6,0.06,0.5,0.1,800,1280,0.6,collected_i-wont-let-my-son-become-the-evil-male-lead_ep3.csv,21
648,2026-09-28T10:13:13.281686,ANNOYED NO .,0.7102,dialogue,dialogue,False,12,3,16,0,0,307,171,1.0,0.7,1.0,0.7,,1.0,1.0,0.9,1.7953216374269003,52497,0.0002285844905423,0.5,1.45,1.0,1.0,0.0,0.3,3,0.6,0.06,0.75,0.29,800,1280,0.6,collected_i-wont-let-my-son-become-the-evil-male-lead_ep3.csv,22
649,2026-09-28T10:13:13.282177,"HE STILL HAS HIS GUARD UP ,",0.7715,dialogue,dialogue,False,27,7,17,0,0,192,97,1.0,0.7,1.0,1.0,,1.0,0.6,0.9523809523809524,1.9793814432989691,18624,0.0014497422680412,0.8333333333333334,1.9333333333333331,1.0,0.0,0.0,0.6055555555555556,7,1.0,0.1211111111111111,1.0,0.3866666666666666,800,1280,0.6,collected_i-wont-let-my-son-become-the-evil-male-lead_ep3.csv,23
650,2026-09-28T10:13:13.282335,BUT AT LEAST HE ISN'T TELLING ME TO LEAVE .,0.7991,dialogue,dialogue,False,43,10,17,0,0,197,133,1.0,0.7,1.0,0.7,,1.0,1.0,0.9411764705882352,1.481203007518797,26201,0.0016411587343994,0.7777777777777778,2.2666666666666666,1.0,1.0,0.0,0.65,10,0.5,0.13,1.0,0.8,800,1280,0.6,collected_i-wont-let-my-son-become-the-evil-male-lead_ep3.csv,24
651,2026-09-28T10:13:13.282795,THEN COULD I STAND OFF TO THE SIDE AND WATCH OVER YOU ?,0.8478,dialogue,dialogue,False,55,13,18,0,0,256,135,1.0,0.7,1.0,1.0,,1.0,1.0,0.9767441860465116,1.8962962962962964,34560,0.0015914351851851,0.9166666666666666,2.566666666666667,1.0,1.0,0.0,0.915,13,0.5,0.183,1.0,0.8,800,1280,0.6,collected_i-wont-let-my-son-become-the-evil-male-lead_ep3.csv,25
652,2026-09-28T10:13:13.282969,BLUSH,0.4272,background,background,False,5,1,19,0,0,417,259,1.0,0.7,0.6,0.0,,1.0,0.2,1.0,1.61003861003861,108003,4.62950103237873e-05,0.0,0.5,0.0,0.0,0.0,0.3,1,0.6,0.06,0.5,0.1,800,1280,0.6,collected_i-wont-let-my-son-become-the-evil-male-lead_ep3.csv,26
653,2026-09-28T10:13:13.283204,POKE,0.4672,,background,False,4,1,20,0,0,74,45,1.0,0.7,0.6,0.0,,1.0,0.2,1.0,1.6444444444444444,3330,0.0012012012012012,0.0,0.5,0.0,0.0,0.0,0.3,1,1.0,0.06,0.5,0.1,800,1280,0.6,collected_i-wont-let-my-son-become-the-evil-male-lead_ep3.csv,27
654,2026-09-28T10:13:13.283322,THAT'S FINE ...,0.7179,dialogue,dialogue,False,15,3,20,0,0,91,60,1.0,0.7,0.6,1.0,,1.0,1.0,0.9,1.5166666666666666,5460,0.0027472527472527,1.0,0.5,1.0,1.0,0.0,1.2428571428571429,3,0.5,0.2485714285714285,0.75,0.1,800,1280,0.6,collected_i-wont-let-my-son-become-the-evil-male-lead_ep3.csv,28
655,2026-09-28T10:13:13.283577,OH ! THANK YOU !,0.8031,dialogue,dialogue,False,16,5,21,0,0,138,60,1.0,1.0,1.0,0.7,,1.0,1.0,0.8333333333333334,2.3,8280,0.0019323671497584,0.6666666666666666,2.2666666666666666,1.0,1.0,0.0,1.1125,5,0.5,0.2225,0.75,0.8,800,1280,0.6,collected_i-wont-let-my-son-become-the-evil-male-lead_ep3.csv,29
656,2026-09-28T10:13:13.283671,FAM,0.4542,,background,False,3,1,21,0,0,280,133,1.0,1.0,1.0,0.0,,1.0,0.2,1.0,2.1052631578947367,37240,8.055853920515574e-05,0.0,0.5,0.0,0.0,0.0,0.3,1,0.6,0.06,0.5,0.1,800,1280,0.6,collected_i-wont-let-my-son-become-the-evil-male-lead_ep3.csv,30
657,2026-09-28T10:13:13.283997,I'LL MAKE SURE NOT TO BOTHER YOU .,0.8488,dialogue,dialogue,False,34,8,22,0,0,179,100,1.0,0.7,1.0,1.0,,1.0,1.0,0.925925925925926,1.79,17900,0.0018994413407821,0.8571428571428571,2.557142857142857,1.0,1.0,0.0,0.982608695652174,8,0.5,0.1965217391304348,1.0,0.8,800,1280,0.6,collected_i-wont-let-my-son-become-the-evil-male-lead_ep3.csv,31
658,2026-09-28T10:13:13.284286,HE'S FINALLY EATING .,0.6336,,dialogue,False,21,4,23,0,0,107,96,1.0,0.7,1.0,0.4,,1.0,1.0,0.8888888888888888,1.1145833333333333,10272,0.0020443925233644,0.3333333333333333,0.5,1.0,1.0,0.0,0.7928571428571428,4,0.5,0.1585714285714285,0.75,0.1,800,1280,0.6,collected_i-wont-let-my-son-become-the-evil-male-lead_ep3.csv,32
659,2026-09-28T10:13:13.284888,NOM,0.4052,background,background,False,3,1,24,0,0,35,21,1.0,0.7,0.2,0.0,,1.0,0.2,1.0,1.6666666666666667,735,0.0040816326530612,0.0,0.5,0.0,0.0,0.0,0.3,1,0.5,0.06,0.5,0.1,800,1280,0.6,collected_i-wont-let-my-son-become-the-evil-male-lead_ep3.csv,35
660,2026-09-28T10:13:13.285046,KIDS REALLY CAN'T HIDE HOW THEY FEEL .,0.7656,dialogue,dialogue,False,38,8,24,0,0,213,133,1.0,0.7,1.0,0.7,,1.0,1.0,0.935483870967742,1.6015037593984962,28329,0.0013413816230717,0.7142857142857143,1.1285714285714286,1.0,1.0,0.0,0.8407407407407407,8,1.0,0.1681481481481481,1.0,0.2257142857142857,800,1280,0.6,collected_i-wont-let-my-son-become-the-evil-male-lead_ep3.csv,36
661,2026-09-28T10:13:13.285399,Be,0.7242,dialogue,background,False,2,1,25,0,0,171,132,1.0,0.7,1.0,1.0,,1.0,0.2,1.0,1.2954545454545454,22572,8.86053517632465e-05,1.0,4.8,0.0,0.0,0.0,0.3,1,0.6,0.06,0.5,1.0,800,1280,0.6,collected_i-wont-let-my-son-become-the-evil-male-lead_ep3.csv,37
662,2026-09-28T10:13:13.285593,"EEEK , KARDICIEL , YOU'RE EVEN MORE ADORABLE THAN USUAL TODAY !!!",0.6967,,dialogue,False,65,12,25,0,0,378,198,1.0,0.7,0.6,0.4,,1.0,1.0,0.9215686274509804,1.9090909090909092,74844,0.0008684730906953,0.4444444444444444,0.8444444444444444,1.0,1.0,0.0,0.6,12,1.0,0.12,1.0,0.1688888888888889,800,1280,0.6,collected_i-wont-let-my-son-become-the-evil-male-lead_ep3.csv,38
663,2026-09-28T10:13:13.285762,SQUEAL,0.4272,background,background,False,6,1,26,0,0,367,276,1.0,0.7,0.6,0.0,,1.0,0.2,1.0,1.329710144927536,101292,5.923468783319512e-05,0.0,0.5,0.0,0.0,0.0,0.3,1,0.6,0.06,0.5,0.1,800,1280,0.6,collected_i-wont-let-my-son-become-the-evil-male-lead_ep3.csv,39
664,2026-09-28T10:13:13.286683,13,0.1825,background,background,False,2,1,27,0,0,19,27,0.0,0.3,0.2,0.0,,0.91,0.2,0.0,0.7037037037037037,513,0.0038986354775828,0.0,0.5,0.0,0.0,0.09,0.3,1,0.5,0.06,0.5,0.1,800,1280,0.6,collected_i-wont-let-my-son-become-the-evil-male-lead_ep3.csv,42
665,2026-09-28T10:13:13.286913,ONE WEEK LATER,0.5472,,dialogue,False,14,3,28,0,0,138,57,1.0,1.0,0.6,0.4,,1.0,0.2,1.0,2.4210526315789473,7866,0.0017798118484617,0.3333333333333333,1.3333333333333333,0.0,0.0,0.0,1.19,3,0.5,0.238,0.75,0.2666666666666666,800,1280,0.6,collected_i-wont-let-my-son-become-the-evil-male-lead_ep3.csv,43
666,2026-09-28T10:13:13.287680,SIGH,0.6172,,background,False,4,1,29,0,0,78,43,1.0,0.7,0.6,1.0,,1.0,0.2,1.0,1.813953488372093,3354,0.0011926058437686,1.0,0.5,0.0,0.0,0.0,0.3,1,1.0,0.06,0.5,0.1,800,1280,0.6,collected_i-wont-let-my-son-become-the-evil-male-lead_ep3.csv,44
667,2026-09-28T10:13:13.287767,I,0.6902,,dialogue,False,1,1,29,0,0,21,20,1.0,0.7,0.2,1.0,,1.0,0.2,1.0,1.05,420,0.0023809523809523,1.0,4.2,0.0,0.0,0.0,0.3,1,0.5,0.06,0.5,1.0,800,1280,0.6,collected_i-wont-let-my-son-become-the-evil-male-lead_ep3.csv,45
668,2026-09-28T10:13:13.287878,PLANS TEN TP P,0.4321,background,background,False,14,4,29,0,0,94,95,1.0,0.3,1.0,0.0,,1.0,0.2,1.0,0.9894736842105264,8930,0.0015677491601343,0.0,0.5,0.0,0.0,0.0,0.6888888888888888,4,0.5,0.1377777777777777,0.75,0.1,800,1280,0.6,collected_i-wont-let-my-son-become-the-evil-male-lead_ep3.csv,46
669,2026-09-28T10:13:13.288123,"I DIDN'T THINK SERIEL HAD AN ACTIVE SOCIAL LIFE , BUT THE INVITATIONS JUST KEEP COMING .",0.7235,dialogue,dialogue,False,88,17,29,0,0,318,172,1.0,0.7,1.0,0.7,,1.0,1.0,0.9583333333333334,1.8488372093023255,54696,0.001608892789235,0.6666666666666666,1.66,1.0,1.0,0.0,0.7626865671641792,17,0.5,0.1525373134328358,0.9,0.3319999999999999,800,1280,0.6,collected_i-wont-let-my-son-become-the-evil-male-lead_ep3.csv,47
670,2026-09-28T10:13:13.288874,THERE'S NO REASON TO BOTHER GOING TO ANY OF THESE .,0.7453,dialogue,dialogue,False,51,11,30,0,0,188,171,1.0,0.7,1.0,0.7,,1.0,1.0,0.951219512195122,1.0994152046783623,32148,0.0015864128406121,0.7,1.94,1.0,1.0,0.0,1.2216216216216218,11,0.5,0.2443243243243243,1.0,0.388,800,1280,0.6,collected_i-wont-let-my-son-become-the-evil-male-lead_ep3.csv,48
671,2026-09-28T10:13:13.288996,COPYING AND PASTING POLITE REJECTIONS .,0.6462,,dialogue,False,39,6,30,0,0,209,98,1.0,1.0,1.0,0.06,,1.0,1.0,0.9705882352941176,2.13265306122449,20482,0.0019041109266673,0.2,1.3,1.0,1.0,0.0,1.2967741935483872,6,0.5,0.2593548387096774,1.0,0.26,800,1280,0.6,collected_i-wont-let-my-son-become-the-evil-male-lead_ep3.csv,49
672,2026-09-28T10:13:13.289094,SWOOSH WHOOSH SCRIBBLE,0.5197,,background,False,22,3,30,0,0,555,237,1.0,1.0,0.6,0.4,,1.0,0.2,1.0,2.3417721518987342,131535,0.0001672558634583,0.3333333333333333,0.5,0.0,0.0,0.0,0.3,3,0.6,0.06,0.75,0.1,800,1280,0.6,collected_i-wont-let-my-son-become-the-evil-male-lead_ep3.csv,50
673,2026-09-28T10:13:13.289188,RUSTLE,0.4792,,background,False,6,1,30,0,0,126,66,1.0,0.7,1.0,0.0,,1.0,0.2,1.0,1.9090909090909092,8316,0.0007215007215007,0.0,0.5,0.0,0.0,0.0,0.3,1,1.0,0.06,0.5,0.1,800,1280,0.6,collected_i-wont-let-my-son-become-the-evil-male-lead_ep3.csv,51
674,2026-09-28T10:13:13.289273,RUSTLE,0.4672,,background,False,6,1,30,0,0,96,52,1.0,0.7,0.6,0.0,,1.0,0.2,1.0,1.8461538461538465,4992,0.001201923076923,0.0,0.5,0.0,0.0,0.0,0.3,1,1.0,0.06,0.5,0.1,800,1280,0.6,collected_i-wont-let-my-son-become-the-evil-male-lead_ep3.csv,52
675,2026-09-28T10:13:13.289861,I DON'T HAVE THE TIME TO GO . I'M WAY TOO BUSY LOOKING AT HOW CUTE KARDICIEL IS .,0.7911,dialogue,dialogue,False,81,19,31,0,0,246,208,1.0,0.7,1.0,0.7,,1.0,1.0,0.9365079365079364,1.1826923076923077,51168,0.0015830206378986,0.7647058823529411,2.0470588235294116,1.0,1.0,0.0,0.5771929824561404,19,0.5,0.115438596491228,0.9,0.8,800,1280,0.6,collected_i-wont-let-my-son-become-the-evil-male-lead_ep3.csv,53
676,2026-09-28T10:13:13.290453,"I JUST NEED TO WRITE ONE MORE REPLY , AND I'LL FINALLY BE DONE .",0.8003,dialogue,dialogue,False,64,15,32,0,0,235,172,1.0,0.7,1.0,0.7,,1.0,1.0,0.94,1.3662790697674418,40420,0.001583374567046,0.6923076923076923,2.0846153846153848,1.0,1.0,0.0,0.7355555555555556,15,0.5,0.1471111111111111,1.0,0.8,800,1280,0.6,collected_i-wont-let-my-son-become-the-evil-male-lead_ep3.csv,54
677,2026-09-28T10:13:13.290539,STRETCH,0.4822,,background,False,7,1,32,0,0,108,52,1.0,1.0,0.6,0.0,,1.0,0.2,1.0,2.076923076923077,5616,0.0012464387464387,0.0,0.5,0.0,0.0,0.0,0.3,1,1.0,0.06,0.5,0.1,800,1280,0.6,collected_i-wont-let-my-son-become-the-evil-male-lead_ep3.csv,55
678,2026-09-28T10:13:13.290661,"YOU'VE BEEN WORKING HARD , YOUR",0.6631,,dialogue,False,31,6,32,0,0,197,96,1.0,1.0,1.0,0.7,,1.0,0.6,0.9230769230769232,2.0520833333333335,18912,0.0016391708967851,0.6,0.86,1.0,0.0,0.0,0.8772727272727273,6,0.5,0.1754545454545454,1.0,0.172,800,1280,0.6,collected_i-wont-let-my-son-become-the-evil-male-lead_ep3.csv,56
679,2026-09-28T10:13:13.290958,GRACE .,0.5472,,dialogue,False,7,2,33,0,0,94,23,1.0,1.0,0.2,0.0,,1.0,1.0,0.8333333333333334,4.086956521739131,2162,0.0032377428307123,0.0,0.5,1.0,1.0,0.0,0.3,2,0.5,0.06,0.6,0.1,800,1280,0.6,collected_i-wont-let-my-son-become-the-evil-male-lead_ep3.csv,57
680,2026-09-28T10:13:13.291098,"COULD I ASK YOU SOMETHING , YOUR GRACE ?",0.8553,dialogue,dialogue,False,40,9,33,0,0,245,134,1.0,0.7,1.0,0.7,,1.0,1.0,0.9375,1.828358208955224,32830,0.0012183978068839,0.5714285714285714,2.0142857142857142,1.0,1.0,0.0,1.0964285714285713,9,1.0,0.2192857142857142,1.0,0.8,800,1280,0.6,collected_i-wont-let-my-son-become-the-evil-male-lead_ep3.csv,58
681,2026-09-28T10:13:13.291290,GO AHEAD .,0.6812,,dialogue,False,10,3,34,0,0,145,23,1.0,0.5,0.6,0.7,,1.0,1.0,0.875,6.304347826086956,3335,0.0029985007496251,0.5,1.55,1.0,1.0,0.0,0.3,3,0.5,0.06,0.75,0.31,800,1280,0.6,collected_i-wont-let-my-son-become-the-evil-male-lead_ep3.csv,59
682,2026-09-28T10:13:13.291635,UM !,0.8722,dialogue,dialogue,False,4,2,35,0,0,76,40,0.8,0.7,0.2,1.0,,1.0,2.0,0.6666666666666666,1.9,3040,0.0013157894736842,1.0,1.5,1.0,1.0,0.0,0.3,2,1.0,0.06,0.6,0.3,800,1280,0.6,collected_i-wont-let-my-son-become-the-evil-male-lead_ep3.csv,60
683,2026-09-28T10:13:13.291803,"YOU'VE BEEN GETTING CLOSER TO LORD KARDICIEL RECENTLY , HAVEN'T YOU ?",0.7664,dialogue,dialogue,False,69,12,35,0,0,275,175,1.0,0.7,1.0,0.7,,1.0,1.0,0.9310344827586208,1.5714285714285714,48125,0.0014337662337662,0.5,1.25,1.0,1.0,0.0,0.6346153846153846,12,1.0,0.1269230769230769,1.0,0.25,800,1280,0.6,collected_i-wont-let-my-son-become-the-evil-male-lead_ep3.csv,61
684,2026-09-28T10:13:13.293192,I BELIEVE SO . WHY DO YOU ASK ?,0.8433,dialogue,dialogue,False,31,9,36,0,0,163,99,1.0,0.7,1.0,1.0,,1.0,1.0,0.9130434782608696,1.6464646464646464,16137,0.0019210510008056,0.8571428571428571,2.2857142857142856,1.0,1.0,0.0,0.5894736842105263,9,0.5,0.1178947368421052,1.0,0.8,800,1280,0.6,collected_i-wont-let-my-son-become-the-evil-male-lead_ep3.csv,62
685,2026-09-28T10:13:13.293297,"WELL , YOUR DIARY ...",0.7286,dialogue,dialogue,False,21,5,36,0,0,156,62,1.0,1.0,1.0,0.7,,1.0,1.0,0.9285714285714286,2.5161290322580645,9672,0.0021712158808933,0.6666666666666666,1.5666666666666664,1.0,1.0,0.0,1.009090909090909,5,0.5,0.2018181818181818,0.75,0.3133333333333333,800,1280,0.6,collected_i-wont-let-my-son-become-the-evil-male-lead_ep3.csv,63
686,2026-09-28T10:13:13.293660,FIDGET,0.4822,,background,False,6,1,37,0,0,109,53,1.0,1.0,0.6,0.0,,1.0,0.2,1.0,2.056603773584906,5777,0.0010386013501817,0.0,0.5,0.0,0.0,0.0,0.3,1,1.0,0.06,0.5,0.1,800,1280,0.6,collected_i-wont-let-my-son-become-the-evil-male-lead_ep3.csv,64
687,2026-09-28T10:13:13.293843,SQUIRM IT JUST SEEMS AS THOUGH YOU DON'T LIKE HIS LORDSHIP VERY MUCH ...,0.7852,dialogue,dialogue,False,72,14,37,0,0,492,231,1.0,1.0,0.6,0.7,,1.0,1.0,0.9821428571428572,2.1298701298701297,113652,0.0006335128286347,0.6923076923076923,1.8153846153846152,1.0,1.0,0.0,0.5547169811320755,14,1.0,0.1109433962264151,1.0,0.363076923076923,800,1280,0.6,collected_i-wont-let-my-son-become-the-evil-male-lead_ep3.csv,65
688,2026-09-28T10:13:13.294086,THAT CAN'T BE RIGHT !,0.8491,dialogue,dialogue,False,21,5,38,0,0,150,61,1.0,1.0,1.0,1.0,,1.0,1.0,0.8823529411764706,2.459016393442623,9150,0.0022950819672131,1.0,2.525,1.0,1.0,0.0,1.1846153846153846,5,0.5,0.2369230769230769,0.75,0.8,800,1280,0.6,collected_i-wont-let-my-son-become-the-evil-male-lead_ep3.csv,66
689,2026-09-28T10:13:13.294172,HUN ?,0.7162,dialogue,dialogue,False,5,2,38,0,0,143,93,1.0,0.7,1.0,0.0,,1.0,2.0,0.75,1.5376344086021505,13299,0.0003759681179036,0.0,0.5,1.0,1.0,0.0,0.3,2,0.6,0.06,0.6,0.1,800,1280,0.6,collected_i-wont-let-my-son-become-the-evil-male-lead_ep3.csv,67
690,2026-09-28T10:13:13.295046,your It lovely seems I'm a gracious honored like o invitation it occasion will by be . .,0.7517,dialogue,dialogue,False,88,18,39,0,0,73,153,1.0,0.3,1.0,0.7,,1.0,1.0,0.9577464788732394,0.477124183006536,11169,0.0078789506670248,0.5625,2.05625,1.0,1.0,0.0,0.6227272727272728,18,0.3,0.1245454545454545,0.9,0.8,800,1280,0.6,collected_i-wont-let-my-son-become-the-evil-male-lead_ep3.csv,68
691,2026-09-28T10:13:13.295178,I ONLY WROTE DOWN KARDICIEL'S CUTEST MOMENTS !,0.722,dialogue,dialogue,False,46,8,39,0,0,264,135,1.0,0.7,1.0,0.4,,1.0,1.0,0.9487179487179488,1.9555555555555555,35640,0.0012906846240179,0.4285714285714285,1.2571428571428571,1.0,1.0,0.0,0.6599999999999999,8,1.0,0.1319999999999999,1.0,0.2514285714285714,800,1280,0.6,collected_i-wont-let-my-son-become-the-evil-male-lead_ep3.csv,69
692,2026-09-28T10:13:13.295750,"! ANYWAY I'VE REPLIED TO THE MOST IMPORTANT ONES , SO PLEASE DELIVER THEM .",0.7697,dialogue,dialogue,False,75,15,40,0,0,373,292,1.0,0.7,0.6,0.7,,1.0,1.0,0.95,1.2773972602739727,108916,0.0006886040618458,0.5833333333333334,1.6833333333333331,1.0,1.0,0.0,0.7981818181818181,15,1.0,0.1596363636363636,1.0,0.3366666666666666,800,1280,0.6,collected_i-wont-let-my-son-become-the-evil-male-lead_ep3.csv,70
693,2026-09-28T10:13:13.295849,"YES , YOUR GRACE .",0.7294,dialogue,dialogue,False,18,5,40,0,0,142,60,1.0,1.0,1.0,0.7,,1.0,1.0,0.8571428571428571,2.3666666666666667,8520,0.002112676056338,0.6666666666666666,1.6666666666666667,1.0,1.0,0.0,0.85,5,0.5,0.1699999999999999,0.75,0.3333333333333333,800,1280,0.6,collected_i-wont-let-my-son-become-the-evil-male-lead_ep3.csv,71
694,2026-09-28T10:13:13.296132,WHAT SHOULD I WRITE IN MY DIARY TODAY ?,0.8483,dialogue,dialogue,False,39,9,41,0,0,216,133,1.0,0.7,1.0,0.7,,1.0,1.0,0.967741935483871,1.6240601503759398,28728,0.0013575605680868,0.75,2.075,1.0,1.0,0.0,0.5928571428571429,9,1.0,0.1185714285714285,1.0,0.8,800,1280,0.6,collected_i-wont-let-my-son-become-the-evil-male-lead_ep3.csv,72
695,2026-09-28T10:13:13.296321,GRIN &,0.7121,dialogue,background,False,6,2,42,0,0,193,136,1.0,0.7,1.0,1.0,,1.0,0.2,1.0,1.4191176470588236,26248,0.0002285888448643,1.0,2.5,0.0,0.0,0.0,1.08,2,0.6,0.216,0.6,0.8,800,1280,0.6,collected_i-wont-let-my-son-become-the-evil-male-lead_ep3.csv,73
696,2026-09-28T10:13:13.296399,WAY,0.6342,,dialogue,False,3,1,42,0,0,439,204,1.0,1.0,0.6,1.0,,1.0,0.2,1.0,2.1519607843137254,89556,3.349859305909152e-05,1.0,1.9,0.0,0.0,0.0,0.3,1,0.6,0.06,0.5,0.38,800,1280,0.6,collected_i-wont-let-my-son-become-the-evil-male-lead_ep3.csv,74
697,2026-09-28T10:13:13.297505,"HMM , I REALLY ONLY WROTE DOWN KARDICIEL'S CUTEST MOMENTS . I WONDER WHY DAISY SAID THAT .",0.7644,dialogue,dialogue,False,90,18,43,0,0,289,212,1.0,0.7,1.0,0.7,,1.0,1.0,0.9452054794520548,1.3632075471698113,61268,0.001468956061892,0.5333333333333333,1.413333333333333,1.0,1.0,0.0,0.6432835820895523,18,1.0,0.1286567164179104,0.9,0.2826666666666667,800,1280,0.6,collected_i-wont-let-my-son-become-the-evil-male-lead_ep3.csv,75
698,2026-09-28T10:13:13.297574,0,0.1825,background,background,False,1,1,43,0,0,12,11,0.0,0.7,0.2,0.0,,0.91,0.2,0.0,1.0909090909090908,132,0.0075757575757575,0.0,0.5,0.0,0.0,0.09,0.3,1,0.3,0.06,0.5,0.1,800,1280,0.6,collected_i-wont-let-my-son-become-the-evil-male-lead_ep3.csv,76
699,2026-09-28T10:13:13.297738,"I When closer to at stand scowls to . try , he adorable Kardiciel me . It's",0.7782,dialogue,dialogue,False,75,17,43,0,0,292,196,1.0,0.7,1.0,0.7,,1.0,0.6,0.9322033898305084,1.489795918367347,57232,0.0013104556891249,0.7142857142857143,2.2357142857142858,1.0,0.0,0.0,0.3735849056603774,17,1.0,0.0747169811320754,0.9,0.8,800,1280,0.6,collected_i-wont-let-my-son-become-the-evil-male-lead_ep3.csv,77
700,2026-09-28T10:13:13.298723,"to Kardiciel When adorable I he try ignores to talk me . , That's too .",0.8549,dialogue,dialogue,False,71,16,44,0,0,369,139,1.0,1.0,1.0,0.7,,1.0,1.0,0.9285714285714286,2.6546762589928057,51291,0.001384258446901,0.7692307692307693,2.0,1.0,1.0,0.0,0.4919999999999999,16,1.0,0.0983999999999999,0.9,0.8,800,1280,0.6,collected_i-wont-let-my-son-become-the-evil-male-lead_ep3.csv,78
701,2026-09-28T10:13:13.298879,"I greeted in the him once he actually gardens , and nodded So cute in reply !!! !",0.8293,dialogue,dialogue,False,81,18,44,0,0,320,207,1.0,0.7,0.6,0.7,,1.0,1.0,0.9516129032258064,1.5458937198067633,66240,0.0012228260869565,0.5333333333333333,2.3333333333333335,1.0,1.0,0.0,0.5894736842105264,18,1.0,0.1178947368421052,0.9,0.8,800,1280,0.6,collected_i-wont-let-my-son-become-the-evil-male-lead_ep3.csv,79
702,2026-09-28T10:13:13.299877,"He refused but all the the other gifts , that really servants claim the bear one . He he of even my replied likes . to letters He's honestly so adorable !",0.8251,dialogue,dialogue,False,154,32,45,0,0,327,315,1.0,0.7,0.6,0.7,,1.0,1.0,0.959349593495935,1.0380952380952382,103005,0.001495073054706,0.6071428571428571,2.3428571428571425,1.0,1.0,0.0,0.7922413793103449,32,1.0,0.1584482758620689,0.8,0.8,800,1280,0.6,collected_i-wont-let-my-son-become-the-evil-male-lead_ep3.csv,80
703,2026-09-28T10:13:13.300211,GOODNESS . HER GRACE IS PRACTICALLY OBSESSED WITH HIS LORDSHIP .,0.68,,dialogue,False,64,11,47,0,0,205,171,1.0,0.7,1.0,0.4,,1.0,1.0,0.9629629629629628,1.1988304093567252,35055,0.0018257024675509,0.4444444444444444,1.511111111111111,1.0,1.0,0.0,0.6940000000000001,11,0.5,0.1388,1.0,0.3022222222222222,800,1280,0.6,collected_i-wont-let-my-son-become-the-evil-male-lead_ep3.csv,81
704,2026-09-28T10:13:13.300288,BEAM GRIN,0.5662,,background,False,9,2,47,0,0,211,104,1.0,1.0,1.0,0.7,,1.0,0.2,1.0,2.0288461538461537,21944,0.0004101348888078,0.5,0.5,0.0,0.0,0.0,0.3,2,0.6,0.06,0.6,0.1,800,1280,0.6,collected_i-wont-let-my-son-become-the-evil-male-lead_ep3.csv,82
705,2026-09-28T10:13:13.300752,"IF THEY'RE ALL CUTE AND NICE THINGS , WHY DON'T YOU SHOW IT TO HIS LORDSHIP ?",0.8468,dialogue,dialogue,False,77,17,48,0,0,326,173,1.0,0.7,1.0,0.7,,1.0,1.0,0.9344262295081968,1.884393063583815,56398,0.0013652966417248,0.7333333333333333,2.02,1.0,1.0,0.0,0.989090909090909,17,1.0,0.1978181818181818,0.9,0.8,800,1280,0.6,collected_i-wont-let-my-son-become-the-evil-male-lead_ep3.csv,83
706,2026-09-28T10:13:13.300818,5,0.2165,background,background,False,1,1,48,0,0,92,100,0.0,0.3,1.0,0.0,,0.91,0.2,0.0,0.92,9200,0.0001086956521739,0.0,0.5,0.0,0.0,0.09,0.3,1,0.6,0.06,0.5,0.1,800,1280,0.6,collected_i-wont-let-my-son-become-the-evil-male-lead_ep3.csv,84
707,2026-09-28T10:13:13.301006,SHE'LL PROBABLY SAY NO ...,0.7762,dialogue,dialogue,False,26,5,49,0,0,190,95,1.0,1.0,1.0,0.7,,1.0,1.0,0.9473684210526316,2.0,18050,0.0014404432132963,0.5,1.6749999999999998,1.0,1.0,0.0,0.60625,5,1.0,0.12125,0.75,0.3349999999999999,800,1280,0.6,collected_i-wont-let-my-son-become-the-evil-male-lead_ep3.csv,85
708,2026-09-28T10:13:13.301164,PAUSE,0.4495,background,background,False,5,1,50,0,0,157,129,1.0,0.7,1.0,0.0,,1.0,0.2,1.0,1.2170542635658914,20253,0.0002468770058756,0.0,0.5,0.0,0.0,0.0,1.0333333333333334,1,0.6,0.2066666666666667,0.5,0.1,800,1280,0.6,collected_i-wont-let-my-son-become-the-evil-male-lead_ep3.csv,86
709,2026-09-28T10:13:13.301243,T - TO ...,0.7327,dialogue,dialogue,False,10,4,50,0,0,92,19,1.0,1.0,0.2,0.7,,0.5,1.0,1.0,4.842105263157895,1748,0.005720823798627,0.5,2.6,1.0,1.0,0.5,0.3,4,0.3,0.06,0.75,0.8,800,1280,0.6,collected_i-wont-let-my-son-become-the-evil-male-lead_ep3.csv,87
710,2026-09-28T10:13:13.301631,... KARDICIEL ? SH - SHOULD I ?!,0.734,dialogue,dialogue,False,32,8,51,0,0,199,60,1.0,1.0,1.0,0.7,,1.0,1.0,0.8571428571428571,3.316666666666667,11940,0.002680067001675,0.5,1.425,1.0,1.0,0.0,0.44375,8,0.5,0.08875,1.0,0.285,800,1280,0.6,collected_i-wont-let-my-son-become-the-evil-male-lead_ep3.csv,88
711,2026-09-28T10:13:13.301749,DO YOU THINK THAT WOULD HELP US GROW CLOSER ?,0.8976,dialogue,dialogue,False,45,10,51,0,0,253,135,1.0,0.7,1.0,1.0,,1.0,1.0,0.9722222222222222,1.874074074074074,34155,0.0013175230566534,0.8888888888888888,2.2555555555555555,1.0,1.0,0.0,0.9030303030303032,10,1.0,0.1806060606060606,1.0,0.8,800,1280,0.6,collected_i-wont-let-my-son-become-the-evil-male-lead_ep3.csv,89
712,2026-09-28T10:13:13.302419,OH MY ! SHE'LL MOST CERTAINLY SHOW IT TO GAS HIM !,0.748,dialogue,dialogue,False,50,12,53,0,0,479,213,1.0,1.0,0.6,0.7,,1.0,1.0,0.9230769230769232,2.248826291079812,102027,0.0004900663549844,0.7,1.93,1.0,1.0,0.0,0.5088235294117647,12,0.6,0.1017647058823529,1.0,0.386,800,1280,0.6,collected_i-wont-let-my-son-become-the-evil-male-lead_ep3.csv,90
713,2026-09-28T10:13:13.302552,I - I'M NOT SURE ! I - I ONLY THOUGHT IT MIGHT MAKE FOR A,0.8308,dialogue,dialogue,False,57,16,53,0,0,403,195,1.0,1.0,0.6,1.0,,1.0,0.6,0.95,2.066666666666667,78585,0.0007253292613094,0.9230769230769232,2.8615384615384616,1.0,0.0,0.0,0.7027777777777778,16,1.0,0.1405555555555555,0.9,0.8,800,1280,0.6,collected_i-wont-let-my-son-become-the-evil-male-lead_ep3.csv,91
714,2026-09-28T10:13:13.303015,GOOD OPPORTUNITY TO HAVE A REAL CONVERSATION WTIH HIM .,0.866,dialogue,dialogue,False,55,10,54,0,0,276,136,1.0,1.0,1.0,0.7,,1.0,1.0,0.9782608695652174,2.0294117647058822,37536,0.0014652600170502,0.5555555555555556,2.2333333333333334,1.0,1.0,0.0,0.786046511627907,10,1.0,0.1572093023255814,1.0,0.8,800,1280,0.6,collected_i-wont-let-my-son-become-the-evil-male-lead_ep3.csv,92
715,2026-09-28T10:13:13.303147,! GRACIOUS HER GRACE IS UTTERLY BESOTTED WITH LORD KARDICIEL !,0.7075,dialogue,dialogue,False,62,11,54,0,0,311,229,1.0,0.7,0.6,0.4,,1.0,1.0,0.9803921568627452,1.3580786026200873,71219,0.0008705542060405,0.3333333333333333,1.1777777777777778,1.0,1.0,0.0,0.65625,11,1.0,0.13125,1.0,0.2355555555555555,800,1280,0.6,collected_i-wont-let-my-son-become-the-evil-male-lead_ep3.csv,93
716,2026-09-28T10:13:13.303282,GRASP,0.4392,background,background,False,5,1,55,0,0,216,132,1.0,0.7,1.0,0.0,,1.0,0.2,1.0,1.6363636363636365,28512,0.000175364758698,0.0,0.5,0.0,0.0,0.0,0.3,1,0.6,0.06,0.5,0.1,800,1280,0.6,collected_i-wont-let-my-son-become-the-evil-male-lead_ep3.csv,94
717,2026-09-28T10:13:13.303358,THAT,0.7514,dialogue,dialogue,False,4,1,55,0,0,66,21,1.0,1.0,0.2,1.0,,1.0,0.2,1.0,3.142857142857143,1386,0.0028860028860028,1.0,4.3,0.0,0.0,0.0,3.6,1,0.5,0.72,0.5,1.0,800,1280,0.6,collected_i-wont-let-my-son-become-the-evil-male-lead_ep3.csv,95
718,2026-09-28T10:13:13.303716,SOUNDS LIKE A WONDERFUL IDEA .,0.6816,,dialogue,False,30,6,56,0,0,187,96,1.0,0.7,1.0,0.4,,1.0,1.0,0.96,1.9479166666666667,17952,0.0016711229946524,0.4,1.7,1.0,1.0,0.0,0.3999999999999999,6,0.5,0.0799999999999999,1.0,0.3399999999999999,800,1280,0.6,collected_i-wont-let-my-son-become-the-evil-male-lead_ep3.csv,96
719,2026-09-28T10:13:13.303825,"THANK YOU , DAISY ! I'LL BE RIGHT BACK !",0.6855,,dialogue,False,40,10,56,0,0,182,97,1.0,0.7,1.0,0.7,,1.0,1.0,0.8709677419354839,1.8762886597938144,17654,0.0022657754616517,0.7142857142857143,1.8,1.0,1.0,0.0,0.752,10,0.5,0.1504,0.3,0.36,800,1280,0.6,collected_i-wont-let-my-son-become-the-evil-male-lead_ep3.csv,97
720,2026-09-28T10:13:13.303947,GRIN,0.5892,,background,False,4,1,57,0,0,134,123,1.0,0.7,1.0,1.0,,1.0,0.2,1.0,1.089430894308943,16482,0.0002426889940541,1.0,0.5,0.0,0.0,0.0,0.3,1,0.6,0.06,0.5,0.1,800,1280,0.6,collected_i-wont-let-my-son-become-the-evil-male-lead_ep3.csv,98
721,2026-09-28T10:13:13.304475,I WONDER HOW KARDICIEL'S ROOM IS DECORATED .,0.6849,,dialogue,False,44,8,60,0,0,236,95,1.0,1.0,1.0,0.4,,1.0,1.0,0.945945945945946,2.4842105263157896,22420,0.0019625334522747,0.4285714285714285,1.2428571428571429,1.0,1.0,0.0,0.5424242424242424,8,0.5,0.1084848484848484,1.0,0.2485714285714285,800,1280,0.6,collected_i-wont-let-my-son-become-the-evil-male-lead_ep3.csv,99
722,2026-09-28T10:13:13.304588,"GOOD GRACE DAY , ! YOUR",0.6767,,dialogue,False,23,6,60,0,0,168,77,1.0,1.0,1.0,0.7,,1.0,0.6,0.8888888888888888,2.1818181818181817,12936,0.001777983920841,0.75,1.4,1.0,0.0,0.0,0.6928571428571428,6,0.5,0.1385714285714285,1.0,0.2799999999999999,800,1280,0.6,collected_i-wont-let-my-son-become-the-evil-male-lead_ep3.csv,100
723,2026-09-28T10:13:13.304677,"HELLO ! GREETINGS , YOUR GRACE !",0.6168,,dialogue,False,32,7,60,0,0,309,60,1.0,0.7,1.0,0.075,,1.0,1.0,0.8846153846153846,5.15,18540,0.0017259978425026,0.25,0.95,1.0,1.0,0.0,0.861904761904762,7,0.5,0.1723809523809523,1.0,0.19,800,1280,0.6,collected_i-wont-let-my-son-become-the-evil-male-lead_ep3.csv,101
724,2026-09-28T10:13:13.305185,"HE'S STILL SO SMALL , SO I BET ALL HIS FURNITURE MUST BE TINY AND CUTE LIKE HIM ! ADORABLE",0.7013,dialogue,dialogue,False,90,20,61,0,0,455,369,1.0,0.7,0.4,0.7,,1.0,0.6,0.9577464788732394,1.2330623306233062,167895,0.0005360493165371,0.7222222222222222,1.9444444444444444,1.0,0.0,0.0,0.5681818181818182,20,1.0,0.1136363636363636,0.9,0.3888888888888889,800,1280,0.6,collected_i-wont-let-my-son-become-the-evil-male-lead_ep3.csv,102
725,2026-09-28T10:13:13.305248,CUTE,0.4392,background,background,False,4,1,61,0,0,158,85,1.0,0.7,1.0,0.0,,1.0,0.2,1.0,1.8588235294117648,13430,0.0002978406552494,0.0,0.5,0.0,0.0,0.0,0.3,1,0.6,0.06,0.5,0.1,800,1280,0.6,collected_i-wont-let-my-son-become-the-evil-male-lead_ep3.csv,103
726,2026-09-28T10:13:13.305439,HEHEHE,0.4642,,background,False,6,1,62,0,0,129,65,1.0,0.7,1.0,0.0,,0.5,0.2,1.0,1.984615384615385,8385,0.0007155635062611,0.0,0.5,0.0,0.0,0.5,0.3,1,1.0,0.06,0.5,0.1,800,1280,0.6,collected_i-wont-let-my-son-become-the-evil-male-lead_ep3.csv,104
727,2026-09-28T10:13:13.305543,I WONDER IF EVEN THE WALLPAPER WILL BE,0.6826,,dialogue,False,38,8,62,0,0,163,134,1.0,0.7,1.0,0.7,,1.0,0.2,1.0,1.2164179104477613,21842,0.0017397674205658,0.75,2.8375,0.0,0.0,0.0,0.903448275862069,8,0.5,0.1806896551724138,1.0,0.8,800,1280,0.6,collected_i-wont-let-my-son-become-the-evil-male-lead_ep3.csv,105
728,2026-09-28T10:13:13.305759,CUTE .,0.5472,,dialogue,False,6,2,63,0,0,71,19,1.0,1.0,0.2,0.0,,1.0,1.0,0.8,3.736842105263158,1349,0.0044477390659747,0.0,0.5,1.0,1.0,0.0,0.3,2,0.5,0.06,0.6,0.1,800,1280,0.6,collected_i-wont-let-my-son-become-the-evil-male-lead_ep3.csv,106
729,2026-09-28T10:13:13.305854,I HOPE IT'S FULL OF TOYS TOO .,0.7295,dialogue,dialogue,False,30,8,63,0,0,179,95,1.0,0.7,1.0,0.7,,1.0,1.0,0.9130434782608696,1.8842105263157896,17005,0.0017641870038224,0.5714285714285714,1.842857142857143,1.0,1.0,0.0,0.3,8,0.5,0.06,1.0,0.3685714285714286,800,1280,0.6,collected_i-wont-let-my-son-become-the-evil-male-lead_ep3.csv,107
730,2026-09-28T10:13:13.306065,"OH MY GOD , NOW I'M TOO NERVOUS TO",0.6882,,dialogue,False,34,9,64,0,0,217,94,1.0,1.0,1.0,0.7,,1.0,0.6,0.9230769230769232,2.3085106382978724,20398,0.0016668300813805,0.75,1.8125,1.0,0.0,0.0,0.6318181818181818,9,0.5,0.1263636363636363,1.0,0.3625,800,1280,0.6,collected_i-wont-let-my-son-become-the-evil-male-lead_ep3.csv,108
731,2026-09-28T10:13:13.306274,KNOCK !!!,0.6925,,background,False,9,2,65,0,0,104,20,1.0,0.7,0.2,0.0,,1.0,2.0,0.8333333333333334,5.2,2080,0.004326923076923,0.0,0.5,1.0,1.0,0.0,1.0333333333333334,2,0.5,0.2066666666666667,0.6,0.1,800,1280,0.6,collected_i-wont-let-my-son-become-the-evil-male-lead_ep3.csv,109
732,2026-09-28T10:13:13.306356,BA - BUMP BA BUMP BA - BUMP,0.5222,,background,False,27,8,65,0,0,467,236,1.0,0.7,0.6,0.0,,1.0,0.6,1.0,1.978813559322034,110212,0.000244982397561,0.0,0.5,1.0,0.0,0.0,0.3,8,0.6,0.06,1.0,0.1,800,1280,0.6,collected_i-wont-let-my-son-become-the-evil-male-lead_ep3.csv,110
733,2026-09-28T10:13:13.306497,GRIT TREMBLE,0.4462,background,background,False,12,2,66,0,0,296,165,1.0,0.7,1.0,0.0,,1.0,0.2,1.0,1.793939393939394,48840,0.0002457002457002,0.0,0.5,0.0,0.0,0.0,0.3,2,0.6,0.06,0.6,0.1,800,1280,0.6,collected_i-wont-let-my-son-become-the-evil-male-lead_ep3.csv,111
734,2026-09-28T10:13:13.306667,"CALM DOWN , CALM DOWN .",0.7392,dialogue,dialogue,False,23,6,69,0,0,163,95,1.0,0.7,1.0,0.7,,1.0,1.0,0.8888888888888888,1.7157894736842103,15485,0.0014853083629318,0.5,0.5,1.0,1.0,0.0,0.3,6,1.0,0.06,1.0,0.1,800,1280,0.6,collected_i-wont-let-my-son-become-the-evil-male-lead_ep3.csv,112
735,2026-09-28T10:13:13.307005,STEP STEP WHO IS IT ? FLINCH,0.6302,,dialogue,False,28,7,71,0,0,618,629,1.0,0.3,0.4,0.7,,1.0,0.6,0.9545454545454546,0.9825119236883942,388722,7.203091155118568e-05,0.5,1.4666666666666668,1.0,0.0,0.0,0.3,7,0.6,0.06,1.0,0.2933333333333333,800,1280,0.6,collected_i-wont-let-my-son-become-the-evil-male-lead_ep3.csv,114
736,2026-09-28T10:13:13.307069,SWOOSH,0.4822,,background,False,6,1,71,0,0,130,48,1.0,1.0,0.6,0.0,,1.0,0.2,1.0,2.7083333333333335,6240,0.0009615384615384,0.0,0.5,0.0,0.0,0.0,0.3,1,1.0,0.06,0.5,0.1,800,1280,0.6,collected_i-wont-let-my-son-become-the-evil-male-lead_ep3.csv,115
737,2026-09-28T10:13:13.307434,HE ANSWERED WAY QUICKER THAN I THOUGHT HE WOULD ! MY HEART ISN'T READY YET !,0.765,dialogue,dialogue,False,76,16,72,0,0,312,247,1.0,0.7,0.6,0.7,,1.0,1.0,0.9508196721311476,1.263157894736842,77064,0.0009861932938856,0.5714285714285714,1.8214285714285712,1.0,1.0,0.0,0.6660714285714285,16,1.0,0.1332142857142857,0.9,0.3642857142857142,800,1280,0.6,collected_i-wont-let-my-son-become-the-evil-male-lead_ep3.csv,116
738,2026-09-28T10:13:13.307542,FWIP,0.4272,background,background,False,4,1,73,0,0,383,308,1.0,0.7,0.6,0.0,,1.0,0.2,1.0,1.2435064935064934,117964,3.3908650096639655e-05,0.0,0.5,0.0,0.0,0.0,0.3,1,0.6,0.06,0.5,0.1,800,1280,0.6,collected_i-wont-let-my-son-become-the-evil-male-lead_ep3.csv,117
739,2026-09-28T10:13:13.307717,"UGH , I ASKED WHO'S HERE--",0.7076,dialogue,dialogue,False,26,6,74,0,0,182,98,1.0,0.7,1.0,0.7,,1.0,0.6,0.8095238095238095,1.8571428571428572,17836,0.0014577259475218,0.6,1.24,1.0,0.0,0.0,0.74,6,1.0,0.148,1.0,0.248,800,1280,0.6,collected_i-wont-let-my-son-become-the-evil-male-lead_ep3.csv,118
740,2026-09-28T10:13:13.307876,3,0.2325,background,background,False,1,1,75,0,0,28,44,0.0,0.3,0.2,0.0,,0.91,0.2,0.0,0.6363636363636364,1232,0.0008116883116883,0.0,0.5,0.0,0.0,0.09,0.3,1,1.0,0.06,0.5,0.1,800,1280,0.6,collected_i-wont-let-my-son-become-the-evil-male-lead_ep3.csv,119
741,2026-09-28T10:13:13.307960,"HI , KARDICIEL .",0.5447,,dialogue,False,16,4,75,0,0,171,22,1.0,0.5,0.6,0.0,,1.0,1.0,0.8461538461538461,7.772727272727272,3762,0.0042530568846358,0.0,0.5,1.0,1.0,0.0,0.3,4,0.5,0.06,0.75,0.1,800,1280,0.6,collected_i-wont-let-my-son-become-the-evil-male-lead_ep3.csv,120
742,2026-09-28T10:13:13.308029,SMILE,0.5892,,background,False,5,1,75,0,0,187,128,1.0,0.7,1.0,1.0,,1.0,0.2,1.0,1.4609375,23936,0.0002088903743315,1.0,0.5,0.0,0.0,0.0,0.3,1,0.6,0.06,0.5,0.1,800,1280,0.6,collected_i-wont-let-my-son-become-the-evil-male-lead_ep3.csv,121
743,2026-09-28T10:13:13.308152,SLAM,0.5712,,background,False,4,1,77,0,0,551,363,1.0,0.7,0.4,1.0,,1.0,0.2,1.0,1.5179063360881542,200013,1.9998700084494507e-05,1.0,0.5,0.0,0.0,0.0,0.3,1,0.6,0.06,0.5,0.1,800,1280,0.6,collected_i-wont-let-my-son-become-the-evil-male-lead_ep3.csv,122
744,2026-09-28T10:13:13.308538,ACK ! W - WAIT ! I CAME BECAUSE THERE'S SOMETHING I WANT TO SHOW YOU !,0.7474,dialogue,dialogue,False,70,17,78,0,0,269,308,1.0,0.3,0.6,0.7,,1.0,1.0,0.9245283018867924,0.8733766233766234,82852,0.0008448800270361,0.6923076923076923,1.7692307692307692,1.0,1.0,0.0,0.951063829787234,17,1.0,0.1902127659574468,0.9,0.3538461538461538,800,1280,0.6,collected_i-wont-let-my-son-become-the-evil-male-lead_ep3.csv,123
745,2026-09-28T10:13:13.308677,CREAK HISS,0.4252,background,background,False,10,2,79,0,0,303,356,1.0,0.3,0.6,0.0,,1.0,0.2,1.0,0.851123595505618,107868,9.27058998034635e-05,0.0,0.5,0.0,0.0,0.0,1.0857142857142856,2,0.6,0.2171428571428571,0.6,0.1,800,1280,0.6,collected_i-wont-let-my-son-become-the-evil-male-lead_ep3.csv,124
746,2026-09-28T10:13:13.308813,NGH,0.4672,,background,False,3,1,80,0,0,80,49,1.0,0.7,0.6,0.0,,1.0,0.2,1.0,1.6326530612244898,3920,0.0007653061224489,0.0,0.5,0.0,0.0,0.0,0.3,1,1.0,0.06,0.5,0.1,800,1280,0.6,collected_i-wont-let-my-son-become-the-evil-male-lead_ep3.csv,125
747,2026-09-28T10:13:13.308880,food,0.4192,background,background,False,4,1,80,0,0,89,109,1.0,0.3,1.0,0.0,,1.0,0.2,1.0,0.8165137614678899,9701,0.0004123286259148,0.0,0.5,0.0,0.0,0.0,0.3,1,0.6,0.06,0.5,0.1,800,1280,0.6,collected_i-wont-let-my-son-become-the-evil-male-lead_ep3.csv,126
748,2026-09-28T10:13:13.309166,HMPH ! I'M ONLY LETTING YOU IN BECAUSE OF THIS CHOCOLATE .,0.8383,dialogue,dialogue,False,58,12,81,0,0,324,205,1.0,0.7,0.6,0.7,,1.0,1.0,0.9361702127659576,1.5804878048780489,66420,0.0008732309545317,0.7,2.1,1.0,1.0,0.0,0.7333333333333334,12,1.0,0.1466666666666666,1.0,0.8,800,1280,0.6,collected_i-wont-let-my-son-become-the-evil-male-lead_ep3.csv,127
749,2026-09-28T10:13:13.309316,THANK YOU ! GRIN,0.6518,,dialogue,False,16,4,82,0,0,323,279,1.0,0.7,0.6,0.7,,1.0,0.6,0.9230769230769232,1.157706093189964,90117,0.000177546966721,0.6666666666666666,1.6,1.0,0.0,0.0,0.95,4,0.6,0.19,0.75,0.3199999999999999,800,1280,0.6,collected_i-wont-let-my-son-become-the-evil-male-lead_ep3.csv,128
750,2026-09-28T10:13:13.309538,IT'S REALLY DIFFERENT FROM WHAT I WAS PICTURING .,0.7831,dialogue,dialogue,False,49,9,83,0,0,224,133,1.0,0.7,1.0,1.0,,1.0,1.0,0.951219512195122,1.6842105263157894,29792,0.0016447368421052,0.875,1.825,1.0,1.0,0.0,0.9567567567567568,9,0.5,0.1913513513513513,1.0,0.365,800,1280,0.6,collected_i-wont-let-my-son-become-the-evil-male-lead_ep3.csv,129
751,2026-09-28T10:13:13.309672,GLANCE GLANCE,0.469,,background,False,13,2,84,0,0,310,98,1.0,1.0,1.0,0.0,,1.0,0.2,1.0,3.163265306122449,30380,0.0004279131007241,0.0,0.5,0.0,0.0,0.0,0.86,2,0.6,0.172,0.6,0.1,800,1280,0.6,collected_i-wont-let-my-son-become-the-evil-male-lead_ep3.csv,130
752,2026-09-28T10:13:13.310029,"OH , KARDICIEL , YOU'VE BEEN TAKING GOOD CARE OF THAT BEAR !",0.7459,dialogue,dialogue,False,60,13,85,0,0,274,136,1.0,1.0,1.0,0.7,,1.0,1.0,0.9166666666666666,2.014705882352941,37264,0.0016101331043366,0.6,1.67,1.0,1.0,0.0,0.7738095238095238,13,0.5,0.1547619047619047,1.0,0.3339999999999999,800,1280,0.6,collected_i-wont-let-my-son-become-the-evil-male-lead_ep3.csv,131
753,2026-09-28T10:13:13.310101,SMILE GRIN FLINCH,0.5497,,background,False,17,3,85,0,0,412,219,1.0,0.7,0.6,0.7,,1.0,0.2,1.0,1.8812785388127853,90228,0.000188411579554,0.6666666666666666,0.5,0.0,0.0,0.0,0.3,3,0.6,0.06,0.75,0.1,800,1280,0.6,collected_i-wont-let-my-son-become-the-evil-male-lead_ep3.csv,132
754,2026-09-28T10:13:13.310410,www,0.4672,,background,False,3,1,86,0,0,84,49,1.0,0.7,0.6,0.0,,1.0,0.2,1.0,1.7142857142857142,4116,0.0007288629737609,0.0,0.5,0.0,0.0,0.0,0.3,1,1.0,0.06,0.5,0.1,800,1280,0.6,collected_i-wont-let-my-son-become-the-evil-male-lead_ep3.csv,133
755,2026-09-28T10:13:13.310557,I - I JUST LEFT IT THERE BECAUSE THROWING IT AWAY WOULD HAVE BEEN ANNOYING !,0.8429,dialogue,dialogue,False,76,16,86,0,0,258,209,1.0,0.7,1.0,0.7,,1.0,1.0,0.9833333333333332,1.2344497607655502,53922,0.0014094432699083,0.7857142857142857,2.292857142857143,1.0,1.0,0.0,0.7087719298245614,16,1.0,0.1417543859649122,0.9,0.8,800,1280,0.6,collected_i-wont-let-my-son-become-the-evil-male-lead_ep3.csv,134
756,2026-09-28T10:13:13.310695,FWIP FLUSH,0.4492,background,background,False,10,2,87,0,0,527,246,1.0,1.0,0.6,0.0,,1.0,0.2,1.0,2.1422764227642275,129642,7.713549621264713e-05,0.0,0.5,0.0,0.0,0.0,0.3,2,0.6,0.06,0.6,0.1,800,1280,0.6,collected_i-wont-let-my-son-become-the-evil-male-lead_ep3.csv,135
757,2026-09-28T10:13:13.310890,WHAT DID YOU WANT TO SHOW ME ?,0.8456,dialogue,dialogue,False,30,8,88,0,0,189,98,1.0,0.7,1.0,1.0,,1.0,1.0,0.9565217391304348,1.9285714285714288,18522,0.0016196954972465,1.0,2.2142857142857144,1.0,1.0,0.0,0.755,8,0.5,0.151,1.0,0.8,800,1280,0.6,collected_i-wont-let-my-son-become-the-evil-male-lead_ep3.csv,136
758,2026-09-28T10:13:13.311307,I WROTE A COUPLE OF THINGS DOWN ABOUT YOU ! WOULD YOU LIKE TO READ IT ?,0.8897,dialogue,dialogue,False,71,17,90,0,0,285,210,1.0,0.7,1.0,1.0,,1.0,1.0,0.9636363636363636,1.3571428571428572,59850,0.0011862990810359,0.8,2.693333333333334,1.0,1.0,0.0,0.8392156862745097,17,1.0,0.1678431372549019,0.9,0.8,800,1280,0.6,collected_i-wont-let-my-son-become-the-evil-male-lead_ep3.csv,137
759,2026-09-28T10:13:13.311380,m GLARE m,0.504,,background,False,9,3,90,0,0,141,103,1.0,0.7,1.0,0.0,,1.0,0.2,1.0,1.3689320388349515,14523,0.0006197066721751,0.0,0.5,0.0,0.0,0.0,0.82,3,1.0,0.1639999999999999,0.75,0.1,800,1280,0.6,collected_i-wont-let-my-son-become-the-evil-male-lead_ep3.csv,138
760,2026-09-28T10:13:13.311507,HMPHI,0.4672,,dialogue,False,5,1,91,0,0,89,45,1.0,0.7,0.6,0.0,,1.0,0.2,1.0,1.977777777777778,4005,0.0012484394506866,0.0,0.5,0.0,0.0,0.0,0.3,1,1.0,0.06,0.5,0.1,800,1280,0.6,collected_i-wont-let-my-son-become-the-evil-male-lead_ep3.csv,139
761,2026-09-28T10:13:13.311579,SNATCH,0.4392,background,background,False,6,1,91,0,0,181,109,1.0,0.7,1.0,0.0,,1.0,0.2,1.0,1.6605504587155964,19729,0.000304120837346,0.0,0.5,0.0,0.0,0.0,0.3,1,0.6,0.06,0.5,0.1,800,1280,0.6,collected_i-wont-let-my-son-become-the-evil-male-lead_ep3.csv,140
762,2026-09-28T10:13:13.311840,TH - THIS ...,0.7727,dialogue,dialogue,False,13,4,93,0,0,124,23,1.0,0.7,0.2,0.7,,1.0,1.0,1.0,5.391304347826087,2852,0.0045582047685834,0.5,2.05,1.0,1.0,0.0,1.725,4,0.5,0.345,0.75,0.8,800,1280,0.6,collected_i-wont-let-my-son-become-the-evil-male-lead_ep3.csv,141
763,2026-09-28T10:13:13.311908,THESE THINGS ...,0.6801,,dialogue,False,16,3,93,0,0,116,60,1.0,0.7,0.6,0.7,,1.0,1.0,1.0,1.9333333333333331,6960,0.0022988505747126,0.5,0.5,1.0,1.0,0.0,1.7555555555555555,3,0.5,0.3511111111111111,0.75,0.1,800,1280,0.6,collected_i-wont-let-my-son-become-the-evil-male-lead_ep3.csv,142
764,2026-09-28T10:13:13.311995,BLUSH THIS IS ALL ……… !,0.7332,dialogue,dialogue,False,23,6,93,0,0,501,413,1.0,0.7,0.4,0.7,,1.0,1.0,0.9333333333333332,1.2130750605326877,206913,0.0001111578296192,0.75,1.9,1.0,1.0,0.0,1.0166666666666666,6,0.6,0.2033333333333333,1.0,0.38,800,1280,0.6,collected_i-wont-let-my-son-become-the-evil-male-lead_ep3.csv,143
765,2026-09-28T10:13:13.312145,TREMBLE,0.4792,,background,False,7,1,94,0,0,148,78,1.0,0.7,1.0,0.0,,1.0,0.2,1.0,1.8974358974358976,11544,0.0006063756063756,0.0,0.5,0.0,0.0,0.0,0.3,1,1.0,0.06,0.5,0.1,800,1280,0.6,collected_i-wont-let-my-son-become-the-evil-male-lead_ep3.csv,144
766,2026-09-28T10:13:13.312212,SHAKE,0.4822,,background,False,5,1,94,0,0,115,51,1.0,1.0,0.6,0.0,,1.0,0.2,1.0,2.2549019607843137,5865,0.000852514919011,0.0,0.5,0.0,0.0,0.0,0.3,1,1.0,0.06,0.5,0.1,800,1280,0.6,collected_i-wont-let-my-son-become-the-evil-male-lead_ep3.csv,145
767,2026-09-28T10:13:13.312275,0,0.1825,background,background,False,1,1,94,0,0,14,15,0.0,0.3,0.2,0.0,,0.91,0.2,0.0,0.9333333333333332,210,0.0047619047619047,0.0,0.5,0.0,0.0,0.09,0.3,1,0.5,0.06,0.5,0.1,800,1280,0.6,collected_i-wont-let-my-son-become-the-evil-male-lead_ep3.csv,146
768,2026-09-28T10:13:13.312338,O,0.3852,background,background,False,1,1,94,0,0,11,10,1.0,0.7,0.2,0.0,,1.0,0.2,1.0,1.1,110,0.009090909090909,0.0,0.5,0.0,0.0,0.0,0.3,1,0.3,0.06,0.5,0.1,800,1280,0.6,collected_i-wont-let-my-son-become-the-evil-male-lead_ep3.csv,147
769,2026-09-28T10:13:13.312486,GASP,0.5892,,background,False,4,1,96,0,0,195,163,1.0,0.7,1.0,1.0,,1.0,0.2,1.0,1.196319018404908,31785,0.0001258455246185,1.0,0.5,0.0,0.0,0.0,0.3,1,0.6,0.06,0.5,0.1,800,1280,0.6,collected_i-wont-let-my-son-become-the-evil-male-lead_ep3.csv,148
770,2026-09-28T10:13:13.312554,C - CIEL !!!,0.5577,,dialogue,False,12,4,96,0,0,117,26,1.0,1.0,0.2,0.0,,1.0,1.0,0.8333333333333334,4.5,3042,0.0039447731755424,0.0,0.5,1.0,1.0,0.0,0.3,4,0.5,0.06,0.75,0.1,800,1280,0.6,collected_i-wont-let-my-son-become-the-evil-male-lead_ep3.csv,149
771,2026-09-28T10:13:13.312693,TWITCH,0.4483,background,background,False,6,1,97,0,0,232,159,1.0,0.7,1.0,0.0,,1.0,0.2,1.0,1.4591194968553458,36888,0.0001626545217957,0.0,0.5,0.0,0.0,0.0,0.95,1,0.6,0.19,0.5,0.1,800,1280,0.6,collected_i-wont-let-my-son-become-the-evil-male-lead_ep3.csv,150
772,2026-09-28T10:13:13.312760,CIEL ... ?,0.5577,,dialogue,False,10,3,97,0,0,88,23,1.0,1.0,0.2,0.0,,1.0,1.0,0.8,3.8260869565217392,2024,0.0049407114624505,0.0,0.5,1.0,1.0,0.0,0.3,3,0.5,0.06,0.75,0.1,800,1280,0.6,collected_i-wont-let-my-son-become-the-evil-male-lead_ep3.csv,151
773,2026-09-28T10:13:13.312987,THAT'S THE ROPERAM FAMILY'S ABILITY IN TORN WINGS !,0.6824,,dialogue,False,51,9,99,0,0,252,133,1.0,0.7,1.0,0.4,,1.0,1.0,0.9302325581395348,1.894736842105263,33516,0.0015216612960973,0.375,1.55,1.0,1.0,0.0,0.7789473684210527,9,0.5,0.1557894736842105,1.0,0.31,800,1280,0.6,collected_i-wont-let-my-son-become-the-evil-male-lead_ep3.csv,152
774,2026-09-28T10:13:13.313045,GULP,0.4392,background,background,False,4,1,99,0,0,161,127,1.0,0.7,1.0,0.0,,1.0,0.2,1.0,1.2677165354330708,20447,0.0001956277204479,0.0,0.5,0.0,0.0,0.0,0.3,1,0.6,0.06,0.5,0.1,800,1280,0.6,collected_i-wont-let-my-son-become-the-evil-male-lead_ep3.csv,153
775,2026-09-28T10:13:13.313265,I THOUGHT ONLY THE FUTURE DUKES COULD USE IT ...,0.8499,dialogue,dialogue,False,48,10,100,0,0,238,139,1.0,0.7,1.0,0.7,,1.0,1.0,1.0,1.712230215827338,33082,0.0014509400882655,0.6666666666666666,2.3555555555555556,1.0,1.0,0.0,0.7058823529411765,10,1.0,0.1411764705882353,1.0,0.8,800,1280,0.6,collected_i-wont-let-my-son-become-the-evil-male-lead_ep3.csv,154
776,2026-09-28T10:13:13.313625,"SQUEAZ KARDICIEL CAN ALREADY USE IT ?! OH MY GOODNESS , MY SON IS INCREDIBLE !!! BEA",0.6271,,dialogue,False,84,17,101,0,0,547,845,1.0,0.3,0.4,0.7,,1.0,0.6,0.9393939393939394,0.6473372781065089,462215,0.0001817336088184,0.5,1.5214285714285716,1.0,0.0,0.0,0.4599999999999999,17,0.6,0.092,0.9,0.3042857142857143,800,1280,0.6,collected_i-wont-let-my-son-become-the-evil-male-lead_ep3.csv,155
777,2026-09-28T10:13:13.313799,BUT ... MY DIARY !!! NOOO0 !,0.747,dialogue,dialogue,False,28,7,102,0,0,202,57,1.0,1.0,1.0,0.7,,1.0,1.0,0.8666666666666667,3.543859649122807,11514,0.0024318221295813,0.5,1.925,1.0,1.0,0.0,0.3,7,0.5,0.06,1.0,0.385,800,1280,0.6,collected_i-wont-let-my-son-become-the-evil-male-lead_ep3.csv,156
778,2026-09-28T10:13:13.313855,SOB,0.5772,,background,False,3,1,102,0,0,92,73,1.0,0.7,0.6,1.0,,1.0,0.2,1.0,1.2602739726027397,6716,0.0004466944609886,1.0,0.5,0.0,0.0,0.0,0.3,1,0.6,0.06,0.5,0.1,800,1280,0.6,collected_i-wont-let-my-son-become-the-evil-male-lead_ep3.csv,157
779,2026-09-28T10:13:13.314048,"IF YOU WRITE RUBBISH LIKE THIS AGAIN ,",0.7864,dialogue,dialogue,False,38,8,103,0,0,174,98,1.0,0.7,1.0,1.0,,1.0,0.6,0.967741935483871,1.7755102040816326,17052,0.0022284775979357,0.8571428571428571,2.0142857142857142,1.0,0.0,0.0,0.8142857142857143,8,0.5,0.1628571428571428,1.0,0.8,800,1280,0.6,collected_i-wont-let-my-son-become-the-evil-male-lead_ep3.csv,158
780,2026-09-28T10:13:13.314204,I WON'T OVERLOOK IT ...,0.7971,dialogue,dialogue,False,23,5,104,0,0,195,59,1.0,1.0,1.0,0.7,,1.0,1.0,0.9375,3.305084745762712,11505,0.0019991308126901,0.75,2.325,1.0,1.0,0.0,0.6846153846153846,5,0.5,0.1369230769230769,0.75,0.8,800,1280,0.6,collected_i-wont-let-my-son-become-the-evil-male-lead_ep3.csv,159
781,2026-09-28T10:13:13.314261,GRASP,0.4792,,background,False,5,1,104,0,0,128,78,1.0,0.7,1.0,0.0,,1.0,0.2,1.0,1.641025641025641,9984,0.0005008012820512,0.0,0.5,0.0,0.0,0.0,0.3,1,1.0,0.06,0.5,0.1,800,1280,0.6,collected_i-wont-let-my-son-become-the-evil-male-lead_ep3.csv,160
782,2026-09-28T10:13:13.314639,"OKAY , KARDICIEL . IF YOU DON'T WANT ME TO DO THAT , THEN I WON'T .",0.8888,dialogue,dialogue,False,67,17,105,0,0,221,210,1.0,0.7,1.0,1.0,,1.0,1.0,0.8823529411764706,1.0523809523809524,46410,0.0014436543848308,0.9230769230769232,2.476923076923077,1.0,1.0,0.0,0.7744186046511627,17,1.0,0.1548837209302325,0.9,0.8,800,1280,0.6,collected_i-wont-let-my-son-become-the-evil-male-lead_ep3.csv,161
783,2026-09-28T10:13:13.314694,GR,0.4392,background,background,False,2,1,105,0,0,110,94,1.0,0.7,1.0,0.0,,1.0,0.2,1.0,1.1702127659574468,10340,0.0001934235976789,0.0,0.5,0.0,0.0,0.0,0.3,1,0.6,0.06,0.5,0.1,800,1280,0.6,collected_i-wont-let-my-son-become-the-evil-male-lead_ep3.csv,162
784,2026-09-28T10:13:13.315147,"LOSING MY DIARY IS AWFUL , BUT I GOT TO SEE HIS ROOM , SO IT'S FINE . I'LL JUST CONSIDER",0.6659,,dialogue,False,88,21,106,0,0,273,175,1.0,0.7,1.0,0.7,,1.0,0.6,0.9264705882352942,1.56,47775,0.0018419675562532,0.7222222222222222,1.838888888888889,1.0,0.0,0.0,0.5508196721311476,21,0.5,0.1101639344262295,0.9,0.3677777777777778,800,1280,0.6,collected_i-wont-let-my-son-become-the-evil-male-lead_ep3.csv,163
785,2026-09-28T10:13:13.315314,IT MY ENTRANCE FEE .,0.7985,dialogue,dialogue,False,20,5,107,0,0,214,56,1.0,1.0,1.0,0.7,,1.0,1.0,0.9375,3.821428571428571,11984,0.0016688918558077,0.5,2.05,1.0,1.0,0.0,0.7846153846153846,5,0.5,0.1569230769230769,0.75,0.8,800,1280,0.6,collected_i-wont-let-my-son-become-the-evil-male-lead_ep3.csv,164
786,2026-09-28T10:13:13.315375,WHY'D,0.4202,background,dialogue,False,5,1,107,0,0,85,21,1.0,1.0,0.2,0.0,,1.0,0.2,0.8,4.0476190476190474,1785,0.0028011204481792,0.0,0.5,0.0,0.0,0.0,0.3,1,0.5,0.06,0.5,0.1,800,1280,0.6,collected_i-wont-let-my-son-become-the-evil-male-lead_ep3.csv,165
787,2026-09-28T10:13:13.336263,YOU CALL ME THAT ... ?,0.8704,dialogue,dialogue,False,22,6,108,0,0,173,56,1.0,1.0,1.0,1.0,,1.0,1.0,0.9285714285714286,3.0892857142857144,9688,0.0022708505367464,1.0,2.8,1.0,1.0,0.0,1.4545454545454546,6,0.5,0.2909090909090909,1.0,0.8,800,1280,0.6,collected_i-wont-let-my-son-become-the-evil-male-lead_ep3.csv,166
788,2026-09-28T10:13:13.336320,C,0.3852,background,background,False,1,1,108,0,0,8,8,1.0,0.7,0.2,0.0,,1.0,0.2,1.0,1.0,64,0.015625,0.0,0.5,0.0,0.0,0.0,0.3,1,0.3,0.06,0.5,0.1,800,1280,0.6,collected_i-wont-let-my-son-become-the-evil-male-lead_ep3.csv,167
789,2026-09-28T10:13:13.336373,4,0.1525,background,background,False,1,1,108,0,0,6,5,0.0,0.7,0.2,0.0,,0.91,0.2,0.0,1.2,30,0.0333333333333333,0.0,0.5,0.0,0.0,0.09,0.3,1,0.0,0.06,0.5,0.1,800,1280,0.6,collected_i-wont-let-my-son-become-the-evil-male-lead_ep3.csv,168
790,2026-09-28T10:13:13.336460,HM ? WHAT DO YOU MEAN ?,0.899,dialogue,dialogue,False,23,7,108,0,0,190,96,1.0,0.7,1.0,1.0,,1.0,1.0,0.8823529411764706,1.9791666666666667,18240,0.0012609649122807,0.8,2.28,1.0,1.0,0.0,1.0,7,1.0,0.2,1.0,0.8,800,1280,0.6,collected_i-wont-let-my-son-become-the-evil-male-lead_ep3.csv,169
791,2026-09-28T10:13:13.336602,TURN,0.5892,,background,False,4,1,110,0,0,152,88,1.0,0.7,1.0,1.0,,1.0,0.2,1.0,1.7272727272727273,13376,0.0002990430622009,1.0,0.5,0.0,0.0,0.0,0.3,1,0.6,0.06,0.5,0.1,800,1280,0.6,collected_i-wont-let-my-son-become-the-evil-male-lead_ep3.csv,170
792,2026-09-28T10:13:13.336683,WHY'D YOU CALL ME KARDICIEL ?,0.7259,dialogue,dialogue,False,29,6,110,0,0,173,96,1.0,0.7,1.0,0.7,,1.0,1.0,0.9166666666666666,1.8020833333333333,16608,0.0017461464354527,0.6,1.58,1.0,1.0,0.0,0.605,6,0.5,0.121,1.0,0.316,800,1280,0.6,collected_i-wont-let-my-son-become-the-evil-male-lead_ep3.csv,171
793,2026-09-28T10:13:13.336794,UMM,0.4522,,dialogue,False,3,1,111,0,0,84,50,1.0,0.7,0.6,0.0,,0.5,0.2,1.0,1.68,4200,0.0007142857142857,0.0,0.5,0.0,0.0,0.5,0.3,1,1.0,0.06,0.5,0.1,800,1280,0.6,collected_i-wont-let-my-son-become-the-evil-male-lead_ep3.csv,172
794,2026-09-28T10:13:13.336855,DOES HE NOT,0.6847,,dialogue,False,11,3,111,0,0,166,21,1.0,0.5,0.6,1.0,,1.0,0.2,1.0,7.904761904761905,3486,0.0031554790590935,1.0,2.766666666666667,0.0,0.0,0.0,0.6571428571428571,3,0.5,0.1314285714285714,0.75,0.8,800,1280,0.6,collected_i-wont-let-my-son-become-the-evil-male-lead_ep3.csv,173
795,2026-09-28T10:13:13.337012,LIKE IT WHEN I SAY HIS NAME ?,0.8115,dialogue,dialogue,False,29,8,112,0,0,250,54,1.0,1.0,1.0,0.7,,1.0,1.0,0.9545454545454546,4.62962962962963,13500,0.0021481481481481,0.7142857142857143,2.942857142857143,1.0,1.0,0.0,0.463157894736842,8,0.5,0.0926315789473684,1.0,0.8,800,1280,0.6,collected_i-wont-let-my-son-become-the-evil-male-lead_ep3.csv,174
796,2026-09-28T10:13:13.337161,FIDGET,0.4392,background,background,False,6,1,113,0,0,167,146,1.0,0.7,1.0,0.0,,1.0,0.2,1.0,1.143835616438356,24382,0.0002460831761135,0.0,0.5,0.0,0.0,0.0,0.3,1,0.6,0.06,0.5,0.1,800,1280,0.6,collected_i-wont-let-my-son-become-the-evil-male-lead_ep3.csv,175
797,2026-09-28T10:13:13.337243,Y - YOU CALLED ME ... CIEL EARLIER ...,0.6903,,dialogue,False,38,9,113,0,0,230,97,1.0,1.0,1.0,0.4,,1.0,1.0,1.0,2.3711340206185567,22310,0.0017032720753025,0.3333333333333333,1.4,1.0,1.0,0.0,0.5904761904761905,9,0.5,0.1180952380952381,1.0,0.28,800,1280,0.6,collected_i-wont-let-my-son-become-the-evil-male-lead_ep3.csv,176
798,2026-09-28T10:13:13.337430,IS IT OKAY IF I CALL YOU THAT ?,0.8651,dialogue,dialogue,False,31,9,114,0,0,215,61,1.0,1.0,1.0,1.0,,1.0,1.0,0.9565217391304348,3.5245901639344264,13115,0.0023637056805184,1.0,2.7625,1.0,1.0,0.0,1.08,9,0.5,0.216,1.0,0.8,800,1280,0.6,collected_i-wont-let-my-son-become-the-evil-male-lead_ep3.csv,177
799,2026-09-28T10:13:13.337485,GENTLE NOD,0.4682,,background,False,10,2,114,0,0,352,173,1.0,1.0,1.0,0.0,,1.0,0.2,1.0,2.0346820809248554,60896,0.0001642143983184,0.0,0.5,0.0,0.0,0.0,0.7999999999999999,2,0.6,0.1599999999999999,0.6,0.1,800,1280,0.6,collected_i-wont-let-my-son-become-the-evil-male-lead_ep3.csv,178
800,2026-09-28T10:13:13.337581,TOUCHED,0.4322,background,background,False,7,1,116,0,0,107,40,1.0,1.0,0.6,0.0,,1.0,0.2,1.0,2.675,4280,0.0016355140186915,0.0,0.5,0.0,0.0,0.0,0.3,1,0.5,0.06,0.5,0.1,800,1280,0.6,collected_i-wont-let-my-son-become-the-evil-male-lead_ep3.csv,179
801,2026-09-28T10:13:13.337825,"I CAN'T BELIEVE SUCH A SWEET , INNOCENT CHILD GREW UP TO BE ...",0.8469,dialogue,dialogue,False,63,14,118,0,0,209,208,1.0,0.7,1.0,0.7,,1.0,1.0,0.9574468085106383,1.0048076923076923,43472,0.0014492086860507,0.6666666666666666,2.0416666666666665,1.0,1.0,0.0,0.4930232558139534,14,1.0,0.0986046511627906,1.0,0.8,800,1280,0.6,collected_i-wont-let-my-son-become-the-evil-male-lead_ep3.csv,180
802,2026-09-28T10:13:13.338099,I DON'T WANT TO SEE HIM LOCK UP THE FEMALE LEAD AND CAUSE OTHERS PAIN ...,0.7341,dialogue,dialogue,False,73,16,119,0,0,281,170,1.0,0.7,1.0,0.7,,1.0,1.0,0.9818181818181818,1.652941176470588,47770,0.0015281557462842,0.7333333333333333,1.9866666666666668,1.0,1.0,0.0,0.8211538461538462,16,0.5,0.1642307692307692,0.9,0.3973333333333333,800,1280,0.6,collected_i-wont-let-my-son-become-the-evil-male-lead_ep3.csv,181
803,2026-09-28T10:13:13.338495,"IF HE'S LOVED AND DOTED ON NOW , WILL HE LEARN HOW TO DO THE SAME TO OTHERS IN THE FUTURE ?",0.8192,dialogue,dialogue,False,91,22,121,0,0,240,245,1.0,0.3,1.0,1.0,,1.0,1.0,0.9571428571428572,0.979591836734694,58800,0.001547619047619,0.8,2.66,1.0,1.0,0.0,0.7969230769230768,22,0.5,0.1593846153846153,0.9,0.8,800,1280,0.6,collected_i-wont-let-my-son-become-the-evil-male-lead_ep3.csv,182
804,2026-09-28T10:13:13.338626,"WELL , THAT'S MY JOB AS",0.7419,dialogue,dialogue,False,23,6,122,0,0,180,54,1.0,1.0,1.0,1.0,,1.0,0.6,0.8888888888888888,3.3333333333333335,9720,0.0023662551440329,0.8,1.96,1.0,0.0,0.0,0.9357142857142856,6,0.5,0.1871428571428571,1.0,0.392,800,1280,0.6,collected_i-wont-let-my-son-become-the-evil-male-lead_ep3.csv,183
805,2026-09-28T10:13:13.338754,MOM !,0.6972,,dialogue,False,5,2,123,0,0,74,22,1.0,1.0,0.2,0.0,,1.0,2.0,0.75,3.363636363636364,1628,0.003071253071253,0.0,0.5,1.0,1.0,0.0,0.3,2,0.5,0.06,0.6,0.1,800,1280,0.6,collected_i-wont-let-my-son-become-the-evil-male-lead_ep3.csv,184
806,2026-09-28T10:13:13.338802,CIEL .,0.5472,,dialogue,False,6,2,123,0,0,61,22,1.0,1.0,0.2,0.0,,1.0,1.0,0.8,2.772727272727273,1342,0.0044709388971684,0.0,0.5,1.0,1.0,0.0,0.3,2,0.5,0.06,0.6,0.1,800,1280,0.6,collected_i-wont-let-my-son-become-the-evil-male-lead_ep3.csv,185
807,2026-09-28T10:13:13.338854,BUMP,0.4672,,background,False,4,1,123,0,0,78,45,1.0,0.7,0.6,0.0,,1.0,0.2,1.0,1.7333333333333334,3510,0.0011396011396011,0.0,0.5,0.0,0.0,0.0,0.3,1,1.0,0.06,0.5,0.1,800,1280,0.6,collected_i-wont-let-my-son-become-the-evil-male-lead_ep3.csv,186
808,2026-09-28T10:13:13.338972,Y - YES ... ?,0.6732,,dialogue,False,13,5,124,0,0,121,22,1.0,0.7,0.2,0.7,,1.0,1.0,0.8,5.5,2662,0.0048835462058602,0.5,1.35,1.0,1.0,0.0,0.3,5,0.5,0.06,0.75,0.27,800,1280,0.6,collected_i-wont-let-my-son-become-the-evil-male-lead_ep3.csv,187
809,2026-09-28T10:13:13.339174,YOU SPEND JUST 10 MINUTES WITH MOMMY EVERY DAY ?,0.7395,dialogue,dialogue,False,48,10,126,0,0,306,97,1.0,1.0,1.0,0.7,,1.0,1.0,0.9230769230769232,3.154639175257732,29682,0.0016171417020416,0.6666666666666666,1.4555555555555555,1.0,1.0,0.0,0.7735294117647059,10,0.5,0.1547058823529412,1.0,0.2911111111111111,800,1280,0.6,collected_i-wont-let-my-son-become-the-evil-male-lead_ep3.csv,188
810,2026-09-28T10:13:13.339222,Bell,0.4013,background,background,False,4,1,126,0,0,26,26,1.0,0.7,0.2,0.0,,1.0,0.2,1.0,1.0,676,0.0059171597633136,0.0,0.5,0.0,0.0,0.0,1.45,1,0.3,0.29,0.5,0.1,800,1280,0.6,collected_i-wont-let-my-son-become-the-evil-male-lead_ep3.csv,189
811,2026-09-28T10:13:13.339501,"To be continued revolution Story / Art C.night , C.shoes Script assistance C.tin , C.food",0.5691,,background,False,89,15,128,0,0,268,351,1.0,0.3,0.6,0.0375,,1.0,0.6,0.9714285714285714,0.7635327635327636,94068,0.0009461240804524,0.125,1.03125,1.0,0.0,0.0,0.6833333333333333,15,1.0,0.1366666666666666,1.0,0.20625,800,975,0.6,collected_i-wont-let-my-son-become-the-evil-male-lead_ep3.csv,190
812,2026-09-28T10:13:48.399450,COULD YOU SPEND JUST 10 MINUTES WITH MOMMY EVERY DAY ?,0.792,dialogue,dialogue,False,54,11,0,0,0,306,133,1.0,1.0,1.0,0.7,,1.0,1.0,0.9318181818181818,2.300751879699248,40698,0.0013268465280849,0.7,1.5399999999999998,1.0,1.0,0.0,0.7717948717948718,11,1.0,0.1543589743589743,1.0,0.3079999999999999,800,1280,0.6,collected_i-wont-let-my-son-become-the-evil-male-lead_ep4.csv,0
813,2026-09-28T10:13:48.399775,TILT,0.4822,,background,False,4,1,3,0,0,91,39,1.0,1.0,0.6,0.0,,1.0,0.2,1.0,2.3333333333333335,3549,0.0011270780501549,0.0,0.5,0.0,0.0,0.0,0.3,1,1.0,0.06,0.5,0.1,800,1280,0.6,collected_i-wont-let-my-son-become-the-evil-male-lead_ep4.csv,1
814,2026-09-28T10:13:48.399911,BUT WHY ?,0.7877,dialogue,dialogue,False,9,3,3,0,0,131,21,1.0,0.5,0.2,1.0,,1.0,1.0,0.8571428571428571,6.238095238095238,2751,0.0032715376226826,1.0,2.05,1.0,1.0,0.0,0.3,3,0.5,0.06,0.75,0.8,800,1280,0.6,collected_i-wont-let-my-son-become-the-evil-male-lead_ep4.csv,2
815,2026-09-28T10:13:48.400220,I KNOW THIS MIGHT FEEL STRANGE ...,0.8004,dialogue,dialogue,False,34,7,4,0,0,221,98,1.0,1.0,1.0,1.0,,1.0,1.0,1.0,2.2551020408163267,21658,0.0015698587127158,0.8333333333333334,1.95,1.0,1.0,0.0,0.8521739130434783,7,0.5,0.1704347826086956,1.0,0.39,800,1280,0.6,collected_i-wont-let-my-son-become-the-evil-male-lead_ep4.csv,3
816,2026-09-28T10:13:48.400611,... BUT THERE ARE THINGS I WANT TO TEACH YOU .,0.8072,dialogue,dialogue,False,46,11,5,0,0,218,134,1.0,0.7,1.0,0.7,,1.0,1.0,0.9696969696969696,1.626865671641791,29212,0.001574695330686,0.7777777777777778,2.3555555555555556,1.0,1.0,0.0,1.23,11,0.5,0.246,1.0,0.8,800,1280,0.6,collected_i-wont-let-my-son-become-the-evil-male-lead_ep4.csv,4
817,2026-09-28T10:13:48.401212,LIKE HOW TO TREAT PEOPLE WITH LOVE AND CARE AND HOW TO RECEIVE IT FROM OTHERS .,0.845,dialogue,dialogue,False,79,17,6,0,0,298,205,1.0,0.7,1.0,0.7,,1.0,1.0,0.984126984126984,1.4536585365853658,61090,0.0012931740055655,0.6875,2.575,1.0,1.0,0.0,0.855,17,1.0,0.1709999999999999,0.9,0.8,800,1280,0.6,collected_i-wont-let-my-son-become-the-evil-male-lead_ep4.csv,5
818,2026-09-28T10:13:48.401662,"NO ONE EVER TAUGHT HIM THOSE THINGS , SO I'LL DO IT .",0.7405,dialogue,dialogue,False,53,13,7,0,0,253,133,1.0,0.7,1.0,0.7,,1.0,1.0,0.926829268292683,1.9022556390977443,33649,0.0015750839549466,0.6363636363636364,1.9,1.0,1.0,0.0,0.9666666666666666,13,0.5,0.1933333333333333,1.0,0.38,800,1280,0.6,collected_i-wont-let-my-son-become-the-evil-male-lead_ep4.csv,6
819,2026-09-28T10:13:48.401829,*,0.1552,background,background,False,1,1,8,0,0,18,19,0.0,0.3,0.2,0.0,,0.0,0.2,0.0,0.9473684210526316,342,0.0029239766081871,0.0,0.5,0.0,0.0,1.0,0.3,1,0.5,0.06,0.5,0.1,800,1280,0.6,collected_i-wont-let-my-son-become-the-evil-male-lead_ep4.csv,7
820,2026-09-28T10:13:48.402068,NOD,0.4392,background,background,False,3,1,10,0,0,126,85,1.0,0.7,1.0,0.0,,1.0,0.2,1.0,1.4823529411764709,10710,0.0002801120448179,0.0,0.5,0.0,0.0,0.0,0.3,1,0.6,0.06,0.5,0.1,800,1280,0.6,collected_i-wont-let-my-son-become-the-evil-male-lead_ep4.csv,8
821,2026-09-28T10:13:48.402170,...,0.4052,background,background,False,3,1,10,0,0,21,27,0.0,0.3,0.2,0.0,,0.0,2.0,0.0,0.7777777777777778,567,0.0052910052910052,0.0,0.5,1.0,1.0,1.0,0.3,1,0.3,0.06,0.5,0.1,800,1280,0.6,collected_i-wont-let-my-son-become-the-evil-male-lead_ep4.csv,9
822,2026-09-28T10:13:48.402530,BUT NOT ONE MINUTE MORE . FWIP 1 //,0.6445,,dialogue,False,35,9,11,0,0,251,275,1.0,0.3,0.6,0.4,,1.0,0.6,0.8518518518518519,0.9127272727272728,69025,0.000507062658457,0.4285714285714285,1.8,1.0,0.0,0.0,0.5380952380952381,9,1.0,0.1076190476190476,1.0,0.36,800,1280,0.6,collected_i-wont-let-my-son-become-the-evil-male-lead_ep4.csv,10
823,2026-09-28T10:13:48.402822,GRIN,0.5892,,background,False,4,1,13,0,0,254,169,1.0,0.7,1.0,1.0,,1.0,0.2,1.0,1.5029585798816567,42926,9.318361831989936e-05,1.0,0.5,0.0,0.0,0.0,0.3,1,0.6,0.06,0.5,0.1,800,1280,0.6,collected_i-wont-let-my-son-become-the-evil-male-lead_ep4.csv,11
824,2026-09-28T10:13:48.402964,"THANK YOU , CIEL .",0.6838,,dialogue,False,18,5,13,0,0,154,58,1.0,1.0,1.0,0.4,,1.0,1.0,0.8571428571428571,2.6551724137931036,8932,0.0020152261531571,0.3333333333333333,1.6,1.0,1.0,0.0,0.95,5,0.5,0.19,0.75,0.3199999999999999,800,1280,0.6,collected_i-wont-let-my-son-become-the-evil-male-lead_ep4.csv,12
825,2026-09-28T10:13:48.403307,I PROMISE I'LL MAKE IT WORTH IT .,0.799,dialogue,dialogue,False,33,8,14,0,0,158,97,1.0,0.7,1.0,0.7,,1.0,1.0,0.9230769230769232,1.6288659793814433,15326,0.0021532037061203,0.7142857142857143,2.3428571428571425,1.0,1.0,0.0,0.6454545454545454,8,0.5,0.1290909090909091,1.0,0.8,800,1280,0.6,collected_i-wont-let-my-son-become-the-evil-male-lead_ep4.csv,13
826,2026-09-28T10:13:48.403919,Won't Let My Son Become the 4Evil Maje Lead !,0.7238,dialogue,background,False,45,10,15,0,0,621,270,1.0,1.0,0.4,0.7,,1.0,1.0,0.9428571428571428,2.3,167670,0.0002683843263553,0.6666666666666666,1.2888888888888888,1.0,1.0,0.0,0.5806451612903226,10,0.6,0.1161290322580645,1.0,0.2577777777777778,800,1280,0.6,collected_i-wont-let-my-son-become-the-evil-male-lead_ep4.csv,14
827,2026-09-28T10:13:48.404282,4,0.1825,background,background,False,1,1,16,0,0,24,26,0.0,0.3,0.2,0.0,,0.91,0.2,0.0,0.9230769230769232,624,0.0016025641025641,0.0,0.5,0.0,0.0,0.09,0.3,1,0.5,0.06,0.5,0.1,800,1280,0.6,collected_i-wont-let-my-son-become-the-evil-male-lead_ep4.csv,16
828,2026-09-28T10:13:48.404635,FLUTTER,0.4914,,background,False,7,1,17,0,0,111,45,1.0,1.0,0.6,0.0,,1.0,0.2,1.0,2.466666666666667,4995,0.0014014014014014,0.0,0.5,0.0,0.0,0.0,0.96,1,1.0,0.192,0.5,0.1,800,1280,0.6,collected_i-wont-let-my-son-become-the-evil-male-lead_ep4.csv,17
829,2026-09-28T10:13:48.404762,CHIRP CHIRP,0.4242,background,background,False,11,2,17,0,0,85,61,1.0,0.7,0.6,0.0,,1.0,0.2,1.0,1.3934426229508197,5185,0.0021215043394406,0.0,0.5,0.0,0.0,0.0,0.3,2,0.5,0.06,0.6,0.1,800,1280,0.6,collected_i-wont-let-my-son-become-the-evil-male-lead_ep4.csv,18
830,2026-09-28T10:13:48.404910,HE'S SUCH A SWEETIE PIE ...,0.6854,,dialogue,False,27,6,17,0,0,186,57,1.0,1.0,1.0,0.4,,1.0,1.0,0.9473684210526316,3.263157894736842,10602,0.0025466893039049,0.4,1.3,1.0,1.0,0.0,0.45625,6,0.5,0.09125,1.0,0.26,800,1280,0.6,collected_i-wont-let-my-son-become-the-evil-male-lead_ep4.csv,19
831,2026-09-28T10:13:48.405494,HOW'D HE WIND UP KIDNAPPING PEOPLE AND HOLDING THEM PRISONER ?,0.7392,dialogue,dialogue,False,62,11,18,0,0,267,171,1.0,0.7,1.0,0.4,,1.0,1.0,0.9615384615384616,1.5614035087719298,45657,0.001357951683203,0.4,1.82,1.0,1.0,0.0,0.6875,11,1.0,0.1375,1.0,0.364,800,1280,0.6,collected_i-wont-let-my-son-become-the-evil-male-lead_ep4.csv,20
832,2026-09-28T10:13:48.405620,OM NOM,0.4262,background,background,False,6,2,18,0,0,143,164,1.0,0.3,1.0,0.0,,1.0,0.2,1.0,0.8719512195121951,23452,0.0002558417192563,0.0,0.5,0.0,0.0,0.0,0.3,2,0.6,0.06,0.6,0.1,800,1280,0.6,collected_i-wont-let-my-son-become-the-evil-male-lead_ep4.csv,21
833,2026-09-28T10:13:48.406368,"NO ONE EVER TOOK CARE OF HIM OR LOVED HIM ,",0.739,dialogue,dialogue,False,43,11,19,0,0,208,134,1.0,0.7,1.0,0.7,,1.0,0.6,0.9696969696969696,1.5522388059701493,27872,0.0015427669345579,0.5,2.0,1.0,0.0,0.0,0.6433333333333333,11,0.5,0.1286666666666666,1.0,0.8,800,1280,0.6,collected_i-wont-let-my-son-become-the-evil-male-lead_ep4.csv,22
834,2026-09-28T10:13:48.406773,SO HE NEVER LEARNED HOW TO DO EITHER OF THOSE THINGS PROPERLY .,0.8521,dialogue,dialogue,False,63,13,20,0,0,253,170,1.0,0.7,1.0,0.7,,1.0,1.0,0.9803921568627452,1.488235294117647,43010,0.0014647756335735,0.6666666666666666,2.0500000000000003,1.0,1.0,0.0,0.8624999999999999,13,1.0,0.1725,1.0,0.8,800,1280,0.6,collected_i-wont-let-my-son-become-the-evil-male-lead_ep4.csv,23
835,2026-09-28T10:13:48.406841,SWING,0.4389,background,background,False,5,1,20,0,0,76,31,1.0,1.0,0.2,0.0,,1.0,0.2,1.0,2.4516129032258065,2356,0.0021222410865874,0.0,0.5,0.0,0.0,0.0,1.633333333333333,1,0.5,0.3266666666666666,0.5,0.1,800,1280,0.6,collected_i-wont-let-my-son-become-the-evil-male-lead_ep4.csv,24
836,2026-09-28T10:13:48.406911,SWING,0.4389,background,background,False,5,1,20,0,0,76,30,1.0,1.0,0.2,0.0,,1.0,0.2,1.0,2.533333333333333,2280,0.0021929824561403,0.0,0.5,0.0,0.0,0.0,1.633333333333333,1,0.5,0.3266666666666666,0.5,0.1,800,1280,0.6,collected_i-wont-let-my-son-become-the-evil-male-lead_ep4.csv,25
837,2026-09-28T10:13:48.407308,"I'LL RAISE CIEL RIGHT , SO HE NEVER WINDS UP LIKE HIS ORIGINAL VERSION !!!",0.7249,dialogue,dialogue,False,74,15,21,0,0,268,173,1.0,0.7,1.0,0.7,,1.0,1.0,0.9482758620689656,1.5491329479768785,46364,0.0015960659132085,0.6923076923076923,1.492307692307692,1.0,1.0,0.0,0.7226415094339622,15,0.5,0.1445283018867924,1.0,0.2984615384615384,800,1280,0.6,collected_i-wont-let-my-son-become-the-evil-male-lead_ep4.csv,26
838,2026-09-28T10:13:48.407391,EXCITED,0.4868,,background,False,7,1,21,0,0,241,47,1.0,0.7,1.0,0.0,,1.0,0.2,1.0,5.127659574468085,11327,0.0006179924075218,0.0,0.5,0.0,0.0,0.0,0.8400000000000001,1,1.0,0.168,0.5,0.1,800,1280,0.6,collected_i-wont-let-my-son-become-the-evil-male-lead_ep4.csv,27
839,2026-09-28T10:13:48.407635,STARE,0.4793,,background,False,5,1,22,0,0,100,53,1.0,0.7,0.6,0.0,,1.0,0.2,1.0,1.8867924528301887,5300,0.000943396226415,0.0,0.5,0.0,0.0,0.0,1.1666666666666667,1,1.0,0.2333333333333333,0.5,0.1,800,1280,0.6,collected_i-wont-let-my-son-become-the-evil-male-lead_ep4.csv,28
840,2026-09-28T10:13:48.407747,WHAT ARE YOU THINKING ABOUT ? YOU LOOK EXCITED ...,0.859,dialogue,dialogue,False,50,10,22,0,0,264,213,1.0,0.7,1.0,0.7,,1.0,1.0,0.9736842105263158,1.2394366197183098,56232,0.0008891734243846,0.75,2.1,1.0,1.0,0.0,1.3542857142857143,10,1.0,0.2708571428571428,1.0,0.8,800,1280,0.6,collected_i-wont-let-my-son-become-the-evil-male-lead_ep4.csv,29
841,2026-09-28T10:13:48.407989,SMILE,0.5892,,background,False,5,1,23,0,0,153,123,1.0,0.7,1.0,1.0,,1.0,0.2,1.0,1.2439024390243902,18819,0.0002656889313991,1.0,0.5,0.0,0.0,0.0,0.3,1,0.6,0.06,0.5,0.1,800,1280,0.6,collected_i-wont-let-my-son-become-the-evil-male-lead_ep4.csv,30
842,2026-09-28T10:13:48.408301,I WAS JUST THINKING ABOUT WHAT I SHOULD TEACH YOU FIRST !,0.8483,dialogue,dialogue,False,57,12,24,0,0,199,175,1.0,0.7,1.0,1.0,,1.0,1.0,0.9782608695652174,1.1371428571428572,34825,0.0016367552045944,0.8181818181818182,2.190909090909091,1.0,1.0,0.0,0.9488372093023256,12,0.5,0.1897674418604651,1.0,0.8,800,1280,0.6,collected_i-wont-let-my-son-become-the-evil-male-lead_ep4.csv,31
843,2026-09-28T10:13:48.408773,"CIEL , IF YOU HAD A BIRD THAT YOU REALLY , REALLY CARED ABOUT , WHAT WOULD YOU DO WITH IT ?",0.8818,dialogue,dialogue,False,91,22,26,0,0,295,248,1.0,0.7,0.6,1.0,,1.0,1.0,0.9428571428571428,1.189516129032258,73160,0.0012438490978676,0.8333333333333334,2.566666666666667,1.0,1.0,0.0,1.128125,22,1.0,0.225625,0.9,0.8,800,1280,0.6,collected_i-wont-let-my-son-become-the-evil-male-lead_ep4.csv,32
844,2026-09-28T10:13:48.408907,A BIRD ?,0.7677,dialogue,dialogue,False,8,3,27,0,0,97,24,1.0,1.0,0.2,0.7,,1.0,1.0,0.8333333333333334,4.041666666666667,2328,0.0034364261168384,0.5,2.5,1.0,1.0,0.0,0.3,3,0.5,0.06,0.75,0.8,800,1280,0.6,collected_i-wont-let-my-son-become-the-evil-male-lead_ep4.csv,33
845,2026-09-28T10:13:48.409091,I'D BUILD IT A PRETTY CAGE .,0.7272,dialogue,dialogue,False,28,7,28,0,0,160,98,1.0,0.7,1.0,0.7,,1.0,1.0,0.9090909090909092,1.6326530612244898,15680,0.0017857142857142,0.5,1.7666666666666666,1.0,1.0,0.0,0.3,7,0.5,0.06,1.0,0.3533333333333333,800,1280,0.6,collected_i-wont-let-my-son-become-the-evil-male-lead_ep4.csv,34
846,2026-09-28T10:13:48.409153,MUNCH,0.4822,,background,False,5,1,28,0,0,119,51,1.0,1.0,0.6,0.0,,1.0,0.2,1.0,2.3333333333333335,6069,0.0008238589553468,0.0,0.5,0.0,0.0,0.0,0.3,1,1.0,0.06,0.5,0.1,800,1280,0.6,collected_i-wont-let-my-son-become-the-evil-male-lead_ep4.csv,35
847,2026-09-28T10:13:48.409417,"OHHH , SO IT CAN HAVE A BEAUTIFUL HOME ? HOW NICE !",0.7953,dialogue,dialogue,False,51,13,29,0,0,231,136,1.0,0.7,1.0,0.7,,1.0,1.0,0.9210526315789472,1.6985294117647058,31416,0.0016233766233766,0.6,2.21,1.0,1.0,0.0,0.3757575757575757,13,0.5,0.0751515151515151,1.0,0.8,800,1280,0.6,collected_i-wont-let-my-son-become-the-evil-male-lead_ep4.csv,36
848,2026-09-28T10:13:48.409514,GRIN,0.5892,,background,False,4,1,30,0,0,175,151,1.0,0.7,1.0,1.0,,1.0,0.2,1.0,1.1589403973509933,26425,0.0001513718070009,1.0,0.5,0.0,0.0,0.0,0.3,1,0.6,0.06,0.5,0.1,800,1280,0.6,collected_i-wont-let-my-son-become-the-evil-male-lead_ep4.csv,37
849,2026-09-28T10:13:48.409721,"YEAH . IT'S IMPORTANT TO ME , RIGHT ?",0.8557,dialogue,dialogue,False,37,9,31,0,0,200,100,1.0,1.0,1.0,1.0,,1.0,1.0,0.8620689655172413,2.0,20000,0.00185,1.0,2.0833333333333335,1.0,1.0,0.0,0.4043478260869566,9,0.5,0.0808695652173913,1.0,0.8,800,1280,0.6,collected_i-wont-let-my-son-become-the-evil-male-lead_ep4.csv,38
850,2026-09-28T10:13:48.409777,POKE,0.4672,,background,False,4,1,31,0,0,101,73,1.0,0.7,0.6,0.0,,1.0,0.2,1.0,1.3835616438356164,7373,0.0005425200054252,0.0,0.5,0.0,0.0,0.0,0.3,1,1.0,0.06,0.5,0.1,800,1280,0.6,collected_i-wont-let-my-son-become-the-evil-male-lead_ep4.csv,39
851,2026-09-28T10:13:48.410020,I'D KEEP IT CAGED SO THAT IT COULDN'T GO ANYWHERE .,0.801,dialogue,dialogue,False,51,11,32,0,0,248,135,1.0,0.7,1.0,0.7,,1.0,1.0,0.926829268292683,1.837037037037037,33480,0.0015232974910394,0.7,2.04,1.0,1.0,0.0,0.7861111111111111,11,0.5,0.1572222222222222,1.0,0.8,800,1280,0.6,collected_i-wont-let-my-son-become-the-evil-male-lead_ep4.csv,40
852,2026-09-28T10:13:48.410120,SMIRK,0.6292,,background,False,5,1,33,0,0,137,71,1.0,0.7,1.0,1.0,,1.0,0.2,1.0,1.9295774647887325,9727,0.0005140331037318,1.0,0.5,0.0,0.0,0.0,0.3,1,1.0,0.06,0.5,0.1,800,1280,0.6,collected_i-wont-let-my-son-become-the-evil-male-lead_ep4.csv,41
853,2026-09-28T10:13:48.410363,YOU'D KEEP IT CAGED ... ... SO THAT IT CAN'T ESCAPE ?! SHOCKED,0.6656,,dialogue,False,62,13,35,0,0,577,459,1.0,0.7,0.4,0.7,,1.0,0.6,0.9090909090909092,1.2570806100217864,264843,0.000234100957926,0.6,1.8299999999999996,1.0,0.0,0.0,0.6236842105263157,13,0.6,0.1247368421052631,1.0,0.3659999999999999,800,1280,0.6,collected_i-wont-let-my-son-become-the-evil-male-lead_ep4.csv,42
854,2026-09-28T10:13:48.410507,JUST LOOKING AT IT IS GOOD ENOUGH FOR ME .,0.8477,dialogue,dialogue,False,42,10,36,0,0,193,173,1.0,0.7,1.0,0.7,,1.0,1.0,0.9696969696969696,1.115606936416185,33389,0.0012578993081553,0.7777777777777778,2.288888888888889,1.0,1.0,0.0,0.55,10,1.0,0.11,1.0,0.8,800,1280,0.6,collected_i-wont-let-my-son-become-the-evil-male-lead_ep4.csv,43
855,2026-09-28T10:13:48.410636,"IF YOU LET IT GO , IT'D LEAVE ...",0.8435,dialogue,dialogue,False,33,9,37,0,0,192,98,1.0,0.7,1.0,1.0,,1.0,1.0,0.9090909090909092,1.9591836734693877,18816,0.0017538265306122,0.8571428571428571,2.1,1.0,1.0,0.0,0.6055555555555556,9,0.5,0.1211111111111111,1.0,0.8,800,1280,0.6,collected_i-wont-let-my-son-become-the-evil-male-lead_ep4.csv,44
856,2026-09-28T10:13:48.410749,THIS IS A DISASTER !,0.8514,dialogue,dialogue,False,20,5,38,0,0,190,88,1.0,1.0,1.0,0.7,,1.0,1.0,0.9375,2.159090909090909,16720,0.0011961722488038,0.75,2.275,1.0,1.0,0.0,0.9923076923076924,5,1.0,0.1984615384615384,0.75,0.8,800,1280,0.6,collected_i-wont-let-my-son-become-the-evil-male-lead_ep4.csv,45
857,2026-09-28T10:13:48.410787,D,0.4192,background,background,False,1,1,38,0,0,143,208,1.0,0.3,1.0,0.0,,1.0,0.2,1.0,0.6875,29744,3.362022592791823e-05,0.0,0.5,0.0,0.0,0.0,0.3,1,0.6,0.06,0.5,0.1,800,1280,0.6,collected_i-wont-let-my-son-become-the-evil-male-lead_ep4.csv,46
858,2026-09-28T10:13:48.411018,DUN,0.4392,background,background,False,3,1,39,0,0,274,201,1.0,0.7,1.0,0.0,,1.0,0.2,1.0,1.36318407960199,55074,5.447216472382613e-05,0.0,0.5,0.0,0.0,0.0,0.3,1,0.6,0.06,0.5,0.1,800,1280,0.6,collected_i-wont-let-my-son-become-the-evil-male-lead_ep4.csv,47
859,2026-09-28T10:13:48.411122,"NO MATTER HOW I TRY TO SALVAGE THIS , HE'S ALREADY A TWISTED MALE LEAD IN THE MAKING !",0.7927,dialogue,dialogue,False,86,19,39,0,0,266,206,1.0,0.7,1.0,0.7,,1.0,1.0,0.9558823529411764,1.2912621359223302,54796,0.0015694576246441,0.6470588235294118,2.076470588235294,1.0,1.0,0.0,0.6952380952380952,19,0.5,0.139047619047619,0.9,0.8,800,1280,0.6,collected_i-wont-let-my-son-become-the-evil-male-lead_ep4.csv,48
860,2026-09-28T10:13:48.411242,WHY AREN'T YOU SAYING ANYTHING ?,0.724,dialogue,dialogue,False,32,6,40,0,0,162,100,1.0,0.7,1.0,0.7,,1.0,1.0,0.925925925925926,1.62,16200,0.0019753086419753,0.6,1.16,1.0,1.0,0.0,1.3695652173913044,6,0.5,0.2739130434782609,1.0,0.2319999999999999,800,1280,0.6,collected_i-wont-let-my-son-become-the-evil-male-lead_ep4.csv,49
861,2026-09-28T10:13:48.411281,TILT,0.4702,,background,False,4,1,40,0,0,80,38,1.0,1.0,0.2,0.0,,1.0,0.2,1.0,2.1052631578947367,3040,0.0013157894736842,0.0,0.5,0.0,0.0,0.0,0.3,1,1.0,0.06,0.5,0.1,800,1280,0.6,collected_i-wont-let-my-son-become-the-evil-male-lead_ep4.csv,50
862,2026-09-28T10:13:48.411447,ACK,0.4392,background,background,False,3,1,41,0,0,134,86,1.0,0.7,1.0,0.0,,1.0,0.2,1.0,1.558139534883721,11524,0.0002603262755987,0.0,0.5,0.0,0.0,0.0,0.3,1,0.6,0.06,0.5,0.1,800,1280,0.6,collected_i-wont-let-my-son-become-the-evil-male-lead_ep4.csv,51
863,2026-09-28T10:13:48.411527,I WAS JUST ... SURPRISED BY WHAT A DEEP THINKER YOU ARE !,0.816,dialogue,dialogue,False,57,13,41,0,0,274,134,1.0,1.0,1.0,0.7,,1.0,1.0,0.9761904761904762,2.044776119402985,36716,0.001552456694629,0.7272727272727273,2.1636363636363636,1.0,1.0,0.0,0.7871794871794872,13,0.5,0.1574358974358974,1.0,0.8,800,1280,0.6,collected_i-wont-let-my-son-become-the-evil-male-lead_ep4.csv,52
864,2026-09-28T10:13:48.411746,AHAHA ...,0.7012,dialogue,dialogue,False,9,2,42,0,0,190,110,1.0,0.7,1.0,0.0,,0.5,2.0,1.0,1.7272727272727273,20900,0.0004306220095693,0.0,0.5,1.0,1.0,0.5,0.3,2,0.6,0.06,0.6,0.1,800,1280,0.6,collected_i-wont-let-my-son-become-the-evil-male-lead_ep4.csv,53
865,2026-09-28T10:13:48.411838,WHY DON'T WE READ A BOOK TOGETHER NEXT TIME ? WHAT DO YOU THINK ?,0.7909,dialogue,dialogue,False,65,15,42,0,0,296,171,1.0,0.7,1.0,1.0,,1.0,1.0,0.9411764705882352,1.7309941520467835,50616,0.0012841789157578,0.8461538461538461,1.984615384615385,1.0,1.0,0.0,1.0978260869565215,15,1.0,0.2195652173913043,0.3,0.3969230769230769,800,1280,0.6,collected_i-wont-let-my-son-become-the-evil-male-lead_ep4.csv,54
866,2026-09-28T10:13:48.412168,", OKAY ...",0.8097,dialogue,dialogue,False,10,3,44,0,0,94,61,1.0,0.7,0.6,1.0,,1.0,1.0,1.0,1.540983606557377,5734,0.0017439832577607,1.0,2.0,1.0,1.0,0.0,0.3,3,0.5,0.06,0.75,0.8,800,1280,0.6,collected_i-wont-let-my-son-become-the-evil-male-lead_ep4.csv,55
867,2026-09-28T10:13:48.412206,HEHE,0.4052,background,background,False,4,1,44,0,0,59,19,1.0,1.0,0.2,0.0,,0.5,0.2,1.0,3.1052631578947367,1121,0.0035682426404995,0.0,0.5,0.0,0.0,0.5,0.3,1,0.5,0.06,0.5,0.1,800,1280,0.6,collected_i-wont-let-my-son-become-the-evil-male-lead_ep4.csv,56
868,2026-09-28T10:13:48.412256,SWING SWING,0.4602,,background,False,11,2,44,0,0,171,151,1.0,0.7,1.0,0.0,,1.0,0.2,1.0,1.1324503311258278,25821,0.0004260098369544,0.0,0.5,0.0,0.0,0.0,1.3,2,0.6,0.26,0.6,0.1,800,1280,0.6,collected_i-wont-let-my-son-become-the-evil-male-lead_ep4.csv,57
869,2026-09-28T10:13:48.412372,I WONDER WHERE IT ALL WENT WRONG FOR CIEL . ARE MOST TWISTED MALE LEADS JUST BORN THIS WAY ?,0.7591,dialogue,dialogue,False,92,20,44,0,0,319,207,1.0,0.7,0.6,0.7,,1.0,1.0,0.9726027397260274,1.541062801932367,66033,0.0013932427725531,0.5,1.5944444444444443,1.0,1.0,0.0,0.7304347826086957,20,1.0,0.1460869565217391,0.9,0.3188888888888889,800,1280,0.6,collected_i-wont-let-my-son-become-the-evil-male-lead_ep4.csv,58
870,2026-09-28T10:13:48.412471,WEEP DA DUM,0.4787,,background,False,11,3,45,0,0,484,618,1.0,0.3,0.4,0.4,,1.0,0.2,1.0,0.7831715210355987,299112,3.677552221241541e-05,0.3333333333333333,0.5,0.0,0.0,0.0,0.3,3,0.6,0.06,0.75,0.1,800,1280,0.6,collected_i-wont-let-my-son-become-the-evil-male-lead_ep4.csv,59
871,2026-09-28T10:13:48.412621,WHAT DO I DO ? ! ? ! ? !,0.906,dialogue,dialogue,False,24,10,46,0,0,210,86,0.8,1.0,1.0,1.0,,1.0,1.0,0.6,2.441860465116279,18060,0.001328903654485,1.0,3.625,1.0,1.0,0.0,1.1428571428571428,10,1.0,0.2285714285714285,1.0,1.0,800,1280,0.6,collected_i-wont-let-my-son-become-the-evil-male-lead_ep4.csv,60
872,2026-09-28T10:13:48.412905,YOUR GRACE .,0.6977,,dialogue,False,12,3,48,0,0,87,56,1.0,0.7,0.6,0.7,,1.0,1.0,0.9,1.5535714285714286,4872,0.0024630541871921,0.5,1.4,1.0,1.0,0.0,1.0857142857142856,3,0.5,0.2171428571428571,0.75,0.2799999999999999,800,1280,0.6,collected_i-wont-let-my-son-become-the-evil-male-lead_ep4.csv,61
873,2026-09-28T10:13:48.412946,SIGH,0.6172,,background,False,4,1,48,0,0,102,60,1.0,0.7,0.6,1.0,,1.0,0.2,1.0,1.7,6120,0.0006535947712418,1.0,0.5,0.0,0.0,0.0,0.3,1,1.0,0.06,0.5,0.1,800,1280,0.6,collected_i-wont-let-my-son-become-the-evil-male-lead_ep4.csv,62
874,2026-09-28T10:13:48.413011,THE SITUATION'S WAY WORSE THAN I THOUGHT .,0.8195,dialogue,dialogue,False,42,8,48,0,0,257,95,1.0,1.0,1.0,0.7,,1.0,1.0,0.9428571428571428,2.705263157894737,24415,0.0017202539422486,0.5714285714285714,2.1142857142857143,1.0,1.0,0.0,1.032258064516129,8,0.5,0.2064516129032258,1.0,0.8,800,1280,0.6,collected_i-wont-let-my-son-become-the-evil-male-lead_ep4.csv,63
875,2026-09-28T10:13:48.413083,"HOW SHOULD I TRAIN-- I MEAN , TEACH CIEL FROM",0.7206,dialogue,dialogue,False,45,10,48,0,0,226,133,1.0,0.7,1.0,0.7,,1.0,0.6,0.9166666666666666,1.699248120300752,30058,0.001497105595848,0.6666666666666666,1.8111111111111111,1.0,0.0,0.0,0.4451612903225806,10,1.0,0.0890322580645161,1.0,0.3622222222222222,800,1280,0.6,collected_i-wont-let-my-son-become-the-evil-male-lead_ep4.csv,64
876,2026-09-28T10:13:48.413249,YOUR GRACE !!!,0.7597,dialogue,dialogue,False,14,3,49,0,0,163,88,1.0,0.7,1.0,0.7,,1.0,1.0,0.9,1.8522727272727273,14344,0.0009760178471834,0.5,1.4,1.0,1.0,0.0,1.0857142857142856,3,1.0,0.2171428571428571,0.75,0.2799999999999999,800,1280,0.6,collected_i-wont-let-my-son-become-the-evil-male-lead_ep4.csv,66
877,2026-09-28T10:13:48.413658,My,0.7242,dialogue,background,False,2,1,50,0,0,202,145,1.0,0.7,1.0,1.0,,1.0,0.2,1.0,1.393103448275862,29290,6.828269033799931e-05,1.0,3.1,0.0,0.0,0.0,0.3,1,0.6,0.06,0.5,1.0,800,1280,0.6,collected_i-wont-let-my-son-become-the-evil-male-lead_ep4.csv,67
878,2026-09-28T10:13:48.413720,"FLINCH ACK , YOU SCARED ME , DAISY !",0.6542,,dialogue,False,36,9,50,0,0,262,325,1.0,0.3,0.6,0.4,,1.0,1.0,0.8928571428571429,0.8061538461538461,85150,0.0004227833235466,0.3333333333333333,1.4,1.0,1.0,0.0,0.6565217391304348,9,0.6,0.1313043478260869,1.0,0.28,800,1280,0.6,collected_i-wont-let-my-son-become-the-evil-male-lead_ep4.csv,68
879,2026-09-28T10:13:48.414082,"I KEPT TRYING TO GET YOUR ATTENTION , BUT YOU WERE IGNORING ME ... & SNIFFLE",0.7272,dialogue,dialogue,False,76,16,52,0,0,424,377,1.0,0.7,0.4,0.7,,1.0,0.6,0.9824561403508772,1.1246684350132623,159848,0.0004754516790951,0.6153846153846154,2.069230769230769,1.0,0.0,0.0,0.8685185185185185,16,0.6,0.1737037037037037,0.9,0.8,800,1280,0.6,collected_i-wont-let-my-son-become-the-evil-male-lead_ep4.csv,69
880,2026-09-28T10:13:48.414151,IS SOMETHING WORRYING YOU ? YOU SEEM QUITE DOWN ...,0.7243,dialogue,dialogue,False,51,10,52,0,0,228,134,1.0,0.7,1.0,0.7,,1.0,1.0,0.9743589743589745,1.7014925373134329,30552,0.0016692851531814,0.625,1.325,1.0,1.0,0.0,1.0388888888888888,10,0.5,0.2077777777777777,1.0,0.265,800,1280,0.6,collected_i-wont-let-my-son-become-the-evil-male-lead_ep4.csv,70
881,2026-09-28T10:13:48.414261,"WELL , YOU SEE ...",0.8544,dialogue,dialogue,False,18,5,53,0,0,138,61,1.0,1.0,1.0,1.0,,1.0,1.0,0.9090909090909092,2.262295081967213,8418,0.0021382751247327,1.0,2.6333333333333333,1.0,1.0,0.0,1.5625,5,0.5,0.3125,0.75,0.8,800,1280,0.6,collected_i-wont-let-my-son-become-the-evil-male-lead_ep4.csv,71
882,2026-09-28T10:13:48.414485,0,0.1825,background,background,False,1,1,54,0,0,13,9,0.0,0.7,0.2,0.0,,0.91,0.2,0.0,1.4444444444444444,117,0.0085470085470085,0.0,0.5,0.0,0.0,0.09,0.3,1,0.3,0.06,0.5,0.1,800,1280,0.6,collected_i-wont-let-my-son-become-the-evil-male-lead_ep4.csv,72
883,2026-09-28T10:13:48.414550,GULP,0.4542,,background,False,4,1,54,0,0,152,72,1.0,1.0,1.0,0.0,,1.0,0.2,1.0,2.111111111111111,10944,0.0003654970760233,0.0,0.5,0.0,0.0,0.0,0.3,1,0.6,0.06,0.5,0.1,800,1280,0.6,collected_i-wont-let-my-son-become-the-evil-male-lead_ep4.csv,73
884,2026-09-28T10:13:48.414618,A SUPER HOT MEMORY,0.513,,dialogue,False,18,4,54,0,0,317,131,1.0,1.0,1.0,0.075,,1.0,0.2,1.0,2.4198473282442747,41527,0.0004334529342355,0.25,1.5,0.0,0.0,0.0,0.3,4,0.6,0.06,0.75,0.3,800,1280,0.6,collected_i-wont-let-my-son-become-the-evil-male-lead_ep4.csv,74
885,2026-09-28T10:13:48.414698,"CIEL SET THAT NOTEBOOK ON FIRE , SO ...",0.7517,dialogue,dialogue,False,39,9,54,0,0,254,95,1.0,1.0,1.0,0.7,,1.0,1.0,0.9642857142857144,2.6736842105263157,24130,0.0016162453377538,0.5714285714285714,1.8571428571428572,1.0,1.0,0.0,0.7839999999999999,9,0.5,0.1568,1.0,0.3714285714285714,800,1280,0.6,collected_i-wont-let-my-son-become-the-evil-male-lead_ep4.csv,75
886,2026-09-28T10:13:48.414869,"YEAH , MAYBE I SHOULDN'T TELL DAISY ANYTHING ...",0.7185,dialogue,dialogue,False,48,9,55,0,0,199,144,1.0,0.7,1.0,0.7,,1.0,1.0,0.945945945945946,1.3819444444444444,28656,0.0016750418760469,0.7142857142857143,1.2571428571428571,1.0,1.0,0.0,0.7696969696969697,9,0.5,0.1539393939393939,1.0,0.2514285714285714,800,1280,0.6,collected_i-wont-let-my-son-become-the-evil-male-lead_ep4.csv,76
887,2026-09-28T10:13:48.415091,AH ... IS IT BECAUSE HIS GRACE WILL BE RETURNING SOON ?,0.7402,dialogue,dialogue,False,55,12,56,0,0,202,172,1.0,0.7,1.0,0.7,,1.0,1.0,0.975609756097561,1.1744186046511629,34744,0.001583007137923,0.7,1.98,1.0,1.0,0.0,0.7736842105263158,12,0.5,0.1547368421052631,1.0,0.396,800,1280,0.6,collected_i-wont-let-my-son-become-the-evil-male-lead_ep4.csv,77
888,2026-09-28T10:13:48.415137,S,0.4352,background,background,False,1,1,56,0,0,30,37,1.0,0.3,0.2,0.0,,1.0,0.2,1.0,0.8108108108108109,1110,0.0009009009009009,0.0,0.5,0.0,0.0,0.0,0.3,1,1.0,0.06,0.5,0.1,800,1280,0.6,collected_i-wont-let-my-son-become-the-evil-male-lead_ep4.csv,78
889,2026-09-28T10:13:48.415280,HM ?,0.6572,,dialogue,False,4,2,57,0,0,53,23,0.8,1.0,0.2,0.0,,1.0,2.0,0.6666666666666666,2.3043478260869565,1219,0.0032813781788351,0.0,0.5,1.0,1.0,0.0,0.3,2,0.5,0.06,0.6,0.1,800,1280,0.6,collected_i-wont-let-my-son-become-the-evil-male-lead_ep4.csv,79
890,2026-09-28T10:13:48.415324,G,0.3852,background,background,False,1,1,57,0,0,14,13,1.0,0.7,0.2,0.0,,1.0,0.2,1.0,1.0769230769230769,182,0.0054945054945054,0.0,0.5,0.0,0.0,0.0,0.3,1,0.3,0.06,0.5,0.1,800,1280,0.6,collected_i-wont-let-my-son-become-the-evil-male-lead_ep4.csv,80
891,2026-09-28T10:13:48.415382,HIS GRACE ... ?,0.7619,dialogue,dialogue,False,15,4,57,0,0,161,21,1.0,0.5,0.6,0.7,,1.0,1.0,0.8888888888888888,7.666666666666667,3381,0.0044365572315882,0.5,2.0,1.0,1.0,0.0,0.8166666666666665,4,0.5,0.1633333333333333,0.75,0.8,800,1280,0.6,collected_i-wont-let-my-son-become-the-evil-male-lead_ep4.csv,81
892,2026-09-28T10:13:48.415715,"SHE MUST BE REFERRING TO THE TALL , HANDSOME MAN I SAW WHEN I FIRST WOKE UP HERE .",0.773,dialogue,dialogue,False,82,19,58,0,0,205,245,1.0,0.3,1.0,0.7,,1.0,1.0,0.96875,0.8367346938775511,50225,0.0016326530612244,0.7058823529411765,2.1941176470588233,1.0,1.0,0.0,0.7133333333333333,19,0.5,0.1426666666666666,0.9,0.8,800,1280,0.6,collected_i-wont-let-my-son-become-the-evil-male-lead_ep4.csv,82
893,2026-09-28T10:13:48.415866,HE'S SERIEL'S HUSBAND AND CIEL'S FATHER ...,0.7228,dialogue,dialogue,False,43,7,60,0,0,236,133,1.0,0.7,1.0,0.4,,1.0,1.0,0.9117647058823528,1.7744360902255638,31388,0.0013699502994775,0.3333333333333333,1.1666666666666667,1.0,1.0,0.0,0.9172413793103448,7,1.0,0.1834482758620689,1.0,0.2333333333333333,800,1280,0.6,collected_i-wont-let-my-son-become-the-evil-male-lead_ep4.csv,83
894,2026-09-28T10:13:48.417021,GLOOM,0.4392,background,background,False,5,1,61,0,0,192,186,1.0,0.7,1.0,0.0,,1.0,0.2,1.0,1.032258064516129,35712,0.0001400089605734,0.0,0.5,0.0,0.0,0.0,0.3,1,0.6,0.06,0.5,0.1,800,1280,0.6,collected_i-wont-let-my-son-become-the-evil-male-lead_ep4.csv,84
895,2026-09-28T10:13:48.417245,"RAISING A CHILD IS THE DUTY OF BOTH PARENTS , SO MAYBE I SHOULD HAVE A LITTLE CHAT WITH HIM . IT COULD BE A GOOD CHANCE FOR US TO GET CLOSER TOO . Y - YOUR GRACE ? ARE YOU CERTAIN ALL RIGHT YOU'RE ?",0.8178,dialogue,dialogue,False,198,46,61,0,0,599,461,1.0,0.7,0.4,0.7,,1.0,1.0,0.9605263157894736,1.299349240780911,276139,0.0007170301913166,0.75,2.115,1.0,1.0,0.0,0.7034722222222222,46,1.0,0.1406944444444444,0.8,0.8,800,1280,0.6,collected_i-wont-let-my-son-become-the-evil-male-lead_ep4.csv,85
896,2026-09-28T10:13:48.417465,SOB,0.6172,,background,False,3,1,62,0,0,84,57,1.0,0.7,0.6,1.0,,1.0,0.2,1.0,1.4736842105263157,4788,0.0006265664160401,1.0,0.5,0.0,0.0,0.0,0.3,1,1.0,0.06,0.5,0.1,800,1280,0.6,collected_i-wont-let-my-son-become-the-evil-male-lead_ep4.csv,86
897,2026-09-28T10:13:48.417569,"IT SEEMS HER GRACE STILL FINDS THE DUKE A BIT UNCOMFORTABLE TO BE AROUND ,",0.7381,dialogue,dialogue,False,74,15,62,0,0,286,172,1.0,0.7,1.0,0.7,,1.0,0.6,0.9833333333333332,1.662790697674419,49192,0.0015043096438445,0.5,2.164285714285714,1.0,0.0,0.0,0.5789473684210527,15,0.5,0.1157894736842105,1.0,0.8,800,1280,0.6,collected_i-wont-let-my-son-become-the-evil-male-lead_ep4.csv,87
898,2026-09-28T10:13:48.417755,DA DUN,0.4492,background,background,False,6,2,63,0,0,392,175,1.0,1.0,0.6,0.0,,1.0,0.2,1.0,2.24,68600,8.746355685131195e-05,0.0,0.5,0.0,0.0,0.0,0.3,2,0.6,0.06,0.6,0.1,800,1280,0.6,collected_i-wont-let-my-son-become-the-evil-male-lead_ep4.csv,88
899,2026-09-28T10:13:48.417845,COMING UP WITH A PLAN TO GET CLOSER TO HER HUSBAND,0.7474,dialogue,dialogue,False,50,11,63,0,0,428,126,1.0,1.0,1.0,0.7,,1.0,0.2,1.0,3.3968253968253967,53928,0.0009271621421154,0.6363636363636364,2.590909090909091,0.0,0.0,0.0,0.886842105263158,11,1.0,0.1773684210526316,1.0,0.8,800,1280,0.6,collected_i-wont-let-my-son-become-the-evil-male-lead_ep4.csv,89
900,2026-09-28T10:13:48.418000,FOR THE SAKE OF HER ADORABLE SON .,0.8507,dialogue,dialogue,False,34,8,64,0,0,376,75,1.0,0.7,1.0,0.7,,1.0,1.0,0.9629629629629628,5.013333333333334,28200,0.0012056737588652,0.5714285714285714,2.6142857142857143,1.0,1.0,0.0,0.7625000000000001,8,1.0,0.1525,1.0,0.8,800,1280,0.6,collected_i-wont-let-my-son-become-the-evil-male-lead_ep4.csv,90
901,2026-09-28T10:13:48.418368,"DAISY , WHEN IS THE DUKE MEANT TO RETURN ?",0.7464,dialogue,dialogue,False,42,10,65,0,0,260,99,1.0,1.0,1.0,0.7,,1.0,1.0,0.9393939393939394,2.6262626262626263,25740,0.0016317016317016,0.5,1.8375,1.0,1.0,0.0,0.4448275862068965,10,0.5,0.0889655172413793,1.0,0.3675,800,1280,0.6,collected_i-wont-let-my-son-become-the-evil-male-lead_ep4.csv,91
902,2026-09-28T10:13:48.418446,FWIP,0.4392,background,background,False,4,1,65,0,0,158,104,1.0,0.7,1.0,0.0,,1.0,0.2,1.0,1.5192307692307692,16432,0.0002434274586173,0.0,0.5,0.0,0.0,0.0,0.3,1,0.6,0.06,0.5,0.1,800,1280,0.6,collected_i-wont-let-my-son-become-the-evil-male-lead_ep4.csv,92
903,2026-09-28T10:13:48.418866,"OH , UM ...",0.8247,dialogue,dialogue,False,11,4,66,0,0,119,50,1.0,1.0,0.6,1.0,,1.0,1.0,0.8,2.38,5950,0.0018487394957983,1.0,2.0,1.0,1.0,0.0,0.3,4,0.5,0.06,0.75,0.8,800,1280,0.6,collected_i-wont-let-my-son-become-the-evil-male-lead_ep4.csv,93
904,2026-09-28T10:13:48.418973,"IF EVERYTHING GOES ACCORDINGLY , IN ABOUT TWO DAYS .",0.7543,dialogue,dialogue,False,52,10,66,0,0,277,135,1.0,1.0,1.0,0.4,,1.0,1.0,0.9534883720930232,2.051851851851852,37395,0.0013905602353255,0.375,1.725,1.0,1.0,0.0,0.8974358974358975,10,1.0,0.1794871794871795,1.0,0.345,800,1280,0.6,collected_i-wont-let-my-son-become-the-evil-male-lead_ep4.csv,94
905,2026-09-28T10:13:48.419060,YOUR GRACE ... I REALIZE THIS IS A RUDE,0.7415,dialogue,dialogue,False,39,9,66,0,0,191,96,1.0,0.7,1.0,0.7,,1.0,0.6,1.0,1.9895833333333333,18336,0.0021269633507853,0.625,2.075,1.0,0.0,0.0,0.823076923076923,9,0.5,0.1646153846153846,1.0,0.8,800,1280,0.6,collected_i-wont-let-my-son-become-the-evil-male-lead_ep4.csv,95
906,2026-09-28T10:13:48.419417,QUESTION ...,0.7012,dialogue,dialogue,False,12,2,67,0,0,158,25,1.0,0.5,0.6,0.0,,1.0,2.0,1.0,6.32,3950,0.0030379746835443,0.0,0.5,1.0,1.0,0.0,1.5166666666666666,2,0.5,0.3033333333333333,0.6,0.1,800,1280,0.6,collected_i-wont-let-my-son-become-the-evil-male-lead_ep4.csv,96
907,2026-09-28T10:13:48.419478,FIDGET,0.4672,,background,False,6,1,67,0,0,94,58,1.0,0.7,0.6,0.0,,1.0,0.2,1.0,1.6206896551724137,5452,0.0011005135730007,0.0,0.5,0.0,0.0,0.0,0.3,1,1.0,0.06,0.5,0.1,800,1280,0.6,collected_i-wont-let-my-son-become-the-evil-male-lead_ep4.csv,97
908,2026-09-28T10:13:48.419614,"... BUT WHEN HIS GRACE RETURNS , WILL YOU BE HERE AT THE MANOR OR ELSEWHERE ?",0.7954,dialogue,dialogue,False,77,17,67,0,0,281,172,1.0,0.7,1.0,0.7,,1.0,1.0,0.9655172413793104,1.6337209302325582,48332,0.0015931473971695,0.7142857142857143,2.5500000000000003,1.0,1.0,0.0,0.887037037037037,17,0.5,0.1774074074074074,0.9,0.8,800,1280,0.6,collected_i-wont-let-my-son-become-the-evil-male-lead_ep4.csv,98
909,2026-09-28T10:13:48.419721,TILT,0.4822,,background,False,4,1,68,0,0,95,45,1.0,1.0,0.6,0.0,,1.0,0.2,1.0,2.111111111111111,4275,0.0009356725146198,0.0,0.5,0.0,0.0,0.0,0.3,1,1.0,0.06,0.5,0.1,800,1280,0.6,collected_i-wont-let-my-son-become-the-evil-male-lead_ep4.csv,99
910,2026-09-28T10:13:48.419901,WHY DO YOU ASK ?,0.7847,dialogue,dialogue,False,16,5,69,0,0,130,58,1.0,1.0,0.6,0.7,,1.0,1.0,0.9166666666666666,2.2413793103448274,7540,0.0021220159151193,0.75,2.125,1.0,1.0,0.0,0.6555555555555556,5,0.5,0.1311111111111111,0.75,0.8,800,1280,0.6,collected_i-wont-let-my-son-become-the-evil-male-lead_ep4.csv,100
911,2026-09-28T10:13:48.420104,YOU'VE BEEN SHOWERING HIS LORDSHIP WITH ATTENTION LATELY ...,0.7742,dialogue,dialogue,False,60,9,70,0,0,250,171,1.0,0.7,1.0,0.7,,1.0,1.0,0.979591836734694,1.4619883040935673,42750,0.0014035087719298,0.5,1.3,1.0,1.0,0.0,1.0847826086956522,9,1.0,0.2169565217391304,1.0,0.26,800,1280,0.6,collected_i-wont-let-my-son-become-the-evil-male-lead_ep4.csv,101
912,2026-09-28T10:13:48.420666,... AND THINGS AROUND THE MANOR HAVE BEEN LIVELY AND WONDERFUL EVER SINCE YOU RECOVERED FROM YOUR ACCIDENT . I'M TRULY THANKFUL FOR IT .,0.7715,dialogue,dialogue,False,136,25,71,0,0,378,284,1.0,0.7,0.6,0.7,,1.0,1.0,0.9724770642201837,1.3309859154929575,107352,0.0012668604217899,0.5,1.9227272727272728,1.0,1.0,0.0,0.9125,25,1.0,0.1825,0.9,0.3845454545454545,800,1280,0.6,collected_i-wont-let-my-son-become-the-evil-male-lead_ep4.csv,102
913,2026-09-28T10:13:48.420767,GRIP,0.4392,background,background,False,4,1,72,0,0,182,181,1.0,0.7,1.0,0.0,,1.0,0.2,1.0,1.0055248618784531,32942,0.0001214255357901,0.0,0.5,0.0,0.0,0.0,0.3,1,0.6,0.06,0.5,0.1,800,1280,0.6,collected_i-wont-let-my-son-become-the-evil-male-lead_ep4.csv,103
914,2026-09-28T10:13:48.421241,"THAT'S WHY I HAVE A FAVOR TO ASK OF YOU , YOUR GRACE !",0.8002,dialogue,dialogue,False,54,14,73,0,0,213,133,1.0,0.7,1.0,0.7,,1.0,1.0,0.926829268292683,1.6015037593984962,28329,0.0019061738854177,0.75,2.566666666666667,1.0,1.0,0.0,0.7250000000000001,14,0.5,0.145,1.0,0.8,800,1280,0.6,collected_i-wont-let-my-son-become-the-evil-male-lead_ep4.csv,104
915,2026-09-28T10:13:48.421329,A FAVOR ? SHE'S SO FULL OF PUMPED ENERGY ...,0.7945,dialogue,dialogue,False,44,10,73,0,0,402,145,1.0,1.0,1.0,0.7,,1.0,1.0,0.9375,2.7724137931034485,58290,0.0007548464573683,0.5,1.7999999999999998,1.0,1.0,0.0,0.3892857142857143,10,1.0,0.0778571428571428,1.0,0.36,800,1280,0.6,collected_i-wont-let-my-son-become-the-evil-male-lead_ep4.csv,105
916,2026-09-28T10:13:48.421531,I KNOW THIS IS INCREDIBLY AUDACIOUS OF ME ...,0.7998,dialogue,dialogue,False,45,9,75,0,0,197,140,1.0,0.7,1.0,0.7,,1.0,1.0,1.0,1.4071428571428573,27580,0.0016316171138506,0.75,2.3625,1.0,1.0,0.0,0.696875,9,0.5,0.139375,1.0,0.8,800,1280,0.6,collected_i-wont-let-my-son-become-the-evil-male-lead_ep4.csv,106
917,2026-09-28T10:13:48.421584,Bow,0.4542,,background,False,3,1,75,0,0,201,95,1.0,1.0,1.0,0.0,,1.0,0.2,1.0,2.1157894736842104,19095,0.0001571091908876,0.0,0.5,0.0,0.0,0.0,0.3,1,0.6,0.06,0.5,0.1,800,1280,0.6,collected_i-wont-let-my-son-become-the-evil-male-lead_ep4.csv,107
918,2026-09-28T10:13:48.421930,"... BUT WHEN HIS GRACE RETURNS , COULD YOU PLEASE GREET HIM JUST THIS ONE TIME ?!",0.8578,dialogue,dialogue,False,81,17,76,0,0,354,172,1.0,1.0,1.0,0.7,,1.0,1.0,0.9516129032258064,2.058139534883721,60888,0.0013303113914071,0.7142857142857143,2.3642857142857143,1.0,1.0,0.0,0.6964912280701754,17,1.0,0.1392982456140351,0.9,0.8,800,1280,0.6,collected_i-wont-let-my-son-become-the-evil-male-lead_ep4.csv,108
919,2026-09-28T10:13:48.422056,DUN,0.4542,,background,False,3,1,77,0,0,178,88,1.0,1.0,1.0,0.0,,1.0,0.2,1.0,2.022727272727273,15664,0.0001915219611848,0.0,0.5,0.0,0.0,0.0,0.3,1,0.6,0.06,0.5,0.1,800,1280,0.6,collected_i-wont-let-my-son-become-the-evil-male-lead_ep4.csv,109
920,2026-09-28T10:13:48.422123,OH MY GOD ...,0.7447,dialogue,dialogue,False,13,4,77,0,0,165,20,1.0,0.3,0.6,0.7,,1.0,1.0,1.0,8.25,3300,0.0039393939393939,0.6666666666666666,2.033333333333333,1.0,1.0,0.0,0.3,4,0.5,0.06,0.75,0.8,800,1280,0.6,collected_i-wont-let-my-son-become-the-evil-male-lead_ep4.csv,110
921,2026-09-28T10:13:48.422285,SERIEL !!!,0.6942,,dialogue,False,10,2,78,0,0,165,31,1.0,0.7,0.6,0.0,,1.0,2.0,0.8571428571428571,5.32258064516129,5115,0.0019550342130987,0.0,0.5,1.0,1.0,0.0,0.3,2,0.5,0.06,0.6,0.1,800,1280,0.6,collected_i-wont-let-my-son-become-the-evil-male-lead_ep4.csv,111
922,2026-09-28T10:13:48.422347,SLAP SLAP,0.4462,background,background,False,9,2,78,0,0,176,132,1.0,0.7,1.0,0.0,,1.0,0.2,1.0,1.3333333333333333,23232,0.0003873966942148,0.0,0.5,0.0,0.0,0.0,0.3,2,0.6,0.06,0.6,0.1,800,1280,0.6,collected_i-wont-let-my-son-become-the-evil-male-lead_ep4.csv,112
923,2026-09-28T10:13:48.422407,SLAP,0.4822,,background,False,4,1,78,0,0,114,53,1.0,1.0,0.6,0.0,,1.0,0.2,1.0,2.150943396226415,6042,0.0006620324395895,0.0,0.5,0.0,0.0,0.0,0.3,1,1.0,0.06,0.5,0.1,800,1280,0.6,collected_i-wont-let-my-son-become-the-evil-male-lead_ep4.csv,113
924,2026-09-28T10:13:48.422652,AAAH,0.4392,background,background,False,4,1,79,0,0,238,117,1.0,1.0,1.0,0.0,,0.5,0.2,1.0,2.034188034188034,27846,0.0001436472024707,0.0,0.5,0.0,0.0,0.5,0.3,1,0.6,0.06,0.5,0.1,800,1280,0.6,collected_i-wont-let-my-son-become-the-evil-male-lead_ep4.csv,114
925,2026-09-28T10:13:48.422772,WAS YOUR RELATIONSHIP WITH YOUR HUSBAND THAT BAD ? ! ? ! ? !,0.7588,dialogue,dialogue,False,60,14,79,0,0,278,132,1.0,1.0,1.0,0.7,,1.0,1.0,0.8723404255319149,2.106060606060606,36696,0.0016350555918901,0.75,1.85,1.0,1.0,0.0,1.3076923076923077,14,0.5,0.2615384615384615,1.0,0.37,800,1280,0.6,collected_i-wont-let-my-son-become-the-evil-male-lead_ep4.csv,115
926,2026-09-28T10:13:48.424707,"M - MY APOLOGIES , YOUR GRACE . I OVERSTEPPED , DIDN'T I ?! IT'S JUST THAT YOU'VE MADE EVERYONE SO HAPPY LATELY THAT I FORGOT MYSELF !",0.7658,dialogue,dialogue,False,134,28,80,0,0,338,285,1.0,0.7,0.6,0.7,,1.0,1.0,0.9150943396226416,1.1859649122807017,96330,0.0013910515934807,0.5454545454545454,1.8136363636363635,1.0,1.0,0.0,0.74,28,1.0,0.148,0.9,0.3627272727272727,800,1280,0.6,collected_i-wont-let-my-son-become-the-evil-male-lead_ep4.csv,116
927,2026-09-28T10:13:48.424853,"I - IF YOU WISH TO PUNISH ME , I - I SHALL GLADLY ACCEPT IT ! I'M TRULY SORRY !",0.7889,dialogue,dialogue,False,79,21,80,0,0,299,171,1.0,0.7,1.0,0.7,,1.0,1.0,0.9298245614035088,1.7485380116959064,51129,0.0015451113849283,0.6875,2.24375,1.0,1.0,0.0,0.4196078431372548,21,0.5,0.0839215686274509,0.9,0.8,800,1280,0.6,collected_i-wont-let-my-son-become-the-evil-male-lead_ep4.csv,117
928,2026-09-28T10:13:48.424919,e ' 111 SOB,0.4767,,background,False,11,4,80,0,0,157,149,0.8,0.7,1.0,0.4,,1.0,0.2,0.6666666666666666,1.0536912751677852,23393,0.0004702261360235,0.3333333333333333,0.5,0.0,0.0,0.0,0.3,4,0.6,0.06,0.75,0.1,800,1280,0.6,collected_i-wont-let-my-son-become-the-evil-male-lead_ep4.csv,118
929,2026-09-28T10:13:48.425000,8 111,0.1945,background,background,False,5,2,80,0,0,41,38,0.0,0.7,0.2,0.0,,0.41,0.2,0.0,1.0789473684210529,1558,0.0032092426187419,0.0,0.5,0.0,0.0,0.59,0.3,2,0.5,0.06,0.6,0.1,800,1280,0.6,collected_i-wont-let-my-son-become-the-evil-male-lead_ep4.csv,119
930,2026-09-28T10:13:48.425153,0,0.1825,background,background,False,1,1,81,0,0,12,18,0.0,0.3,0.2,0.0,,0.91,0.2,0.0,0.6666666666666666,216,0.0046296296296296,0.0,0.5,0.0,0.0,0.09,0.3,1,0.5,0.06,0.5,0.1,800,1280,0.6,collected_i-wont-let-my-son-become-the-evil-male-lead_ep4.csv,120
931,2026-09-28T10:13:48.425215,x,0.4052,background,background,False,1,1,81,0,0,19,16,1.0,0.7,0.2,0.0,,1.0,0.2,1.0,1.1875,304,0.0032894736842105,0.0,0.5,0.0,0.0,0.0,0.3,1,0.5,0.06,0.5,0.1,800,1280,0.6,collected_i-wont-let-my-son-become-the-evil-male-lead_ep4.csv,121
932,2026-09-28T10:13:48.425272,G,0.3852,background,background,False,1,1,81,0,0,18,29,1.0,0.3,0.2,0.0,,1.0,0.2,1.0,0.6206896551724138,522,0.0019157088122605,0.0,0.5,0.0,0.0,0.0,0.3,1,0.5,0.06,0.5,0.1,800,1280,0.6,collected_i-wont-let-my-son-become-the-evil-male-lead_ep4.csv,122
933,2026-09-28T10:13:48.425473,WHAT ARE YOU TALKING ABOUT ?,0.8559,dialogue,dialogue,False,28,6,82,0,0,173,96,1.0,0.7,1.0,1.0,,1.0,1.0,0.9565217391304348,1.8020833333333333,16608,0.0016859344894026,0.8,2.08,1.0,1.0,0.0,1.49,6,0.5,0.298,1.0,0.8,800,1280,0.6,collected_i-wont-let-my-son-become-the-evil-male-lead_ep4.csv,123
934,2026-09-28T10:13:48.425532,SMILE,0.6322,,background,False,5,1,82,0,0,130,56,1.0,1.0,0.6,1.0,,1.0,0.2,1.0,2.3214285714285716,7280,0.0006868131868131,1.0,0.5,0.0,0.0,0.0,0.3,1,1.0,0.06,0.5,0.1,800,1280,0.6,collected_i-wont-let-my-son-become-the-evil-male-lead_ep4.csv,124
935,2026-09-28T10:13:48.425720,I'LL GLADLY WELCOME HIS GRACE BACK .,0.732,dialogue,dialogue,False,36,7,83,0,0,278,97,1.0,1.0,1.0,0.7,,1.0,1.0,0.9333333333333332,2.865979381443299,26966,0.0013350144626566,0.5,1.25,1.0,1.0,0.0,0.6038461538461538,7,1.0,0.1207692307692307,0.3,0.25,800,1280,0.6,collected_i-wont-let-my-son-become-the-evil-male-lead_ep4.csv,125
936,2026-09-28T10:13:48.426256,"YES , I THOUGHT YOU WOULD SAY--",0.7916,dialogue,dialogue,False,31,7,85,0,0,159,133,1.0,0.7,1.0,0.7,,1.0,0.6,0.88,1.1954887218045114,21147,0.0014659289733768,0.6666666666666666,2.3666666666666667,1.0,0.0,0.0,0.8300000000000001,7,1.0,0.166,1.0,0.8,800,1280,0.6,collected_i-wont-let-my-son-become-the-evil-male-lead_ep4.csv,126
937,2026-09-28T10:13:48.426326,HUUUUH ?!,0.7042,dialogue,dialogue,False,9,2,85,0,0,182,33,0.8,0.7,0.6,0.0,,1.0,2.0,0.6666666666666666,5.515151515151516,6006,0.0014985014985014,0.0,0.5,1.0,1.0,0.0,0.3,2,1.0,0.06,0.6,0.1,800,1280,0.6,collected_i-wont-let-my-son-become-the-evil-male-lead_ep4.csv,127
938,2026-09-28T10:13:48.426391,SHOCKED 3 GRIN,0.5047,,background,False,14,3,85,0,0,365,295,1.0,0.7,0.6,0.4,,1.0,0.2,0.9166666666666666,1.2372881355932204,107675,0.0001300208962154,0.3333333333333333,0.5,0.0,0.0,0.0,0.3,3,0.6,0.06,0.75,0.1,800,1280,0.6,collected_i-wont-let-my-son-become-the-evil-male-lead_ep4.csv,128
939,2026-09-28T10:13:48.426533,"IF THE PARENTS DON'T GET ALONG , THEN IT'LL HAVE A NEGATIVE EFFECT ON THEIR",0.7917,dialogue,dialogue,False,75,15,85,0,0,299,168,1.0,0.7,1.0,0.7,,1.0,0.6,0.9508196721311476,1.7797619047619049,50232,0.001493072145246,0.6428571428571429,2.2214285714285715,1.0,0.0,0.0,0.8357142857142856,15,1.0,0.1671428571428571,1.0,0.8,800,1280,0.6,collected_i-wont-let-my-son-become-the-evil-male-lead_ep4.csv,129
940,2026-09-28T10:13:48.426661,CHILD !,0.8472,dialogue,dialogue,False,7,2,86,0,0,83,21,1.0,1.0,0.2,1.0,,1.0,2.0,0.8333333333333334,3.952380952380953,1743,0.0040160642570281,1.0,0.5,1.0,1.0,0.0,0.3,2,0.5,0.06,0.6,0.1,800,1280,0.6,collected_i-wont-let-my-son-become-the-evil-male-lead_ep4.csv,130
941,2026-09-28T10:13:48.426815,"GO ON , DAISY .",0.7647,dialogue,dialogue,False,15,5,87,0,0,96,62,1.0,0.7,0.6,0.7,,1.0,1.0,0.8181818181818182,1.5483870967741935,5952,0.0025201612903225,0.6666666666666666,2.3333333333333335,1.0,1.0,0.0,0.3,5,0.5,0.06,0.75,0.8,800,1280,0.6,collected_i-wont-let-my-son-become-the-evil-male-lead_ep4.csv,131
942,2026-09-28T10:13:48.426877,FWIP,0.4672,,background,False,4,1,87,0,0,100,52,1.0,0.7,0.6,0.0,,1.0,0.2,1.0,1.9230769230769231,5200,0.0007692307692307,0.0,0.5,0.0,0.0,0.0,0.3,1,1.0,0.06,0.5,0.1,800,1280,0.6,collected_i-wont-let-my-son-become-the-evil-male-lead_ep4.csv,132
943,2026-09-28T10:13:48.427068,LET THE REST OF THE SERVANTS KNOW ...,0.8219,dialogue,dialogue,False,37,8,88,0,0,239,96,1.0,1.0,1.0,0.7,,1.0,1.0,1.0,2.4895833333333335,22944,0.0016126220362622,0.7142857142857143,2.642857142857143,1.0,1.0,0.0,1.204,8,0.5,0.2408,1.0,0.8,800,1280,0.6,collected_i-wont-let-my-son-become-the-evil-male-lead_ep4.csv,133
944,2026-09-28T10:13:48.427171,SMIRK,0.5702,,background,False,5,1,89,0,0,80,33,1.0,1.0,0.2,1.0,,1.0,0.2,1.0,2.4242424242424243,2640,0.0018939393939393,1.0,0.5,0.0,0.0,0.0,0.3,1,0.5,0.06,0.5,0.1,800,1280,0.6,collected_i-wont-let-my-son-become-the-evil-male-lead_ep4.csv,134
945,2026-09-28T10:13:48.427454,... THAT I'LL BE GIVING THE DUKE A VERY GRAND WELCOME HOME .,0.8682,dialogue,dialogue,False,60,13,90,0,0,309,135,1.0,1.0,1.0,0.7,,1.0,1.0,0.9555555555555556,2.2888888888888888,41715,0.0014383315354189,0.5454545454545454,2.0090909090909093,1.0,1.0,0.0,0.9439024390243904,13,1.0,0.188780487804878,1.0,0.8,800,1280,0.6,collected_i-wont-let-my-son-become-the-evil-male-lead_ep4.csv,135
946,2026-09-28T10:13:48.427813,I REFUSE TO LET THAT ADORABLE LITTLE ANGEL GROW UP TO BE A MURDEROUS JAIL WARDEN !,0.8277,dialogue,dialogue,False,82,17,91,0,0,299,208,1.0,0.7,0.6,0.7,,1.0,1.0,0.9848484848484848,1.4375,62192,0.0013184975559557,0.625,2.15625,1.0,1.0,0.0,0.4777777777777778,17,1.0,0.0955555555555555,0.9,0.8,800,1280,0.6,collected_i-wont-let-my-son-become-the-evil-male-lead_ep4.csv,136
947,2026-09-28T10:13:48.427967,THAT'S NEVER GONNA HAPPEN !,0.7754,dialogue,dialogue,False,27,5,92,0,0,260,136,1.0,0.7,1.0,1.0,,1.0,1.0,0.9130434782608696,1.911764705882353,35360,0.0007635746606334,1.0,0.5,1.0,1.0,0.0,0.9210526315789472,5,1.0,0.1842105263157894,0.75,0.1,800,1280,0.6,collected_i-wont-let-my-son-become-the-evil-male-lead_ep4.csv,137
948,2026-09-28T10:13:48.428110,Y - YOUR ... MOVED,0.6073,,dialogue,False,18,5,93,0,0,439,208,1.0,1.0,0.6,0.4,,1.0,0.6,1.0,2.110576923076923,91312,0.0001971263360785,0.3333333333333333,1.1,1.0,0.0,0.0,0.9875,5,0.6,0.1975,0.75,0.2199999999999999,800,1280,0.6,collected_i-wont-let-my-son-become-the-evil-male-lead_ep4.csv,138
949,2026-09-28T10:13:48.428237,... GRACE !,0.5577,,dialogue,False,11,3,94,0,0,117,25,1.0,1.0,0.2,0.0,,1.0,1.0,0.8333333333333334,4.68,2925,0.0037606837606837,0.0,0.5,1.0,1.0,0.0,0.3,3,0.5,0.06,0.75,0.1,800,1280,0.6,collected_i-wont-let-my-son-become-the-evil-male-lead_ep4.csv,139
950,2026-09-28T10:13:48.428496,200 UNDERSTOOD ! I'LL LET EVERYONE KNOW RIGHT AWAY !,0.6981,,dialogue,False,52,10,95,0,0,561,292,1.0,0.7,0.4,0.7,,1.0,1.0,0.925,1.9212328767123288,163812,0.0003174370619979,0.7142857142857143,0.7714285714285715,1.0,1.0,0.0,0.9285714285714286,10,0.6,0.1857142857142857,1.0,0.1542857142857143,800,1280,0.6,collected_i-wont-let-my-son-become-the-evil-male-lead_ep4.csv,140
951,2026-09-28T10:13:48.428553,SMILE,0.6172,,background,False,5,1,95,0,0,89,56,1.0,0.7,0.6,1.0,,1.0,0.2,1.0,1.5892857142857142,4984,0.0010032102728731,1.0,0.5,0.0,0.0,0.0,0.3,1,1.0,0.06,0.5,0.1,800,1280,0.6,collected_i-wont-let-my-son-become-the-evil-male-lead_ep4.csv,141
952,2026-09-28T10:13:48.428736,I BET EVERYONE WILL BE IN A FRENZY,0.6949,,dialogue,False,34,8,96,0,0,203,96,1.0,1.0,1.0,0.7,,1.0,0.2,1.0,2.1145833333333335,19488,0.0017446633825944,0.625,2.8125,0.0,0.0,0.0,0.7040000000000001,8,0.5,0.1408,1.0,0.8,800,1280,0.6,collected_i-wont-let-my-son-become-the-evil-male-lead_ep4.csv,142
953,2026-09-28T10:13:48.429165,GETTING THINGS READY .,0.5951,,dialogue,False,22,4,97,0,0,222,60,1.0,1.0,1.0,0.0,,1.0,1.0,0.9473684210526316,3.7,13320,0.0016516516516516,0.0,0.5,1.0,1.0,0.0,1.25625,4,0.5,0.25125,0.75,0.1,800,1280,0.6,collected_i-wont-let-my-son-become-the-evil-male-lead_ep4.csv,143
954,2026-09-28T10:13:48.429262,MEHE,0.4672,,background,False,4,1,97,0,0,96,57,1.0,0.7,0.6,0.0,,1.0,0.2,1.0,1.6842105263157894,5472,0.0007309941520467,0.0,0.5,0.0,0.0,0.0,0.3,1,1.0,0.06,0.5,0.1,800,1280,0.6,collected_i-wont-let-my-son-become-the-evil-male-lead_ep4.csv,144
955,2026-09-28T10:13:48.429336,6 ),0.173,background,background,False,3,2,97,0,0,20,19,0.0,0.7,0.2,0.0,,0.36,0.2,0.0,1.0526315789473684,380,0.0078947368421052,0.0,0.5,0.0,0.0,0.64,0.3,2,0.3,0.06,0.6,0.1,800,1280,0.6,collected_i-wont-let-my-son-become-the-evil-male-lead_ep4.csv,145
956,2026-09-28T10:13:48.429464,I SHOULD GET TO WORK TOO AND FINISH UP THESE DOCUMENTS .,0.8447,dialogue,dialogue,False,56,12,97,0,0,216,172,1.0,0.7,1.0,1.0,,1.0,1.0,0.9777777777777776,1.255813953488372,37152,0.0015073212747631,0.8181818181818182,2.118181818181818,1.0,1.0,0.0,0.6952380952380952,12,0.5,0.139047619047619,1.0,0.8,800,1280,0.6,collected_i-wont-let-my-son-become-the-evil-male-lead_ep4.csv,146
957,2026-09-28T10:13:48.429626,PAUSE,0.4645,,background,False,5,1,98,0,0,245,96,1.0,1.0,1.0,0.0,,1.0,0.2,1.0,2.5520833333333335,23520,0.0002125850340136,0.0,0.5,0.0,0.0,0.0,1.0333333333333334,1,0.6,0.2066666666666667,0.5,0.1,800,1280,0.6,collected_i-wont-let-my-son-become-the-evil-male-lead_ep4.csv,147
958,2026-09-28T10:13:48.429962,GASP WHAT'S MY HUSBAND'S NAME ???,0.6893,,dialogue,False,33,6,100,0,0,319,349,1.0,0.3,0.6,0.7,,1.0,1.0,0.8846153846153846,0.9140401146131804,111331,0.0002964133978855,0.6,1.02,1.0,1.0,0.0,0.7666666666666667,6,0.6,0.1533333333333333,1.0,0.204,800,1280,0.6,collected_i-wont-let-my-son-become-the-evil-male-lead_ep4.csv,149
959,2026-09-28T10:13:48.430080,CLIP,0.4392,background,background,False,4,1,104,0,0,174,93,1.0,0.7,1.0,0.0,,1.0,0.2,1.0,1.870967741935484,16182,0.00024718823384,0.0,0.5,0.0,0.0,0.0,0.3,1,0.6,0.06,0.5,0.1,800,1280,0.6,collected_i-wont-let-my-son-become-the-evil-male-lead_ep4.csv,150
960,2026-09-28T10:13:48.430145,CLOP,0.4822,,background,False,4,1,104,0,0,112,48,1.0,1.0,0.6,0.0,,1.0,0.2,1.0,2.3333333333333335,5376,0.0007440476190476,0.0,0.5,0.0,0.0,0.0,0.3,1,1.0,0.06,0.5,0.1,800,1280,0.6,collected_i-wont-let-my-son-become-the-evil-male-lead_ep4.csv,151
961,2026-09-28T10:13:48.430280,ARE YOU ALL,0.6971,,dialogue,False,11,3,106,0,0,167,22,1.0,0.5,0.6,1.0,,1.0,0.2,1.0,7.590909090909091,3674,0.0029940119760479,1.0,2.433333333333333,0.0,0.0,0.0,1.542857142857143,3,0.5,0.3085714285714286,0.75,0.8,800,1280,0.6,collected_i-wont-let-my-son-become-the-evil-male-lead_ep4.csv,152
962,2026-09-28T10:13:48.430431,"RIGHT , YOUR GRACE ?",0.7139,dialogue,dialogue,False,20,5,107,0,0,163,62,1.0,1.0,1.0,0.7,,1.0,1.0,0.875,2.629032258064516,10106,0.0019790223629527,0.6666666666666666,1.1,1.0,1.0,0.0,0.9583333333333334,5,0.5,0.1916666666666666,0.75,0.2199999999999999,800,1280,0.6,collected_i-wont-let-my-son-become-the-evil-male-lead_ep4.csv,153
963,2026-09-28T10:13:48.430534,&,0.7748,dialogue,background,False,1,1,108,0,0,41,43,1.0,0.3,0.2,1.0,,1.0,0.2,1.0,0.9534883720930232,1763,0.0005672149744753,1.0,4.5,0.0,0.0,0.0,4.2,1,1.0,0.8400000000000001,0.5,1.0,800,1280,0.6,collected_i-wont-let-my-son-become-the-evil-male-lead_ep4.csv,154
964,2026-09-28T10:13:48.430797,MUTTER I DON'T PARTICULARLY FEEL LIKE RETURNING TO THE MANOR .,0.7766,dialogue,dialogue,False,62,11,109,0,0,254,243,1.0,0.7,0.6,0.7,,1.0,1.0,0.9615384615384616,1.045267489711934,61722,0.0010045040666213,0.6,1.94,1.0,1.0,0.0,0.74375,11,1.0,0.14875,1.0,0.388,800,1280,0.6,collected_i-wont-let-my-son-become-the-evil-male-lead_ep4.csv,155
965,2026-09-28T10:13:48.430987,"AH , IS IT BECAUSE OF HER GRACE ?",0.86,dialogue,dialogue,False,33,9,110,0,0,222,96,1.0,1.0,1.0,1.0,,1.0,1.0,0.92,2.3125,21312,0.0015484234234234,0.8571428571428571,2.1714285714285713,1.0,1.0,0.0,0.7142857142857143,9,0.5,0.1428571428571428,1.0,0.8,800,1280,0.6,collected_i-wont-let-my-son-become-the-evil-male-lead_ep4.csv,156
966,2026-09-28T10:13:48.431193,CHILLS DO YOU HAVE A DEATH WISH ?!,0.7896,dialogue,dialogue,False,34,8,112,0,0,436,396,1.0,0.7,0.4,0.7,,1.0,1.0,0.925925925925926,1.101010101010101,172656,0.0001969233620609,0.5714285714285714,2.5285714285714285,1.0,1.0,0.0,0.5434782608695652,8,0.6,0.108695652173913,1.0,0.8,800,1280,0.6,collected_i-wont-let-my-son-become-the-evil-male-lead_ep4.csv,157
967,2026-09-28T10:13:48.431250,GLARE,0.4513,,background,False,5,1,112,0,0,152,77,1.0,0.7,1.0,0.0,,1.0,0.2,1.0,1.974025974025974,11704,0.0004272043745727,0.0,0.5,0.0,0.0,0.0,1.1666666666666667,1,0.6,0.2333333333333333,0.5,0.1,800,1280,0.6,collected_i-wont-let-my-son-become-the-evil-male-lead_ep4.csv,158
968,2026-09-28T10:13:48.431400,I - I'M SORRY ...,0.7897,dialogue,dialogue,False,17,5,113,0,0,186,22,1.0,0.3,0.6,1.0,,1.0,1.0,0.8888888888888888,8.454545454545455,4092,0.0041544477028347,1.0,2.1999999999999997,1.0,1.0,0.0,0.3,5,0.5,0.06,0.75,0.8,800,1280,0.6,collected_i-wont-let-my-son-become-the-evil-male-lead_ep4.csv,159
969,2026-09-28T10:13:48.431573,THAT'S ENOUGH .,0.67,,dialogue,False,15,3,114,0,0,115,60,1.0,0.7,0.6,0.7,,1.0,1.0,0.8461538461538461,1.9166666666666667,6900,0.0021739130434782,0.5,0.5,1.0,1.0,0.0,1.0333333333333334,3,0.5,0.2066666666666667,0.75,0.1,800,1280,0.6,collected_i-wont-let-my-son-become-the-evil-male-lead_ep4.csv,160
970,2026-09-28T10:13:48.431628,FWIP,0.4822,,background,False,4,1,114,0,0,89,42,1.0,1.0,0.6,0.0,,1.0,0.2,1.0,2.119047619047619,3738,0.0010700909577314,0.0,0.5,0.0,0.0,0.0,0.3,1,1.0,0.06,0.5,0.1,800,1280,0.6,collected_i-wont-let-my-son-become-the-evil-male-lead_ep4.csv,161
971,2026-09-28T10:13:48.431705,WE'LL BE ARRIVING,0.6791,,dialogue,False,17,3,114,0,0,155,61,1.0,1.0,1.0,0.7,,1.0,0.2,0.9333333333333332,2.540983606557377,9455,0.0017979904812268,0.6666666666666666,2.4,0.0,0.0,0.0,0.8250000000000001,3,0.5,0.165,0.75,0.8,800,1280,0.6,collected_i-wont-let-my-son-become-the-evil-male-lead_ep4.csv,162
972,2026-09-28T10:13:48.431866,"SOON , SO STOP CHATTERING .",0.7431,dialogue,dialogue,False,27,6,115,0,0,216,57,1.0,1.0,1.0,0.7,,1.0,1.0,0.9090909090909092,3.789473684210526,12312,0.0021929824561403,0.5,1.45,1.0,1.0,0.0,1.0444444444444445,6,0.5,0.2088888888888889,1.0,0.29,800,1280,0.6,collected_i-wont-let-my-son-become-the-evil-male-lead_ep4.csv,163
973,2026-09-28T10:13:48.432174,I'VE NO DOUBT SHE'LL TURN ME AWAY AS SOON AS I ARRIVE AGAIN .,0.7753,dialogue,dialogue,False,61,14,116,0,0,235,207,1.0,0.7,1.0,0.7,,1.0,1.0,0.9375,1.1352657004830915,48645,0.0012539829376092,0.7692307692307693,1.6,1.0,1.0,0.0,0.5209302325581395,14,1.0,0.1041860465116279,1.0,0.32,800,1280,0.6,collected_i-wont-let-my-son-become-the-evil-male-lead_ep4.csv,164
974,2026-09-28T10:13:48.432235,CLIP CLOP,0.4862,,background,False,9,2,116,0,0,123,78,1.0,0.7,1.0,0.0,,1.0,0.2,1.0,1.5769230769230769,9594,0.0009380863039399,0.0,0.5,0.0,0.0,0.0,0.3,2,1.0,0.06,0.6,0.1,800,1280,0.6,collected_i-wont-let-my-son-become-the-evil-male-lead_ep4.csv,165
975,2026-09-28T10:13:48.432461,NO ... PERHAPS SHE WON'T EVEN BE AT THE MANOR .,0.8432,dialogue,dialogue,False,47,11,117,0,0,217,132,1.0,0.7,1.0,1.0,,1.0,1.0,0.9411764705882352,1.643939393939394,28644,0.0016408322859935,0.8888888888888888,2.5,1.0,1.0,0.0,0.5866666666666667,11,0.5,0.1173333333333333,1.0,0.8,800,1280,0.6,collected_i-wont-let-my-son-become-the-evil-male-lead_ep4.csv,166
976,2026-09-28T10:13:48.432620,"WELCOME BACK , YOUR GRACE ! BOWK",0.532,,dialogue,False,32,7,120,0,0,437,446,1.0,0.3,0.4,0.4,,1.0,0.6,0.9230769230769232,0.9798206278026906,194902,0.0001641850776287,0.4,1.16,1.0,0.0,0.0,0.6590909090909091,7,0.6,0.1318181818181818,0.3,0.2319999999999999,800,1280,0.6,collected_i-wont-let-my-son-become-the-evil-male-lead_ep4.csv,167
977,2026-09-28T10:13:48.432756,WHY IS EVERYONE OUT,0.5946,,dialogue,False,19,4,122,0,0,198,57,1.0,1.0,1.0,0.7,,1.0,0.2,1.0,3.473684210526316,11286,0.0016835016835016,0.75,1.075,0.0,0.0,0.0,1.0571428571428572,4,0.5,0.2114285714285714,0.75,0.215,800,1280,0.6,collected_i-wont-let-my-son-become-the-evil-male-lead_ep4.csv,168
978,2026-09-28T10:13:48.433500,"WHOA , BOY .",0.6441,,dialogue,False,12,4,123,0,0,137,19,1.0,0.5,0.2,0.7,,1.0,1.0,0.7777777777777778,7.2105263157894735,2603,0.0046100653092585,0.5,0.5,1.0,1.0,0.0,0.76,4,0.5,0.152,0.75,0.1,800,1280,0.6,collected_i-wont-let-my-son-become-the-evil-male-lead_ep4.csv,169
979,2026-09-28T10:13:48.433553,TAP,0.4272,background,background,False,3,1,123,0,0,103,63,1.0,0.7,0.6,0.0,,1.0,0.2,1.0,1.6349206349206349,6489,0.0004623208506703,0.0,0.5,0.0,0.0,0.0,0.3,1,0.6,0.06,0.5,0.1,800,1280,0.6,collected_i-wont-let-my-son-become-the-evil-male-lead_ep4.csv,170
980,2026-09-28T10:13:48.433661,HSOOHM,0.4392,background,background,False,6,1,125,0,0,255,171,1.0,0.7,1.0,0.0,,1.0,0.2,1.0,1.4912280701754386,43605,0.0001375988992088,0.0,0.5,0.0,0.0,0.0,0.3,1,0.6,0.06,0.5,0.1,800,1280,0.6,collected_i-wont-let-my-son-become-the-evil-male-lead_ep4.csv,171
981,2026-09-28T10:13:48.433758,SWOOSH,0.4272,background,background,False,6,1,127,0,0,423,314,1.0,0.7,0.6,0.0,,1.0,0.2,1.0,1.3471337579617837,132822,4.517323937299544e-05,0.0,0.5,0.0,0.0,0.0,0.3,1,0.6,0.06,0.5,0.1,800,1280,0.6,collected_i-wont-let-my-son-become-the-evil-male-lead_ep4.csv,172
982,2026-09-28T10:13:48.433983,cocce,0.4392,background,background,False,5,1,130,0,0,192,173,1.0,0.7,1.0,0.0,,1.0,0.2,1.0,1.1098265895953756,33216,0.0001505298651252,0.0,0.5,0.0,0.0,0.0,0.3,1,0.6,0.06,0.5,0.1,800,1280,0.6,collected_i-wont-let-my-son-become-the-evil-male-lead_ep4.csv,174
983,2026-09-28T10:13:48.434042,SERIEL ... ?,0.5427,,dialogue,False,12,3,130,0,0,118,22,1.0,0.7,0.2,0.0,,1.0,1.0,0.8571428571428571,5.363636363636363,2596,0.0046224961479198,0.0,0.5,1.0,1.0,0.0,0.3,3,0.5,0.06,0.75,0.1,800,1280,0.6,collected_i-wont-let-my-son-become-the-evil-male-lead_ep4.csv,175
984,2026-09-28T10:13:48.434162,FLUTTER,0.4364,background,background,False,7,1,132,0,0,345,272,1.0,0.7,0.6,0.0,,1.0,0.2,1.0,1.2683823529411764,93840,7.459505541346974e-05,0.0,0.5,0.0,0.0,0.0,0.96,1,0.6,0.192,0.5,0.1,800,1280,0.6,collected_i-wont-let-my-son-become-the-evil-male-lead_ep4.csv,176
985,2026-09-28T10:13:48.434220,1600,0.2025,background,background,False,4,1,132,0,0,31,28,0.0,0.7,0.2,0.0,,0.91,0.2,0.0,1.1071428571428572,868,0.0046082949308755,0.0,0.5,0.0,0.0,0.09,0.3,1,0.5,0.06,0.5,0.1,800,1280,0.6,collected_i-wont-let-my-son-become-the-evil-male-lead_ep4.csv,177
986,2026-09-28T10:13:48.434274,0,0.1825,background,background,False,1,1,132,0,0,14,13,0.0,0.7,0.2,0.0,,0.91,0.2,0.0,1.0769230769230769,182,0.0054945054945054,0.0,0.5,0.0,0.0,0.09,0.3,1,0.3,0.06,0.5,0.1,800,1280,0.6,collected_i-wont-let-my-son-become-the-evil-male-lead_ep4.csv,178
987,2026-09-28T10:13:48.434467,"I'VE BEEN WAITING FOR YOU , YOUR GRACE .",0.7858,dialogue,dialogue,False,40,9,135,0,0,205,135,1.0,0.7,1.0,0.7,,1.0,1.0,0.90625,1.5185185185185186,27675,0.0014453477868112,0.7142857142857143,1.7285714285714284,1.0,1.0,0.0,0.9925925925925926,9,1.0,0.1985185185185185,1.0,0.3457142857142857,800,1280,0.6,collected_i-wont-let-my-son-become-the-evil-male-lead_ep4.csv,179
988,2026-09-28T10:13:48.434722,"To be continued Sc revolution Story / Art C.night , C.shoes Script assistance",0.5742,,background,False,77,13,136,0,0,267,309,1.0,0.3,0.6,0.0461538461538461,,1.0,0.6,0.9838709677419356,0.8640776699029126,82503,0.0009332993951735,0.1538461538461538,1.1538461538461535,1.0,0.0,0.0,0.688135593220339,13,1.0,0.1376271186440678,1.0,0.2307692307692307,800,1280,0.6,collected_i-wont-let-my-son-become-the-evil-male-lead_ep4.csv,180
989,2026-09-28T10:24:46.320699,""" WHILE YOU ARE HERE , YOU SHALL RULE ALL THAT LIVES AND MOVES AND SHALL HAVE THE GREATEST RIGHTS AMONG THE DEATHLESS GODS : THOSE WHO DEFRAUD YOU AND DO NOT APPEASE YOUR POWER WITH OFFERINGS , REVERENTLY PERFORMING RITES AND PAYING FIT GIFTS , SHALL BE PUNISHED FOR EVERMORE . "" HADES TO PERSEPHONE HESIOD , THE HOMERIC HYMNS , AND HOMERICA BY HESIOD ; HOMER ; EVELYN - WHITE , HUGH G. ( HUGH GERARD ) , D. 1924",0.6464,,dialogue,False,412,82,0,0,0,708,494,1.0,0.7,0.4,0.4,,1.0,0.6,0.9478527607361964,1.4331983805668016,349752,0.00117797753837,0.4545454545454545,1.75,1.0,0.0,0.0,0.7778501628664496,82,1.0,0.1555700325732899,0.8,0.35,800,980,0.6,collected_lore-olympus_ep1.csv,0
990,2026-09-28T10:24:46.321063,LORE OLYMPUS CREATED BY RACHEL SMYTHE EDITED BY BEKAH CADEN,0.5606,,background,False,59,10,2,0,0,345,129,1.0,1.0,1.0,0.06,,1.0,0.2,1.0,2.6744186046511627,44505,0.0013256937422761,0.2,1.1,0.0,0.0,0.0,0.6145833333333334,10,1.0,0.1229166666666666,1.0,0.22,800,980,0.6,collected_lore-olympus_ep1.csv,1
991,2026-09-28T10:24:46.321155,"EPISODE OI : STAG , YOU'RE IT",0.5901,,background,False,29,7,2,0,0,355,30,1.0,0.3,1.0,0.4,,1.0,0.6,0.8695652173913043,11.833333333333334,10650,0.0027230046948356,0.4,1.22,1.0,0.0,0.0,0.6055555555555556,7,0.5,0.1211111111111111,1.0,0.244,800,980,0.6,collected_lore-olympus_ep1.csv,2
992,2026-09-28T10:24:46.321398,"9:15 Saturday , 10 March MESSENGER Hades Where are you ?",0.6813,,background,False,56,11,6,0,0,283,330,1.0,0.3,0.6,0.4,,1.0,1.0,0.9047619047619048,0.8575757575757575,93390,0.0005996359353249,0.375,0.9125,1.0,1.0,0.0,0.7805555555555556,11,1.0,0.1561111111111111,1.0,0.1825,800,980,0.6,collected_lore-olympus_ep1.csv,3
993,2026-09-28T10:24:46.321461,O,0.4272,background,background,False,1,1,6,0,0,76,67,1.0,0.7,0.6,0.0,,1.0,0.2,1.0,1.1343283582089552,5092,0.0001963864886095,0.0,0.5,0.0,0.0,0.0,0.3,1,0.6,0.06,0.5,0.1,800,980,0.6,collected_lore-olympus_ep1.csv,4
994,2026-09-28T10:24:46.321587,HA !,0.7312,dialogue,dialogue,False,4,2,7,0,0,121,59,0.8,1.0,1.0,0.0,,1.0,2.0,0.6666666666666666,2.0508474576271185,7139,0.0005603025633842,0.0,0.5,1.0,1.0,0.0,0.3,2,1.0,0.06,0.6,0.1,800,980,0.6,collected_lore-olympus_ep1.csv,5
995,2026-09-28T10:24:46.321708,BEEP,0.6322,,background,False,4,1,11,0,0,97,39,1.0,1.0,0.6,1.0,,1.0,0.2,1.0,2.4871794871794872,3783,0.0010573618821041,1.0,0.5,0.0,0.0,0.0,0.3,1,1.0,0.06,0.5,0.1,800,980,0.6,collected_lore-olympus_ep1.csv,6
996,2026-09-28T10:24:46.321802,BEEP,0.6322,,background,False,4,1,12,0,0,94,36,1.0,1.0,0.6,1.0,,1.0,0.2,1.0,2.611111111111111,3384,0.0011820330969267,1.0,0.5,0.0,0.0,0.0,0.3,1,1.0,0.06,0.5,0.1,800,980,0.6,collected_lore-olympus_ep1.csv,7
997,2026-09-28T10:24:46.321844,BEEP,0.6322,,background,False,4,1,12,0,0,97,37,1.0,1.0,0.6,1.0,,1.0,0.2,1.0,2.6216216216216215,3589,0.0011145165784341,1.0,0.5,0.0,0.0,0.0,0.3,1,1.0,0.06,0.5,0.1,800,980,0.6,collected_lore-olympus_ep1.csv,8
998,2026-09-28T10:24:46.321969,Minthe calling Minthe ...,0.5793,,background,False,25,4,13,0,0,121,73,1.0,0.7,1.0,0.0,,1.0,1.0,1.0,1.6575342465753424,8833,0.0028302954828484,0.0,0.5,1.0,1.0,0.0,1.2,4,0.5,0.24,0.75,0.1,800,980,0.6,collected_lore-olympus_ep1.csv,9
999,2026-09-28T10:24:46.322131,speaker,0.4002,background,background,False,7,1,14,0,0,58,15,1.0,1.0,0.2,0.0,,1.0,0.2,1.0,3.8666666666666663,870,0.0080459770114942,0.0,0.5,0.0,0.0,0.0,0.3,1,0.3,0.06,0.5,0.1,800,980,0.6,collected_lore-olympus_ep1.csv,10
1000,2026-09-28T10:24:46.322193,keyboard,0.4002,background,background,False,8,1,14,0,0,70,15,1.0,1.0,0.2,0.0,,1.0,0.2,1.0,4.666666666666667,1050,0.0076190476190476,0.0,0.5,0.0,0.0,0.0,0.3,1,0.3,0.06,0.5,0.1,800,980,0.6,collected_lore-olympus_ep1.csv,11
1001,2026-09-28T10:24:46.322240,mute,0.4002,background,background,False,4,1,14,0,0,39,10,1.0,1.0,0.2,0.0,,1.0,0.2,1.0,3.9,390,0.0102564102564102,0.0,0.5,0.0,0.0,0.0,0.3,1,0.3,0.06,0.5,0.1,800,980,0.6,collected_lore-olympus_ep1.csv,12
1002,2026-09-28T10:24:46.322301,..,0.2555,background,background,False,2,1,14,0,0,8,17,0.0,0.3,0.2,0.0,,0.01,1.0,0.0,0.4705882352941176,136,0.0147058823529411,0.0,0.5,1.0,1.0,0.99,0.3,1,0.3,0.06,0.5,0.1,800,980,0.6,collected_lore-olympus_ep1.csv,13
1003,2026-09-28T10:24:46.322353,contacts,0.3971,background,background,False,8,1,14,0,0,64,11,1.0,0.7,0.2,0.0,,1.0,0.2,1.0,5.818181818181818,704,0.0113636363636363,0.0,0.5,0.0,0.0,0.0,1.15,1,0.3,0.2299999999999999,0.5,0.1,800,980,0.6,collected_lore-olympus_ep1.csv,14
1004,2026-09-28T10:24:46.322405,Hey !,1.4372,dialogue,dialogue,False,5,2,14,0,0,104,46,1.0,1.0,0.6,1.0,,1.0,2.0,0.75,2.260869565217391,4784,0.0010451505016722,1.0,2.3,1.0,1.0,0.0,0.3,2,1.0,0.06,3.0,2.5,800,980,0.6,collected_lore-olympus_ep1.csv,15
1005,2026-09-28T10:24:46.322511,You're late ...,0.7389,dialogue,dialogue,False,15,3,16,0,0,135,84,1.0,0.7,1.0,0.7,,1.0,1.0,0.9,1.6071428571428572,11340,0.0013227513227513,0.5,0.5,1.0,1.0,0.0,1.5285714285714285,3,1.0,0.3057142857142857,0.75,0.1,800,550,0.6,collected_lore-olympus_ep1.csv,16
1006,2026-09-28T10:24:46.322641,Where are you ?,0.8377,dialogue,dialogue,False,15,4,17,0,0,222,90,1.0,1.0,1.0,1.0,,1.0,1.0,0.9166666666666666,2.466666666666667,19980,0.0007507507507507,1.0,1.6,1.0,1.0,0.0,1.9444444444444444,4,1.0,0.3888888888888889,0.75,0.3199999999999999,800,980,0.6,collected_lore-olympus_ep1.csv,17
1007,2026-09-28T10:24:46.322691,Did you,0.7674,dialogue,dialogue,False,7,2,17,0,0,176,42,1.0,1.0,1.0,1.0,,1.0,0.2,1.0,4.190476190476191,7392,0.0009469696969696,1.0,2.15,0.0,0.0,0.0,1.1,2,1.0,0.22,0.6,0.8,800,980,0.6,collected_lore-olympus_ep1.csv,18
1008,2026-09-28T10:24:46.322853,get me that purse I wanted ?,0.8511,dialogue,dialogue,False,28,7,18,0,0,216,133,1.0,0.7,1.0,0.7,,1.0,1.0,0.9545454545454546,1.6240601503759398,28728,0.0009746588693957,0.6666666666666666,2.466666666666667,1.0,1.0,0.0,0.7894736842105263,7,1.0,0.1578947368421052,1.0,0.8,800,980,0.6,collected_lore-olympus_ep1.csv,19
1009,2026-09-28T10:24:46.322895,IL,0.4202,background,background,False,2,1,18,0,0,49,16,1.0,1.0,0.2,0.0,,1.0,0.2,1.0,3.0625,784,0.0025510204081632,0.0,0.5,0.0,0.0,0.0,0.3,1,0.5,0.06,0.5,0.1,800,980,0.6,collected_lore-olympus_ep1.csv,20
1010,2026-09-28T10:24:46.323053,"yean . I did , but -",0.735,dialogue,dialogue,False,20,7,19,0,0,239,73,1.0,1.0,1.0,0.7,,1.0,0.6,0.7857142857142857,3.2739726027397262,17447,0.0011463288817561,0.6,1.86,1.0,0.0,0.0,0.3,7,1.0,0.06,1.0,0.372,800,980,0.6,collected_lore-olympus_ep1.csv,21
1011,2026-09-28T10:24:46.323163,OH GREAT !,0.8184,dialogue,dialogue,False,10,3,20,0,0,183,87,1.0,1.0,1.0,1.0,,1.0,1.0,0.875,2.103448275862069,15921,0.0006281012499214,1.0,1.5,1.0,1.0,0.0,0.78,3,1.0,0.156,0.75,0.3,800,980,0.6,collected_lore-olympus_ep1.csv,22
1012,2026-09-28T10:24:46.323342,"You're coming to the Panathenaea with me , right ?",0.8431,dialogue,dialogue,False,50,10,21,0,0,327,206,1.0,0.7,0.6,0.7,,1.0,1.0,0.926829268292683,1.587378640776699,67362,0.0007422582464891,0.75,2.275,1.0,1.0,0.0,1.0777777777777775,10,1.0,0.2155555555555555,1.0,0.8,800,980,0.6,collected_lore-olympus_ep1.csv,23
1013,2026-09-28T10:24:46.323420,:,0.3005,background,background,False,1,1,22,0,0,50,18,0.0,1.0,0.2,0.0,,0.01,0.6,0.0,2.7777777777777777,900,0.0011111111111111,0.0,0.5,1.0,0.0,0.99,0.3,1,1.0,0.06,0.5,0.1,800,980,0.6,collected_lore-olympus_ep1.csv,24
1014,2026-09-28T10:24:46.323589,Hmm ... I don't think so .,0.8991,dialogue,dialogue,False,26,7,23,0,0,189,170,1.0,0.7,1.0,1.0,,1.0,1.0,0.8823529411764706,1.111764705882353,32130,0.0008092125739184,1.0,2.2,1.0,1.0,0.0,1.0076923076923077,7,1.0,0.2015384615384615,1.0,0.8,800,980,0.6,collected_lore-olympus_ep1.csv,25
1015,2026-09-28T10:24:46.323632,A,0.7202,dialogue,background,False,1,1,23,0,0,26,27,1.0,0.3,0.2,1.0,,1.0,0.2,1.0,0.9629629629629628,702,0.0014245014245014,1.0,4.5,0.0,0.0,0.0,0.3,1,1.0,0.06,0.5,1.0,800,980,0.6,collected_lore-olympus_ep1.csv,26
1016,2026-09-28T10:24:46.323760,What do . you mean ?,0.9158,dialogue,dialogue,False,20,6,26,0,0,227,90,1.0,1.0,1.0,1.0,,1.0,1.0,0.8666666666666667,2.522222222222222,20430,0.0009789525208027,1.0,2.725,1.0,1.0,0.0,1.1272727272727272,6,1.0,0.2254545454545454,1.0,0.8,800,980,0.6,collected_lore-olympus_ep1.csv,27
1017,2026-09-28T10:24:46.324071,What I mean is I don't particularly feel like being seen in public with you today .,0.8134,dialogue,dialogue,False,83,17,27,0,0,298,232,1.0,0.7,0.6,1.0,,1.0,1.0,0.9701492537313432,1.2844827586206895,69136,0.0012005322841934,0.8125,1.9,1.0,1.0,0.0,0.7428571428571428,17,1.0,0.1485714285714285,0.9,0.38,800,980,0.6,collected_lore-olympus_ep1.csv,28
1018,2026-09-28T10:24:46.324712,"Real classy , Minthe . Come on , stop messing around .",0.7135,dialogue,dialogue,False,54,12,28,0,0,357,191,1.0,0.7,0.6,0.4,,1.0,1.0,0.9069767441860463,1.869109947643979,68187,0.0007919398125742,0.375,1.3125,1.0,1.0,0.0,0.7945945945945946,12,1.0,0.1589189189189189,1.0,0.2625,800,980,0.6,collected_lore-olympus_ep1.csv,29
1019,2026-09-28T10:24:46.324781,I can't go to,0.7167,dialogue,dialogue,False,13,4,28,0,0,261,25,1.0,0.3,1.0,1.0,,1.0,0.2,0.9,10.44,6525,0.0019923371647509,1.0,3.0,0.0,0.0,0.0,0.6571428571428571,4,0.5,0.1314285714285714,0.75,1.0,800,980,0.6,collected_lore-olympus_ep1.csv,30
1020,2026-09-28T10:24:46.325072,my brother's party by myself .,0.7347,dialogue,dialogue,False,30,6,29,0,0,264,150,1.0,0.7,1.0,0.4,,1.0,1.0,0.92,1.76,39600,0.0007575757575757,0.4,1.62,1.0,1.0,0.0,0.7904761904761906,6,1.0,0.1580952380952381,1.0,0.3239999999999999,800,980,0.6,collected_lore-olympus_ep1.csv,31
1021,2026-09-28T10:24:46.325163,I don't feel like being seen with you in general .,0.8862,dialogue,dialogue,False,50,11,29,0,0,289,215,1.0,0.7,0.6,1.0,,1.0,1.0,0.95,1.344186046511628,62135,0.0008046994447573,0.8,2.13,1.0,1.0,0.0,0.9416666666666668,11,1.0,0.1883333333333333,1.0,0.8,800,980,0.6,collected_lore-olympus_ep1.csv,32
1022,2026-09-28T10:24:46.325346,"Hades , all the fine suits in the world ...",0.8649,dialogue,dialogue,False,43,10,30,0,0,439,99,1.0,1.0,1.0,0.7,,1.0,1.0,0.967741935483871,4.434343434343434,43461,0.0009893927889372,0.75,2.425,1.0,1.0,0.0,0.7035714285714285,10,1.0,0.1407142857142857,1.0,0.8,800,980,0.6,collected_lore-olympus_ep1.csv,33
1023,2026-09-28T10:24:46.325533,won't change the fact that you stink of death .,0.8488,dialogue,dialogue,False,47,10,32,0,0,480,137,1.0,1.0,0.4,0.7,,1.0,1.0,0.9473684210526316,3.5036496350364965,65760,0.0007147201946472,0.7777777777777778,2.2444444444444445,1.0,1.0,0.0,0.8441176470588235,10,1.0,0.1688235294117647,1.0,0.8,800,399,0.6,collected_lore-olympus_ep1.csv,34
1024,2026-09-28T10:24:46.325655,"Hey ,",1.2122,dialogue,dialogue,False,5,2,40,0,0,92,50,1.0,0.7,0.6,1.0,,1.0,0.6,0.75,1.84,4600,0.0010869565217391,1.0,2.3,1.0,0.0,0.0,0.3,2,1.0,0.06,3.0,2.5,800,980,0.6,collected_lore-olympus_ep1.csv,35
1025,2026-09-28T10:24:46.325702,"Hey ,",1.2122,dialogue,dialogue,False,5,2,40,0,0,102,54,1.0,0.7,0.6,1.0,,1.0,0.6,0.75,1.8888888888888888,5508,0.0009077705156136,1.0,2.3,1.0,0.0,0.0,0.3,2,1.0,0.06,3.0,2.5,800,980,0.6,collected_lore-olympus_ep1.csv,36
1026,2026-09-28T10:24:46.325800,HEY !,1.4492,dialogue,dialogue,False,5,2,41,0,0,120,44,1.0,1.0,1.0,1.0,,1.0,2.0,0.75,2.727272727272727,5280,0.0009469696969696,1.0,2.3,1.0,1.0,0.0,0.3,2,1.0,0.06,3.0,2.5,800,222,0.6,collected_lore-olympus_ep1.csv,37
1027,2026-09-28T10:24:46.325963,"Where is your date , Blue - boy ?",0.7588,dialogue,dialogue,False,33,9,42,0,0,211,163,1.0,0.7,1.0,0.7,,1.0,1.0,0.9166666666666666,1.294478527607362,34393,0.0009594975721803,0.5,0.7999999999999999,1.0,1.0,0.0,1.06,9,1.0,0.212,1.0,0.1599999999999999,800,980,0.6,collected_lore-olympus_ep1.csv,38
1028,2026-09-28T10:24:46.326046,Gone,0.4997,,dialogue,False,4,1,43,0,0,119,37,1.0,1.0,0.6,0.0,,1.0,0.2,1.0,3.216216216216216,4403,0.0009084714967067,0.0,0.5,0.0,0.0,0.0,1.5499999999999998,1,1.0,0.3099999999999999,0.5,0.1,800,980,0.6,collected_lore-olympus_ep1.csv,39
1029,2026-09-28T10:24:46.326178,I need a drink .,0.8267,dialogue,dialogue,False,16,5,44,0,0,183,108,1.0,0.7,1.0,0.7,,1.0,1.0,0.9166666666666666,1.6944444444444444,19764,0.000809552722121,0.75,2.425,1.0,1.0,0.0,0.3,5,1.0,0.06,0.75,0.8,800,980,0.6,collected_lore-olympus_ep1.csv,40
1030,2026-09-28T10:24:46.326310,Well I for one am grateful !,0.8526,dialogue,dialogue,False,28,7,45,0,0,217,142,1.0,0.7,1.0,0.7,,1.0,1.0,0.9545454545454546,1.528169014084507,30814,0.0009086778736937,0.6666666666666666,2.35,1.0,1.0,0.0,0.8999999999999999,7,1.0,0.18,1.0,0.8,800,980,0.6,collected_lore-olympus_ep1.csv,41
1031,2026-09-28T10:24:46.326435,I don't have to spend the,0.8239,dialogue,dialogue,False,25,6,46,0,0,263,93,1.0,1.0,1.0,1.0,,1.0,0.2,0.95,2.827956989247312,24459,0.0010221186475326,1.0,3.1833333333333336,0.0,0.0,0.0,0.9941176470588234,6,1.0,0.1988235294117646,1.0,1.0,800,980,0.6,collected_lore-olympus_ep1.csv,42
1032,2026-09-28T10:24:46.326561,evening with that nymph trash .,0.7485,dialogue,dialogue,False,31,6,47,0,0,273,149,1.0,0.7,1.0,0.4,,1.0,1.0,0.9615384615384616,1.832214765100671,40677,0.0007621014332423,0.4,1.94,1.0,1.0,0.0,1.091304347826087,6,1.0,0.2182608695652174,1.0,0.388,800,980,0.6,collected_lore-olympus_ep1.csv,43
1033,2026-09-28T10:24:46.326689,Did Poseidon bring his wife ?,0.7784,dialogue,dialogue,False,29,6,48,0,0,327,110,1.0,1.0,1.0,0.7,,1.0,1.0,0.9583333333333334,2.9727272727272727,35970,0.0008062274117319,0.6,1.1,1.0,1.0,0.0,0.7428571428571429,6,1.0,0.1485714285714285,1.0,0.22,800,980,0.6,collected_lore-olympus_ep1.csv,44
1034,2026-09-28T10:24:46.326782,... Yes,1.4372,dialogue,dialogue,False,7,2,52,0,0,124,38,1.0,1.0,0.6,1.0,,1.0,2.0,1.0,3.263157894736842,4712,0.0014855687606112,1.0,2.2,1.0,0.0,0.0,0.3,2,1.0,0.06,3.0,2.5,800,980,0.6,collected_lore-olympus_ep1.csv,45
1035,2026-09-28T10:24:46.326936,Great ! So I'm the only one alone ?,0.8396,dialogue,dialogue,False,35,9,53,0,0,294,169,1.0,0.7,0.6,0.7,,1.0,1.0,0.8888888888888888,1.7396449704142012,49686,0.0007044237813468,0.7142857142857143,2.0571428571428574,1.0,1.0,0.0,0.8272727272727273,9,1.0,0.1654545454545454,1.0,0.8,800,980,0.6,collected_lore-olympus_ep1.csv,46
1036,2026-09-28T10:24:46.327066,"Relax , no one will notice .",0.742,dialogue,dialogue,False,28,7,55,0,0,235,165,1.0,0.7,1.0,0.4,,1.0,1.0,0.9090909090909092,1.4242424242424243,38775,0.0007221147646679,0.4,1.9,1.0,1.0,0.0,0.711111111111111,7,1.0,0.1422222222222222,1.0,0.38,800,980,0.6,collected_lore-olympus_ep1.csv,47
1037,2026-09-28T10:24:46.327158,You did .,0.8979,dialogue,dialogue,False,9,3,57,0,0,221,59,1.0,1.0,1.0,1.0,,1.0,1.0,0.8571428571428571,3.7457627118644066,13039,0.0006902369813636,1.0,2.15,1.0,1.0,0.0,1.1,3,1.0,0.22,0.75,0.8,800,980,0.6,collected_lore-olympus_ep1.csv,48
1038,2026-09-28T10:24:46.327254,HERA !,0.722,dialogue,dialogue,False,6,2,58,0,0,616,391,1.0,0.7,0.4,0.0,,1.0,2.0,0.8,1.5754475703324808,240856,2.4911150230843325e-05,0.0,0.5,1.0,1.0,0.0,2.0,2,0.6,0.4,0.6,0.1,800,980,0.6,collected_lore-olympus_ep1.csv,49
1039,2026-09-28T10:24:46.327505,"Hera , I've been looking for you everywhere ! You look SO beautiful tonight !",0.7451,dialogue,dialogue,False,77,15,61,0,0,339,377,1.0,0.3,0.4,0.7,,1.0,1.0,0.9365079365079364,0.8992042440318302,127803,0.0006024897694107,0.5833333333333334,1.6666666666666667,1.0,1.0,0.0,0.936842105263158,15,1.0,0.1873684210526315,1.0,0.3333333333333333,800,980,0.6,collected_lore-olympus_ep1.csv,50
1040,2026-09-28T10:24:46.327639,"Oh stop , you're embarrassing me !",0.8116,dialogue,dialogue,False,34,7,62,0,0,291,204,1.0,0.7,0.6,1.0,,1.0,1.0,0.8928571428571429,1.4264705882352942,59364,0.0005727376861397,0.8,1.62,1.0,1.0,0.0,0.7130434782608696,7,1.0,0.1426086956521739,1.0,0.3239999999999999,800,980,0.6,collected_lore-olympus_ep1.csv,51
1041,2026-09-28T10:24:46.327779,How ' bout we get outta here ?,0.7958,dialogue,dialogue,False,30,8,64,0,0,329,100,1.0,1.0,1.0,0.7,,1.0,1.0,0.9545454545454546,3.29,32900,0.0009118541033434,0.6666666666666666,1.5833333333333333,1.0,1.0,0.0,0.9526315789473684,8,1.0,0.1905263157894737,1.0,0.3166666666666666,800,980,0.6,collected_lore-olympus_ep1.csv,52
1042,2026-09-28T10:24:46.327966,You big silly ! You can't leave your own party .,0.7623,dialogue,dialogue,False,48,11,65,0,0,308,187,1.0,0.7,0.6,0.7,,1.0,1.0,0.9210526315789472,1.6470588235294117,57596,0.0008333912077227,0.7777777777777778,1.4333333333333331,1.0,1.0,0.0,0.8090909090909091,11,1.0,0.1618181818181818,1.0,0.2866666666666666,800,980,0.6,collected_lore-olympus_ep1.csv,53
1043,2026-09-28T10:24:46.328065,THAT TICKLES,0.6695,,dialogue,False,12,2,66,0,0,534,187,1.0,1.0,0.6,0.7,,1.0,0.2,1.0,2.855614973262032,99858,0.000120170642312,0.5,2.4,0.0,0.0,0.0,1.0333333333333334,2,0.6,0.2066666666666667,0.6,0.8,800,980,0.6,collected_lore-olympus_ep1.csv,54
1044,2026-09-28T10:24:46.328150,Fidget,0.4822,,background,False,6,1,67,0,0,104,39,1.0,1.0,0.6,0.0,,1.0,0.2,1.0,2.6666666666666665,4056,0.0014792899408284,0.0,0.5,0.0,0.0,0.0,0.3,1,1.0,0.06,0.5,0.1,800,738,0.6,collected_lore-olympus_ep1.csv,55
1045,2026-09-28T10:24:46.328200,Ahem,0.4942,,background,False,4,1,67,0,0,126,46,1.0,1.0,1.0,0.0,,1.0,0.2,1.0,2.739130434782609,5796,0.0006901311249137,0.0,0.5,0.0,0.0,0.0,0.3,1,1.0,0.06,0.5,0.1,800,738,0.6,collected_lore-olympus_ep1.csv,56
1046,2026-09-28T10:24:46.328392,Ohhhhh !,0.7712,dialogue,dialogue,False,8,2,68,0,0,197,44,1.0,1.0,1.0,0.0,,1.0,2.0,0.75,4.4772727272727275,8668,0.0009229349330872,0.0,0.5,1.0,1.0,0.0,0.3,2,1.0,0.06,0.6,0.1,800,980,0.6,collected_lore-olympus_ep1.csv,57
1047,2026-09-28T10:24:46.328462,"Hello , Hades . I didn't see you there .",0.843,dialogue,dialogue,False,40,10,68,0,0,284,169,1.0,0.7,0.6,0.7,,1.0,1.0,0.8709677419354839,1.680473372781065,47996,0.0008334027835652,0.7142857142857143,2.085714285714286,1.0,1.0,0.0,1.068,10,1.0,0.2136,1.0,0.8,800,980,0.6,collected_lore-olympus_ep1.csv,58
1048,2026-09-28T10:24:46.328580,"Hey , where's your date ?",0.7982,dialogue,dialogue,False,25,6,69,0,0,284,115,1.0,1.0,1.0,0.7,,1.0,1.0,0.85,2.4695652173913043,32660,0.0007654623392529,0.75,1.4,1.0,1.0,0.0,1.5133333333333332,6,1.0,0.3026666666666666,1.0,0.2799999999999999,800,980,0.6,collected_lore-olympus_ep1.csv,59
1049,2026-09-28T10:24:46.328748,"Zeus , I wish you knew when to shut up .",0.8358,dialogue,dialogue,False,40,11,70,0,0,247,202,1.0,0.7,0.6,0.7,,1.0,1.0,0.9333333333333332,1.2227722772277227,49894,0.0008016996031586,0.5555555555555556,2.2222222222222223,1.0,1.0,0.0,0.5576923076923077,11,1.0,0.1115384615384615,1.0,0.8,800,980,0.6,collected_lore-olympus_ep1.csv,60
1050,2026-09-28T10:24:46.328851,Hey Artemis !,0.7487,dialogue,dialogue,False,13,3,72,0,0,268,50,1.0,0.7,1.0,0.7,,1.0,1.0,0.9090909090909092,5.36,13400,0.0009701492537313,0.5,1.4,1.0,1.0,0.0,0.3,3,1.0,0.06,0.75,0.2799999999999999,800,980,0.6,collected_lore-olympus_ep1.csv,61
1051,2026-09-28T10:24:46.328958,What do you think ?,0.9364,dialogue,dialogue,False,19,5,73,0,0,228,103,1.0,1.0,1.0,1.0,,1.0,1.0,0.9333333333333332,2.2135922330097086,23484,0.0008090614886731,1.0,3.125,1.0,1.0,0.0,1.7083333333333333,5,1.0,0.3416666666666667,0.75,1.0,800,980,0.6,collected_lore-olympus_ep1.csv,62
1052,2026-09-28T10:24:46.329132,Persephone ...,0.7653,dialogue,dialogue,False,14,2,74,0,0,286,54,1.0,0.7,1.0,0.0,,1.0,2.0,1.0,5.296296296296297,15444,0.0009065009065009,0.0,0.5,1.0,1.0,0.0,0.95,2,1.0,0.19,0.6,0.1,800,980,0.6,collected_lore-olympus_ep1.csv,63
1053,2026-09-28T10:24:46.329209,You can't wear that . You look like a relic .,0.7957,dialogue,dialogue,False,45,11,74,0,0,444,264,1.0,0.7,0.4,0.7,,1.0,1.0,0.9142857142857144,1.681818181818182,117216,0.0003839066339066,0.7777777777777778,2.5,1.0,1.0,0.0,0.98,11,0.6,0.196,1.0,0.8,800,980,0.6,collected_lore-olympus_ep1.csv,64
1054,2026-09-28T10:24:46.329389,But this is the only dress I have right now ...,0.8873,dialogue,dialogue,False,47,11,75,0,0,267,183,1.0,0.7,0.6,1.0,,1.0,1.0,1.0,1.459016393442623,48861,0.0009619123636438,0.9,2.64,1.0,1.0,0.0,1.021875,11,1.0,0.204375,1.0,0.8,800,980,0.6,collected_lore-olympus_ep1.csv,65
1055,2026-09-28T10:24:46.329537,I've got something you can borrow !,0.7633,dialogue,dialogue,False,35,7,77,0,0,230,216,1.0,0.7,0.6,0.7,,1.0,1.0,0.9310344827586208,1.0648148148148149,49680,0.0007045088566827,0.5,1.3833333333333335,1.0,1.0,0.0,0.984,7,1.0,0.1967999999999999,1.0,0.2766666666666667,800,980,0.6,collected_lore-olympus_ep1.csv,66
1056,2026-09-28T10:24:46.329673,THANKS !,1.4027,dialogue,dialogue,False,8,2,79,0,0,727,201,1.0,1.0,0.4,1.0,,1.0,2.0,0.8571428571428571,3.616915422885572,146127,5.474689824604625e-05,1.0,1.8,1.0,1.0,0.0,1.125,2,0.6,0.225,3.0,2.5,800,980,0.6,collected_lore-olympus_ep1.csv,67
1057,2026-09-28T10:24:46.329730,You're a real lifesaver !,0.7821,dialogue,dialogue,False,25,5,79,0,0,282,87,1.0,1.0,1.0,0.7,,1.0,1.0,0.9047619047619048,3.2413793103448274,24534,0.0010189940490747,0.5,1.5,1.0,1.0,0.0,1.4,5,1.0,0.28,0.75,0.3,800,980,0.6,collected_lore-olympus_ep1.csv,68
1058,2026-09-28T10:24:46.329837,LORE OLYMPUS COMMUNITY,0.4286,background,background,False,22,3,82,0,0,425,33,1.0,0.3,1.0,0.0,,1.0,0.2,1.0,12.87878787878788,14025,0.0015686274509803,0.0,0.5,0.0,0.0,0.0,0.4333333333333333,3,0.5,0.0866666666666666,0.75,0.1,800,980,0.6,collected_lore-olympus_ep1.csv,69
1059,2026-09-28T10:24:46.330129,EMAIL LOREOLYMPUS@GMAIL.COM PATREON LOREOLYMPUS TUMBLR USEDBANDAID INSTAGRAM USEDBANDAID TWITCH RACHELSMYTHE TWITTER FACEBOOK USEDBANDAIDILLUSTRATION,0.5197,,background,False,149,13,83,0,0,410,211,1.0,0.7,0.4,0.01875,,1.0,0.6,1.0,1.943127962085308,86510,0.0017223442376603,0.0625,0.7,1.0,0.0,0.0,0.6370370370370371,13,0.5,0.1274074074074074,1.0,0.1399999999999999,800,562,0.6,collected_lore-olympus_ep1.csv,70
1060,2026-09-28T10:24:46.330180,0,0.1825,background,background,False,1,1,83,0,0,18,19,0.0,0.3,0.2,0.0,,0.91,0.2,0.0,0.9473684210526316,342,0.0029239766081871,0.0,0.5,0.0,0.0,0.09,0.3,1,0.5,0.06,0.5,0.1,800,562,0.6,collected_lore-olympus_ep1.csv,71
1061,2026-09-28T10:24:56.121004,EPISODE 02 : WHO IS SHE ?,0.6986,,background,False,25,7,1,0,0,330,28,1.0,0.3,1.0,0.7,,1.0,1.0,0.7894736842105263,11.785714285714286,9240,0.0027056277056277,0.6,1.48,1.0,1.0,0.0,0.3,7,0.5,0.06,1.0,0.296,800,980,0.6,collected_lore-olympus_ep2.csv,1
1062,2026-09-28T10:24:56.121121,I don't think,0.7578,dialogue,dialogue,False,13,3,1,0,0,275,43,1.0,0.5,1.0,1.0,,1.0,0.2,0.9090909090909092,6.395348837209302,11825,0.0010993657505285,1.0,2.266666666666667,0.0,0.0,0.0,1.45,3,1.0,0.29,0.75,0.8,800,980,0.6,collected_lore-olympus_ep2.csv,2
1063,2026-09-28T10:24:56.121767,I should have come to this party ...,0.8953,dialogue,dialogue,False,36,8,2,0,0,284,160,1.0,0.7,1.0,1.0,,1.0,1.0,1.0,1.775,45440,0.0007922535211267,0.8571428571428571,2.8285714285714287,1.0,1.0,0.0,0.7333333333333334,8,1.0,0.1466666666666666,1.0,0.8,800,980,0.6,collected_lore-olympus_ep2.csv,3
1064,2026-09-28T10:24:56.121961,"Come oooon , you look fantastic !",0.7835,dialogue,dialogue,False,33,7,2,0,0,202,192,1.0,0.7,1.0,0.7,,1.0,1.0,0.92,1.0520833333333333,38784,0.0008508663366336,0.6,1.8,1.0,1.0,0.0,0.6761904761904761,7,1.0,0.1352380952380952,1.0,0.36,800,980,0.6,collected_lore-olympus_ep2.csv,4
1065,2026-09-28T10:24:56.122630,I feel out of of my depth . Everyone's going to think I'm stupid village some girl .,0.8312,dialogue,dialogue,False,84,18,3,0,0,399,253,1.0,0.7,0.6,0.7,,1.0,1.0,0.9402985074626866,1.5770750988142292,100947,0.0008321198252548,0.625,2.025,1.0,1.0,0.0,0.7278688524590163,18,1.0,0.1455737704918032,0.9,0.8,800,980,0.6,collected_lore-olympus_ep2.csv,5
1066,2026-09-28T10:24:56.123170,"Nobody's going to think that . Come on , I don't want to talk to a bathroom stall",0.7453,dialogue,dialogue,False,81,18,4,0,0,309,426,1.0,0.3,0.4,0.7,,1.0,0.6,0.9375,0.7253521126760564,131634,0.0006153425406809,0.75,2.41875,1.0,0.0,0.0,0.7327586206896551,18,1.0,0.146551724137931,0.9,0.8,800,980,0.6,collected_lore-olympus_ep2.csv,6
1067,2026-09-28T10:24:56.123455,all night .,0.7866,dialogue,dialogue,False,11,3,5,0,0,192,51,1.0,1.0,1.0,0.7,,1.0,1.0,0.8888888888888888,3.764705882352941,9792,0.0011233660130718,0.5,1.75,1.0,1.0,0.0,1.1833333333333331,3,1.0,0.2366666666666666,0.75,0.35,800,980,0.6,collected_lore-olympus_ep2.csv,7
1068,2026-09-28T10:24:56.123590,"Artemis , I'm really nervous ...",0.7446,dialogue,dialogue,False,32,6,5,0,0,212,141,1.0,0.7,1.0,0.7,,1.0,1.0,0.9166666666666666,1.50354609929078,29892,0.0010705205406128,0.5,0.5,1.0,1.0,0.0,0.685,6,1.0,0.137,1.0,0.1,800,980,0.6,collected_lore-olympus_ep2.csv,8
1069,2026-09-28T10:24:56.124018,"Awww , Persephone . You'll do fine . We'll stay under the radar .",0.7619,dialogue,dialogue,False,65,14,6,0,0,345,235,1.0,0.7,0.6,0.7,,1.0,1.0,0.8823529411764706,1.4680851063829787,81075,0.0008017267961763,0.7,1.41,1.0,1.0,0.0,0.830232558139535,14,1.0,0.166046511627907,1.0,0.282,800,980,0.6,collected_lore-olympus_ep2.csv,9
1070,2026-09-28T10:24:56.124329,"One drink and then we can go , right ?",0.8409,dialogue,dialogue,False,38,10,7,0,0,205,204,1.0,0.7,0.6,0.7,,1.0,1.0,0.9310344827586208,1.0049019607843137,41820,0.0009086561453849,0.75,2.3875,1.0,1.0,0.0,0.92,10,1.0,0.184,1.0,0.8,800,814,0.6,collected_lore-olympus_ep2.csv,10
1071,2026-09-28T10:24:56.124524,Promise,0.4895,,dialogue,False,7,1,8,0,0,164,34,1.0,1.0,0.6,0.0,,1.0,0.2,1.0,4.823529411764706,5576,0.0012553802008608,0.0,0.5,0.0,0.0,0.0,0.82,1,1.0,0.1639999999999999,0.5,0.1,800,980,0.6,collected_lore-olympus_ep2.csv,11
1072,2026-09-28T10:24:56.124621,... Ok,1.4372,dialogue,dialogue,False,6,2,8,0,0,115,40,1.0,1.0,0.6,1.0,,1.0,2.0,1.0,2.875,4600,0.0013043478260869,1.0,2.0,1.0,0.0,0.0,0.3,2,1.0,0.06,3.0,2.5,800,980,0.6,collected_lore-olympus_ep2.csv,12
1073,2026-09-28T10:24:56.124799,One drink and,0.6617,,dialogue,False,13,3,10,0,0,311,51,1.0,0.5,1.0,0.4,,1.0,0.2,1.0,6.098039215686274,15861,0.0008196204526826,0.3333333333333333,2.6666666666666665,0.0,0.0,0.0,1.011111111111111,3,1.0,0.2022222222222222,0.75,0.8,800,980,0.6,collected_lore-olympus_ep2.csv,13
1074,2026-09-28T10:24:56.125078,"then I can go , right ?",0.914,dialogue,dialogue,False,23,7,11,0,0,295,91,1.0,1.0,1.0,1.0,,1.0,1.0,0.8823529411764706,3.241758241758242,26845,0.0008567703482957,1.0,2.4,1.0,1.0,0.0,1.0,7,1.0,0.2,1.0,0.8,800,980,0.6,collected_lore-olympus_ep2.csv,14
1075,2026-09-28T10:24:56.125169,What !?,1.4505,dialogue,dialogue,False,7,2,11,0,0,154,41,0.8,1.0,1.0,1.0,,1.0,2.0,0.6666666666666666,3.7560975609756095,6314,0.0011086474501108,1.0,2.9,1.0,1.0,0.0,3.25,2,1.0,0.65,3.0,2.5,800,980,0.6,collected_lore-olympus_ep2.csv,15
1076,2026-09-28T10:24:56.125570,No - no - no - no . The festivities have just begun .,0.85,dialogue,dialogue,False,53,14,12,0,0,361,143,1.0,1.0,0.6,0.7,,1.0,1.0,0.945945945945946,2.5244755244755246,51623,0.001026674156868,0.7777777777777778,2.466666666666667,1.0,1.0,0.0,0.5030303030303029,14,1.0,0.1006060606060605,1.0,0.8,800,980,0.6,collected_lore-olympus_ep2.csv,16
1077,2026-09-28T10:24:56.125926,What's the problem ? Normally you drink us under the table .,0.7721,dialogue,dialogue,False,60,12,15,0,0,314,268,1.0,0.7,0.6,0.7,,1.0,1.0,0.9387755102040816,1.171641791044776,84152,0.0007129955318946,0.7,1.73,1.0,1.0,0.0,0.8727272727272727,12,1.0,0.1745454545454545,1.0,0.346,800,958,0.6,collected_lore-olympus_ep2.csv,17
1078,2026-09-28T10:24:56.126334,"Oh , he's got blue balls because some nymph dumped his sorry ass .",0.7509,dialogue,dialogue,False,66,14,16,0,0,403,241,1.0,0.7,0.6,0.7,,1.0,1.0,0.9433962264150944,1.6721991701244814,97123,0.0006795506728581,0.5,1.1833333333333331,1.0,1.0,0.0,0.5270833333333333,14,1.0,0.1054166666666666,1.0,0.2366666666666666,800,980,0.6,collected_lore-olympus_ep2.csv,18
1079,2026-09-28T10:24:56.126764,"Can you please not talk about my balls . Or my ass , for that",0.8408,dialogue,dialogue,False,61,15,17,0,0,416,136,1.0,1.0,0.6,1.0,,1.0,0.6,0.9574468085106383,3.0588235294117645,56576,0.0010781957013574,0.8461538461538461,2.630769230769231,1.0,0.0,0.0,0.913953488372093,15,1.0,0.1827906976744186,1.0,0.8,800,980,0.6,collected_lore-olympus_ep2.csv,19
1080,2026-09-28T10:24:56.127174,matter .,0.5558,,dialogue,False,8,2,18,0,0,153,29,1.0,0.7,0.6,0.0,,1.0,1.0,0.8571428571428571,5.275862068965517,4437,0.0018030200585981,0.0,0.5,1.0,1.0,0.0,1.125,2,0.5,0.225,0.6,0.1,800,980,0.6,collected_lore-olympus_ep2.csv,20
1081,2026-09-28T10:24:56.127346,""" Can you please not talk about my balls or my ass for 99",0.7193,dialogue,dialogue,False,57,14,18,0,0,313,212,1.0,0.7,0.6,0.7,,1.0,0.2,0.9534883720930232,1.4764150943396226,66356,0.0008590029537645,0.7692307692307693,2.338461538461538,0.0,0.0,0.0,0.8076923076923077,14,1.0,0.1615384615384615,1.0,0.8,800,980,0.6,collected_lore-olympus_ep2.csv,21
1082,2026-09-28T10:24:56.127598,that matter .,0.774,dialogue,dialogue,False,13,3,19,0,0,252,31,1.0,0.3,1.0,0.7,,1.0,1.0,0.9090909090909092,8.129032258064516,7812,0.0016641065028161,0.5,2.4,1.0,1.0,0.0,1.5375,3,0.5,0.3075,0.75,0.8,800,980,0.6,collected_lore-olympus_ep2.csv,22
1083,2026-09-28T10:24:56.127697,That's what you sound,0.6613,,dialogue,False,21,4,19,0,0,199,127,1.0,0.7,1.0,0.7,,1.0,0.2,0.9444444444444444,1.5669291338582678,25273,0.0008309262849681,0.75,1.925,0.0,0.0,0.0,1.5066666666666668,4,1.0,0.3013333333333333,0.75,0.3849999999999999,800,980,0.6,collected_lore-olympus_ep2.csv,23
1084,2026-09-28T10:24:56.127900,like .,0.8142,dialogue,dialogue,False,6,2,20,0,0,92,43,1.0,1.0,0.6,1.0,,1.0,1.0,0.8,2.13953488372093,3956,0.0015166835187057,1.0,2.5,1.0,1.0,0.0,0.3,2,0.5,0.06,0.6,0.8,800,980,0.6,collected_lore-olympus_ep2.csv,24
1085,2026-09-28T10:24:56.127985,! ?,0.4665,,background,False,3,2,20,0,0,91,94,0.0,0.3,1.0,0.0,,0.01,2.0,0.0,0.9680851063829788,8554,0.0003507131166705,0.0,0.5,1.0,1.0,0.99,0.3,2,0.6,0.06,0.6,0.1,800,980,0.6,collected_lore-olympus_ep2.csv,25
1086,2026-09-28T10:24:56.128191,EYE CONTACT,0.5901,,background,False,11,2,21,0,0,318,48,1.0,0.5,1.0,0.7,,1.0,0.2,1.0,6.625,15264,0.0007206498951781,0.5,0.5,0.0,0.0,0.0,0.9375,2,1.0,0.1875,0.6,0.1,800,980,0.6,collected_lore-olympus_ep2.csv,26
1087,2026-09-28T10:24:56.128452,"Zeus , did you invite Odysseus !?",0.704,dialogue,dialogue,False,33,7,22,0,0,285,220,1.0,0.7,0.6,0.4,,1.0,1.0,0.8888888888888888,1.2954545454545454,62700,0.0005263157894736,0.4,1.16,1.0,1.0,0.0,0.4454545454545454,7,1.0,0.089090909090909,1.0,0.2319999999999999,800,980,0.6,collected_lore-olympus_ep2.csv,27
1088,2026-09-28T10:24:56.128863,"Yes , Poseidon ! I find it really entertaining when you get mad .",0.8393,dialogue,dialogue,False,65,14,23,0,0,338,296,1.0,0.7,0.6,0.7,,1.0,1.0,0.9423076923076924,1.141891891891892,100048,0.0006496881496881,0.7272727272727273,2.0,1.0,1.0,0.0,0.8042553191489361,14,1.0,0.1608510638297872,1.0,0.8,800,980,0.6,collected_lore-olympus_ep2.csv,28
1089,2026-09-28T10:24:56.129309,THUMP THUMP,0.6112,,background,False,11,2,25,0,0,274,117,1.0,1.0,1.0,1.0,,1.0,0.2,1.0,2.341880341880342,32058,0.0003431280803543,1.0,0.5,0.0,0.0,0.0,0.3,2,0.6,0.06,0.6,0.1,800,980,0.6,collected_lore-olympus_ep2.csv,29
1090,2026-09-28T10:24:56.129468,"Yeah , Odysseus ! MOVE ALONG !",0.7512,dialogue,dialogue,False,30,7,25,0,0,209,192,1.0,0.7,1.0,0.7,,1.0,1.0,0.875,1.0885416666666667,40128,0.0007476076555023,0.5,0.9,1.0,1.0,0.0,0.3,7,1.0,0.06,1.0,0.18,800,980,0.6,collected_lore-olympus_ep2.csv,30
1091,2026-09-28T10:24:56.129659,BUMP,0.4942,,background,False,4,1,26,0,0,144,47,1.0,1.0,1.0,0.0,,1.0,0.2,1.0,3.0638297872340425,6768,0.0005910165484633,0.0,0.5,0.0,0.0,0.0,0.3,1,1.0,0.06,0.5,0.1,800,980,0.6,collected_lore-olympus_ep2.csv,31
1092,2026-09-28T10:24:56.129899,W - who ...,0.7547,dialogue,dialogue,False,11,4,28,0,0,264,48,1.0,0.7,1.0,0.7,,1.0,1.0,1.0,5.5,12672,0.0008680555555555,0.5,1.6,1.0,1.0,0.0,0.3,4,1.0,0.06,0.75,0.32,800,980,0.6,collected_lore-olympus_ep2.csv,32
1093,2026-09-28T10:24:56.130100,Who is she !?,0.8717,dialogue,dialogue,False,13,4,29,0,0,153,103,1.0,0.7,1.0,1.0,,1.0,1.0,0.8,1.4854368932038835,15759,0.0008249254394314,1.0,2.1333333333333333,1.0,1.0,0.0,0.3,4,1.0,0.06,0.75,0.8,800,980,0.6,collected_lore-olympus_ep2.csv,33
1094,2026-09-28T10:24:56.130294,She's ...,0.8592,dialogue,dialogue,False,9,2,34,0,0,153,39,1.0,1.0,0.6,1.0,,1.0,2.0,0.8,3.923076923076923,5967,0.0015082956259426,1.0,0.5,1.0,1.0,0.0,0.3,2,0.5,0.06,0.6,0.1,800,980,0.6,collected_lore-olympus_ep2.csv,34
1095,2026-09-28T10:24:56.130495,She's beautiful .,0.7217,dialogue,dialogue,False,17,3,39,0,0,202,103,1.0,0.7,1.0,0.7,,1.0,1.0,0.8666666666666667,1.9611650485436891,20806,0.0008170719984619,0.5,0.5,1.0,1.0,0.0,0.3,3,1.0,0.06,0.75,0.1,800,980,0.6,collected_lore-olympus_ep2.csv,35
1096,2026-09-28T10:24:56.131043,LORE OLYMPUS COMMUNITY EMAIL LOREOLYMPUS@GMAIL.COM PATREON LOREOLYMPUS TUMBLR USEDBANDAID INSTAGRAM USEDBANDAID TWITCH RACHELSMYTHE TWITTER FACEBOOK USEDBANDAIDILLUSTRATION,0.5609,,background,False,172,16,40,0,0,429,274,1.0,0.7,0.4,0.0157894736842105,,1.0,0.6,1.0,1.5656934306569343,117546,0.0014632569377094,0.0526315789473684,0.6684210526315789,1.0,0.0,0.0,0.6090322580645162,16,1.0,0.1218064516129032,0.9,0.1336842105263158,800,980,0.6,collected_lore-olympus_ep2.csv,36
1097,2026-09-28T10:25:08.347512,EPISODE 03 : WHO IS SHE ? ( PART 2 ),0.6302,,background,False,36,11,1,0,0,445,32,1.0,0.3,1.0,0.7,,1.0,0.6,0.76,13.90625,14240,0.0025280898876404,0.5714285714285714,1.2,1.0,0.0,0.0,0.3,11,0.5,0.06,1.0,0.24,800,980,0.6,collected_lore-olympus_ep3.csv,1
1098,2026-09-28T10:25:08.347594,... Who is she ?,0.8617,dialogue,dialogue,False,16,5,1,0,0,322,41,1.0,0.5,1.0,1.0,,1.0,1.0,0.8888888888888888,7.853658536585366,13202,0.0012119375852143,1.0,2.1333333333333333,1.0,1.0,0.0,0.3,5,1.0,0.06,0.75,0.8,800,980,0.6,collected_lore-olympus_ep3.csv,2
1099,2026-09-28T10:25:08.347823,THUMP,0.5772,,background,False,5,1,3,0,0,403,208,1.0,0.7,0.6,1.0,,1.0,0.2,1.0,1.9375,83824,5.9648787936629126e-05,1.0,0.5,0.0,0.0,0.0,0.3,1,0.6,0.06,0.5,0.1,800,980,0.6,collected_lore-olympus_ep3.csv,3
1100,2026-09-28T10:25:08.348021,JMP,0.4392,background,background,False,3,1,4,0,0,160,141,1.0,0.7,1.0,0.0,,1.0,0.2,1.0,1.1347517730496457,22560,0.0001329787234042,0.0,0.5,0.0,0.0,0.0,0.3,1,0.6,0.06,0.5,0.1,800,980,0.6,collected_lore-olympus_ep3.csv,4
1101,2026-09-28T10:25:08.348205,THUMP THU,0.5332,,background,False,9,2,6,0,0,479,258,1.0,0.7,0.4,0.7,,1.0,0.2,1.0,1.8565891472868217,123582,7.282613972908676e-05,0.5,0.5,0.0,0.0,0.0,0.3,2,0.6,0.06,0.6,0.1,800,980,0.6,collected_lore-olympus_ep3.csv,5
1102,2026-09-28T10:25:08.348563,Who ?,1.4372,dialogue,dialogue,False,5,2,14,0,0,122,43,1.0,1.0,0.6,1.0,,1.0,2.0,0.75,2.8372093023255816,5246,0.0009531071292413,1.0,2.7,1.0,1.0,0.0,0.3,2,1.0,0.06,3.0,2.5,800,980,0.6,collected_lore-olympus_ep3.csv,7
1103,2026-09-28T10:25:08.348649,Pinky ?,0.7712,dialogue,dialogue,False,7,2,14,0,0,137,47,1.0,1.0,1.0,0.0,,1.0,2.0,0.8333333333333334,2.9148936170212765,6439,0.0010871253300201,0.0,0.5,1.0,1.0,0.0,0.3,2,1.0,0.06,0.6,0.1,800,980,0.6,collected_lore-olympus_ep3.csv,8
1104,2026-09-28T10:25:08.348805,P - Pinky ?,0.6317,,dialogue,False,11,4,15,0,0,181,48,1.0,1.0,1.0,0.0,,1.0,1.0,0.8571428571428571,3.7708333333333335,8688,0.0012661141804788,0.0,0.5,1.0,1.0,0.0,0.3,4,1.0,0.06,0.75,0.1,800,980,0.6,collected_lore-olympus_ep3.csv,9
1105,2026-09-28T10:25:08.349079,"Persephone , she's Demeter's daughter .",0.6419,,dialogue,False,39,6,17,0,0,321,189,1.0,0.7,0.6,0.075,,1.0,1.0,0.8823529411764706,1.6984126984126984,60669,0.0006428324185333,0.25,0.5,1.0,1.0,0.0,0.9035714285714286,6,1.0,0.1807142857142857,1.0,0.1,800,980,0.6,collected_lore-olympus_ep3.csv,10
1106,2026-09-28T10:25:08.349168,She's the Goddess of Spring,0.7142,dialogue,dialogue,False,27,5,17,0,0,236,142,1.0,0.7,1.0,0.7,,1.0,0.2,0.9565217391304348,1.6619718309859155,33512,0.0008056815469085,0.6,2.22,0.0,0.0,0.0,0.835,5,1.0,0.1669999999999999,0.75,0.8,800,980,0.6,collected_lore-olympus_ep3.csv,11
1107,2026-09-28T10:25:08.349302,CLEAN CLEAN,0.4862,,background,False,11,2,19,0,0,167,125,1.0,0.7,1.0,0.0,,1.0,0.2,1.0,1.336,20875,0.0005269461077844,0.0,0.5,0.0,0.0,0.0,0.3,2,1.0,0.06,0.6,0.1,800,980,0.6,collected_lore-olympus_ep3.csv,12
1108,2026-09-28T10:25:08.349446,SHORT,0.4942,,background,False,5,1,20,0,0,160,46,1.0,1.0,1.0,0.0,,1.0,0.2,1.0,3.4782608695652173,7360,0.0006793478260869,0.0,0.5,0.0,0.0,0.0,0.3,1,1.0,0.06,0.5,0.1,800,980,0.6,collected_lore-olympus_ep3.csv,13
1109,2026-09-28T10:25:08.349518,SIGHTED,0.5085,,background,False,7,1,20,0,0,182,41,1.0,1.0,1.0,0.0,,1.0,0.2,1.0,4.439024390243903,7462,0.0009380863039399,0.0,0.5,0.0,0.0,0.0,1.32,1,1.0,0.264,0.5,0.1,800,980,0.6,collected_lore-olympus_ep3.csv,14
1110,2026-09-28T10:25:08.349710,"Demeter's daughter , you say ?",0.7626,dialogue,dialogue,False,30,6,22,0,0,211,177,1.0,0.7,1.0,0.075,,1.0,1.0,0.88,1.192090395480226,37347,0.0008032773716764,0.25,2.025,1.0,1.0,0.0,1.165,6,1.0,0.233,1.0,0.8,800,980,0.6,collected_lore-olympus_ep3.csv,15
1111,2026-09-28T10:25:08.349933,I didn't even know she had a daughter .,0.8957,dialogue,dialogue,False,39,9,24,0,0,202,191,1.0,0.7,1.0,1.0,,1.0,1.0,0.935483870967742,1.057591623036649,38582,0.0010108340676999,0.875,2.2125,1.0,1.0,0.0,0.7666666666666666,9,1.0,0.1533333333333333,1.0,0.8,800,980,0.6,collected_lore-olympus_ep3.csv,16
1112,2026-09-28T10:25:08.350191,Hold on . How come I've never seen her before ?,0.8124,dialogue,dialogue,False,47,11,26,0,0,305,205,1.0,0.7,0.6,1.0,,1.0,1.0,0.918918918918919,1.4878048780487805,62525,0.0007516993202718,0.8888888888888888,1.522222222222222,1.0,1.0,0.0,0.984375,11,1.0,0.196875,1.0,0.3044444444444444,800,980,0.6,collected_lore-olympus_ep3.csv,17
1113,2026-09-28T10:25:08.350343,It's complicated .,0.7703,dialogue,dialogue,False,18,3,27,0,0,267,119,1.0,1.0,1.0,0.7,,1.0,1.0,0.875,2.2436974789915967,31773,0.0005665187423283,0.5,1.3,1.0,1.0,0.0,0.9833333333333334,3,1.0,0.1966666666666666,0.75,0.26,800,980,0.6,collected_lore-olympus_ep3.csv,18
1114,2026-09-28T10:25:08.350544,"But basically , Demeter doesn't 1.1 1",0.6191,,dialogue,False,37,7,29,0,0,288,124,1.0,1.0,1.0,0.0857142857142857,,1.0,0.6,0.8064516129032258,2.3225806451612905,35712,0.0010360663082437,0.2857142857142857,0.9428571428571428,1.0,0.0,0.0,0.5695652173913043,7,1.0,0.1139130434782608,1.0,0.1885714285714285,800,980,0.6,collected_lore-olympus_ep3.csv,19
1115,2026-09-28T10:25:08.350975,like the way I things ... So she opted to do her duties in the Mortal Realm .,0.8126,dialogue,dialogue,False,77,18,30,0,0,284,352,1.0,0.3,0.6,0.7,,1.0,1.0,0.9824561403508772,0.8068181818181818,99968,0.0007702464788732,0.6875,2.69375,1.0,1.0,0.0,0.8277777777777778,18,1.0,0.1655555555555555,0.9,0.8,800,980,0.6,collected_lore-olympus_ep3.csv,20
1116,2026-09-28T10:25:08.351035,M,0.4052,background,background,False,1,1,30,0,0,28,22,1.0,0.7,0.2,0.0,,1.0,0.2,1.0,1.2727272727272727,616,0.0016233766233766,0.0,0.5,0.0,0.0,0.0,0.3,1,0.5,0.06,0.5,0.1,800,980,0.6,collected_lore-olympus_ep3.csv,21
1117,2026-09-28T10:25:08.351344,"Apparently , I'm "" morally corrupt "" Whatever that means .",0.6615,,dialogue,False,58,11,31,0,0,382,214,1.0,0.7,0.6,0.0857142857142857,,1.0,1.0,0.9347826086956522,1.7850467289719627,81748,0.0007094974800606,0.2857142857142857,1.042857142857143,1.0,1.0,0.0,1.026829268292683,11,1.0,0.2053658536585366,1.0,0.2085714285714285,800,980,0.6,collected_lore-olympus_ep3.csv,22
1118,2026-09-28T10:25:08.351666,"So for the most part , She raised Persephone in the Mortal Realm .",0.8537,dialogue,dialogue,False,66,14,32,0,0,391,188,1.0,1.0,0.6,0.7,,1.0,1.0,0.9622641509433962,2.0797872340425534,73508,0.0008978614572563,0.5833333333333334,2.283333333333333,1.0,1.0,0.0,0.7673469387755102,14,1.0,0.153469387755102,1.0,0.8,800,980,0.6,collected_lore-olympus_ep3.csv,23
1119,2026-09-28T10:25:08.351999,"I'm surprised Demeter let her move to the city , to be honest .",0.8377,dialogue,dialogue,False,63,14,34,0,0,275,225,1.0,0.7,0.6,0.7,,1.0,1.0,0.94,1.2222222222222223,61875,0.0010181818181818,0.6666666666666666,2.158333333333333,1.0,1.0,0.0,0.6911111111111111,14,1.0,0.1382222222222222,1.0,0.8,800,980,0.6,collected_lore-olympus_ep3.csv,24
1120,2026-09-28T10:25:08.352087,She's always,0.6362,,dialogue,False,12,2,34,0,0,254,43,1.0,0.7,1.0,1.0,,1.0,0.2,0.9090909090909092,5.906976744186046,10922,0.0010986998718183,1.0,0.5,0.0,0.0,0.0,0.3,2,1.0,0.06,0.6,0.1,800,980,0.6,collected_lore-olympus_ep3.csv,25
1121,2026-09-28T10:25:08.352264,been super protective of Persephone .,0.7249,dialogue,dialogue,False,37,6,35,0,0,272,166,1.0,0.7,1.0,0.4,,1.0,1.0,0.96875,1.6385542168674698,45152,0.0008194542877391,0.4,1.3199999999999998,1.0,1.0,0.0,0.7379310344827585,6,1.0,0.1475862068965517,1.0,0.2639999999999999,800,980,0.6,collected_lore-olympus_ep3.csv,26
1122,2026-09-28T10:25:08.352483,"Honestly , I think she puts Aphrodite to shame .",0.8362,dialogue,dialogue,False,48,10,38,0,0,303,179,1.0,0.7,0.6,0.7,,1.0,1.0,0.9487179487179488,1.6927374301675977,54237,0.0008850047015874,0.5,2.025,1.0,1.0,0.0,0.5885714285714285,10,1.0,0.1177142857142857,1.0,0.8,800,980,0.6,collected_lore-olympus_ep3.csv,27
1123,2026-09-28T10:25:08.352694,"HONESTLY , I THINK SHE PUTS APHRODITE TO SHAME .",0.8512,dialogue,background,False,48,10,39,0,0,430,138,1.0,1.0,0.6,0.7,,1.0,1.0,0.9487179487179488,3.1159420289855073,59340,0.000808897876643,0.5,2.025,1.0,1.0,0.0,0.5885714285714285,10,1.0,0.1177142857142857,1.0,0.8,800,980,0.6,collected_lore-olympus_ep3.csv,28
1124,2026-09-28T10:25:08.352907,"HONESTLY , I THINK SHE PUTS APHRODITE TO SHAME .",0.8512,dialogue,background,False,48,10,40,0,0,469,141,1.0,1.0,0.6,0.7,,1.0,1.0,0.9487179487179488,3.326241134751773,66129,0.0007258540126117,0.5,2.025,1.0,1.0,0.0,0.5885714285714285,10,1.0,0.1177142857142857,1.0,0.8,800,980,0.6,collected_lore-olympus_ep3.csv,29
1125,2026-09-28T10:25:08.353006,iii,0.4672,,background,False,3,1,42,0,0,76,56,1.0,0.7,0.6,0.0,,1.0,0.2,1.0,1.3571428571428572,4256,0.0007048872180451,0.0,0.5,0.0,0.0,0.0,0.3,1,1.0,0.06,0.5,0.1,800,980,0.6,collected_lore-olympus_ep3.csv,30
1126,2026-09-28T10:25:08.353251,"10.30PM Eros , God of Love ' Text Messages Today 10.30PM",0.5846,,background,False,56,11,44,0,0,328,228,1.0,0.7,0.6,0.06,,1.0,0.6,0.8947368421052632,1.4385964912280702,74784,0.0007488232777064,0.2,0.91,1.0,0.0,0.0,0.378125,11,1.0,0.075625,1.0,0.182,800,980,0.6,collected_lore-olympus_ep3.csv,31
1127,2026-09-28T10:25:08.353888,GIF Keyboard,0.4142,background,background,False,12,2,45,0,0,123,20,1.0,0.5,0.6,0.0,,1.0,0.2,1.0,6.15,2460,0.0048780487804878,0.0,0.5,0.0,0.0,0.0,0.3,2,0.5,0.06,0.6,0.1,800,980,0.6,collected_lore-olympus_ep3.csv,32
1128,2026-09-28T10:25:08.353954,Reply,0.4202,background,background,False,5,1,45,0,0,52,20,1.0,1.0,0.2,0.0,,1.0,0.2,1.0,2.6,1040,0.0048076923076923,0.0,0.5,0.0,0.0,0.0,0.3,1,0.5,0.06,0.5,0.1,800,980,0.6,collected_lore-olympus_ep3.csv,33
1129,2026-09-28T10:25:08.354067,"Eros Whats wrong , mommy - kins ? Eros Party no fun ?",0.6099,,dialogue,False,53,13,45,0,0,518,259,1.0,1.0,0.4,0.0666666666666666,,1.0,1.0,0.925,2.0,134162,0.0003950447965891,0.2222222222222222,0.7111111111111111,1.0,1.0,0.0,0.4685714285714285,13,0.6,0.0937142857142857,1.0,0.1422222222222222,800,980,0.6,collected_lore-olympus_ep3.csv,34
1130,2026-09-28T10:25:08.354134,Get over here .,0.7495,dialogue,dialogue,False,15,4,45,0,0,253,29,1.0,0.3,1.0,1.0,,1.0,1.0,0.9166666666666666,8.724137931034482,7337,0.0020444323292899,1.0,1.7666666666666668,1.0,1.0,0.0,1.3555555555555556,4,0.5,0.2711111111111111,0.75,0.3533333333333334,800,980,0.6,collected_lore-olympus_ep3.csv,35
1131,2026-09-28T10:25:08.354221,"Eros No can do , this orgy isn't going",0.7161,dialogue,dialogue,False,38,9,45,0,0,557,73,1.0,0.5,1.0,0.7,,1.0,0.6,0.9333333333333332,7.63013698630137,40661,0.0009345564545879,0.625,1.775,1.0,0.0,0.0,0.9192307692307692,9,1.0,0.1838461538461538,1.0,0.355,800,980,0.6,collected_lore-olympus_ep3.csv,36
1132,2026-09-28T10:25:08.355431,to coordinate itself . Eros I wore a really cute polo shirt ...,0.7338,dialogue,dialogue,False,63,13,46,0,0,561,154,1.0,1.0,0.6,0.4,,1.0,1.0,0.9791666666666666,3.642857142857143,86394,0.0007292173067574,0.3636363636363636,1.5818181818181818,1.0,1.0,0.0,0.5977777777777777,13,1.0,0.1195555555555555,1.0,0.3163636363636363,800,980,0.6,collected_lore-olympus_ep3.csv,37
1133,2026-09-28T10:25:08.355543,The salmon pink one ? Eros YUUUUUS ! I'M THE CUTEST !,0.7402,dialogue,dialogue,False,53,12,46,0,0,569,150,1.0,1.0,0.6,0.4,,1.0,1.0,0.8974358974358975,3.7933333333333334,85350,0.0006209724663151,0.3333333333333333,1.7777777777777777,1.0,1.0,0.0,0.6303030303030304,12,1.0,0.126060606060606,1.0,0.3555555555555555,800,980,0.6,collected_lore-olympus_ep3.csv,38
1134,2026-09-28T10:25:08.355669,"I love that one ! Polo shirts aside , I still need you to get your butt here .",0.8488,dialogue,dialogue,False,78,19,46,0,0,571,175,1.0,1.0,0.6,0.7,,1.0,1.0,0.95,3.262857142857143,99925,0.0007805854390793,0.6875,2.075,1.0,1.0,0.0,0.9163636363636364,19,1.0,0.1832727272727272,0.9,0.8,800,980,0.6,collected_lore-olympus_ep3.csv,39
1135,2026-09-28T10:25:08.356177,0,0.1825,background,background,False,1,1,47,0,0,15,18,0.0,0.3,0.2,0.0,,0.91,0.2,0.0,0.8333333333333334,270,0.0037037037037037,0.0,0.5,0.0,0.0,0.09,0.3,1,0.5,0.06,0.5,0.1,800,855,0.6,collected_lore-olympus_ep3.csv,41
1136,2026-09-28T10:01:06.166507,WARNING THIS EPISODE CONTAINS GRAPHIC CONTENT . VIEWER DISCRETION IS ADVISED,0.6118,,background,False,76,11,0,0,0,561,209,1.0,1.0,0.9,0.06,,1.0,0.6,0.9848484848484848,2.6842105263157894,117249,0.0006481931615621,0.2,0.8099999999999999,1.0,0.0,0.0,0.8222222222222222,11,1.0,0.1644444444444444,1.0,0.1619999999999999,800,1280,0.6,collected_the-academys-genius-swordsman_ep1.csv,0
1137,2026-09-28T10:01:06.166663,.,0.2755,background,background,False,1,1,0,0,0,8,30,0.0,0.3,0.2,0.0,,0.01,1.0,0.0,0.2666666666666666,240,0.0041666666666666,0.0,0.5,1.0,1.0,0.99,0.3,1,0.5,0.06,0.5,0.1,800,1280,0.6,collected_the-academys-genius-swordsman_ep1.csv,1
1138,2026-09-28T10:01:06.166930,SIGH,0.5702,,background,False,4,1,10,0,0,89,27,1.0,1.0,0.2,1.0,,1.0,0.2,1.0,3.2962962962962963,2403,0.0016645859342488,1.0,0.5,0.0,0.0,0.0,0.3,1,0.5,0.06,0.5,0.1,800,1280,0.6,collected_the-academys-genius-swordsman_ep1.csv,2
1139,2026-09-28T10:01:06.167373,"LOOK AT THEM ALL , KILLED IN JUST ABOUT EVERY",0.8526,dialogue,dialogue,False,45,10,11,0,0,378,109,1.0,1.0,1.0,1.0,,1.0,0.6,0.9722222222222222,3.467889908256881,41202,0.0010921799912625,0.8888888888888888,2.388888888888889,1.0,0.0,0.0,0.9030303030303032,10,1.0,0.1806060606060606,1.0,0.8,800,1280,0.6,collected_the-academys-genius-swordsman_ep1.csv,3
1140,2026-09-28T10:01:06.167708,WA,0.4202,background,background,False,2,1,12,0,0,44,19,1.0,1.0,0.2,0.0,,1.0,0.2,1.0,2.3157894736842106,836,0.0023923444976076,0.0,0.5,0.0,0.0,0.0,0.3,1,0.5,0.06,0.5,0.1,800,1280,0.6,collected_the-academys-genius-swordsman_ep1.csv,4
1141,2026-09-28T10:01:06.167904,IMAGINABLE .,0.5242,,dialogue,False,12,2,12,0,0,210,19,1.0,0.3,0.6,0.0,,1.0,1.0,0.9090909090909092,11.052631578947368,3990,0.0030075187969924,0.0,0.5,1.0,1.0,0.0,0.3,2,0.5,0.06,0.6,0.1,800,1280,0.6,collected_the-academys-genius-swordsman_ep1.csv,5
1142,2026-09-28T10:01:06.168054,DAMMIT,0.3952,background,dialogue,False,6,1,12,0,0,136,18,1.0,0.5,0.2,0.0,,1.0,0.2,1.0,7.555555555555555,2448,0.0024509803921568,0.0,0.5,0.0,0.0,0.0,0.3,1,0.5,0.06,0.5,0.1,800,1280,0.6,collected_the-academys-genius-swordsman_ep1.csv,6
1143,2026-09-28T10:01:06.168175,I,0.6702,,dialogue,False,1,1,12,0,0,12,18,1.0,0.3,0.2,1.0,,1.0,0.2,1.0,0.6666666666666666,216,0.0046296296296296,1.0,4.2,0.0,0.0,0.0,0.3,1,0.5,0.06,0.5,1.0,800,1280,0.6,collected_the-academys-genius-swordsman_ep1.csv,7
1144,2026-09-28T10:01:06.168817,THIS WAS A CLEAR OVERSIGHT ON MY PART ...,0.8673,dialogue,dialogue,False,41,9,14,0,0,404,143,1.0,1.0,1.0,0.7,,1.0,1.0,1.0,2.825174825174825,57772,0.0007096863532507,0.75,2.1375,1.0,1.0,0.0,0.875,9,1.0,0.175,1.0,0.8,800,1280,0.6,collected_the-academys-genius-swordsman_ep1.csv,8
1145,2026-09-28T10:01:06.169135,TURN,0.5892,,background,False,4,1,15,0,0,212,136,1.0,0.7,1.0,1.0,,1.0,0.2,1.0,1.5588235294117647,28832,0.0001387347391786,1.0,0.5,0.0,0.0,0.0,0.3,1,0.6,0.06,0.5,0.1,800,1280,0.6,collected_the-academys-genius-swordsman_ep1.csv,9
1146,2026-09-28T10:01:06.169737,I DID NOT EXPECT A HUMAN TO BE SO POWERFUL ...,0.8564,dialogue,dialogue,False,46,11,16,0,0,281,96,1.0,1.0,1.0,1.0,,1.0,1.0,1.0,2.9270833333333335,26976,0.0017052194543297,0.8,2.7,1.0,1.0,0.0,0.4580645161290322,11,0.5,0.0916129032258064,1.0,0.8,800,1280,0.6,collected_the-academys-genius-swordsman_ep1.csv,10
1147,2026-09-28T10:01:06.170054,YOU BASTARD ...,0.7973,dialogue,dialogue,False,15,3,17,0,0,150,59,1.0,1.0,1.0,0.7,,1.0,1.0,1.0,2.542372881355932,8850,0.0016949152542372,0.5,2.15,1.0,1.0,0.0,0.7,3,0.5,0.1399999999999999,0.75,0.8,800,1280,0.6,collected_the-academys-genius-swordsman_ep1.csv,11
1148,2026-09-28T10:01:06.170180,GRIT,0.4392,background,background,False,4,1,17,0,0,151,104,1.0,0.7,1.0,0.0,,1.0,0.2,1.0,1.4519230769230769,15704,0.0002547121752419,0.0,0.5,0.0,0.0,0.0,0.3,1,0.6,0.06,0.5,0.1,800,1280,0.6,collected_the-academys-genius-swordsman_ep1.csv,12
1149,2026-09-28T10:01:06.170531,YOU'RE STILL BREATHING ?,0.755,dialogue,dialogue,False,24,4,18,0,0,358,110,1.0,1.0,1.0,0.7,,1.0,1.0,0.9047619047619048,3.2545454545454544,39380,0.0006094464195022,0.6666666666666666,0.5,1.0,1.0,0.0,1.6058823529411763,4,1.0,0.3211764705882353,0.75,0.1,800,1280,0.6,collected_the-academys-genius-swordsman_ep1.csv,13
1150,2026-09-28T10:01:06.170818,AHAYUTE THE GIANT ...,0.8012,dialogue,dialogue,False,21,4,20,0,0,292,89,1.0,1.0,1.0,0.4,,1.0,1.0,1.0,3.2808988764044944,25988,0.0008080652608896,0.3333333333333333,2.0,1.0,1.0,0.0,0.6230769230769231,4,1.0,0.1246153846153846,0.75,0.8,800,1280,0.6,collected_the-academys-genius-swordsman_ep1.csv,14
1151,2026-09-28T10:01:06.171191,... THE LAST OF THE THREE GIANTS .,0.8148,dialogue,dialogue,False,34,8,22,0,0,318,68,1.0,1.0,1.0,0.7,,1.0,1.0,0.9583333333333334,4.676470588235294,21624,0.0015723270440251,0.6666666666666666,2.6833333333333336,1.0,1.0,0.0,0.7,8,0.5,0.1399999999999999,1.0,0.8,800,1280,0.6,collected_the-academys-genius-swordsman_ep1.csv,15
1152,2026-09-28T10:01:06.171645,THEY SUDDENLY APPEARED IN THE EMPIRE 20 DAYS AGO .,0.7011,dialogue,dialogue,False,50,10,23,0,0,342,88,1.0,1.0,1.0,0.4,,1.0,1.0,0.926829268292683,3.886363636363636,30096,0.0016613503455608,0.3333333333333333,1.7555555555555555,1.0,1.0,0.0,0.6055555555555556,10,0.5,0.1211111111111111,1.0,0.3511111111111111,800,1280,0.6,collected_the-academys-genius-swordsman_ep1.csv,16
1153,2026-09-28T10:01:06.172163,... AND BEGAN WREAKING HAVOC FOR NO APPARENT REASON .,0.7407,dialogue,dialogue,False,53,10,25,0,0,403,200,1.0,1.0,0.6,0.4,,1.0,1.0,0.975609756097561,2.015,80600,0.0006575682382133,0.375,1.675,1.0,1.0,0.0,0.886842105263158,10,1.0,0.1773684210526316,1.0,0.335,800,1280,0.6,collected_the-academys-genius-swordsman_ep1.csv,17
1154,2026-09-28T10:01:06.172276,S,0.4072,background,background,False,1,1,25,0,0,80,83,1.0,0.3,0.6,0.0,,1.0,0.2,1.0,0.963855421686747,6640,0.0001506024096385,0.0,0.5,0.0,0.0,0.0,0.3,1,0.6,0.06,0.5,0.1,800,1280,0.6,collected_the-academys-genius-swordsman_ep1.csv,18
1155,2026-09-28T10:01:06.172524,SPLO PLOT,0.4282,background,background,False,9,2,26,0,0,547,360,1.0,0.7,0.4,0.0,,1.0,0.2,1.0,1.5194444444444444,196920,4.570383912248629e-05,0.0,0.5,0.0,0.0,0.0,0.3,2,0.6,0.06,0.6,0.1,800,1280,0.6,collected_the-academys-genius-swordsman_ep1.csv,19
1156,2026-09-28T10:01:06.172958,HALF OF OUR EMPIRE IS NOW IN RUINS BECAUSE OF YOU .,0.863,dialogue,dialogue,False,51,12,27,0,0,263,131,1.0,1.0,1.0,0.7,,1.0,1.0,0.975,2.007633587786259,34453,0.0014802774794647,0.7272727272727273,2.1818181818181817,1.0,1.0,0.0,0.572972972972973,12,1.0,0.1145945945945946,1.0,0.8,800,1280,0.6,collected_the-academys-genius-swordsman_ep1.csv,20
1157,2026-09-28T10:01:06.173296,WHAT RIGHT DO YOU HAVE TO STILL BE ALIVE ?,0.8969,dialogue,dialogue,False,42,10,28,0,0,281,175,1.0,0.7,1.0,1.0,,1.0,1.0,0.9696969696969696,1.6057142857142856,49175,0.0008540925266903,0.8888888888888888,2.844444444444445,1.0,1.0,0.0,0.8466666666666666,10,1.0,0.1693333333333333,1.0,0.8,800,1280,0.6,collected_the-academys-genius-swordsman_ep1.csv,21
1158,2026-09-28T10:01:06.173591,FEAR NOT . THE TIME IS NIGH ...,0.8494,dialogue,dialogue,False,31,8,29,0,0,219,124,1.0,0.7,1.0,0.7,,1.0,1.0,0.9523809523809524,1.7661290322580645,27156,0.0011415525114155,0.6666666666666666,2.1666666666666665,1.0,1.0,0.0,0.6722222222222222,8,1.0,0.1344444444444444,1.0,0.8,800,1280,0.6,collected_the-academys-genius-swordsman_ep1.csv,22
1159,2026-09-28T10:01:06.174059,I WILL SOON RETURN TO THE EMBRACE OF MY CREATOR .,0.8477,dialogue,dialogue,False,49,11,30,0,0,298,156,1.0,0.7,1.0,0.7,,1.0,1.0,0.9743589743589745,1.9102564102564104,46488,0.0010540354500086,0.6,2.67,1.0,1.0,0.0,0.55,11,1.0,0.11,1.0,0.8,800,1280,0.6,collected_the-academys-genius-swordsman_ep1.csv,23
1160,2026-09-28T10:01:06.174174,GOOD RIDDANCE .,0.7676,dialogue,dialogue,False,15,3,30,0,0,201,79,1.0,1.0,1.0,0.7,,1.0,1.0,0.9230769230769232,2.5443037974683542,15879,0.0009446438692612,0.5,1.4,1.0,1.0,0.0,0.58,3,1.0,0.1159999999999999,0.75,0.2799999999999999,800,1280,0.6,collected_the-academys-genius-swordsman_ep1.csv,24
1161,2026-09-28T10:01:06.174556,I HOPE YOUR DEAD FRIENDS ARE THERE WAITING FOR YOU .,0.7819,dialogue,dialogue,False,52,11,31,0,0,324,193,1.0,0.7,0.6,0.7,,1.0,1.0,0.9761904761904762,1.6787564766839378,62532,0.0008315742339921,0.6,1.97,1.0,1.0,0.0,1.058974358974359,11,1.0,0.2117948717948718,1.0,0.394,800,1280,0.6,collected_the-academys-genius-swordsman_ep1.csv,25
1162,2026-09-28T10:01:06.174767,FRIENDS ?,0.7462,dialogue,dialogue,False,9,2,32,0,0,223,37,1.0,0.5,1.0,0.0,,1.0,2.0,0.875,6.027027027027027,8251,0.0010907768755302,0.0,0.5,1.0,1.0,0.0,0.3,2,1.0,0.06,0.6,0.1,800,1280,0.6,collected_the-academys-genius-swordsman_ep1.csv,26
1163,2026-09-28T10:01:06.175133,"YEAH , THOSE OTHER TWO WHO CAME HERE WITH YOU .",0.8538,dialogue,dialogue,False,47,11,33,0,0,291,151,1.0,0.7,1.0,0.7,,1.0,1.0,0.945945945945946,1.9271523178807948,43941,0.001069616076102,0.7777777777777778,2.022222222222222,1.0,1.0,0.0,0.987878787878788,11,1.0,0.1975757575757575,1.0,0.8,800,1280,0.6,collected_the-academys-genius-swordsman_ep1.csv,27
1164,2026-09-28T10:01:06.175689,ONE OF THEM WAS ROASTED LIKE A SLAB OF MEAT BY THE MIGHTY RED DRAGON ...,0.8308,dialogue,dialogue,False,72,16,34,0,0,354,205,1.0,0.7,0.6,0.7,,1.0,1.0,1.0,1.726829268292683,72570,0.0009921455146754,0.5333333333333333,2.2266666666666666,1.0,1.0,0.0,0.698076923076923,16,1.0,0.1396153846153846,0.9,0.8,800,1280,0.6,collected_the-academys-genius-swordsman_ep1.csv,28
1165,2026-09-28T10:01:06.176169,... AND THE OTHER WAS SEALED AWAY FOREVER BY OLD MAN LORHON .,0.7719,dialogue,dialogue,False,61,13,35,0,0,335,204,1.0,0.7,0.6,0.7,,1.0,1.0,0.9782608695652174,1.642156862745098,68340,0.0008925958443078,0.7272727272727273,1.7,1.0,1.0,0.0,0.9232558139534884,13,1.0,0.1846511627906976,1.0,0.3399999999999999,800,1280,0.6,collected_the-academys-genius-swordsman_ep1.csv,29
1166,2026-09-28T10:01:06.176237,PF,0.4352,background,background,False,2,1,35,0,0,50,60,1.0,0.3,0.2,0.0,,1.0,0.2,1.0,0.8333333333333334,3000,0.0006666666666666,0.0,0.5,0.0,0.0,0.0,0.3,1,1.0,0.06,0.5,0.1,800,1280,0.6,collected_the-academys-genius-swordsman_ep1.csv,30
1167,2026-09-28T10:01:06.176466,DO YOU GET IT NOW ? YOU SON OF A BITCH .,0.9405,dialogue,dialogue,False,40,12,37,0,0,366,131,1.0,1.0,1.0,1.0,,1.0,1.0,0.9310344827586208,2.7938931297709924,47946,0.0008342718892086,0.8,3.04,1.0,1.0,0.0,0.748,12,1.0,0.1496,1.0,1.0,800,1280,0.6,collected_the-academys-genius-swordsman_ep1.csv,31
1168,2026-09-28T10:01:06.176648,"DO NOT DELUDE YOURSELF BY CONCEALING THE TRUTH , WARRIOR .",0.8219,dialogue,dialogue,False,58,11,38,0,0,356,130,1.0,1.0,1.0,0.4,,1.0,1.0,0.9583333333333334,2.7384615384615385,46280,0.0012532411408815,0.4444444444444444,2.0777777777777775,1.0,1.0,0.0,0.85,11,1.0,0.1699999999999999,1.0,0.8,800,1280,0.6,collected_the-academys-genius-swordsman_ep1.csv,32
1169,2026-09-28T10:01:06.176912,"AS CHILDREN OF THE STARS , WE SHARE OUR SENSES WITH ONE ANOTHER .",0.8521,dialogue,dialogue,False,65,14,39,0,0,269,167,1.0,0.7,1.0,0.7,,1.0,1.0,0.9615384615384616,1.6107784431137724,44923,0.0014469202858224,0.5,2.3333333333333335,1.0,1.0,0.0,0.8624999999999999,14,1.0,0.1725,1.0,0.8,800,1280,0.6,collected_the-academys-genius-swordsman_ep1.csv,33
1170,2026-09-28T10:01:06.176955,I AM WELL,0.6861,,dialogue,False,9,3,39,0,0,154,22,1.0,0.5,0.6,1.0,,1.0,0.2,1.0,7.0,3388,0.0026564344746162,1.0,2.1999999999999997,0.0,0.0,0.0,0.76,3,0.5,0.152,0.75,0.8,800,1280,0.6,collected_the-academys-genius-swordsman_ep1.csv,34
1171,2026-09-28T10:01:06.177224,AWAR WHO FOUGHT THEM DIED IN BATTLE AS WELL .,0.7996,dialogue,dialogue,False,45,10,40,0,0,288,123,1.0,1.0,1.0,0.7,,1.0,1.0,0.9722222222222222,2.341463414634146,35424,0.001270325203252,0.5555555555555556,1.8888888888888888,1.0,1.0,0.0,0.5696969696969697,10,1.0,0.1139393939393939,1.0,0.3777777777777777,800,1280,0.6,collected_the-academys-genius-swordsman_ep1.csv,35
1172,2026-09-28T10:01:06.177263,TSK,0.4392,background,background,False,3,1,40,0,0,141,105,1.0,0.7,1.0,0.0,,1.0,0.2,1.0,1.3428571428571427,14805,0.0002026342451874,0.0,0.5,0.0,0.0,0.0,0.3,1,0.6,0.06,0.5,0.1,800,1280,0.6,collected_the-academys-genius-swordsman_ep1.csv,36
1173,2026-09-28T10:01:06.177335,DO YOU UNDERSTAND THE SIGNIFICANCE OF THIS ?,0.9304,dialogue,dialogue,False,44,8,40,0,0,257,132,1.0,0.7,1.0,1.0,,1.0,1.0,0.972972972972973,1.946969696969697,33924,0.0012970168612191,0.8571428571428571,3.1,1.0,1.0,0.0,1.1,8,1.0,0.2199999999999999,1.0,1.0,800,1280,0.6,collected_the-academys-genius-swordsman_ep1.csv,37
1174,2026-09-28T10:01:06.177507,IT MEANS THERE ARE NO MORE WARRIORS SUCH AS YOURSELF HERE ...,0.7784,dialogue,dialogue,False,61,12,41,0,0,284,169,1.0,0.7,1.0,0.7,,1.0,1.0,1.0,1.680473372781065,47996,0.001270939244937,0.6363636363636364,1.518181818181818,1.0,1.0,0.0,0.92,12,1.0,0.184,1.0,0.3036363636363636,800,1280,0.6,collected_the-academys-genius-swordsman_ep1.csv,38
1175,2026-09-28T10:01:06.177616,... TO DEFEND THIS LAND .,0.8688,dialogue,dialogue,False,25,6,42,0,0,355,112,1.0,1.0,1.0,0.7,,1.0,1.0,0.9411764705882352,3.169642857142857,39760,0.0006287726358148,0.5,2.325,1.0,1.0,0.0,0.9857142857142858,6,1.0,0.1971428571428571,1.0,0.8,800,1280,0.6,collected_the-academys-genius-swordsman_ep1.csv,39
1176,2026-09-28T10:01:06.177803,HA !,0.7042,dialogue,dialogue,False,4,2,43,0,0,83,42,0.8,0.7,0.6,0.0,,1.0,2.0,0.6666666666666666,1.9761904761904765,3486,0.0011474469305794,0.0,0.5,1.0,1.0,0.0,0.3,2,1.0,0.06,0.6,0.1,800,1280,0.6,collected_the-academys-genius-swordsman_ep1.csv,40
1177,2026-09-28T10:01:06.177882,"NO MORE WARRIORS ? IN CASE YOU DIDN'T NOTICE , I'M STILL STANDING .",0.7688,dialogue,dialogue,False,67,14,43,0,0,288,167,1.0,0.7,1.0,0.7,,1.0,1.0,0.9074074074074074,1.7245508982035929,48096,0.0013930472388556,0.7272727272727273,1.3272727272727272,1.0,1.0,0.0,0.6404255319148936,14,1.0,0.1280851063829787,1.0,0.2654545454545454,800,1280,0.6,collected_the-academys-genius-swordsman_ep1.csv,41
1178,2026-09-28T10:01:06.177991,DO NOT BE ARROGANT .,0.8268,dialogue,dialogue,False,20,5,44,0,0,163,59,1.0,1.0,1.0,0.7,,1.0,1.0,0.9375,2.76271186440678,9617,0.002079650618696,0.75,3.25,1.0,1.0,0.0,0.6615384615384615,5,0.5,0.1323076923076923,0.75,1.0,800,1280,0.6,collected_the-academys-genius-swordsman_ep1.csv,42
1179,2026-09-28T10:01:06.178127,YOUR TIME HAS ALSO ALMOST REACHED ITS END .,0.7835,dialogue,dialogue,False,43,9,45,0,0,370,127,1.0,1.0,1.0,0.7,,1.0,1.0,0.9714285714285714,2.9133858267716537,46990,0.0009150883166631,0.625,1.3625,1.0,1.0,0.0,0.546875,9,1.0,0.109375,1.0,0.2725,800,1280,0.6,collected_the-academys-genius-swordsman_ep1.csv,43
1180,2026-09-28T10:01:06.178248,I AM QUITE RELIEVED IN A SENSE .,0.8648,dialogue,dialogue,False,32,8,46,0,0,228,96,1.0,1.0,1.0,0.7,,1.0,1.0,0.96,2.375,21888,0.0014619883040935,0.5714285714285714,2.1571428571428575,1.0,1.0,0.0,0.7000000000000001,8,1.0,0.14,1.0,0.8,800,1280,0.6,collected_the-academys-genius-swordsman_ep1.csv,44
1181,2026-09-28T10:01:06.178499,PRESS,0.4649,,background,False,5,1,47,0,0,242,155,1.0,0.7,1.0,0.0,,1.0,0.2,1.0,1.5612903225806452,37510,0.0001332977872567,0.0,0.5,0.0,0.0,0.0,2.1333333333333333,1,0.6,0.4266666666666666,0.5,0.1,800,1280,0.6,collected_the-academys-genius-swordsman_ep1.csv,45
1182,2026-09-28T10:01:06.178578,IF YOU HAD DISCOVERED YOUR TALENT AND BEGUN TRAINING SOONER ...,0.7471,dialogue,dialogue,False,63,11,47,0,0,287,132,1.0,1.0,1.0,0.7,,1.0,1.0,1.0,2.1742424242424243,37884,0.0016629711751662,0.5,1.63,1.0,1.0,0.0,0.94375,11,0.5,0.18875,1.0,0.326,800,1280,0.6,collected_the-academys-genius-swordsman_ep1.csv,46
1183,2026-09-28T10:01:06.178645,YOU MIGHT HAVE BEEN A SERIOUS OBSTACLE IN OUR PATH ...,0.8641,dialogue,dialogue,False,54,11,47,0,0,283,131,1.0,1.0,1.0,0.7,,1.0,1.0,1.0,2.1603053435114505,37073,0.0014565856553286,0.7,2.13,1.0,1.0,0.0,0.6487179487179487,11,1.0,0.1297435897435897,1.0,0.8,800,1280,0.6,collected_the-academys-genius-swordsman_ep1.csv,47
1184,2026-09-28T10:01:06.179032,"YOU'RE JUST TRYING TO PISS ME OFF , AREN'T YOU ?",0.7858,dialogue,dialogue,False,48,11,48,0,0,241,134,1.0,0.7,1.0,0.7,,1.0,1.0,0.8947368421052632,1.7985074626865671,32294,0.0014863442125472,0.7777777777777778,1.7777777777777777,1.0,1.0,0.0,0.8875,11,1.0,0.1775,1.0,0.3555555555555555,800,1280,0.6,collected_the-academys-genius-swordsman_ep1.csv,48
1185,2026-09-28T10:01:06.179129,"WELL , YOU KNOW WHAT ? MY LIFE HAS ALREADY BEEN SHITTY ENOUGH WITHOUT THIS LATEST ASTER",0.6977,,dialogue,False,87,17,48,0,0,324,197,1.0,0.7,0.6,0.7,,1.0,0.6,0.971830985915493,1.6446700507614214,63828,0.0013630381650686,0.6,1.48,1.0,0.0,0.0,0.8776119402985074,17,1.0,0.1755223880597015,0.9,0.296,800,1280,0.6,collected_the-academys-genius-swordsman_ep1.csv,49
1186,2026-09-28T10:01:06.179329,SO JUST SHUT UP AND DIE ALREADY .,0.863,dialogue,dialogue,False,33,8,50,0,0,350,173,1.0,1.0,1.0,0.7,,1.0,1.0,0.9615384615384616,2.023121387283237,60550,0.0005450041288191,0.7142857142857143,2.0,1.0,1.0,0.0,0.5739130434782609,8,1.0,0.1147826086956521,1.0,0.8,800,1280,0.6,collected_the-academys-genius-swordsman_ep1.csv,50
1187,2026-09-28T10:01:06.179384,... YOU ARE A REMARKABLE HUMAN .,0.7556,dialogue,dialogue,False,32,7,50,0,0,215,95,1.0,1.0,1.0,0.7,,1.0,1.0,0.9565217391304348,2.263157894736842,20425,0.0015667074663402,0.6,1.96,1.0,1.0,0.0,0.8400000000000001,7,0.5,0.168,1.0,0.392,800,1280,0.6,collected_the-academys-genius-swordsman_ep1.csv,51
1188,2026-09-28T10:01:06.179501,I ADMIRE YOU .,0.7503,dialogue,dialogue,False,14,4,51,0,0,209,22,1.0,0.3,0.6,0.7,,1.0,1.0,0.9090909090909092,9.5,4598,0.0030448020878642,0.6666666666666666,2.8333333333333335,1.0,1.0,0.0,0.7,4,0.5,0.1399999999999999,0.75,0.8,800,1280,0.6,collected_the-academys-genius-swordsman_ep1.csv,52
1189,2026-09-28T10:01:06.179603,HOWEVER ...,0.7488,dialogue,dialogue,False,11,2,52,0,0,232,33,1.0,0.5,0.6,0.0,,1.0,2.0,1.0,7.03030303030303,7656,0.0014367816091954,0.0,0.5,1.0,1.0,0.0,1.34,2,1.0,0.268,0.6,0.1,800,1280,0.6,collected_the-academys-genius-swordsman_ep1.csv,53
1190,2026-09-28T10:01:06.179641,CLUNK,0.4392,background,background,False,5,1,52,0,0,336,171,1.0,0.7,1.0,0.0,,1.0,0.2,1.0,1.9649122807017545,57456,8.702311333890281e-05,0.0,0.5,0.0,0.0,0.0,0.3,1,0.6,0.06,0.5,0.1,800,1280,0.6,collected_the-academys-genius-swordsman_ep1.csv,54
1191,2026-09-28T10:01:06.179825,... THERE IS NO HOPE FOR YOUR WORLD .,0.8024,dialogue,dialogue,False,37,9,53,0,0,236,94,1.0,1.0,1.0,1.0,,1.0,1.0,0.9615384615384616,2.5106382978723403,22184,0.0016678687342228,0.8571428571428571,1.8714285714285712,1.0,1.0,0.0,1.1608695652173913,9,0.5,0.2321739130434782,1.0,0.3742857142857143,800,1280,0.6,collected_the-academys-genius-swordsman_ep1.csv,55
1192,2026-09-28T10:01:06.179867,SIGH,0.5892,,background,False,4,1,53,0,0,158,86,1.0,0.7,1.0,1.0,,1.0,0.2,1.0,1.837209302325581,13588,0.0002943773918163,1.0,0.5,0.0,0.0,0.0,0.3,1,0.6,0.06,0.5,0.1,800,1280,0.6,collected_the-academys-genius-swordsman_ep1.csv,56
1193,2026-09-28T10:01:06.180056,IT IS DOOMED TO BE CONSUMED BY THE STARLIGHT OF OUR--,0.8045,dialogue,dialogue,False,53,11,54,0,0,330,163,1.0,1.0,1.0,0.7,,1.0,0.6,0.9534883720930232,2.024539877300614,53790,0.0009853132552519,0.6363636363636364,2.6545454545454543,1.0,0.0,0.0,0.6769230769230768,11,1.0,0.1353846153846153,1.0,0.8,800,1280,0.6,collected_the-academys-genius-swordsman_ep1.csv,57
1194,2026-09-28T10:01:06.180140,SLAM,0.5862,,background,False,4,1,60,0,0,608,284,1.0,1.0,0.4,1.0,,1.0,0.2,1.0,2.140845070422535,172672,2.3165307635285396e-05,1.0,0.5,0.0,0.0,0.0,0.3,1,0.6,0.06,0.5,0.1,800,1280,0.6,collected_the-academys-genius-swordsman_ep1.csv,58
1195,2026-09-28T10:01:06.180227,PANT,0.4542,,background,False,4,1,62,0,0,224,80,1.0,1.0,1.0,0.0,,1.0,0.2,1.0,2.8,17920,0.0002232142857142,0.0,0.5,0.0,0.0,0.0,0.3,1,0.6,0.06,0.5,0.1,800,1280,0.6,collected_the-academys-genius-swordsman_ep1.csv,59
1196,2026-09-28T10:01:06.180700,PANT,0.4542,,background,False,4,1,63,0,0,166,60,1.0,1.0,1.0,0.0,,1.0,0.2,1.0,2.7666666666666666,9960,0.0004016064257028,0.0,0.5,0.0,0.0,0.0,0.3,1,0.6,0.06,0.5,0.1,800,1280,0.6,collected_the-academys-genius-swordsman_ep1.csv,60
1197,2026-09-28T10:01:06.180780,WHAT'S DONE IS DONE . I CAN'T CHANGE,0.6704,,dialogue,False,36,8,63,0,0,233,96,1.0,1.0,1.0,0.7,,1.0,0.6,0.896551724137931,2.4270833333333335,22368,0.0016094420600858,0.7142857142857143,1.0285714285714287,1.0,0.0,0.0,1.0416666666666667,8,0.5,0.2083333333333333,1.0,0.2057142857142857,800,1280,0.6,collected_the-academys-genius-swordsman_ep1.csv,61
1198,2026-09-28T10:01:06.180884,ANYTHING ...,0.695,,dialogue,False,12,2,64,0,0,168,19,1.0,0.3,0.6,0.0,,1.0,2.0,1.0,8.842105263157896,3192,0.0037593984962406,0.0,0.5,1.0,1.0,0.0,1.7833333333333332,2,0.5,0.3566666666666666,0.6,0.1,800,1280,0.6,collected_the-academys-genius-swordsman_ep1.csv,62
1199,2026-09-28T10:01:06.180967,SPLAT,0.4392,background,background,False,5,1,65,0,0,277,189,1.0,0.7,1.0,0.0,,1.0,0.2,1.0,1.4656084656084656,52353,9.550551066796554e-05,0.0,0.5,0.0,0.0,0.0,0.3,1,0.6,0.06,0.5,0.1,800,1280,0.6,collected_the-academys-genius-swordsman_ep1.csv,63
1200,2026-09-28T10:01:06.181060,HUFF,0.4392,background,background,False,4,1,66,0,0,186,100,1.0,0.7,1.0,0.0,,1.0,0.2,1.0,1.86,18600,0.0002150537634408,0.0,0.5,0.0,0.0,0.0,0.3,1,0.6,0.06,0.5,0.1,800,1280,0.6,collected_the-academys-genius-swordsman_ep1.csv,64
1201,2026-09-28T10:01:06.181114,HUFF,0.4542,,background,False,4,1,66,0,0,183,79,1.0,1.0,1.0,0.0,,1.0,0.2,1.0,2.3164556962025316,14457,0.0002766825759147,0.0,0.5,0.0,0.0,0.0,0.3,1,0.6,0.06,0.5,0.1,800,1280,0.6,collected_the-academys-genius-swordsman_ep1.csv,65
1202,2026-09-28T10:01:06.181199,WUFF,0.4542,,background,False,4,1,67,0,0,243,99,1.0,1.0,1.0,0.0,,1.0,0.2,1.0,2.4545454545454546,24057,0.00016627177121,0.0,0.5,0.0,0.0,0.0,0.3,1,0.6,0.06,0.5,0.1,800,1280,0.6,collected_the-academys-genius-swordsman_ep1.csv,66
1203,2026-09-28T10:01:06.181281,HUFF,0.4392,background,background,False,4,1,74,0,0,240,148,1.0,0.7,1.0,0.0,,1.0,0.2,1.0,1.6216216216216215,35520,0.0001126126126126,0.0,0.5,0.0,0.0,0.0,0.3,1,0.6,0.06,0.5,0.1,800,1280,0.6,collected_the-academys-genius-swordsman_ep1.csv,67
1204,2026-09-28T10:01:06.181405,HUFF,0.4392,background,background,False,4,1,75,0,0,248,153,1.0,0.7,1.0,0.0,,1.0,0.2,1.0,1.6209150326797386,37944,0.0001054185114906,0.0,0.5,0.0,0.0,0.0,0.3,1,0.6,0.06,0.5,0.1,800,1280,0.6,collected_the-academys-genius-swordsman_ep1.csv,68
1205,2026-09-28T10:01:06.181474,YOU'RE ALL HERE TOGETHER ...,0.7249,dialogue,dialogue,False,28,5,75,0,0,258,60,1.0,1.0,1.0,0.7,,1.0,1.0,0.9523809523809524,4.3,15480,0.0018087855297157,0.75,1.125,1.0,1.0,0.0,1.688888888888889,5,0.5,0.3377777777777778,0.75,0.225,800,1280,0.6,collected_the-academys-genius-swordsman_ep1.csv,69
1206,2026-09-28T10:01:06.181584,YOU SILLY FOOLS ...,0.6849,,dialogue,False,19,4,76,0,0,146,59,1.0,1.0,1.0,0.4,,1.0,1.0,1.0,2.4745762711864407,8614,0.0022057116322266,0.3333333333333333,1.6,1.0,1.0,0.0,1.0272727272727271,4,0.5,0.2054545454545454,0.75,0.3199999999999999,800,1280,0.6,collected_the-academys-genius-swordsman_ep1.csv,70
1207,2026-09-28T10:01:06.181891,WHY DID YOU GET YOURSELVES KILLED LIKE THIS ? COULDN'T YOU HAVE JUST SWALLOWED YOUR PRIDE ?,0.7313,dialogue,dialogue,False,91,17,77,0,0,296,203,1.0,0.7,1.0,0.7,,1.0,1.0,0.96,1.458128078817734,60088,0.0015144454799627,0.7333333333333333,1.92,1.0,1.0,0.0,0.7671428571428572,17,0.5,0.1534285714285714,0.9,0.384,800,1280,0.6,collected_the-academys-genius-swordsman_ep1.csv,71
1208,2026-09-28T10:01:06.182092,SPLASH DID YOU THINK YOU WERE AS STRONG AS ME ?,0.8454,dialogue,dialogue,False,47,11,78,0,0,420,302,1.0,0.7,0.6,1.0,,1.0,1.0,0.972972972972973,1.390728476821192,126840,0.000370545569221,0.9,2.19,1.0,1.0,0.0,0.8823529411764706,11,0.6,0.1764705882352941,1.0,0.8,800,1280,0.6,collected_the-academys-genius-swordsman_ep1.csv,72
1209,2026-09-28T10:01:06.182370,YOU SHOULD'VE RUN AWAY WHILE YOU HAD THE CHANCE ...,0.7844,dialogue,dialogue,False,51,10,79,0,0,239,170,1.0,0.7,1.0,0.7,,1.0,1.0,0.9743589743589745,1.4058823529411764,40630,0.001255230125523,0.7777777777777778,1.7333333333333334,1.0,1.0,0.0,0.8833333333333333,10,1.0,0.1766666666666666,1.0,0.3466666666666667,800,1280,0.6,collected_the-academys-genius-swordsman_ep1.csv,73
1210,2026-09-28T10:01:06.182417,BRUSH,0.4542,,background,False,5,1,79,0,0,229,94,1.0,1.0,1.0,0.0,,1.0,0.2,1.0,2.4361702127659575,21526,0.0002322772461209,0.0,0.5,0.0,0.0,0.0,0.3,1,0.6,0.06,0.5,0.1,800,1280,0.6,collected_the-academys-genius-swordsman_ep1.csv,74
1211,2026-09-28T10:01:06.182485,YOU WERE ALL SO STUBBORN ...,0.8633,dialogue,dialogue,False,28,6,79,0,0,255,63,1.0,1.0,1.0,1.0,,1.0,1.0,1.0,4.0476190476190474,16065,0.0017429193899782,0.8,2.12,1.0,1.0,0.0,0.95,6,0.5,0.19,1.0,0.8,800,1280,0.6,collected_the-academys-genius-swordsman_ep1.csv,75
1212,2026-09-28T10:01:06.182685,RIGHT TILL THE VERY END ...,0.7429,dialogue,dialogue,False,27,6,80,0,0,236,64,1.0,1.0,1.0,0.7,,1.0,1.0,1.0,3.6875,15104,0.0017876059322033,0.6,1.4,1.0,1.0,0.0,1.1352941176470588,6,0.5,0.2270588235294117,1.0,0.2799999999999999,800,1280,0.6,collected_the-academys-genius-swordsman_ep1.csv,76
1213,2026-09-28T10:01:06.182743,I DON'T UNDERSTAND .,0.7828,dialogue,dialogue,False,20,4,80,0,0,194,60,1.0,1.0,1.0,1.0,,1.0,1.0,0.8823529411764706,3.2333333333333334,11640,0.0017182130584192,1.0,1.7333333333333334,1.0,1.0,0.0,1.3076923076923077,4,0.5,0.2615384615384615,0.75,0.3466666666666667,800,1280,0.6,collected_the-academys-genius-swordsman_ep1.csv,77
1214,2026-09-28T10:01:06.182798,THOSE GIANTS REPELLED,0.5236,,dialogue,False,21,3,80,0,0,219,53,1.0,1.0,1.0,0.4,,1.0,0.2,1.0,4.132075471698113,11607,0.0018092530369604,0.3333333333333333,0.5,0.0,0.0,0.0,0.4352941176470588,3,0.5,0.0870588235294117,0.75,0.1,800,1280,0.6,collected_the-academys-genius-swordsman_ep1.csv,78
1215,2026-09-28T10:01:06.182999,THE AURA OF THE GREATEST SWORDSMAN IN THE EMPIRE .,0.8659,dialogue,dialogue,False,50,10,81,0,0,354,95,1.0,1.0,1.0,0.7,,1.0,1.0,0.975609756097561,3.726315789473684,33630,0.0014867677668748,0.5555555555555556,2.888888888888889,1.0,1.0,0.0,0.7763157894736842,10,1.0,0.1552631578947368,1.0,0.8,800,1280,0.6,collected_the-academys-genius-swordsman_ep1.csv,79
1216,2026-09-28T10:01:06.183170,WHY DID ONLY MY SWORD WORK AGAINST THEM ?,0.7706,dialogue,dialogue,False,41,9,82,0,0,342,175,1.0,0.7,1.0,0.7,,1.0,1.0,0.9696969696969696,1.9542857142857144,59850,0.0006850459482038,0.75,1.4125,1.0,1.0,0.0,0.5866666666666667,9,1.0,0.1173333333333333,1.0,0.2825,800,1280,0.6,collected_the-academys-genius-swordsman_ep1.csv,80
1217,2026-09-28T10:01:06.183476,"IF IT WEREN'T FOR ME , THE PENAL SOLDIERS WOULDN'T HAVE HAD TO LEAD THE CHARGE ...",0.8392,dialogue,dialogue,False,82,17,83,0,0,303,171,1.0,0.7,1.0,1.0,,1.0,1.0,0.9523809523809524,1.7719298245614037,51813,0.001582614401791,0.8,2.3866666666666663,1.0,1.0,0.0,0.7982758620689655,17,0.5,0.1596551724137931,0.9,0.8,800,1280,0.6,collected_the-academys-genius-swordsman_ep1.csv,81
1218,2026-09-28T10:01:06.183684,... AND YOU WOULDN'T HAVE BEEN THE FIRST TO DIE ...,0.899,dialogue,dialogue,False,51,11,84,0,0,263,151,1.0,0.7,1.0,1.0,,1.0,1.0,0.9714285714285714,1.7417218543046358,39713,0.0012842142371515,1.0,2.844444444444445,1.0,1.0,0.0,1.0,11,1.0,0.2,1.0,0.8,800,1280,0.6,collected_the-academys-genius-swordsman_ep1.csv,82
1219,2026-09-28T10:01:06.183730,SIGH,0.6042,,background,False,4,1,84,0,0,282,138,1.0,1.0,1.0,1.0,,1.0,0.2,1.0,2.0434782608695654,38916,0.0001027854866892,1.0,0.5,0.0,0.0,0.0,0.3,1,0.6,0.06,0.5,0.1,800,1280,0.6,collected_the-academys-genius-swordsman_ep1.csv,83
1220,2026-09-28T10:01:06.183858,I JUST DON'T GET IT ...,0.8942,dialogue,dialogue,False,23,6,85,0,0,159,98,1.0,0.7,1.0,1.0,,1.0,1.0,0.9333333333333332,1.6224489795918366,15582,0.0014760621229623,1.0,2.78,1.0,1.0,0.0,0.6583333333333333,6,1.0,0.1316666666666666,1.0,0.8,800,1280,0.6,collected_the-academys-genius-swordsman_ep1.csv,84
1221,2026-09-28T10:01:06.183976,IS ANYONE ... THERE ?,0.7276,dialogue,dialogue,False,21,5,89,0,0,179,57,1.0,1.0,1.0,0.7,,1.0,1.0,0.9285714285714286,3.1403508771929824,10203,0.0020582181711261,0.6666666666666666,1.3,1.0,1.0,0.0,1.5090909090909093,5,0.5,0.3018181818181819,0.75,0.26,800,1280,0.6,collected_the-academys-genius-swordsman_ep1.csv,85
1222,2026-09-28T10:01:06.184059,JOLT,0.4212,background,background,False,4,1,90,0,0,509,365,1.0,0.7,0.4,0.0,,1.0,0.2,1.0,1.3945205479452054,185785,2.1530263476599295e-05,0.0,0.5,0.0,0.0,0.0,0.3,1,0.6,0.06,0.5,0.1,800,1280,0.6,collected_the-academys-genius-swordsman_ep1.csv,86
1223,2026-09-28T10:01:06.184209,II'M INJURED ... I CAN'T MOVE ...,0.7285,dialogue,dialogue,False,33,7,91,0,0,218,56,1.0,1.0,1.0,0.7,,1.0,1.0,0.9047619047619048,3.892857142857143,12208,0.0027031454783748,0.6,1.24,1.0,1.0,0.0,0.4470588235294117,7,0.5,0.0894117647058823,1.0,0.248,800,1280,0.6,collected_the-academys-genius-swordsman_ep1.csv,87
1224,2026-09-28T10:01:06.184367,TH - THAT VOICE ... !,0.6955,,dialogue,False,21,6,92,0,0,121,57,1.0,1.0,0.6,0.4,,1.0,1.0,0.9166666666666666,2.1228070175438596,6897,0.0030448020878642,0.3333333333333333,1.7666666666666666,1.0,1.0,0.0,1.0333333333333334,6,0.5,0.2066666666666667,1.0,0.3533333333333333,800,1280,0.6,collected_the-academys-genius-swordsman_ep1.csv,88
1225,2026-09-28T10:01:06.184510,SHE'S ALIVE ...,0.6567,,dialogue,False,15,3,93,0,0,291,32,1.0,0.3,1.0,0.7,,1.0,1.0,0.9,9.09375,9312,0.001610824742268,0.5,0.5,1.0,1.0,0.0,0.6571428571428571,3,0.5,0.1314285714285714,0.75,0.1,800,1280,0.6,collected_the-academys-genius-swordsman_ep1.csv,89
1226,2026-09-28T10:01:06.184571,0,0.1525,background,background,False,1,1,93,0,0,7,6,0.0,0.7,0.2,0.0,,0.91,0.2,0.0,1.1666666666666667,42,0.0238095238095238,0.0,0.5,0.0,0.0,0.09,0.3,1,0.0,0.06,0.5,0.1,800,1280,0.6,collected_the-academys-genius-swordsman_ep1.csv,90
1227,2026-09-28T10:01:06.184745,PLEASE ... SOMEONE ...,0.7124,dialogue,dialogue,False,22,4,94,0,0,155,53,1.0,1.0,1.0,0.7,,1.0,1.0,1.0,2.9245283018867925,8215,0.0026780279975654,0.5,1.25,1.0,1.0,0.0,0.5272727272727272,4,0.5,0.1054545454545454,0.75,0.25,800,1280,0.6,collected_the-academys-genius-swordsman_ep1.csv,91
1228,2026-09-28T10:01:06.184817,100,0.1825,background,background,False,3,1,94,0,0,28,7,0.0,1.0,0.2,0.0,,0.41,0.2,0.0,4.0,196,0.0153061224489795,0.0,0.5,0.0,0.0,0.59,0.3,1,0.3,0.06,0.5,0.1,800,1280,0.6,collected_the-academys-genius-swordsman_ep1.csv,92
1229,2026-09-28T10:01:06.184887,CRUNCH,0.4422,background,background,False,6,1,94,0,0,494,181,1.0,1.0,0.6,0.0,,1.0,0.2,1.0,2.729281767955801,89414,6.710358556825553e-05,0.0,0.5,0.0,0.0,0.0,0.3,1,0.6,0.06,0.5,0.1,800,1280,0.6,collected_the-academys-genius-swordsman_ep1.csv,93
1230,2026-09-28T10:01:06.185050,SHE'S STILL ALIVE ... !,0.7453,dialogue,dialogue,False,23,5,95,0,0,391,117,1.0,1.0,1.0,0.7,,1.0,1.0,0.875,3.341880341880342,45747,0.0005027652086475,0.6666666666666666,0.5,1.0,1.0,0.0,0.9166666666666666,5,1.0,0.1833333333333333,0.75,0.1,800,1280,0.6,collected_the-academys-genius-swordsman_ep1.csv,94
1231,2026-09-28T10:01:06.185168,TREMBLE,0.4392,background,background,False,7,1,98,0,0,230,117,1.0,0.7,1.0,0.0,,1.0,0.2,1.0,1.9658119658119655,26910,0.0002601263470828,0.0,0.5,0.0,0.0,0.0,0.3,1,0.6,0.06,0.5,0.1,800,1280,0.6,collected_the-academys-genius-swordsman_ep1.csv,95
1232,2026-09-28T10:01:06.185238,TREMBLE,0.4542,,background,False,7,1,98,0,0,191,77,1.0,1.0,1.0,0.0,,1.0,0.2,1.0,2.4805194805194803,14707,0.0004759638267491,0.0,0.5,0.0,0.0,0.0,0.3,1,0.6,0.06,0.5,0.1,800,1280,0.6,collected_the-academys-genius-swordsman_ep1.csv,96
1233,2026-09-28T10:01:06.185351,DUDU,0.4062,background,background,False,4,1,100,0,0,718,554,1.0,0.7,0.4,0.0,,0.5,0.2,1.0,1.296028880866426,397772,1.0056011986766289e-05,0.0,0.5,0.0,0.0,0.5,0.3,1,0.6,0.06,0.5,0.1,800,1280,0.6,collected_the-academys-genius-swordsman_ep1.csv,97
1234,2026-09-28T10:01:06.185490,YOU'RE ALIVE !,0.6579,,dialogue,False,14,3,103,0,0,217,27,1.0,0.3,0.6,0.7,,1.0,1.0,0.8333333333333334,8.037037037037036,5859,0.002389486260454,0.5,0.5,1.0,1.0,0.0,1.6,3,0.5,0.32,0.75,0.1,800,1280,0.6,collected_the-academys-genius-swordsman_ep1.csv,98
1235,2026-09-28T10:01:06.185622,ADESHAN ... !,0.6067,,dialogue,False,13,3,104,0,0,262,38,1.0,0.5,1.0,0.0,,1.0,1.0,0.875,6.894736842105263,9956,0.0013057452792286,0.0,0.5,1.0,1.0,0.0,0.3,3,1.0,0.06,0.75,0.1,800,1280,0.6,collected_the-academys-genius-swordsman_ep1.csv,99
1236,2026-09-28T10:01:06.185703,FLINCH,0.4392,background,background,False,6,1,104,0,0,329,165,1.0,0.7,1.0,0.0,,1.0,0.2,1.0,1.993939393939394,54285,0.0001105277701022,0.0,0.5,0.0,0.0,0.0,0.3,1,0.6,0.06,0.5,0.1,800,1280,0.6,collected_the-academys-genius-swordsman_ep1.csv,100
1237,2026-09-28T10:01:06.185873,DRIP DRIP,0.4492,background,background,False,9,2,106,0,0,474,217,1.0,1.0,0.6,0.0,,1.0,0.2,1.0,2.184331797235023,102858,8.749927083940967e-05,0.0,0.5,0.0,0.0,0.0,0.3,2,0.6,0.06,0.6,0.1,800,1280,0.6,collected_the-academys-genius-swordsman_ep1.csv,101
1238,2026-09-28T10:01:06.185948,GRAND MARSHAL ...,0.5972,,dialogue,False,17,3,106,0,0,316,117,1.0,1.0,1.0,0.0,,1.0,1.0,1.0,2.700854700854701,36972,0.0004598074218327,0.0,0.5,1.0,1.0,0.0,0.6900000000000001,3,0.6,0.138,0.75,0.1,800,1280,0.6,collected_the-academys-genius-swordsman_ep1.csv,102
1239,2026-09-28T10:01:06.186443,The Academy's Genius Swordsman Original Story by SeoGwando Drawing by C.H,0.5716,,background,False,73,11,108,0,0,692,214,1.0,1.0,0.4,0.075,,1.0,0.6,0.9838709677419356,3.233644859813084,148088,0.0004929501377559,0.25,1.375,1.0,0.0,0.0,0.5050847457627119,11,0.6,0.1010169491525423,1.0,0.275,800,1280,0.6,collected_the-academys-genius-swordsman_ep1.csv,103
1240,2026-09-28T10:01:06.186678,To be continued,0.6732,,background,False,15,3,109,0,0,202,24,1.0,0.3,1.0,0.7,,1.0,0.2,1.0,8.416666666666666,4848,0.0030940594059405,0.6666666666666666,3.3333333333333335,0.0,0.0,0.0,0.7636363636363637,3,0.5,0.1527272727272727,0.75,1.0,800,740,0.6,collected_the-academys-genius-swordsman_ep1.csv,104
1241,2026-09-28T10:01:06.186769,BLUEPIC STUDIO,0.4162,background,background,False,14,2,109,0,0,201,25,1.0,0.3,1.0,0.0,,1.0,0.2,1.0,8.04,5025,0.0027860696517412,0.0,0.5,0.0,0.0,0.0,0.3,2,0.5,0.06,0.6,0.1,800,740,0.6,collected_the-academys-genius-swordsman_ep1.csv,105
1242,2026-09-28T10:01:46.195802,DUDUN,0.4212,background,background,False,5,1,1,0,0,799,718,1.0,0.7,0.4,0.0,,1.0,0.2,1.0,1.1128133704735377,573682,8.715629913436364e-06,0.0,0.5,0.0,0.0,0.0,0.3,1,0.6,0.06,0.5,0.1,800,1280,0.6,collected_the-academys-genius-swordsman_ep2.csv,2
1243,2026-09-28T10:01:46.196645,FLINCH,0.4542,,background,False,6,1,5,0,0,337,144,1.0,1.0,1.0,0.0,,1.0,0.2,1.0,2.3402777777777777,48528,0.0001236399604352,0.0,0.5,0.0,0.0,0.0,0.3,1,0.6,0.06,0.5,0.1,800,1280,0.6,collected_the-academys-genius-swordsman_ep2.csv,5
1244,2026-09-28T10:01:46.198157,555 IR,0.4082,background,background,False,6,2,10,0,0,383,555,1.0,0.3,0.4,0.0,,1.0,0.2,1.0,0.69009009009009,212565,2.822666008044598e-05,0.0,0.5,0.0,0.0,0.0,0.3,2,0.6,0.06,0.6,0.1,800,1280,0.6,collected_the-academys-genius-swordsman_ep2.csv,9
1245,2026-09-28T10:01:46.198418,CLENCH,0.4542,,background,False,6,1,11,0,0,173,72,1.0,1.0,1.0,0.0,,1.0,0.2,1.0,2.4027777777777777,12456,0.0004816955684007,0.0,0.5,0.0,0.0,0.0,0.3,1,0.6,0.06,0.5,0.1,800,1280,0.6,collected_the-academys-genius-swordsman_ep2.csv,10
1246,2026-09-28T10:01:46.198556,WHAT IN THE WORLD,0.7585,dialogue,dialogue,False,17,4,11,0,0,165,54,1.0,1.0,1.0,1.0,,1.0,0.2,1.0,3.0555555555555554,8910,0.0019079685746352,1.0,3.2,0.0,0.0,0.0,1.1416666666666666,4,0.5,0.2283333333333333,0.75,1.0,800,1280,0.6,collected_the-academys-genius-swordsman_ep2.csv,11
1247,2026-09-28T10:01:46.199260,"HAPPENED TO YOU , GRAND MARSHAL ? YOU LOOK TERRIBLE ...",0.8651,dialogue,dialogue,False,55,11,12,0,0,279,133,1.0,1.0,1.0,0.7,,1.0,1.0,0.9523809523809524,2.0977443609022557,37107,0.0014822001239658,0.5,2.05,1.0,1.0,0.0,0.718421052631579,11,1.0,0.1436842105263158,1.0,0.8,800,1280,0.6,collected_the-academys-genius-swordsman_ep2.csv,12
1248,2026-09-28T10:01:46.199433,CORPORAL RONAN ... YOU DON'T LOOK SO GOOD EITHER .,0.7683,dialogue,dialogue,False,50,10,12,0,0,276,255,1.0,0.7,0.6,0.7,,1.0,1.0,0.9473684210526316,1.0823529411764703,70380,0.0007104290991759,0.625,1.625,1.0,1.0,0.0,0.8235294117647058,10,1.0,0.1647058823529411,1.0,0.325,800,1280,0.6,collected_the-academys-genius-swordsman_ep2.csv,13
1249,2026-09-28T10:01:46.199747,"MORE IMPORTANTLY , WHAT ABOUT AHAYUTE ?",0.7222,dialogue,dialogue,False,39,7,13,0,0,197,131,1.0,0.7,1.0,0.7,,1.0,1.0,0.9393939393939394,1.5038167938931295,25807,0.0015112178866199,0.6,1.42,1.0,1.0,0.0,0.6827586206896552,7,0.5,0.136551724137931,1.0,0.284,800,1280,0.6,collected_the-academys-genius-swordsman_ep2.csv,14
1250,2026-09-28T10:01:46.199975,IS HE DEAD ?,0.7347,dialogue,dialogue,False,12,4,14,0,0,309,37,1.0,0.3,1.0,0.7,,1.0,1.0,0.8888888888888888,8.35135135135135,11433,0.0010495932826029,0.6666666666666666,1.6,1.0,1.0,0.0,0.3,4,1.0,0.06,0.75,0.3199999999999999,800,1280,0.6,collected_the-academys-genius-swordsman_ep2.csv,15
1251,2026-09-28T10:01:46.200233,"YES , I KILLED HIM .",0.8123,dialogue,dialogue,False,20,6,15,0,0,186,59,1.0,1.0,1.0,0.7,,1.0,1.0,0.8666666666666667,3.152542372881356,10974,0.0018224895206852,0.75,2.325,1.0,1.0,0.0,0.5181818181818182,6,0.5,0.1036363636363636,1.0,0.8,800,1280,0.6,collected_the-academys-genius-swordsman_ep2.csv,16
1252,2026-09-28T10:01:46.200600,THE BODY ISN'T FAR FROM HERE .,0.7988,dialogue,dialogue,False,30,7,16,0,0,225,89,1.0,1.0,1.0,0.7,,1.0,1.0,0.9166666666666666,2.5280898876404496,20025,0.0014981273408239,0.6666666666666666,1.7333333333333334,1.0,1.0,0.0,0.8400000000000001,7,1.0,0.168,1.0,0.3466666666666667,800,1280,0.6,collected_the-academys-genius-swordsman_ep2.csv,17
1253,2026-09-28T10:01:46.200696,I SEE ...,0.8427,dialogue,dialogue,False,9,3,16,0,0,105,25,1.0,1.0,0.2,1.0,,1.0,1.0,1.0,4.2,2625,0.0034285714285714,1.0,3.2,1.0,1.0,0.0,0.3,3,0.5,0.06,0.75,1.0,800,1280,0.6,collected_the-academys-genius-swordsman_ep2.csv,18
1254,2026-09-28T10:01:46.200918,HE'S FINALLY DEAD ...,0.6451,,dialogue,False,21,4,18,0,0,204,65,1.0,1.0,1.0,0.4,,1.0,1.0,0.9333333333333332,3.1384615384615384,13260,0.0015837104072398,0.3333333333333333,0.5,1.0,1.0,0.0,0.5416666666666666,4,0.5,0.1083333333333333,0.75,0.1,800,1280,0.6,collected_the-academys-genius-swordsman_ep2.csv,19
1255,2026-09-28T10:01:46.201178,"THANK YOU , CORPORAL RONAN .",0.675,,dialogue,False,28,6,19,0,0,277,155,1.0,0.7,1.0,0.075,,1.0,1.0,0.9130434782608696,1.7870967741935484,42935,0.0006521485967159,0.25,1.325,1.0,1.0,0.0,0.6421052631578947,6,1.0,0.1284210526315789,1.0,0.265,800,1280,0.6,collected_the-academys-genius-swordsman_ep2.csv,20
1256,2026-09-28T10:01:46.201338,:,0.2305,background,background,False,1,1,20,0,0,18,7,0.0,1.0,0.2,0.0,,0.01,0.6,0.0,2.5714285714285716,126,0.0079365079365079,0.0,0.5,1.0,0.0,0.99,0.3,1,0.3,0.06,0.5,0.1,800,1280,0.6,collected_the-academys-genius-swordsman_ep2.csv,21
1257,2026-09-28T10:01:46.201696,"WELL , IF YOU'D REALLY LIKE TO THANK ME ...",0.7911,dialogue,dialogue,False,43,10,21,0,0,233,133,1.0,0.7,1.0,0.7,,1.0,1.0,0.935483870967742,1.7518796992481205,30989,0.0013875891445351,0.75,1.9875,1.0,1.0,0.0,0.8222222222222222,10,1.0,0.1644444444444444,1.0,0.3975,800,1280,0.6,collected_the-academys-genius-swordsman_ep2.csv,22
1258,2026-09-28T10:01:46.201977,ME A FAVOR ?,0.7447,dialogue,dialogue,False,12,4,22,0,0,237,27,1.0,0.3,0.6,0.7,,1.0,1.0,0.8888888888888888,8.777777777777779,6399,0.0018752930145335,0.6666666666666666,2.533333333333333,1.0,1.0,0.0,0.3,4,0.5,0.06,0.75,0.8,800,1280,0.6,collected_the-academys-genius-swordsman_ep2.csv,23
1259,2026-09-28T10:01:46.202255,A FAVOR ?,0.7547,dialogue,dialogue,False,9,3,22,0,0,147,23,1.0,0.5,0.6,0.7,,1.0,1.0,0.8571428571428571,6.391304347826087,3381,0.0026619343389529,0.5,2.5,1.0,1.0,0.0,0.3,3,0.5,0.06,0.75,0.8,800,1280,0.6,collected_the-academys-genius-swordsman_ep2.csv,24
1260,2026-09-28T10:01:46.203571,CAN YOU MAKE SURE THE PENAL SOLDIERS RECEIVE A PROPER BURIAL ? I KNOW THEIR BODIES ARE USUALLY EITHER ABANDONED OR INCINERATED ... SWAAAA,0.6397,,dialogue,False,137,24,23,0,0,667,708,1.0,0.3,0.4,0.7,,1.0,0.6,0.9908256880733946,0.942090395480226,472236,0.0002901091826967,0.5,1.768181818181818,1.0,0.0,0.0,0.8349056603773585,24,0.6,0.1669811320754717,0.9,0.3536363636363636,800,1280,0.6,collected_the-academys-genius-swordsman_ep2.csv,25
1261,2026-09-28T10:01:46.204378,... BUT THEY PLAYED AN IMPORTANT PART IN THIS VICTORY .,0.7978,dialogue,dialogue,False,55,11,24,0,0,212,169,1.0,0.7,1.0,0.7,,1.0,1.0,0.9761904761904762,1.2544378698224852,35828,0.0015351122027464,0.7777777777777778,2.2333333333333334,1.0,1.0,0.0,0.5538461538461538,11,0.5,0.1107692307692307,1.0,0.8,800,1280,0.6,collected_the-academys-genius-swordsman_ep2.csv,26
1262,2026-09-28T10:01:46.204565,I'M NOT SURE IF I'LL MAKE IT BACK ALIVE ...,0.794,dialogue,dialogue,False,43,10,24,0,0,203,133,1.0,0.7,1.0,1.0,,1.0,1.0,0.935483870967742,1.5263157894736843,26999,0.0015926515796881,0.8888888888888888,2.0777777777777775,1.0,1.0,0.0,0.5740740740740741,10,0.5,0.1148148148148148,0.3,0.8,800,1280,0.6,collected_the-academys-genius-swordsman_ep2.csv,27
1263,2026-09-28T10:01:46.205044,YOU MIGHT HAVE TO BURY THEM YOURSELF .,0.8535,dialogue,dialogue,False,38,8,25,0,0,215,132,1.0,0.7,1.0,0.7,,1.0,1.0,0.967741935483871,1.628787878787879,28380,0.0013389711064129,0.7142857142857143,2.3428571428571425,1.0,1.0,0.0,0.9642857142857144,8,1.0,0.1928571428571428,1.0,0.8,800,1280,0.6,collected_the-academys-genius-swordsman_ep2.csv,28
1264,2026-09-28T10:01:46.205171,OH COME ON,0.6753,,dialogue,False,10,3,25,0,0,194,17,1.0,0.3,0.6,1.0,,1.0,0.2,1.0,11.411764705882351,3298,0.003032140691328,1.0,2.8333333333333335,0.0,0.0,0.0,0.7000000000000001,3,0.5,0.14,0.75,0.8,800,1280,0.6,collected_the-academys-genius-swordsman_ep2.csv,29
1265,2026-09-28T10:01:46.205670,DON'T TALK LIKE THAT-- COUGH,0.6817,,dialogue,False,28,5,26,0,0,296,189,1.0,0.7,1.0,0.7,,1.0,0.6,0.875,1.566137566137566,55944,0.0005005005005005,0.6,0.9,1.0,0.0,0.0,0.8736842105263158,5,1.0,0.1747368421052631,0.75,0.18,800,1280,0.6,collected_the-academys-genius-swordsman_ep2.csv,30
1266,2026-09-28T10:01:46.205826,COUGH COUGH,0.4862,,background,False,11,2,26,0,0,140,80,1.0,0.7,1.0,0.0,,1.0,0.2,1.0,1.75,11200,0.0009821428571428,0.0,0.5,0.0,0.0,0.0,0.3,2,1.0,0.06,0.6,0.1,800,1280,0.6,collected_the-academys-genius-swordsman_ep2.csv,31
1267,2026-09-28T10:01:46.206306,REACH,0.6004,,background,False,5,1,27,0,0,203,135,1.0,0.7,1.0,1.0,,1.0,0.2,1.0,1.5037037037037038,27405,0.0001824484583105,1.0,0.5,0.0,0.0,0.0,1.1,1,0.6,0.22,0.5,0.1,800,1280,0.6,collected_the-academys-genius-swordsman_ep2.csv,32
1268,2026-09-28T10:01:46.206497,URGH ... LOOK AT THAT ... DO YOU REALLY THINK I'LL OUTLIVE YOU ?,0.8686,dialogue,dialogue,False,64,14,27,0,0,250,308,1.0,0.3,0.6,1.0,,1.0,1.0,0.9555555555555556,0.8116883116883117,77000,0.0008311688311688,0.8181818181818182,2.3181818181818183,1.0,1.0,0.0,1.1121951219512196,14,1.0,0.2224390243902439,1.0,0.8,800,1280,0.6,collected_the-academys-genius-swordsman_ep2.csv,33
1269,2026-09-28T10:01:46.206766,I'M PRACTICALLY DYING ALREADY ...,0.5986,,dialogue,False,33,5,28,0,0,296,71,1.0,1.0,1.0,0.075,,1.0,1.0,0.9615384615384616,4.169014084507042,21016,0.001570232204035,0.25,0.5,1.0,1.0,0.0,0.7043478260869565,5,0.5,0.1408695652173913,0.75,0.1,800,1280,0.6,collected_the-academys-genius-swordsman_ep2.csv,34
1270,2026-09-28T10:01:46.207913,"THERE ARE SO MANY THINGS I NEVER HAD THE TIME TO DO . NOW THAT DEATH IS JUST AROUND THE CORNER , I'M KIND OF SAD TO GO ...",0.8087,dialogue,dialogue,False,122,29,30,0,0,367,420,1.0,0.3,0.4,0.7,,1.0,1.0,0.967032967032967,0.8738095238095238,154140,0.0007914882574283,0.7307692307692307,2.2153846153846155,1.0,1.0,0.0,0.9767441860465116,29,1.0,0.1953488372093023,0.9,0.8,800,1280,0.6,collected_the-academys-genius-swordsman_ep2.csv,35
1271,2026-09-28T10:01:46.208823,IF YOU COULD SURVIVE ... IS THERE ANYTHING YOU'D LIKE TO DO ?,0.8203,dialogue,dialogue,False,61,13,31,0,0,281,132,1.0,1.0,1.0,0.7,,1.0,1.0,0.9565217391304348,2.128787878787879,37092,0.0016445594737409,0.7272727272727273,2.2363636363636363,1.0,1.0,0.0,1.0928571428571427,13,0.5,0.2185714285714285,1.0,0.8,800,1280,0.6,collected_the-academys-genius-swordsman_ep2.csv,36
1272,2026-09-28T10:01:46.208995,HEHE ... THERE'S A WHOLE BUNCH OF THINGS I WANT TO DO !,0.853,dialogue,dialogue,False,55,13,31,0,0,270,198,1.0,0.7,1.0,0.7,,1.0,1.0,0.95,1.3636363636363635,53460,0.0010288065843621,0.6363636363636364,2.2454545454545456,1.0,1.0,0.0,0.9305555555555556,13,1.0,0.1861111111111111,1.0,0.8,800,1280,0.6,collected_the-academys-genius-swordsman_ep2.csv,37
1273,2026-09-28T10:01:46.209347,BUT ...,0.9942,dialogue,dialogue,False,7,2,33,0,0,97,34,1.0,1.0,0.6,1.0,,1.0,2.0,1.0,2.8529411764705883,3298,0.0021224984839296,1.0,3.6,1.0,1.0,0.0,0.3,2,0.5,0.06,0.6,1.0,800,1280,0.6,collected_the-academys-genius-swordsman_ep2.csv,38
1274,2026-09-28T10:01:46.209506,ONE THING IN PARTICULAR COMES TO MIND RIGHT NOW ...,0.7872,dialogue,dialogue,False,51,10,33,0,0,310,169,1.0,0.7,1.0,0.7,,1.0,1.0,1.0,1.834319526627219,52390,0.0009734682191257,0.5555555555555556,1.8666666666666667,1.0,1.0,0.0,0.8027027027027027,10,1.0,0.1605405405405405,1.0,0.3733333333333333,800,1280,0.6,collected_the-academys-genius-swordsman_ep2.csv,39
1275,2026-09-28T10:01:46.209836,I WISH I COULD'VE STUDIED AT AN ACADEMY ..,0.7953,dialogue,dialogue,False,42,9,34,0,0,217,129,1.0,0.7,1.0,0.7,,1.0,1.0,0.9117647058823528,1.682170542635659,27993,0.0015003750937734,0.5,2.15,1.0,1.0,0.0,0.3793103448275862,9,0.5,0.0758620689655172,1.0,0.8,800,1280,0.6,collected_the-academys-genius-swordsman_ep2.csv,40
1276,2026-09-28T10:01:46.210043,AN ACADEMY ?,0.6787,,dialogue,False,12,3,35,0,0,203,21,1.0,0.3,0.6,0.7,,1.0,1.0,0.9,9.666666666666666,4263,0.0028149190710767,0.5,1.8,1.0,1.0,0.0,0.3,3,0.5,0.06,0.75,0.36,800,1280,0.6,collected_the-academys-genius-swordsman_ep2.csv,41
1277,2026-09-28T10:01:46.210442,... PARTLY BECAUSE OF THE DAMN GIANT'S NONSENSE JUST NOW ...,0.7838,dialogue,dialogue,False,60,11,36,0,0,323,168,1.0,0.7,1.0,0.7,,1.0,1.0,0.9772727272727272,1.9226190476190477,54264,0.0011057054400707,0.5555555555555556,1.8555555555555552,1.0,1.0,0.0,0.5829268292682926,11,1.0,0.1165853658536585,1.0,0.371111111111111,800,1280,0.6,collected_the-academys-genius-swordsman_ep2.csv,42
1278,2026-09-28T10:01:46.210685,BUT THERE'S ANOTHER REASON ...,0.7784,dialogue,dialogue,False,30,5,37,0,0,284,104,1.0,1.0,1.0,0.7,,1.0,1.0,0.9565217391304348,2.730769230769231,29536,0.0010157096424702,0.5,1.275,1.0,1.0,0.0,1.6149999999999998,5,1.0,0.3229999999999999,0.75,0.255,800,1280,0.6,collected_the-academys-genius-swordsman_ep2.csv,43
1279,2026-09-28T10:01:46.210999,"WHEN SHE WAS ALIVE , MY SISTER'S GREATEST",0.6681,,dialogue,False,41,8,38,0,0,395,68,1.0,0.7,1.0,0.7,,1.0,0.6,0.9411764705882352,5.8088235294117645,26860,0.0015264333581533,0.5714285714285714,1.542857142857143,1.0,0.0,0.0,0.8466666666666666,8,0.5,0.1693333333333333,1.0,0.3085714285714286,800,1280,0.6,collected_the-academys-genius-swordsman_ep2.csv,44
1280,2026-09-28T10:01:46.211363,... WAS TO SEND ME TO AN ACADEMY ...,0.9059,dialogue,dialogue,False,36,9,40,0,0,318,131,1.0,1.0,1.0,1.0,,1.0,1.0,1.0,2.427480916030534,41658,0.0008641797493878,0.8571428571428571,2.371428571428571,1.0,1.0,0.0,0.42,9,1.0,0.084,1.0,0.8,800,1280,0.6,collected_the-academys-genius-swordsman_ep2.csv,45
1281,2026-09-28T10:01:46.211469,ALTHOUGH ...,0.6742,,dialogue,False,12,2,40,0,0,172,21,1.0,0.3,0.6,0.0,,1.0,2.0,1.0,8.19047619047619,3612,0.0033222591362126,0.0,0.5,1.0,1.0,0.0,0.3,2,0.5,0.06,0.6,0.1,800,1280,0.6,collected_the-academys-genius-swordsman_ep2.csv,46
1282,2026-09-28T10:01:46.211878,... I GUESS WE'LL BE HAVING A FAMILY REUNION SOON ENOUGH ...,0.8006,dialogue,dialogue,False,60,12,41,0,0,357,146,1.0,1.0,1.0,0.7,,1.0,1.0,0.9767441860465116,2.4452054794520546,52122,0.0011511453896627,0.5,1.84,1.0,1.0,0.0,0.745,12,1.0,0.149,1.0,0.368,800,1280,0.6,collected_the-academys-genius-swordsman_ep2.csv,47
1283,2026-09-28T10:01:46.212640,"MHH ONCE THE RAIN STOPS , THE SEARCH PARTY WILL COME LOOKING FOR SURVIVORS ...",0.6328,,dialogue,False,78,15,43,0,0,460,391,1.0,0.7,0.4,0.4,,1.0,1.0,0.9836065573770492,1.1764705882352942,179860,0.0004336706327143,0.3846153846153846,1.7846153846153845,1.0,1.0,0.0,0.8017241379310345,15,0.6,0.1603448275862068,0.3,0.3569230769230769,800,1280,0.6,collected_the-academys-genius-swordsman_ep2.csv,48
1284,2026-09-28T10:01:46.212762,"OH , STOP IT . I'M ALREADY A GONER .",0.7975,dialogue,dialogue,False,36,10,43,0,0,182,94,1.0,0.7,1.0,0.7,,1.0,1.0,0.8518518518518519,1.9361702127659577,17108,0.0021042787000233,0.7142857142857143,2.085714285714286,1.0,1.0,0.0,0.5333333333333333,10,0.5,0.1066666666666666,1.0,0.8,800,1280,0.6,collected_the-academys-genius-swordsman_ep2.csv,49
1285,2026-09-28T10:01:46.212982,DON'T GIVE ME FALSE HOPE ...,0.7724,dialogue,dialogue,False,28,6,44,0,0,260,117,1.0,1.0,1.0,0.7,,1.0,1.0,0.95,2.2222222222222223,30420,0.0009204470742932,0.6,0.92,1.0,1.0,0.0,0.7000000000000001,6,1.0,0.14,1.0,0.184,800,1280,0.6,collected_the-academys-genius-swordsman_ep2.csv,50
1286,2026-09-28T10:01:46.213133,RUMBLE,0.4542,,background,False,6,1,46,0,0,185,91,1.0,1.0,1.0,0.0,,1.0,0.2,1.0,2.032967032967033,16835,0.0003564003564003,0.0,0.5,0.0,0.0,0.0,0.3,1,0.6,0.06,0.5,0.1,800,1280,0.6,collected_the-academys-genius-swordsman_ep2.csv,51
1287,2026-09-28T10:01:46.213280,PLUNK,0.4272,background,background,False,5,1,49,0,0,382,208,1.0,0.7,0.6,0.0,,1.0,0.2,1.0,1.8365384615384617,79456,6.292790978654854e-05,0.0,0.5,0.0,0.0,0.0,0.3,1,0.6,0.06,0.5,0.1,800,1280,0.6,collected_the-academys-genius-swordsman_ep2.csv,52
1288,2026-09-28T10:01:46.213486,? !,0.5145,,background,False,3,2,50,0,0,83,68,0.0,0.7,0.6,0.0,,0.01,2.0,0.0,1.2205882352941178,5644,0.0005315379163713,0.0,0.5,1.0,1.0,0.99,0.3,2,1.0,0.06,0.6,0.1,800,1280,0.6,collected_the-academys-genius-swordsman_ep2.csv,53
1289,2026-09-28T10:01:46.213720,HUH ? IT STOPPED RAINING ...,0.7288,dialogue,dialogue,False,28,6,51,0,0,170,94,1.0,0.7,1.0,0.7,,1.0,1.0,0.95,1.8085106382978724,15980,0.0017521902377972,0.5,1.65,1.0,1.0,0.0,0.6647058823529411,6,0.5,0.1329411764705882,1.0,0.3299999999999999,800,1280,0.6,collected_the-academys-genius-swordsman_ep2.csv,54
1290,2026-09-28T10:01:46.213980,THE STORM ENDED ... JUST LIKE THAT ?,0.8188,dialogue,dialogue,False,36,8,52,0,0,203,94,1.0,1.0,1.0,0.7,,1.0,1.0,0.9615384615384616,2.1595744680851063,19082,0.0018865946965726,0.6666666666666666,2.533333333333333,1.0,1.0,0.0,0.982608695652174,8,0.5,0.1965217391304348,1.0,0.8,800,1280,0.6,collected_the-academys-genius-swordsman_ep2.csv,55
1291,2026-09-28T10:01:46.214120,WOOD,0.4272,background,background,False,4,1,53,0,0,422,224,1.0,0.7,0.6,0.0,,1.0,0.2,1.0,1.8839285714285712,94528,4.2315504400812456e-05,0.0,0.5,0.0,0.0,0.0,0.3,1,0.6,0.06,0.5,0.1,800,1280,0.6,collected_the-academys-genius-swordsman_ep2.csv,56
1292,2026-09-28T10:01:46.214347,W - WHAT'S GOING ON ?!,0.7423,dialogue,dialogue,False,22,6,57,0,0,174,57,1.0,1.0,1.0,0.7,,1.0,1.0,0.8125,3.0526315789473686,9918,0.0022181891510385,0.5,1.35,1.0,1.0,0.0,1.2,6,0.5,0.24,1.0,0.27,800,1280,0.6,collected_the-academys-genius-swordsman_ep2.csv,57
1293,2026-09-28T10:01:46.214518,EIGHT WINGS ?!,0.6429,,dialogue,False,14,3,60,0,0,205,93,1.0,1.0,1.0,0.0,,1.0,1.0,0.8333333333333334,2.204301075268817,19065,0.0007343299239444,0.0,0.5,1.0,1.0,0.0,1.1,3,1.0,0.22,0.75,0.1,800,1280,0.6,collected_the-academys-genius-swordsman_ep2.csv,58
1294,2026-09-28T10:01:46.214731,WHO THE HELL ARE THEY ?!,0.9166,dialogue,dialogue,False,24,6,66,0,0,287,141,1.0,1.0,1.0,1.0,,1.0,1.0,0.8947368421052632,2.035460992907802,40467,0.0005930758395729,1.0,2.42,1.0,1.0,0.0,1.1866666666666668,6,1.0,0.2373333333333333,1.0,0.8,800,1280,0.6,collected_the-academys-genius-swordsman_ep2.csv,59
1295,2026-09-28T10:01:46.214945,WHERE DID THEY COME FROM ?!,0.8019,dialogue,dialogue,False,27,6,67,0,0,450,187,1.0,1.0,0.6,1.0,,1.0,1.0,0.9090909090909092,2.406417112299465,84150,0.0003208556149732,1.0,1.98,1.0,1.0,0.0,1.0333333333333334,6,0.6,0.2066666666666667,1.0,0.396,800,1280,0.6,collected_the-academys-genius-swordsman_ep2.csv,60
1296,2026-09-28T10:01:46.215107,MAYBE ...,0.8322,dialogue,dialogue,False,9,2,68,0,0,122,21,1.0,0.7,0.2,1.0,,1.0,2.0,1.0,5.809523809523809,2562,0.0035128805620608,1.0,0.5,1.0,1.0,0.0,0.3,2,0.5,0.06,0.6,0.1,800,1280,0.6,collected_the-academys-genius-swordsman_ep2.csv,61
1297,2026-09-28T10:01:46.215412,... THOSE THREE GIANTS ... WERE ONLY THE BEGINNING ...,0.72,dialogue,dialogue,False,54,10,69,0,0,231,135,1.0,0.7,1.0,0.7,,1.0,1.0,1.0,1.711111111111111,31185,0.0017316017316017,0.5714285714285714,1.3714285714285714,1.0,1.0,0.0,0.6352941176470588,10,0.5,0.1270588235294117,1.0,0.2742857142857143,800,1280,0.6,collected_the-academys-genius-swordsman_ep2.csv,62
1298,2026-09-28T10:01:46.215791,THIS WAS MY THIRD CHANCE ...,0.7989,dialogue,dialogue,False,28,6,70,0,0,277,125,1.0,1.0,1.0,0.7,,1.0,1.0,1.0,2.216,34625,0.0008086642599277,0.6,1.64,1.0,1.0,0.0,1.0499999999999998,6,1.0,0.2099999999999999,1.0,0.3279999999999999,800,1280,0.6,collected_the-academys-genius-swordsman_ep2.csv,63
1299,2026-09-28T10:01:46.215904,... AND YET I FAILED ONCE AGAIN ...,0.8005,dialogue,dialogue,False,35,8,70,0,0,266,128,1.0,1.0,1.0,0.7,,1.0,1.0,1.0,2.078125,34048,0.0010279605263157,0.5,1.7833333333333332,1.0,1.0,0.0,0.8550000000000001,8,1.0,0.171,1.0,0.3566666666666666,800,1280,0.6,collected_the-academys-genius-swordsman_ep2.csv,64
1300,2026-09-28T10:01:46.215979,0,0.1825,background,background,False,1,1,70,0,0,16,20,0.0,0.3,0.2,0.0,,0.91,0.2,0.0,0.8,320,0.003125,0.0,0.5,0.0,0.0,0.09,0.3,1,0.5,0.06,0.5,0.1,800,1280,0.6,collected_the-academys-genius-swordsman_ep2.csv,65
1301,2026-09-28T10:01:46.216124,C,0.3852,background,background,False,1,1,71,0,0,14,19,1.0,0.3,0.2,0.0,,1.0,0.2,1.0,0.7368421052631579,266,0.0037593984962406,0.0,0.5,0.0,0.0,0.0,0.3,1,0.5,0.06,0.5,0.1,800,1280,0.6,collected_the-academys-genius-swordsman_ep2.csv,66
1302,2026-09-28T10:01:46.216523,I DON'T SEE HOW MY LAST CHANCE COULD POSSIBLY BE ANY DIFFERENT ...,0.8429,dialogue,dialogue,False,66,13,72,0,0,347,141,1.0,1.0,1.0,1.0,,1.0,1.0,0.9803921568627452,2.4609929078014185,48927,0.0013489484333803,0.8333333333333334,1.8,1.0,1.0,0.0,0.6354166666666666,13,1.0,0.1270833333333333,1.0,0.36,800,1280,0.6,collected_the-academys-genius-swordsman_ep2.csv,67
1303,2026-09-28T10:01:46.216662,SHAL,0.4202,background,background,False,4,1,73,0,0,95,25,1.0,1.0,0.2,0.0,,1.0,0.2,1.0,3.8,2375,0.0016842105263157,0.0,0.5,0.0,0.0,0.0,0.3,1,0.5,0.06,0.5,0.1,800,1280,0.6,collected_the-academys-genius-swordsman_ep2.csv,68
1304,2026-09-28T10:01:46.216836,... MARSHAL !,0.5347,,dialogue,False,13,3,74,0,0,188,23,1.0,0.3,0.6,0.0,,1.0,1.0,0.875,8.173913043478262,4324,0.0030064754856614,0.0,0.5,1.0,1.0,0.0,0.3,3,0.5,0.06,0.75,0.1,800,1280,0.6,collected_the-academys-genius-swordsman_ep2.csv,69
1305,2026-09-28T10:01:46.217016,GRAND,0.4724,,dialogue,False,5,1,75,0,0,232,54,1.0,1.0,1.0,0.0,,1.0,0.2,1.0,4.296296296296297,12528,0.0003991060025542,0.0,0.5,0.0,0.0,0.0,1.6,1,0.6,0.3199999999999999,0.5,0.1,800,1280,0.6,collected_the-academys-genius-swordsman_ep2.csv,70
1306,2026-09-28T10:01:46.217114,MARSHAL !,0.7062,dialogue,dialogue,False,9,2,75,0,0,339,54,1.0,0.5,1.0,0.0,,1.0,2.0,0.875,6.277777777777778,18306,0.0004916420845624,0.0,0.5,1.0,1.0,0.0,0.3,2,0.6,0.06,0.6,0.1,800,1280,0.6,collected_the-academys-genius-swordsman_ep2.csv,71
1307,2026-09-28T10:01:46.217742,HUH ?!,0.8992,dialogue,dialogue,False,6,2,77,0,0,144,44,0.8,1.0,0.6,1.0,,1.0,2.0,0.6,3.272727272727273,6336,0.0009469696969696,1.0,1.5,1.0,1.0,0.0,0.3,2,1.0,0.06,0.6,0.3,800,1280,0.6,collected_the-academys-genius-swordsman_ep2.csv,72
1308,2026-09-28T10:01:46.217869,WHAT ARE YOU DOING ?! SNAP OUT OF IT !,0.9001,dialogue,dialogue,False,38,10,77,0,0,200,139,1.0,0.7,1.0,1.0,,1.0,1.0,0.896551724137931,1.4388489208633093,27800,0.0013669064748201,1.0,2.4625,1.0,1.0,0.0,1.075,10,1.0,0.215,1.0,0.8,800,1280,0.6,collected_the-academys-genius-swordsman_ep2.csv,73
1309,2026-09-28T10:01:46.218023,HURRY UP AND USE TELEKINESIS OR SOMETHING TO SEND ME UP THERE !,0.8517,dialogue,dialogue,False,63,13,77,0,0,273,168,1.0,0.7,1.0,0.7,,1.0,1.0,0.9803921568627452,1.625,45864,0.0013736263736263,0.75,2.2916666666666665,1.0,1.0,0.0,0.8375,13,1.0,0.1675,1.0,0.8,800,1280,0.6,collected_the-academys-genius-swordsman_ep2.csv,74
1310,2026-09-28T10:01:46.218353,I CAN'T REACH THEM WITH MY SWORD FROM DOWN HERE !,0.8355,dialogue,dialogue,False,49,11,78,0,0,276,171,1.0,0.7,1.0,1.0,,1.0,1.0,0.9487179487179488,1.6140350877192982,47196,0.0010382235782693,0.9,1.93,1.0,1.0,0.0,0.9,11,1.0,0.18,1.0,0.386,800,1280,0.6,collected_the-academys-genius-swordsman_ep2.csv,75
1311,2026-09-28T10:01:46.218536,W - WHAT ?,0.7132,dialogue,dialogue,False,10,4,79,0,0,151,23,1.0,0.5,0.6,0.7,,1.0,1.0,0.8333333333333334,6.565217391304348,3473,0.0028793550244745,0.5,1.7,1.0,1.0,0.0,2.2666666666666666,4,0.5,0.4533333333333333,0.75,0.3399999999999999,800,1280,0.6,collected_the-academys-genius-swordsman_ep2.csv,76
1312,2026-09-28T10:01:46.218946,AREN'T WE GOING TO KILL THOSE THINGS ?!,0.7953,dialogue,dialogue,False,39,8,80,0,0,299,106,1.0,1.0,1.0,0.7,,1.0,1.0,0.90625,2.820754716981132,31694,0.0012305168170631,0.7142857142857143,1.5,1.0,1.0,0.0,1.0925925925925926,8,1.0,0.2185185185185185,1.0,0.3,800,1280,0.6,collected_the-academys-genius-swordsman_ep2.csv,77
1313,2026-09-28T10:01:46.219063,YOU STILL WANT ... TO KEEP FIGHTING ?,0.7951,dialogue,dialogue,False,37,8,80,0,0,236,95,1.0,1.0,1.0,1.0,,1.0,1.0,0.9629629629629628,2.4842105263157896,22420,0.001650312221231,0.8333333333333334,1.75,1.0,1.0,0.0,0.9,8,0.5,0.18,1.0,0.35,800,1280,0.6,collected_the-academys-genius-swordsman_ep2.csv,78
1314,2026-09-28T10:01:46.219671,OF COURSE ! WOULD YOU RATHER SIT BACK AND WAIT FOR THEM TO KILL YOU ?!,0.8507,dialogue,dialogue,False,70,16,81,0,0,296,167,1.0,0.7,1.0,1.0,,1.0,1.0,0.9454545454545454,1.7724550898203593,49432,0.001416086745428,0.8571428571428571,2.621428571428571,1.0,1.0,0.0,1.052,16,1.0,0.2104,0.3,0.8,800,1280,0.6,collected_the-academys-genius-swordsman_ep2.csv,79
1315,2026-09-28T10:01:46.219779,IF I'M GOING TO DIE ANYWAY ...,0.7893,dialogue,dialogue,False,30,7,81,0,0,238,115,1.0,1.0,1.0,0.7,,1.0,1.0,0.9523809523809524,2.0695652173913044,27370,0.0010960906101571,0.6666666666666666,1.5666666666666669,1.0,1.0,0.0,0.5222222222222223,7,1.0,0.1044444444444444,1.0,0.3133333333333333,800,1280,0.6,collected_the-academys-genius-swordsman_ep2.csv,80
1316,2026-09-28T10:01:46.219908,SHING,0.4566,,background,False,5,1,82,0,0,401,271,1.0,0.7,0.6,0.0,,1.0,0.2,1.0,1.4797047970479704,108671,4.601043516669581e-05,0.0,0.5,0.0,0.0,0.0,2.4,1,0.6,0.48,0.5,0.1,800,1280,0.6,collected_the-academys-genius-swordsman_ep2.csv,81
1317,2026-09-28T10:01:46.220239,... I'M TAKING AT LEAST A FEW OF THOSE THINGS WITH ME !,0.8393,dialogue,dialogue,False,55,13,83,0,0,422,213,1.0,0.7,0.6,0.7,,1.0,1.0,0.95,1.9812206572769953,89886,0.0006118861669225,0.7272727272727273,2.0272727272727273,1.0,1.0,0.0,0.8055555555555556,13,1.0,0.1611111111111111,1.0,0.8,800,1280,0.6,collected_the-academys-genius-swordsman_ep2.csv,82
1318,2026-09-28T10:01:46.220594,"DESPITE ALL THE ODDS STACKED AGAINST HIM , HE STILL WON'T GIVE UP ...",0.7459,dialogue,dialogue,False,69,14,85,0,0,316,131,1.0,1.0,1.0,0.7,,1.0,1.0,0.9622641509433962,2.4122137404580153,41396,0.0016668277128224,0.6666666666666666,1.7083333333333333,1.0,1.0,0.0,0.6857142857142857,14,0.5,0.1371428571428571,1.0,0.3416666666666667,800,1280,0.6,collected_the-academys-genius-swordsman_ep2.csv,83
1319,2026-09-28T10:01:46.220864,THAT'S RIGHT . THAT'S THE KIND OF PERSON HE IS ...,0.7987,dialogue,dialogue,False,50,11,86,0,0,277,94,1.0,1.0,1.0,1.0,,1.0,1.0,0.918918918918919,2.9468085106382977,26038,0.0019202703740686,0.8888888888888888,1.822222222222222,1.0,1.0,0.0,1.003125,11,0.5,0.200625,1.0,0.3644444444444444,800,1280,0.6,collected_the-academys-genius-swordsman_ep2.csv,84
1320,2026-09-28T10:01:46.221114,THAT DETERMINATION IS WHAT BROUGHT HIM THIS FAR .,0.7937,dialogue,dialogue,False,49,9,87,0,0,261,131,1.0,0.7,1.0,0.7,,1.0,1.0,0.975609756097561,1.9923664122137408,34191,0.0014331256763475,0.625,1.9,1.0,1.0,0.0,1.1894736842105265,9,1.0,0.2378947368421053,1.0,0.38,800,1280,0.6,collected_the-academys-genius-swordsman_ep2.csv,85
1321,2026-09-28T10:01:46.221334,PERHAPS THERE MIGHT BE HOPE FOR HIM ...,0.9009,dialogue,dialogue,False,39,8,89,0,0,417,165,1.0,1.0,0.6,1.0,,1.0,1.0,1.0,2.5272727272727273,68805,0.0005668192718552,0.8571428571428571,2.2285714285714286,1.0,1.0,0.0,0.9185185185185184,8,1.0,0.1837037037037037,1.0,0.8,800,1280,0.6,collected_the-academys-genius-swordsman_ep2.csv,86
1322,2026-09-28T10:01:46.221489,CORPORAL RONAN .,0.6317,,dialogue,False,16,3,90,0,0,231,91,1.0,1.0,1.0,0.0,,1.0,1.0,0.9285714285714286,2.5384615384615383,21021,0.0007611436182864,0.0,0.5,1.0,1.0,0.0,0.3,3,1.0,0.06,0.75,0.1,800,1280,0.6,collected_the-academys-genius-swordsman_ep2.csv,87
1323,2026-09-28T10:01:46.221655,WHAT IS IT NOW ?!,0.8376,dialogue,dialogue,False,17,5,91,0,0,133,58,1.0,1.0,0.6,1.0,,1.0,1.0,0.8461538461538461,2.293103448275862,7714,0.0022037853253824,1.0,2.425,1.0,1.0,0.0,1.2222222222222223,5,0.5,0.2444444444444444,0.75,0.8,800,1280,0.6,collected_the-academys-genius-swordsman_ep2.csv,88
1324,2026-09-28T10:01:46.221855,I'M BUSY ! STOP ... INTERRUPTING ...,0.7436,dialogue,dialogue,False,36,7,92,0,0,350,183,1.0,0.7,0.6,0.7,,1.0,1.0,0.9166666666666666,1.9125683060109289,64050,0.0005620608899297,0.5,0.875,1.0,1.0,0.0,0.6649999999999999,7,1.0,0.1329999999999999,1.0,0.175,800,1280,0.6,collected_the-academys-genius-swordsman_ep2.csv,89
1325,2026-09-28T10:01:46.222018,? !,0.5145,,background,False,3,2,94,0,0,70,57,0.0,0.7,0.6,0.0,,0.01,2.0,0.0,1.2280701754385963,3990,0.0007518796992481,0.0,0.5,1.0,1.0,0.99,0.3,2,1.0,0.06,0.6,0.1,800,1280,0.6,collected_the-academys-genius-swordsman_ep2.csv,90
1326,2026-09-28T10:01:46.222101,HUH ?,0.9392,dialogue,dialogue,False,5,2,94,0,0,120,31,1.0,1.0,0.6,1.0,,1.0,2.0,0.75,3.870967741935484,3720,0.0013440860215053,1.0,1.5,1.0,1.0,0.0,0.3,2,1.0,0.06,0.6,0.3,800,1280,0.6,collected_the-academys-genius-swordsman_ep2.csv,91
1327,2026-09-28T10:01:46.222281,WHAT'S GOING ON ?!,0.7846,dialogue,dialogue,False,18,4,96,0,0,260,93,1.0,1.0,1.0,0.7,,1.0,1.0,0.8,2.795698924731183,24180,0.0007444168734491,0.6666666666666666,1.6333333333333335,1.0,1.0,0.0,1.29,4,1.0,0.258,0.75,0.3266666666666667,800,1280,0.6,collected_the-academys-genius-swordsman_ep2.csv,92
1328,2026-09-28T10:01:46.222354,ROLL,0.4392,background,background,False,4,1,96,0,0,137,111,1.0,0.7,1.0,0.0,,1.0,0.2,1.0,1.2342342342342345,15207,0.0002630367593871,0.0,0.5,0.0,0.0,0.0,0.3,1,0.6,0.06,0.5,0.1,800,1280,0.6,collected_the-academys-genius-swordsman_ep2.csv,93
1329,2026-09-28T10:01:46.222600,? !,0.5025,,background,False,3,2,97,0,0,49,44,0.0,0.7,0.2,0.0,,0.01,2.0,0.0,1.1136363636363635,2156,0.0013914656771799,0.0,0.5,1.0,1.0,0.99,0.3,2,1.0,0.06,0.6,0.1,800,1280,0.6,collected_the-academys-genius-swordsman_ep2.csv,94
1330,2026-09-28T10:01:46.222716,WHAT DID YOU JUST STICK IN MY MOUTH ?,0.8157,dialogue,dialogue,False,37,9,97,0,0,237,96,1.0,1.0,1.0,0.7,,1.0,1.0,0.9655172413793104,2.46875,22752,0.0016262306610407,0.75,2.2625,1.0,1.0,0.0,0.7615384615384616,9,0.5,0.1523076923076923,1.0,0.8,800,1280,0.6,collected_the-academys-genius-swordsman_ep2.csv,95
1331,2026-09-28T10:01:46.222835,FAM,0.4542,,background,False,3,1,98,0,0,330,159,1.0,1.0,1.0,0.0,,1.0,0.2,1.0,2.0754716981132075,52470,5.717552887364208e-05,0.0,0.5,0.0,0.0,0.0,0.3,1,0.6,0.06,0.5,0.1,800,1280,0.6,collected_the-academys-genius-swordsman_ep2.csv,96
1332,2026-09-28T10:01:46.223061,WHAT ? WHAT ARE YOU TALKING ABOUT ?,0.8715,dialogue,dialogue,False,35,8,99,0,0,238,94,1.0,1.0,1.0,1.0,,1.0,1.0,0.9285714285714286,2.5319148936170213,22372,0.0015644555694618,0.8333333333333334,2.216666666666667,1.0,1.0,0.0,1.5375,8,0.5,0.3075,1.0,0.8,800,1280,0.6,collected_the-academys-genius-swordsman_ep2.csv,97
1333,2026-09-28T10:01:46.223270,THERE'S NO TIME FOR THIS NONSENSE !,0.92,dialogue,dialogue,False,35,7,101,0,0,276,122,1.0,1.0,1.0,1.0,,1.0,1.0,0.9310344827586208,2.262295081967213,33672,0.001039439296745,0.8333333333333334,2.25,1.0,1.0,0.0,1.432,7,1.0,0.2864,1.0,0.8,800,1280,0.6,collected_the-academys-genius-swordsman_ep2.csv,98
1334,2026-09-28T10:01:46.223422,CORPORAL RONAN ...,0.5817,,dialogue,False,18,3,102,0,0,154,61,1.0,1.0,1.0,0.0,,1.0,1.0,1.0,2.5245901639344264,9394,0.001916116670215,0.0,0.5,1.0,1.0,0.0,0.3,3,0.5,0.06,0.75,0.1,800,1280,0.6,collected_the-academys-genius-swordsman_ep2.csv,99
1335,2026-09-28T10:01:46.224166,IF YOU RUN INTO ME AGAIN ...,0.8955,dialogue,dialogue,False,28,7,103,0,0,270,139,1.0,0.7,1.0,1.0,,1.0,1.0,1.0,1.9424460431654675,37530,0.000746069810818,1.0,2.066666666666667,1.0,1.0,0.0,0.7529411764705882,7,1.0,0.1505882352941176,1.0,0.8,800,1280,0.6,collected_the-academys-genius-swordsman_ep2.csv,100
1336,2026-09-28T10:01:46.224587,... COULD YOU TELL ME TO STICK TO BEING A TAILOR INSTEAD OF WASTING MY TIME ?,0.8576,dialogue,dialogue,False,77,17,105,0,0,351,166,1.0,1.0,1.0,0.7,,1.0,1.0,0.9827586206896552,2.1144578313253013,58266,0.0013215254179109,0.7333333333333333,2.3866666666666663,1.0,1.0,0.0,0.6836363636363637,17,1.0,0.1367272727272727,0.9,0.8,800,1280,0.6,collected_the-academys-genius-swordsman_ep2.csv,101
1337,2026-09-28T10:01:46.224809,I'VE TRIED EVERYTHING I COULD THINK OF ...,0.8707,dialogue,dialogue,False,42,8,107,0,0,356,116,1.0,1.0,1.0,0.7,,1.0,1.0,0.96875,3.068965517241379,41296,0.0010170476559473,0.7142857142857143,2.1,1.0,1.0,0.0,1.1206896551724137,8,1.0,0.2241379310344827,1.0,0.8,800,1280,0.6,collected_the-academys-genius-swordsman_ep2.csv,102
1338,2026-09-28T10:01:46.225073,Sa,0.4052,background,background,False,2,1,108,0,0,22,22,1.0,0.7,0.2,0.0,,1.0,0.2,1.0,1.0,484,0.0041322314049586,0.0,0.5,0.0,0.0,0.0,0.3,1,0.5,0.06,0.5,0.1,800,1280,0.6,collected_the-academys-genius-swordsman_ep2.csv,103
1339,2026-09-28T10:01:46.225146,D,0.3852,background,background,False,1,1,108,0,0,13,16,1.0,0.3,0.2,0.0,,1.0,0.2,1.0,0.8125,208,0.0048076923076923,0.0,0.5,0.0,0.0,0.0,0.3,1,0.5,0.06,0.5,0.1,800,1280,0.6,collected_the-academys-genius-swordsman_ep2.csv,104
1340,2026-09-28T10:01:46.225270,... BUT NOTHING WORKED THE WAY I HOPED IT WOULD .,0.8668,dialogue,dialogue,False,49,11,108,0,0,297,147,1.0,1.0,1.0,0.7,,1.0,1.0,0.9722222222222222,2.020408163265306,43659,0.0011223344556677,0.6666666666666666,2.588888888888889,1.0,1.0,0.0,0.8424242424242424,11,1.0,0.1684848484848485,1.0,0.8,800,1280,0.6,collected_the-academys-genius-swordsman_ep2.csv,105
1341,2026-09-28T10:01:46.225403,SHOOM,0.4212,background,background,False,5,1,110,0,0,502,398,1.0,0.7,0.4,0.0,,1.0,0.2,1.0,1.2613065326633166,199796,2.502552603655729e-05,0.0,0.5,0.0,0.0,0.0,0.3,1,0.6,0.06,0.5,0.1,800,1280,0.6,collected_the-academys-genius-swordsman_ep2.csv,106
1342,2026-09-28T10:01:46.225533,B0000,0.4012,background,background,False,5,1,111,0,0,769,833,1.0,0.3,0.4,0.0,,1.0,0.2,1.0,0.9231692677070829,640577,7.80546288736561e-06,0.0,0.5,0.0,0.0,0.0,0.3,1,0.6,0.06,0.5,0.1,800,1280,0.6,collected_the-academys-genius-swordsman_ep2.csv,107
1343,2026-09-28T10:01:46.225658,GASP,0.6042,,background,False,4,1,120,0,0,183,49,1.0,1.0,1.0,1.0,,1.0,0.2,1.0,3.73469387755102,8967,0.0004460800713728,1.0,0.5,0.0,0.0,0.0,0.3,1,0.6,0.06,0.5,0.1,800,1280,0.6,collected_the-academys-genius-swordsman_ep2.csv,108
1344,2026-09-28T10:01:46.225860,G - GRAND ..,0.5584,,dialogue,False,12,4,121,0,0,153,22,1.0,0.5,0.6,0.0,,1.0,1.0,0.75,6.954545454545454,3366,0.0035650623885918,0.0,0.5,1.0,1.0,0.0,1.275,4,0.5,0.255,0.75,0.1,800,1280,0.6,collected_the-academys-genius-swordsman_ep2.csv,109
1345,2026-09-28T10:01:46.225952,... GRAND MARSHAL !,0.5402,,dialogue,False,19,4,121,0,0,279,24,1.0,0.3,0.6,0.0,,1.0,1.0,0.9230769230769232,11.625,6696,0.0028375149342891,0.0,0.5,1.0,1.0,0.0,0.6900000000000001,4,0.5,0.138,0.75,0.1,800,1280,0.6,collected_the-academys-genius-swordsman_ep2.csv,110
1346,2026-09-28T10:01:46.226082,SPRING,0.4412,background,background,False,6,1,122,0,0,385,261,1.0,0.7,0.6,0.0,,1.0,0.2,1.0,1.475095785440613,100485,5.971040453799075e-05,0.0,0.5,0.0,0.0,0.0,1.3,1,0.6,0.26,0.5,0.1,800,1280,0.6,collected_the-academys-genius-swordsman_ep2.csv,111
1347,2026-09-28T10:01:46.226231,GRAND ...,0.7744,dialogue,dialogue,False,9,2,123,0,0,253,46,1.0,0.7,1.0,0.0,,1.0,2.0,1.0,5.5,11638,0.0007733287506444,0.0,0.5,1.0,1.0,0.0,1.6,2,1.0,0.3199999999999999,0.6,0.1,800,1280,0.6,collected_the-academys-genius-swordsman_ep2.csv,112
1348,2026-09-28T10:01:46.226372,... MARSHAL ...,0.5447,,dialogue,False,15,3,125,0,0,186,25,1.0,0.5,0.6,0.0,,1.0,1.0,1.0,7.44,4650,0.0032258064516129,0.0,0.5,1.0,1.0,0.0,0.3,3,0.5,0.06,0.75,0.1,800,1280,0.6,collected_the-academys-genius-swordsman_ep2.csv,113
1349,2026-09-28T10:01:46.226529,T - THIS ...,0.7793,dialogue,dialogue,False,12,4,126,0,0,116,21,1.0,0.7,0.2,0.7,,1.0,1.0,1.0,5.523809523809524,2436,0.0049261083743842,0.5,2.05,1.0,1.0,0.0,2.1999999999999997,4,0.5,0.4399999999999999,0.75,0.8,800,1280,0.6,collected_the-academys-genius-swordsman_ep2.csv,114
1350,2026-09-28T10:01:46.226733,... THIS CAN'T BE ...,0.804,dialogue,dialogue,False,21,5,127,0,0,250,24,1.0,0.3,0.6,1.0,,1.0,1.0,0.9090909090909092,10.416666666666666,6000,0.0035,1.0,2.966666666666667,1.0,1.0,0.0,1.325,5,0.5,0.265,0.75,0.8,800,1280,0.6,collected_the-academys-genius-swordsman_ep2.csv,115
1351,2026-09-28T10:01:46.226805,HOW IS THIS,0.6811,,dialogue,False,11,3,127,0,0,181,21,1.0,0.3,0.6,1.0,,1.0,0.2,1.0,8.619047619047619,3801,0.0028939752696658,1.0,2.033333333333333,0.0,0.0,0.0,1.1142857142857143,3,0.5,0.2228571428571428,0.75,0.8,800,1280,0.6,collected_the-academys-genius-swordsman_ep2.csv,116
1352,2026-09-28T10:01:46.226924,TURN,0.5892,,background,False,4,1,129,0,0,169,116,1.0,0.7,1.0,1.0,,1.0,0.2,1.0,1.456896551724138,19604,0.0002040399918384,1.0,0.5,0.0,0.0,0.0,0.3,1,0.6,0.06,0.5,0.1,800,1280,0.6,collected_the-academys-genius-swordsman_ep2.csv,117
1353,2026-09-28T10:01:46.227131,IS THIS MY HOMETOWN NIMBERTON ?,0.7919,dialogue,dialogue,False,31,6,130,0,0,281,119,1.0,1.0,1.0,0.7,,1.0,1.0,0.9615384615384616,2.361344537815126,33439,0.0009270612159454,0.6,1.64,1.0,1.0,0.0,0.5478260869565217,6,1.0,0.1095652173913043,1.0,0.3279999999999999,800,1280,0.6,collected_the-academys-genius-swordsman_ep2.csv,118
1354,2026-09-28T10:01:46.227349,DID I REALLY TRAVEL BACK IN TIME ?,0.8583,dialogue,dialogue,False,34,8,131,0,0,370,155,1.0,1.0,1.0,1.0,,1.0,1.0,0.9629629629629628,2.3870967741935485,57350,0.0005928509154315,0.8571428571428571,2.085714285714286,1.0,1.0,0.0,0.5208333333333334,8,1.0,0.1041666666666666,0.3,0.8,800,1280,0.6,collected_the-academys-genius-swordsman_ep2.csv,119
1355,2026-09-28T10:01:46.227722,SPECIAL NOTE DAY ONE OF RONAN'S RETURN TO THE PAST .,0.8066,dialogue,dialogue,False,52,11,132,0,0,452,207,1.0,1.0,0.6,0.4,,1.0,1.0,0.9523809523809524,2.183574879227053,93564,0.0005557693129836,0.4,2.03,1.0,1.0,0.0,0.6131578947368421,11,1.0,0.1226315789473684,1.0,0.8,800,1280,0.6,collected_the-academys-genius-swordsman_ep2.csv,120
1356,2026-09-28T10:02:24.753756,WARNING THIS EPISODE CONTAINS STRONG LANGUAGE AND DEPICTIONS VIOLENCE THAT MAY NOT BE SUITABLE FOR SOME READERS .,0.7498,dialogue,background,False,113,18,0,0,0,699,255,1.0,1.0,0.9,0.4,,1.0,1.0,0.9895833333333334,2.7411764705882353,178245,0.0006339588768268,0.4705882352941176,1.911764705882353,1.0,1.0,0.0,0.8881720430107526,18,1.0,0.1776344086021505,0.9,0.3823529411764706,800,1280,0.6,collected_the-academys-genius-swordsman_ep3.csv,0
1357,2026-09-28T10:02:24.753851,OF,0.7402,dialogue,background,False,2,1,0,0,0,49,30,1.0,0.7,0.2,1.0,,1.0,0.2,1.0,1.6333333333333333,1470,0.001360544217687,1.0,4.6,0.0,0.0,0.0,0.3,1,1.0,0.06,0.5,1.0,800,1280,0.6,collected_the-academys-genius-swordsman_ep3.csv,1
1358,2026-09-28T10:02:24.753987,SIGH,0.5702,,background,False,4,1,2,0,0,70,23,1.0,1.0,0.2,1.0,,1.0,0.2,1.0,3.0434782608695654,1610,0.0024844720496894,1.0,0.5,0.0,0.0,0.0,0.3,1,0.5,0.06,0.5,0.1,800,1280,0.6,collected_the-academys-genius-swordsman_ep3.csv,2
1359,2026-09-28T10:02:24.754289,I CAN'T BELIEVE THE GRAND MARSHAL WAS TELLING THE TRUTH ...,0.8007,dialogue,dialogue,False,59,11,3,0,0,310,132,1.0,1.0,1.0,0.7,,1.0,1.0,0.9782608695652174,2.3484848484848486,40920,0.0014418377321603,0.6,1.77,1.0,1.0,0.0,0.9,11,1.0,0.18,1.0,0.354,800,1280,0.6,collected_the-academys-genius-swordsman_ep3.csv,3
1360,2026-09-28T10:02:24.754521,HUH ?,0.9392,dialogue,dialogue,False,5,2,5,0,0,118,32,1.0,1.0,0.6,1.0,,1.0,2.0,0.75,3.6875,3776,0.0013241525423728,1.0,1.5,1.0,1.0,0.0,0.3,2,1.0,0.06,0.6,0.3,800,1280,0.6,collected_the-academys-genius-swordsman_ep3.csv,4
1361,2026-09-28T10:02:24.755067,ROLL,0.4392,background,background,False,4,1,7,0,0,134,109,1.0,0.7,1.0,0.0,,1.0,0.2,1.0,1.2293577981651376,14606,0.0002738600575106,0.0,0.5,0.0,0.0,0.0,0.3,1,0.6,0.06,0.5,0.1,800,1280,0.6,collected_the-academys-genius-swordsman_ep3.csv,6
1362,2026-09-28T10:02:24.755149,? !,0.5025,,background,False,3,2,7,0,0,52,43,0.0,0.7,0.2,0.0,,0.01,2.0,0.0,1.2093023255813953,2236,0.0013416815742397,0.0,0.5,1.0,1.0,0.99,0.3,2,1.0,0.06,0.6,0.1,800,1280,0.6,collected_the-academys-genius-swordsman_ep3.csv,7
1363,2026-09-28T10:02:24.755724,WHAT YOU SWALLOWED JUST NOW IS KNOWN AS THE ORB OF TIME .,0.8527,dialogue,dialogue,False,57,13,8,0,0,275,169,1.0,0.7,1.0,0.7,,1.0,1.0,0.9777777777777776,1.6272189349112427,46475,0.0012264658418504,0.75,2.433333333333333,1.0,1.0,0.0,0.9095238095238096,13,1.0,0.1819047619047619,1.0,0.8,800,1280,0.6,collected_the-academys-genius-swordsman_ep3.csv,9
1364,2026-09-28T10:02:24.755837,THAT ORB IS THE SECRET TO HOW A MERE SEAMSTRESS,0.733,dialogue,dialogue,False,47,10,8,0,0,237,133,1.0,0.7,1.0,0.7,,1.0,0.2,1.0,1.781954887218045,31521,0.0014910694457663,0.6,2.3,0.0,0.0,0.0,0.925,10,1.0,0.185,1.0,0.8,800,1280,0.6,collected_the-academys-genius-swordsman_ep3.csv,10
1365,2026-09-28T10:02:24.756113,LIKE ME ...,0.7877,dialogue,dialogue,False,11,3,9,0,0,133,20,1.0,0.5,0.2,1.0,,1.0,1.0,1.0,6.65,2660,0.0041353383458646,1.0,2.55,1.0,1.0,0.0,0.3,3,0.5,0.06,0.75,0.8,800,1280,0.6,collected_the-academys-genius-swordsman_ep3.csv,11
1366,2026-09-28T10:02:24.756223,WAS ABLE TO RISE TO THE POSITION OF GRAND MARSHAL .,0.8658,dialogue,dialogue,False,51,11,9,0,0,409,119,1.0,1.0,1.0,0.7,,1.0,1.0,0.975609756097561,3.436974789915966,48671,0.0010478519035976,0.6,2.2,1.0,1.0,0.0,0.7684210526315789,11,1.0,0.1536842105263157,1.0,0.8,800,1280,0.6,collected_the-academys-genius-swordsman_ep3.csv,12
1367,2026-09-28T10:02:24.756362,THE ORB ALLOWS,0.6516,,dialogue,False,14,3,10,0,0,373,32,1.0,0.3,1.0,0.4,,1.0,0.2,1.0,11.65625,11936,0.0011729222520107,0.3333333333333333,2.0,0.0,0.0,0.0,1.01,3,1.0,0.202,0.75,0.8,800,1280,0.6,collected_the-academys-genius-swordsman_ep3.csv,13
1368,2026-09-28T10:02:24.756732,YOU TO GO BACK IN TIME UP TO FOUR TIMES .,0.8444,dialogue,dialogue,False,41,11,11,0,0,540,94,1.0,0.7,1.0,1.0,,1.0,1.0,0.967741935483871,5.74468085106383,50760,0.0008077226162332,0.8,2.85,1.0,1.0,0.0,0.6,11,1.0,0.12,0.3,0.8,800,1280,0.6,collected_the-academys-genius-swordsman_ep3.csv,14
1369,2026-09-28T10:02:24.756822,BUT I'VE ALREADY USED UP THREE OF,0.6791,,dialogue,False,33,7,11,0,0,431,102,1.0,1.0,1.0,0.7,,1.0,0.2,0.9629629629629628,4.2254901960784315,43962,0.000750648287157,0.5714285714285714,1.8571428571428572,0.0,0.0,0.0,0.5958333333333333,7,1.0,0.1191666666666666,1.0,0.3714285714285714,800,1280,0.6,collected_the-academys-genius-swordsman_ep3.csv,15
1370,2026-09-28T10:02:24.757012,MY CHANCES .,0.7463,dialogue,dialogue,False,12,3,12,0,0,316,38,1.0,0.3,1.0,0.7,,1.0,1.0,0.9,8.31578947368421,12008,0.0009993337774816,0.5,1.8,1.0,1.0,0.0,0.7000000000000001,3,1.0,0.14,0.75,0.36,800,1280,0.6,collected_the-academys-genius-swordsman_ep3.csv,16
1371,2026-09-28T10:02:24.757094,THERE'S ONLY ONE LEFT .,0.7307,dialogue,dialogue,False,23,5,12,0,0,594,164,1.0,1.0,0.6,0.7,,1.0,1.0,0.8947368421052632,3.6219512195121952,97416,0.0002361008458569,0.5,1.525,1.0,1.0,0.0,1.3866666666666667,5,0.6,0.2773333333333333,0.75,0.305,800,1280,0.6,collected_the-academys-genius-swordsman_ep3.csv,17
1372,2026-09-28T10:02:24.757292,I DECIDED TO GIVE YOU THE CHANCE .,0.8533,dialogue,dialogue,False,34,8,13,0,0,265,135,1.0,0.7,1.0,0.7,,1.0,1.0,0.9629629629629628,1.962962962962963,35775,0.0009503843466107,0.7142857142857143,2.742857142857143,1.0,1.0,0.0,0.95,8,1.0,0.19,1.0,0.8,800,1280,0.6,collected_the-academys-genius-swordsman_ep3.csv,18
1373,2026-09-28T10:02:24.757506,YOU HAVE THE POWER TO SLAY THE GIANTS ...,0.895,dialogue,dialogue,False,41,9,14,0,0,302,95,1.0,1.0,1.0,0.7,,1.0,1.0,1.0,3.1789473684210527,28690,0.001429069362147,0.625,3.025,1.0,1.0,0.0,0.7142857142857143,9,1.0,0.1428571428571428,1.0,1.0,800,1280,0.6,collected_the-academys-genius-swordsman_ep3.csv,19
1374,2026-09-28T10:02:24.757856,YOU MIGHT VERY WELL BE THE KEY TO STOPPING THE END OF OUR WORLD .,0.8546,dialogue,dialogue,False,65,15,15,0,0,413,159,1.0,1.0,0.6,0.7,,1.0,1.0,0.9803921568627452,2.59748427672956,65667,0.0009898426911538,0.7857142857142857,2.4785714285714286,1.0,1.0,0.0,0.8312499999999999,15,1.0,0.1662499999999999,1.0,0.8,800,1280,0.6,collected_the-academys-genius-swordsman_ep3.csv,20
1375,2026-09-28T10:02:24.757923,LEAN,0.4272,background,background,False,4,1,15,0,0,388,231,1.0,0.7,0.6,0.0,,1.0,0.2,1.0,1.6796536796536796,89628,4.462891060829205e-05,0.0,0.5,0.0,0.0,0.0,0.3,1,0.6,0.06,0.5,0.1,800,1280,0.6,collected_the-academys-genius-swordsman_ep3.csv,21
1376,2026-09-28T10:02:24.758397,( 1,0.193,background,background,False,3,2,16,0,0,37,19,0.0,0.7,0.2,0.0,,0.36,0.2,0.0,1.9473684210526316,703,0.0042674253200568,0.0,0.5,0.0,0.0,0.64,0.3,2,0.5,0.06,0.6,0.1,800,1280,0.6,collected_the-academys-genius-swordsman_ep3.csv,22
1377,2026-09-28T10:02:24.758529,YOU'LL NEED TO HONE YOUR ABILITIES MUCH MORE IN ORDER TO DO SO ...,0.8482,dialogue,dialogue,False,66,14,16,0,0,316,167,1.0,0.7,1.0,0.7,,1.0,1.0,0.98,1.8922155688622757,52772,0.001250663230501,0.7692307692307693,2.0076923076923077,1.0,1.0,0.0,0.5872340425531914,14,1.0,0.1174468085106383,1.0,0.8,800,1280,0.6,collected_the-academys-genius-swordsman_ep3.csv,23
1378,2026-09-28T10:02:24.758621,"BUT THANKFULLY , YOU SEEM TO BE MORE",0.7852,dialogue,dialogue,False,36,8,16,0,0,344,61,1.0,0.7,1.0,1.0,,1.0,0.6,0.9655172413793104,5.639344262295082,20984,0.0017155928326343,0.8571428571428571,2.628571428571429,1.0,0.0,0.0,0.7269230769230769,8,0.5,0.1453846153846154,1.0,0.8,800,1280,0.6,collected_the-academys-genius-swordsman_ep3.csv,24
1379,2026-09-28T10:02:24.758998,THAN AMBITIOUS ENOUGH .,0.6682,,dialogue,False,23,4,17,0,0,242,58,1.0,1.0,1.0,0.4,,1.0,1.0,0.95,4.172413793103448,14036,0.0016386434881732,0.3333333333333333,1.0666666666666669,1.0,1.0,0.0,0.9764705882352942,4,0.5,0.1952941176470588,0.75,0.2133333333333333,800,1280,0.6,collected_the-academys-genius-swordsman_ep3.csv,25
1380,2026-09-28T10:02:24.759086,IWISHI COULD STUDY AT AN ACADEMY,0.6085,,dialogue,False,32,6,17,0,0,180,112,1.0,0.7,1.0,0.7,,1.0,0.2,1.0,1.6071428571428572,20160,0.0015873015873015,0.5,1.7666666666666666,0.0,0.0,0.0,0.392,6,0.5,0.0784,1.0,0.3533333333333333,800,1280,0.6,collected_the-academys-genius-swordsman_ep3.csv,26
1381,2026-09-28T10:02:24.759186,W - WHAT ?! I WAS JUST THINKING OUT LOUD !,0.7386,dialogue,dialogue,False,42,11,17,0,0,201,131,1.0,0.7,1.0,0.7,,1.0,1.0,0.9032258064516128,1.534351145038168,26331,0.00159507804489,0.625,1.7875,1.0,1.0,0.0,1.073076923076923,11,0.5,0.2146153846153846,1.0,0.3575,800,1280,0.6,collected_the-academys-genius-swordsman_ep3.csv,27
1382,2026-09-28T10:02:24.759473,"IF YOU'RE EAGER TO LEARN , GO TO THE PHILEON ACADEMY .",0.8628,dialogue,dialogue,False,54,12,18,0,0,471,125,1.0,1.0,1.0,0.7,,1.0,1.0,0.9302325581395348,3.768,58875,0.0009171974522292,0.7,2.22,1.0,1.0,0.0,0.5552631578947369,12,1.0,0.1110526315789473,1.0,0.8,800,1280,0.6,collected_the-academys-genius-swordsman_ep3.csv,28
1383,2026-09-28T10:02:24.759793,THERE ARE MANY OUTSTANDING WARRIORS THERE . I'M SURE THEY CAN HELP YOU .,0.7798,dialogue,dialogue,False,72,14,19,0,0,337,191,1.0,0.7,0.6,0.7,,1.0,1.0,0.9491525423728814,1.7643979057591623,64367,0.0011185856106389,0.75,1.8166666666666669,1.0,1.0,0.0,1.2351851851851852,14,1.0,0.247037037037037,1.0,0.3633333333333333,800,1280,0.6,collected_the-academys-genius-swordsman_ep3.csv,29
1384,2026-09-28T10:02:24.760191,"AND DO ME A FAVOR , CORPORAL RONAN ...",0.8615,dialogue,dialogue,False,38,9,20,0,0,295,108,1.0,1.0,1.0,0.7,,1.0,1.0,0.9629629629629628,2.7314814814814814,31860,0.0011927181418706,0.5714285714285714,2.4,1.0,1.0,0.0,0.4624999999999999,9,1.0,0.0925,1.0,0.8,800,1280,0.6,collected_the-academys-genius-swordsman_ep3.csv,30
1385,2026-09-28T10:02:24.760497,Wood,0.4072,background,background,False,4,1,22,0,0,341,359,1.0,0.3,0.6,0.0,,1.0,0.2,1.0,0.9498607242339832,122419,3.267466651418489e-05,0.0,0.5,0.0,0.0,0.0,0.3,1,0.6,0.06,0.5,0.1,800,1280,0.6,collected_the-academys-genius-swordsman_ep3.csv,32
1386,2026-09-28T10:02:24.760702,... COULD YOU TELL ME TO STICK TO,0.8363,dialogue,dialogue,False,33,8,23,0,0,403,75,1.0,0.7,1.0,1.0,,1.0,0.6,1.0,5.373333333333333,30225,0.001091811414392,0.8571428571428571,2.7285714285714286,1.0,0.0,0.0,0.8095238095238095,8,1.0,0.1619047619047619,1.0,0.8,800,1280,0.6,collected_the-academys-genius-swordsman_ep3.csv,33
1387,2026-09-28T10:02:24.760896,TAILORING INSTEAD OF WASTING MY TIME ?,0.7877,dialogue,dialogue,False,38,7,24,0,0,424,76,1.0,0.7,1.0,0.7,,1.0,1.0,0.96875,5.578947368421052,32224,0.0011792452830188,0.5,1.95,1.0,1.0,0.0,0.6586206896551723,7,1.0,0.1317241379310344,1.0,0.39,800,1280,0.6,collected_the-academys-genius-swordsman_ep3.csv,34
1388,2026-09-28T10:02:24.760952,PH,0.4272,background,background,False,2,1,24,0,0,370,287,1.0,0.7,0.6,0.0,,1.0,0.2,1.0,1.289198606271777,106190,1.883416517562859e-05,0.0,0.5,0.0,0.0,0.0,0.3,1,0.6,0.06,0.5,0.1,800,1280,0.6,collected_the-academys-genius-swordsman_ep3.csv,35
1389,2026-09-28T10:02:24.761496,DAMMIT ...,0.6842,,dialogue,False,10,2,28,0,0,153,23,1.0,0.5,0.6,0.0,,1.0,2.0,1.0,6.6521739130434785,3519,0.0028417163967036,0.0,0.5,1.0,1.0,0.0,0.3,2,0.5,0.06,0.6,0.1,800,1280,0.6,collected_the-academys-genius-swordsman_ep3.csv,38
1390,2026-09-28T10:02:24.761800,IS THIS REALLY HAPPENING ?!,0.721,dialogue,dialogue,False,27,5,29,0,0,237,66,1.0,1.0,1.0,0.7,,1.0,1.0,0.9130434782608696,3.590909090909091,15642,0.0017261219792865,0.75,1.275,1.0,1.0,0.0,1.0894736842105264,5,0.5,0.2178947368421052,0.75,0.255,800,1280,0.6,collected_the-academys-genius-swordsman_ep3.csv,39
1391,2026-09-28T10:02:24.761897,"IF I'M DREAMING , SOMEONE WAKE ME UP , PLEASE !",0.7886,dialogue,dialogue,False,47,11,29,0,0,321,109,1.0,1.0,1.0,0.7,,1.0,1.0,0.8918918918918919,2.944954128440367,34989,0.0013432793163565,0.625,1.5125,1.0,1.0,0.0,0.5870967741935483,11,1.0,0.1174193548387096,1.0,0.3025,800,1280,0.6,collected_the-academys-genius-swordsman_ep3.csv,40
1392,2026-09-28T10:02:24.761950,BAM,0.5922,,background,False,3,1,29,0,0,138,58,1.0,1.0,0.6,1.0,,1.0,0.2,1.0,2.3793103448275863,8004,0.0003748125937031,1.0,0.5,0.0,0.0,0.0,0.3,1,0.6,0.06,0.5,0.1,800,1280,0.6,collected_the-academys-genius-swordsman_ep3.csv,41
1393,2026-09-28T10:02:24.762467,DAM BAM,0.5512,,background,False,7,2,30,0,0,201,108,1.0,0.7,1.0,0.7,,1.0,0.2,1.0,1.8611111111111112,21708,0.0003224617652478,0.5,0.5,0.0,0.0,0.0,0.3,2,0.6,0.06,0.6,0.1,800,1280,0.6,collected_the-academys-genius-swordsman_ep3.csv,42
1394,2026-09-28T10:02:24.762528,b,0.4352,background,background,False,1,1,30,0,0,20,40,1.0,0.3,0.2,0.0,,1.0,0.2,1.0,0.5,800,0.00125,0.0,0.5,0.0,0.0,0.0,0.3,1,1.0,0.06,0.5,0.1,800,1280,0.6,collected_the-academys-genius-swordsman_ep3.csv,43
1395,2026-09-28T10:02:24.762686,HOW CAN SHE JUST SEND ME BACK IN TIME ALL OF A SUDDEN ?!,0.8571,dialogue,dialogue,False,56,14,30,0,0,331,145,1.0,1.0,1.0,1.0,,1.0,1.0,0.9534883720930232,2.282758620689655,47995,0.0011667882071049,0.9230769230769232,2.6692307692307695,1.0,1.0,0.0,0.4384615384615384,14,1.0,0.0876923076923076,0.3,0.8,800,1280,0.6,collected_the-academys-genius-swordsman_ep3.csv,44
1396,2026-09-28T10:02:24.762849,WHAT AM I SUPPOSED TO DO ALL BY MYSELF ?!,0.8636,dialogue,dialogue,False,41,10,30,0,0,352,115,1.0,1.0,1.0,0.7,,1.0,1.0,0.9375,3.0608695652173914,40480,0.0010128458498023,0.7777777777777778,2.611111111111111,1.0,1.0,0.0,0.6142857142857142,10,1.0,0.1228571428571428,1.0,0.8,800,1280,0.6,collected_the-academys-genius-swordsman_ep3.csv,45
1397,2026-09-28T10:02:24.763008,PAUSE,0.4495,background,background,False,5,1,31,0,0,232,177,1.0,0.7,1.0,0.0,,1.0,0.2,1.0,1.310734463276836,41064,0.0001217611533216,0.0,0.5,0.0,0.0,0.0,1.0333333333333334,1,0.6,0.2066666666666667,0.5,0.1,800,1280,0.6,collected_the-academys-genius-swordsman_ep3.csv,46
1398,2026-09-28T10:02:24.763238,WAIT A MINUTE . BACK IN TIME ... ?,0.8052,dialogue,dialogue,False,34,9,32,0,0,229,59,1.0,1.0,1.0,1.0,,1.0,1.0,0.9130434782608696,3.8813559322033897,13511,0.0025164680630597,0.8333333333333334,2.6666666666666665,1.0,1.0,0.0,0.3,9,0.5,0.06,0.3,0.8,800,1280,0.6,collected_the-academys-genius-swordsman_ep3.csv,47
1399,2026-09-28T10:02:24.763386,DOES THAT MEAN ...,0.8289,dialogue,dialogue,False,18,4,33,0,0,279,88,1.0,1.0,1.0,1.0,,1.0,1.0,1.0,3.1704545454545454,24552,0.000733137829912,1.0,1.7666666666666666,1.0,1.0,0.0,0.96,4,1.0,0.192,0.75,0.3533333333333333,800,1280,0.6,collected_the-academys-genius-swordsman_ep3.csv,48
1400,2026-09-28T10:02:24.763497,DASH,0.4392,background,background,False,4,1,34,0,0,276,139,1.0,0.7,1.0,0.0,,1.0,0.2,1.0,1.985611510791367,38364,0.0001042644145553,0.0,0.5,0.0,0.0,0.0,0.3,1,0.6,0.06,0.5,0.1,800,1280,0.6,collected_the-academys-genius-swordsman_ep3.csv,49
1401,2026-09-28T10:02:24.763805,... WHAT I THINK IT DOES ?,0.9027,dialogue,dialogue,False,26,7,35,0,0,176,103,1.0,0.7,1.0,1.0,,1.0,1.0,0.9411764705882352,1.7087378640776698,18128,0.0014342453662842,1.0,2.76,1.0,1.0,0.0,1.2642857142857142,7,1.0,0.2528571428571428,1.0,0.8,800,1280,0.6,collected_the-academys-genius-swordsman_ep3.csv,50
1402,2026-09-28T10:02:24.763910,I HAVE ANOTHER CHANCE TO SAVE MY SISTER !,0.8148,dialogue,dialogue,False,41,9,35,0,0,538,211,1.0,1.0,0.6,0.7,,1.0,1.0,0.9696969696969696,2.5497630331753554,113518,0.000361176201131,0.5,2.275,1.0,1.0,0.0,0.84,9,0.6,0.1679999999999999,1.0,0.8,800,1280,0.6,collected_the-academys-genius-swordsman_ep3.csv,51
1403,2026-09-28T10:02:24.764320,IXILA,0.4392,background,background,False,5,1,40,0,0,151,76,1.0,0.7,1.0,0.0,,1.0,0.2,1.0,1.986842105263158,11476,0.0004356918787033,0.0,0.5,0.0,0.0,0.0,0.3,1,0.6,0.06,0.5,0.1,800,1280,0.6,collected_the-academys-genius-swordsman_ep3.csv,53
1404,2026-09-28T10:02:24.764438,SPRINT,0.4272,background,background,False,6,1,41,0,0,374,336,1.0,0.7,0.6,0.0,,1.0,0.2,1.0,1.113095238095238,125664,4.774637127578304e-05,0.0,0.5,0.0,0.0,0.0,0.3,1,0.6,0.06,0.5,0.1,800,1280,0.6,collected_the-academys-genius-swordsman_ep3.csv,54
1405,2026-09-28T10:02:24.764623,IF THIS REALLY IS THE PAST ...,0.8654,dialogue,dialogue,False,30,7,42,0,0,195,94,1.0,1.0,1.0,1.0,,1.0,1.0,1.0,2.074468085106383,18330,0.0016366612111292,0.8333333333333334,2.1333333333333333,1.0,1.0,0.0,1.1,7,0.5,0.2199999999999999,1.0,0.8,800,1280,0.6,collected_the-academys-genius-swordsman_ep3.csv,55
1406,2026-09-28T10:02:24.764817,... IT SHOULD BE JUST UP AHEAD !,0.8559,dialogue,dialogue,False,32,8,43,0,0,222,56,1.0,1.0,1.0,1.0,,1.0,1.0,0.9545454545454546,3.9642857142857144,12432,0.0025740025740025,0.8333333333333334,2.5166666666666666,1.0,1.0,0.0,0.4210526315789473,8,0.5,0.0842105263157894,1.0,0.8,800,1280,0.6,collected_the-academys-genius-swordsman_ep3.csv,56
1407,2026-09-28T10:02:24.764996,HMM ?,0.9362,dialogue,dialogue,False,5,2,44,0,0,145,33,1.0,1.0,0.6,1.0,,1.0,2.0,0.75,4.393939393939394,4785,0.0010449320794148,1.0,1.4,1.0,1.0,0.0,0.3,2,1.0,0.06,0.6,0.2799999999999999,800,1280,0.6,collected_the-academys-genius-swordsman_ep3.csv,57
1408,2026-09-28T10:02:24.765068,WHO ARE THOSE PUNKS ?,0.7558,dialogue,dialogue,False,21,5,44,0,0,309,85,1.0,1.0,1.0,0.7,,1.0,1.0,0.9411764705882352,3.635294117647059,26265,0.0007995431182181,0.75,1.05,1.0,1.0,0.0,0.4857142857142857,5,1.0,0.0971428571428571,0.75,0.21,800,1280,0.6,collected_the-academys-genius-swordsman_ep3.csv,58
1409,2026-09-28T10:02:24.765283,WHAT ARE THEY DOING TO THAT POOR KID HANGING,0.6398,,dialogue,False,44,9,45,0,0,300,93,1.0,1.0,1.0,0.7,,1.0,0.2,1.0,3.225806451612903,27900,0.0015770609318996,0.6666666666666666,1.977777777777778,0.0,0.0,0.0,1.1029411764705883,9,0.5,0.2205882352941176,1.0,0.3955555555555555,800,1280,0.6,collected_the-academys-genius-swordsman_ep3.csv,59
1410,2026-09-28T10:02:24.765424,FROM THE TREE ?,0.7512,dialogue,dialogue,False,15,4,46,0,0,228,22,1.0,0.3,0.6,0.7,,1.0,1.0,0.9166666666666666,10.363636363636363,5016,0.0029904306220095,0.6666666666666666,2.966666666666667,1.0,1.0,0.0,0.7666666666666667,4,0.5,0.1533333333333333,0.75,0.8,800,1280,0.6,collected_the-academys-genius-swordsman_ep3.csv,60
1411,2026-09-28T10:02:24.765587,NW,0.3852,background,background,False,2,1,47,0,0,24,16,1.0,0.7,0.2,0.0,,1.0,0.2,1.0,1.5,384,0.0052083333333333,0.0,0.5,0.0,0.0,0.0,0.3,1,0.3,0.06,0.5,0.1,800,1280,0.6,collected_the-academys-genius-swordsman_ep3.csv,61
1412,2026-09-28T10:02:24.765650,SIGH,0.5552,,background,False,4,1,47,0,0,60,38,1.0,0.7,0.2,1.0,,1.0,0.2,1.0,1.5789473684210529,2280,0.0017543859649122,1.0,0.5,0.0,0.0,0.0,0.3,1,0.5,0.06,0.5,0.1,800,1280,0.6,collected_the-academys-genius-swordsman_ep3.csv,62
1413,2026-09-28T10:02:24.765735,SOME PEOPLE NEVER CHANGE ...,0.7683,dialogue,dialogue,False,28,5,47,0,0,200,94,1.0,1.0,1.0,0.7,,1.0,1.0,1.0,2.127659574468085,18800,0.0014893617021276,0.75,1.4249999999999998,1.0,1.0,0.0,0.5736842105263158,5,1.0,0.1147368421052631,0.75,0.285,800,1280,0.6,collected_the-academys-genius-swordsman_ep3.csv,63
1414,2026-09-28T10:02:24.765787,TURN,0.5892,,background,False,4,1,47,0,0,205,141,1.0,0.7,1.0,1.0,,1.0,0.2,1.0,1.453900709219858,28905,0.000138384362567,1.0,0.5,0.0,0.0,0.0,0.3,1,0.6,0.06,0.5,0.1,800,1280,0.6,collected_the-academys-genius-swordsman_ep3.csv,64
1415,2026-09-28T10:02:24.766210,W - WAIT ! THAT KID ISN'T HANGING FROM A ROPE .,0.7517,dialogue,dialogue,False,47,12,48,0,0,263,93,1.0,1.0,1.0,0.7,,1.0,1.0,0.9142857142857144,2.827956989247312,24459,0.0019215830573612,0.5555555555555556,1.8666666666666667,1.0,1.0,0.0,0.7633333333333333,12,0.5,0.1526666666666666,1.0,0.3733333333333333,800,1280,0.6,collected_the-academys-genius-swordsman_ep3.csv,65
1416,2026-09-28T10:02:24.766301,HE'S FLOATING IN THE AIR WITH MAGIC !,0.8515,dialogue,dialogue,False,37,8,48,0,0,234,163,1.0,0.7,1.0,0.7,,1.0,1.0,0.9333333333333332,1.4355828220858895,38142,0.0009700592522678,0.5714285714285714,2.185714285714286,1.0,1.0,0.0,0.8192307692307692,8,1.0,0.1638461538461538,1.0,0.8,800,1280,0.6,collected_the-academys-genius-swordsman_ep3.csv,66
1417,2026-09-28T10:02:24.766636,WHAT'S SOMEONE WITH TALENT LIKE THAT DOING OUT IN THE MIDDLE OF THE COUNTRYSIDE ?,0.8529,dialogue,dialogue,False,81,15,49,0,0,267,204,1.0,0.7,1.0,0.7,,1.0,1.0,0.9701492537313432,1.3088235294117647,54468,0.001487111698612,0.7142857142857143,2.5357142857142856,1.0,1.0,0.0,0.9206349206349206,15,1.0,0.1841269841269841,1.0,0.8,800,1280,0.6,collected_the-academys-genius-swordsman_ep3.csv,67
1418,2026-09-28T10:02:24.767012,THERE WAS HARDLY ANYONE WITH THAT KIND OF MAGIC POWER EVEN IN THE ARMY ...,0.8037,dialogue,dialogue,False,74,15,50,0,0,292,164,1.0,0.7,1.0,0.7,,1.0,1.0,1.0,1.7804878048780488,47888,0.001545272302038,0.5714285714285714,2.1785714285714284,1.0,1.0,0.0,0.9781818181818182,15,0.5,0.1956363636363636,1.0,0.8,800,1280,0.6,collected_the-academys-genius-swordsman_ep3.csv,68
1419,2026-09-28T10:02:24.767073,AH !,1.3972,dialogue,dialogue,False,4,2,50,0,0,90,44,0.8,1.0,0.6,1.0,,1.0,2.0,0.6666666666666666,2.0454545454545454,3960,0.001010101010101,1.0,1.8,1.0,1.0,0.0,0.3,2,1.0,0.06,3.0,2.5,800,1280,0.6,collected_the-academys-genius-swordsman_ep3.csv,69
1420,2026-09-28T10:02:24.767211,I JUST REMEMBERED .,0.7951,dialogue,dialogue,False,19,4,51,0,0,203,59,1.0,1.0,1.0,0.7,,1.0,1.0,0.9375,3.440677966101695,11977,0.0015863738832762,0.6666666666666666,2.3666666666666667,1.0,1.0,0.0,0.5461538461538461,4,0.5,0.1092307692307692,0.75,0.8,800,1280,0.6,collected_the-academys-genius-swordsman_ep3.csv,70
1421,2026-09-28T10:02:24.767462,THAT GUY WAS HERE IN TOWN AT THIS POINT IN TIME .,0.8857,dialogue,dialogue,False,49,12,52,0,0,386,206,1.0,0.7,0.6,1.0,,1.0,1.0,0.9736842105263158,1.8737864077669903,79516,0.0006162281804919,0.8181818181818182,2.309090909090909,1.0,1.0,0.0,0.9085714285714286,12,1.0,0.1817142857142857,1.0,0.8,800,1280,0.6,collected_the-academys-genius-swordsman_ep3.csv,71
1422,2026-09-28T10:02:24.768114,H - HOW MUCH LONGER DO I HAVE TO HOLD HIM UP IN THE AIR LIKE THIS ? IF HE STAYS LIKE THAT ANY LONGER ...,0.8084,dialogue,dialogue,False,104,26,54,0,0,318,356,1.0,0.3,0.6,0.7,,1.0,1.0,0.9866666666666668,0.8932584269662921,113208,0.0009186629920146,0.782608695652174,2.4695652173913043,1.0,1.0,0.0,0.5291666666666667,26,1.0,0.1058333333333333,0.9,0.8,800,1280,0.6,collected_the-academys-genius-swordsman_ep3.csv,72
1423,2026-09-28T10:02:24.768201,TREMBLE,0.4392,background,background,False,7,1,54,0,0,219,144,1.0,0.7,1.0,0.0,,1.0,0.2,1.0,1.5208333333333333,31536,0.0002219685438863,0.0,0.5,0.0,0.0,0.0,0.3,1,0.6,0.06,0.5,0.1,800,1280,0.6,collected_the-academys-genius-swordsman_ep3.csv,73
1424,2026-09-28T10:02:24.768261,TREMBLE,0.4542,,background,False,7,1,54,0,0,243,89,1.0,1.0,1.0,0.0,,1.0,0.2,1.0,2.730337078651685,21627,0.000323669487215,0.0,0.5,0.0,0.0,0.0,0.3,1,0.6,0.06,0.5,0.1,800,1280,0.6,collected_the-academys-genius-swordsman_ep3.csv,74
1425,2026-09-28T10:02:24.768475,... IT COULD BE DANGEROUS FOR HIM !,0.9394,dialogue,dialogue,False,35,8,55,0,0,256,104,1.0,1.0,1.0,1.0,,1.0,1.0,0.96,2.4615384615384617,26624,0.0013146033653846,0.8333333333333334,3.016666666666666,1.0,1.0,0.0,0.6727272727272727,8,1.0,0.1345454545454545,1.0,1.0,800,1280,0.6,collected_the-academys-genius-swordsman_ep3.csv,75
1426,2026-09-28T10:02:24.768528,DRIP,0.4822,,background,False,4,1,55,0,0,106,45,1.0,1.0,0.6,0.0,,1.0,0.2,1.0,2.3555555555555556,4770,0.00083857442348,0.0,0.5,0.0,0.0,0.0,0.3,1,1.0,0.06,0.5,0.1,800,1280,0.6,collected_the-academys-genius-swordsman_ep3.csv,76
1427,2026-09-28T10:02:24.768697,"PLEASE , M - MAKE IT STOP ...",0.8392,dialogue,dialogue,False,29,8,56,0,0,154,97,1.0,0.7,1.0,1.0,,1.0,1.0,0.9444444444444444,1.5876288659793814,14938,0.0019413576114607,0.8,2.22,1.0,1.0,0.0,0.3,8,0.5,0.06,1.0,0.8,800,1280,0.6,collected_the-academys-genius-swordsman_ep3.csv,77
1428,2026-09-28T10:02:24.768884,I DON'T HAVE ANY MONEY ! I SWEAR !,0.8659,dialogue,dialogue,False,34,9,57,0,0,342,125,1.0,1.0,1.0,0.7,,1.0,1.0,0.8846153846153846,2.736,42750,0.0007953216374269,0.7142857142857143,2.085714285714286,1.0,1.0,0.0,0.7809523809523808,9,1.0,0.1561904761904761,1.0,0.8,800,1280,0.6,collected_the-academys-genius-swordsman_ep3.csv,78
1429,2026-09-28T10:02:24.769162,I SPENT EVERYTHING I HAD ON MY MOM'S MEDICINE THIS MONTH ... PAT PAT,0.6482,,dialogue,False,68,14,58,0,0,303,398,1.0,0.3,0.6,0.4,,1.0,0.6,0.9807692307692308,0.7613065326633166,120594,0.0005638754830256,0.4615384615384615,1.7692307692307692,1.0,0.0,0.0,0.8632653061224489,14,1.0,0.1726530612244897,1.0,0.3538461538461538,800,1280,0.6,collected_the-academys-genius-swordsman_ep3.csv,79
1430,2026-09-28T10:02:24.769558,HOW IS THAT MY PROBLEM ?,0.9123,dialogue,dialogue,False,24,6,59,0,0,271,76,1.0,1.0,1.0,1.0,,1.0,1.0,0.9473684210526316,3.5657894736842106,20596,0.0011652748106428,1.0,2.08,1.0,1.0,0.0,0.875,6,1.0,0.175,1.0,0.8,800,1280,0.6,collected_the-academys-genius-swordsman_ep3.csv,80
1431,2026-09-28T10:02:24.769671,JUST EMPTY OUT YOUR POCKETS . DO I LOOK LIKE I CARE ABOUT YOUR MOM ?,0.81,dialogue,dialogue,False,68,16,59,0,0,331,132,1.0,1.0,1.0,0.7,,1.0,1.0,0.9622641509433962,2.507575757575758,43692,0.0015563489883731,0.7142857142857143,2.2285714285714286,1.0,1.0,0.0,0.8571428571428571,16,0.5,0.1714285714285714,0.9,0.8,800,1280,0.6,collected_the-academys-genius-swordsman_ep3.csv,81
1432,2026-09-28T10:02:24.769726,CHUCKLE,0.5892,,background,False,7,1,59,0,0,258,165,1.0,0.7,1.0,1.0,,1.0,0.2,1.0,1.5636363636363635,42570,0.0001644350481559,1.0,0.5,0.0,0.0,0.0,0.3,1,0.6,0.06,0.5,0.1,800,1280,0.6,collected_the-academys-genius-swordsman_ep3.csv,82
1433,2026-09-28T10:02:24.770041,SWING YOU LITTLE PRICK ...,0.7113,dialogue,dialogue,False,26,5,61,0,0,547,269,1.0,1.0,0.4,0.7,,1.0,1.0,1.0,2.033457249070632,147143,0.0001766988575739,0.5,1.325,1.0,1.0,0.0,0.8588235294117647,5,0.6,0.1717647058823529,0.75,0.265,800,1280,0.6,collected_the-academys-genius-swordsman_ep3.csv,83
1434,2026-09-28T10:02:24.770106,SLAP IF YOU REALLY !,0.7226,dialogue,dialogue,False,20,5,61,0,0,370,249,1.0,0.7,0.6,0.7,,1.0,1.0,0.9375,1.4859437751004017,92130,0.0002170845544339,0.75,1.875,1.0,1.0,0.0,1.1307692307692307,5,0.6,0.2261538461538461,0.75,0.375,800,1280,0.6,collected_the-academys-genius-swordsman_ep3.csv,84
1435,2026-09-28T10:02:24.770174,WANT TO BE ! A GOOD SON !,0.9042,dialogue,dialogue,False,25,8,61,0,0,256,73,1.0,1.0,1.0,1.0,,1.0,1.0,0.8888888888888888,3.506849315068493,18688,0.001337756849315,0.8333333333333334,2.8833333333333333,1.0,1.0,0.0,0.3,8,1.0,0.06,1.0,0.8,800,1280,0.6,collected_the-academys-genius-swordsman_ep3.csv,85
1436,2026-09-28T10:02:24.770320,SLAP,0.4392,background,background,False,4,1,62,0,0,240,131,1.0,0.7,1.0,0.0,,1.0,0.2,1.0,1.83206106870229,31440,0.0001272264631043,0.0,0.5,0.0,0.0,0.0,0.3,1,0.6,0.06,0.5,0.1,800,1280,0.6,collected_the-academys-genius-swordsman_ep3.csv,86
1437,2026-09-28T10:02:24.770396,SMACK THEN MAKE ! MORE !,0.7129,dialogue,dialogue,False,24,6,62,0,0,623,498,1.0,0.7,0.4,0.7,,1.0,1.0,0.8947368421052632,1.251004016064257,310254,7.735597284805353e-05,0.75,1.425,1.0,1.0,0.0,0.58,6,0.6,0.1159999999999999,1.0,0.285,800,1280,0.6,collected_the-academys-genius-swordsman_ep3.csv,87
1438,2026-09-28T10:02:24.770550,SLAP SNICKER SNICKER,0.4561,,background,False,20,3,63,0,0,666,241,1.0,1.0,0.4,0.0,,1.0,0.2,1.0,2.763485477178423,160506,0.0001246059337345,0.0,0.5,0.0,0.0,0.0,0.46875,3,0.6,0.09375,0.75,0.1,800,1280,0.6,collected_the-academys-genius-swordsman_ep3.csv,88
1439,2026-09-28T10:02:24.770615,MONEY ! WHO,0.6485,,dialogue,False,11,3,63,0,0,442,300,1.0,0.7,0.6,0.7,,1.0,0.6,0.8888888888888888,1.4733333333333334,132600,8.295625942684766e-05,0.5,1.6,1.0,0.0,0.0,0.7166666666666667,3,0.6,0.1433333333333333,0.75,0.32,800,1280,0.6,collected_the-academys-genius-swordsman_ep3.csv,89
1440,2026-09-28T10:02:24.770733,HEY !,1.4092,dialogue,dialogue,False,5,2,64,0,0,192,80,1.0,1.0,1.0,1.0,,1.0,2.0,0.75,2.4,15360,0.0003255208333333,1.0,2.3,1.0,1.0,0.0,0.3,2,0.6,0.06,3.0,2.5,800,1280,0.6,collected_the-academys-genius-swordsman_ep3.csv,90
1441,2026-09-28T10:02:24.770787,STARTLED,0.4942,,background,False,8,1,64,0,0,178,85,1.0,1.0,1.0,0.0,,1.0,0.2,1.0,2.0941176470588236,15130,0.0005287508261731,0.0,0.5,0.0,0.0,0.0,0.3,1,1.0,0.06,0.5,0.1,800,1280,0.6,collected_the-academys-genius-swordsman_ep3.csv,91
1442,2026-09-28T10:02:24.771136,THIS NUMSKULL DOESN'T SEEM TO UNDERSTAND YET . LIFT HIM UP TO THE TOP OF THE TREE !,0.8311,dialogue,dialogue,False,83,18,65,0,0,382,342,1.0,0.7,0.6,0.7,,1.0,1.0,0.9545454545454546,1.1169590643274854,130644,0.0006353142892134,0.6875,2.3,1.0,1.0,0.0,0.7180327868852459,18,1.0,0.1436065573770491,0.9,0.8,800,1280,0.6,collected_the-academys-genius-swordsman_ep3.csv,92
1443,2026-09-28T10:02:24.771391,? !,0.4865,,background,False,3,2,66,0,0,106,98,0.0,0.7,1.0,0.0,,0.01,2.0,0.0,1.0816326530612246,10388,0.0002887947631882,0.0,0.5,1.0,1.0,0.99,0.3,2,0.6,0.06,0.6,0.1,800,1280,0.6,collected_the-academys-genius-swordsman_ep3.csv,93
1444,2026-09-28T10:02:24.771466,I - I CAN'T DO THAT !,0.8969,dialogue,dialogue,False,21,7,66,0,0,148,66,1.0,1.0,1.0,1.0,,1.0,1.0,0.8571428571428571,2.242424242424242,9768,0.0021498771498771,1.0,3.38,1.0,1.0,0.0,1.21,7,0.5,0.242,1.0,1.0,800,1280,0.6,collected_the-academys-genius-swordsman_ep3.csv,94
1445,2026-09-28T10:02:24.771541,WHAT IF I DROP HIM BY ACCIDENT ?,0.8152,dialogue,dialogue,False,32,8,66,0,0,217,95,1.0,1.0,1.0,0.7,,1.0,1.0,0.96,2.2842105263157895,20615,0.0015522677661896,0.7142857142857143,2.3857142857142857,1.0,1.0,0.0,0.7272727272727273,8,0.5,0.1454545454545454,1.0,0.8,800,1280,0.6,collected_the-academys-genius-swordsman_ep3.csv,95
1446,2026-09-28T10:02:24.771898,HA !,0.6422,,dialogue,False,4,2,67,0,0,48,35,0.8,0.7,0.2,0.0,,1.0,2.0,0.6666666666666666,1.3714285714285714,1680,0.0023809523809523,0.0,0.5,1.0,1.0,0.0,0.3,2,0.5,0.06,0.6,0.1,800,1280,0.6,collected_the-academys-genius-swordsman_ep3.csv,96
1447,2026-09-28T10:02:24.772003,DON'T BE SUCH A BABY . WHAT ARE YOU SO AFRAID OF ?,0.867,dialogue,dialogue,False,50,13,67,0,0,278,134,1.0,1.0,1.0,0.7,,1.0,1.0,0.9210526315789472,2.074626865671642,37252,0.0013422098142381,0.7272727272727273,2.3545454545454545,1.0,1.0,0.0,0.8575757575757575,13,1.0,0.1715151515151515,1.0,0.8,800,1280,0.6,collected_the-academys-genius-swordsman_ep3.csv,97
1448,2026-09-28T10:02:24.772123,YOU'RE NOT THE ONE HANGING UP THERE .,0.8751,dialogue,dialogue,False,37,8,67,0,0,304,112,1.0,1.0,1.0,0.7,,1.0,1.0,0.9333333333333332,2.7142857142857144,34048,0.0010867011278195,0.7142857142857143,2.6714285714285713,1.0,1.0,0.0,1.4346153846153844,8,1.0,0.2869230769230769,1.0,0.8,800,1280,0.6,collected_the-academys-genius-swordsman_ep3.csv,98
1449,2026-09-28T10:02:24.772595,"SHUT YOUR MOUTH AND LIFT HIM UP , ASELLE .",0.7896,dialogue,dialogue,False,42,10,69,0,0,407,163,1.0,1.0,0.6,0.7,,1.0,1.0,0.9393939393939394,2.496932515337423,66341,0.0006330926576325,0.5,1.75,1.0,1.0,0.0,1.006896551724138,10,1.0,0.2013793103448276,1.0,0.35,800,1280,0.6,collected_the-academys-genius-swordsman_ep3.csv,99
1450,2026-09-28T10:02:24.772703,OR I'LL HANG YOU UP WITH HIM .,0.9122,dialogue,dialogue,False,30,8,69,0,0,282,137,1.0,1.0,1.0,1.0,,1.0,1.0,0.9130434782608696,2.0583941605839415,38634,0.0007765180928715,0.8571428571428571,2.442857142857143,1.0,1.0,0.0,0.8736842105263158,8,1.0,0.1747368421052631,1.0,0.8,800,1280,0.6,collected_the-academys-genius-swordsman_ep3.csv,100
1451,2026-09-28T10:02:24.772861,BA - BUMP,0.5167,,background,False,9,3,69,0,0,267,146,1.0,0.7,1.0,0.0,,1.0,0.6,1.0,1.8287671232876712,38982,0.0002308757888256,0.0,0.5,1.0,0.0,0.0,0.3,3,0.6,0.06,0.75,0.1,800,1280,0.6,collected_the-academys-genius-swordsman_ep3.csv,101
1452,2026-09-28T10:02:24.773174,OH ...,1.3752,dialogue,dialogue,False,6,2,70,0,0,67,24,1.0,1.0,0.2,1.0,,1.0,2.0,1.0,2.7916666666666665,1608,0.003731343283582,1.0,2.5,1.0,1.0,0.0,0.3,2,0.5,0.06,3.0,2.5,800,1280,0.6,collected_the-academys-genius-swordsman_ep3.csv,102
1453,2026-09-28T10:02:24.773267,HOW DID I END UP DOING THIS ?,0.9113,dialogue,dialogue,False,29,8,70,0,0,281,118,1.0,1.0,1.0,1.0,,1.0,1.0,0.9545454545454546,2.3813559322033897,33158,0.0008746003980939,0.8571428571428571,2.0142857142857142,1.0,1.0,0.0,0.8105263157894737,8,1.0,0.1621052631578947,1.0,0.8,800,1280,0.6,collected_the-academys-genius-swordsman_ep3.csv,103
1454,2026-09-28T10:02:24.773524,MAYBE I SHOULD'VE NEVER LEARNED MAGIC IN THE FIRST PLACE ...,0.7984,dialogue,dialogue,False,60,11,71,0,0,417,121,1.0,1.0,1.0,0.7,,1.0,1.0,0.9787234042553192,3.446280991735537,50457,0.0011891313395564,0.7,1.85,1.0,1.0,0.0,0.5659090909090909,11,1.0,0.1131818181818181,1.0,0.37,800,1280,0.6,collected_the-academys-genius-swordsman_ep3.csv,104
1455,2026-09-28T10:02:24.773672,ALL I WANTED ...,0.8515,dialogue,dialogue,False,16,4,72,0,0,242,89,1.0,1.0,1.0,0.7,,1.0,1.0,1.0,2.7191011235955056,21538,0.0007428730615656,0.6666666666666666,2.566666666666667,1.0,1.0,0.0,1.0,4,1.0,0.2,0.75,0.8,800,1280,0.6,collected_the-academys-genius-swordsman_ep3.csv,105
1456,2026-09-28T10:02:24.773733,D,0.4352,background,background,False,1,1,72,0,0,36,38,1.0,0.3,0.2,0.0,,1.0,0.2,1.0,0.9473684210526316,1368,0.0007309941520467,0.0,0.5,0.0,0.0,0.0,0.3,1,1.0,0.06,0.5,0.1,800,1280,0.6,collected_the-academys-genius-swordsman_ep3.csv,106
1457,2026-09-28T10:02:24.773968,... WAS TO SHOW THAT I'M GOOD AT SOMETHING .,0.9132,dialogue,dialogue,False,44,10,73,0,0,319,117,1.0,1.0,1.0,1.0,,1.0,1.0,0.9375,2.7264957264957266,37323,0.0011788977306218,0.875,2.125,1.0,1.0,0.0,0.9392857142857144,10,1.0,0.1878571428571428,1.0,0.8,800,1280,0.6,collected_the-academys-genius-swordsman_ep3.csv,107
1458,2026-09-28T10:02:24.774265,I SHOULD JUST TELL HIM I CAN'T DO IT .,0.9082,dialogue,dialogue,False,38,10,74,0,0,249,114,1.0,1.0,1.0,1.0,,1.0,1.0,0.9310344827586208,2.1842105263157894,28386,0.001338688085676,1.0,2.5,1.0,1.0,0.0,0.584,10,1.0,0.1167999999999999,1.0,0.8,800,1280,0.6,collected_the-academys-genius-swordsman_ep3.csv,108
1459,2026-09-28T10:02:24.774323,SHAKE,0.4542,,background,False,5,1,74,0,0,234,110,1.0,1.0,1.0,0.0,,1.0,0.2,1.0,2.127272727272727,25740,0.0001942501942501,0.0,0.5,0.0,0.0,0.0,0.3,1,0.6,0.06,0.5,0.1,800,1280,0.6,collected_the-academys-genius-swordsman_ep3.csv,109
1460,2026-09-28T10:02:24.774383,SHAKE,0.4392,background,background,False,5,1,74,0,0,197,109,1.0,0.7,1.0,0.0,,1.0,0.2,1.0,1.8073394495412844,21473,0.0002328505565128,0.0,0.5,0.0,0.0,0.0,0.3,1,0.6,0.06,0.5,0.1,800,1280,0.6,collected_the-academys-genius-swordsman_ep3.csv,110
1461,2026-09-28T10:02:24.774443,B - BUT ...,0.7647,dialogue,dialogue,False,11,4,74,0,0,195,37,1.0,0.7,0.6,0.7,,1.0,1.0,1.0,5.27027027027027,7215,0.0015246015246015,0.5,2.05,1.0,1.0,0.0,0.3,4,0.5,0.06,0.75,0.8,800,1280,0.6,collected_the-academys-genius-swordsman_ep3.csv,111
1462,2026-09-28T10:02:24.774597,... I'M SO SCARED !,0.7243,dialogue,dialogue,False,19,5,75,0,0,315,157,1.0,1.0,1.0,0.7,,1.0,1.0,0.8333333333333334,2.006369426751593,49455,0.0003841876453341,0.6666666666666666,1.2666666666666666,1.0,1.0,0.0,0.625,5,0.6,0.125,0.75,0.2533333333333333,800,1280,0.6,collected_the-academys-genius-swordsman_ep3.csv,112
1463,2026-09-28T10:02:24.774658,WINCE,0.4673,,background,False,5,1,75,0,0,175,69,1.0,1.0,1.0,0.0,,1.0,0.2,1.0,2.536231884057971,12075,0.0004140786749482,0.0,0.5,0.0,0.0,0.0,1.2333333333333334,1,0.6,0.2466666666666666,0.5,0.1,800,1280,0.6,collected_the-academys-genius-swordsman_ep3.csv,113
1464,2026-09-28T10:02:24.774771,BITE,0.4392,background,background,False,4,1,76,0,0,180,107,1.0,0.7,1.0,0.0,,1.0,0.2,1.0,1.6822429906542056,19260,0.0002076843198338,0.0,0.5,0.0,0.0,0.0,0.3,1,0.6,0.06,0.5,0.1,800,1280,0.6,collected_the-academys-genius-swordsman_ep3.csv,114
1465,2026-09-28T10:02:24.775007,"N - NO , BUT STILL !",0.7954,dialogue,dialogue,False,20,7,77,0,0,201,82,1.0,1.0,1.0,0.7,,1.0,1.0,0.8461538461538461,2.451219512195122,16482,0.0012134449702705,0.75,1.75,1.0,1.0,0.0,0.5666666666666667,7,1.0,0.1133333333333333,1.0,0.35,800,1280,0.6,collected_the-academys-genius-swordsman_ep3.csv,115
1466,2026-09-28T10:02:24.775073,I HAVE TO TELL HIM !,0.9369,dialogue,dialogue,False,20,6,77,0,0,259,83,1.0,1.0,1.0,1.0,,1.0,1.0,0.9333333333333332,3.1204819277108435,21497,0.0009303623761455,1.0,3.2,1.0,1.0,0.0,0.4916666666666667,6,1.0,0.0983333333333333,1.0,1.0,800,1280,0.6,collected_the-academys-genius-swordsman_ep3.csv,116
1467,2026-09-28T10:02:24.775219,PLEASE ...,1.3602,dialogue,dialogue,False,10,2,78,0,0,131,22,1.0,0.7,0.2,1.0,,1.0,2.0,1.0,5.954545454545454,2882,0.0034698126301179,1.0,2.0,1.0,1.0,0.0,0.3,2,0.5,0.06,3.0,2.5,800,1280,0.6,collected_the-academys-genius-swordsman_ep3.csv,117
1468,2026-09-28T10:02:24.775278,STOP THIS ... !,0.885,dialogue,dialogue,False,15,4,78,0,0,150,94,1.0,0.7,1.0,1.0,,1.0,1.0,0.8888888888888888,1.5957446808510638,14100,0.001063829787234,1.0,2.8,1.0,1.0,0.0,1.25,4,1.0,0.25,0.75,0.8,800,1280,0.6,collected_the-academys-genius-swordsman_ep3.csv,118
1469,2026-09-28T10:02:24.775542,"THAT'S ENOUGH , ASSHOLE . YOU'RE GONNA KILL THAT POOR KID .",0.7091,dialogue,dialogue,False,59,12,80,0,0,255,134,1.0,0.7,1.0,0.7,,1.0,1.0,0.8958333333333334,1.9029850746268655,34170,0.0017266608135791,0.5555555555555556,0.9222222222222224,1.0,1.0,0.0,0.8146341463414634,12,0.5,0.1629268292682926,1.0,0.1844444444444444,800,1280,0.6,collected_the-academys-genius-swordsman_ep3.csv,119
1470,2026-09-28T10:02:24.775591,T,0.4192,background,background,False,1,1,80,0,0,93,109,1.0,0.3,1.0,0.0,,1.0,0.2,1.0,0.8532110091743119,10137,9.864851533984412e-05,0.0,0.5,0.0,0.0,0.0,0.3,1,0.6,0.06,0.5,0.1,800,1280,0.6,collected_the-academys-genius-swordsman_ep3.csv,120
1471,2026-09-28T10:02:24.775710,ARGH !,0.7592,dialogue,dialogue,False,6,2,81,0,0,164,40,1.0,1.0,0.6,0.0,,1.0,2.0,0.8,4.1,6560,0.0009146341463414,0.0,0.5,1.0,1.0,0.0,0.3,2,1.0,0.06,0.6,0.1,800,1280,0.6,collected_the-academys-genius-swordsman_ep3.csv,121
1472,2026-09-28T10:02:24.775801,THE,0.771,dialogue,dialogue,False,3,1,83,0,0,405,321,1.0,0.7,0.6,1.0,,1.0,0.2,1.0,1.2616822429906542,130005,2.3076035537094728e-05,1.0,5.0,0.0,0.0,0.0,4.5,1,0.6,0.9,0.5,1.0,800,1280,0.6,collected_the-academys-genius-swordsman_ep3.csv,122
1473,2026-09-28T10:02:24.776024,WHAT THE HELL DO YOU THINK YOU'RE DOING ?!,0.9201,dialogue,dialogue,False,42,9,84,0,0,264,131,1.0,1.0,1.0,1.0,,1.0,1.0,0.9117647058823528,2.015267175572519,34584,0.0012144344205412,1.0,2.375,1.0,1.0,0.0,1.4344827586206896,9,1.0,0.2868965517241379,1.0,0.8,800,1280,0.6,collected_the-academys-genius-swordsman_ep3.csv,123
1474,2026-09-28T10:02:24.776619,DID YOU LET HIM DOWN JUST BECAUSE THAT PRICK TOLD YOU TO ?! DO I LOOK LIKE A PUSHOVER TO YOU ?!,0.8762,dialogue,dialogue,False,95,22,85,0,0,416,308,1.0,0.7,0.6,1.0,,1.0,1.0,0.945945945945946,1.3506493506493509,128128,0.000741446053946,0.85,2.52,1.0,1.0,0.0,0.7279411764705882,22,1.0,0.1455882352941176,0.9,0.8,800,1280,0.6,collected_the-academys-genius-swordsman_ep3.csv,124
1475,2026-09-28T10:02:24.776671,STRIDE,0.4392,background,background,False,6,1,85,0,0,200,136,1.0,0.7,1.0,0.0,,1.0,0.2,1.0,1.4705882352941178,27200,0.0002205882352941,0.0,0.5,0.0,0.0,0.0,0.3,1,0.6,0.06,0.5,0.1,800,1280,0.6,collected_the-academys-genius-swordsman_ep3.csv,125
1476,2026-09-28T10:02:24.776745,STRIDE,0.4392,background,background,False,6,1,85,0,0,140,97,1.0,0.7,1.0,0.0,,1.0,0.2,1.0,1.443298969072165,13580,0.000441826215022,0.0,0.5,0.0,0.0,0.0,0.3,1,0.6,0.06,0.5,0.1,800,1280,0.6,collected_the-academys-genius-swordsman_ep3.csv,126
1477,2026-09-28T10:02:24.776809,N - NO ! I DIDN'T,0.6392,,dialogue,False,17,6,85,0,0,215,22,1.0,0.3,0.6,0.7,,1.0,0.6,0.8181818181818182,9.772727272727272,4730,0.0035940803382663,0.75,1.9,1.0,0.0,0.0,0.3,6,0.5,0.06,1.0,0.38,800,1280,0.6,collected_the-academys-genius-swordsman_ep3.csv,127
1478,2026-09-28T10:02:24.777431,MEAN TO ...,0.8097,dialogue,dialogue,False,11,3,86,0,0,155,26,1.0,0.7,0.6,1.0,,1.0,1.0,1.0,5.961538461538462,4030,0.0027295285359801,1.0,2.6,1.0,1.0,0.0,0.3,3,0.5,0.06,0.75,0.8,800,1280,0.6,collected_the-academys-genius-swordsman_ep3.csv,128
1479,2026-09-28T10:02:24.777511,"HEY , ASELLE . FORGET ABOUT THAT LOSER .",0.7873,dialogue,dialogue,False,40,9,86,0,0,290,158,1.0,0.7,1.0,0.7,,1.0,1.0,0.90625,1.8354430379746836,45820,0.0008729812309035,0.5,1.8,1.0,1.0,0.0,0.9518518518518518,9,1.0,0.1903703703703703,1.0,0.36,800,1280,0.6,collected_the-academys-genius-swordsman_ep3.csv,129
1480,2026-09-28T10:02:24.777640,AFFLE,0.4392,background,background,False,5,1,87,0,0,161,113,1.0,0.7,1.0,0.0,,1.0,0.2,1.0,1.424778761061947,18193,0.0002748309789479,0.0,0.5,0.0,0.0,0.0,0.3,1,0.6,0.06,0.5,0.1,800,1280,0.6,collected_the-academys-genius-swordsman_ep3.csv,130
1481,2026-09-28T10:02:24.777706,WE NEED TO TALK .,0.8867,dialogue,dialogue,False,17,5,87,0,0,301,94,1.0,1.0,1.0,1.0,,1.0,1.0,0.9230769230769232,3.202127659574468,28294,0.0006008340991022,1.0,2.25,1.0,1.0,0.0,0.3,5,1.0,0.06,0.75,0.8,800,1280,0.6,collected_the-academys-genius-swordsman_ep3.csv,131
1482,2026-09-28T10:02:24.777817,R - RONAN ?!,0.6067,,dialogue,False,12,4,88,0,0,250,34,1.0,0.5,1.0,0.0,,1.0,1.0,0.75,7.352941176470588,8500,0.0014117647058823,0.0,0.5,1.0,1.0,0.0,0.3,4,1.0,0.06,0.75,0.1,800,1280,0.6,collected_the-academys-genius-swordsman_ep3.csv,132
1483,2026-09-28T10:02:24.777962,I HAVE SOME QUESTIONS FOR YOU .,0.9449,dialogue,dialogue,False,31,7,89,0,0,247,122,1.0,1.0,1.0,1.0,,1.0,1.0,0.96,2.0245901639344264,30134,0.0010287383022499,0.8333333333333334,3.1666666666666665,1.0,1.0,0.0,1.0636363636363635,7,1.0,0.2127272727272727,1.0,1.0,800,1280,0.6,collected_the-academys-genius-swordsman_ep3.csv,133
1484,2026-09-28T10:02:24.778285,"HEY ! WHAT THE HELL IS YOUR PROBLEM , MAN ?!",0.8338,dialogue,dialogue,False,44,11,90,0,0,234,131,1.0,0.7,1.0,1.0,,1.0,1.0,0.8823529411764706,1.786259541984733,30654,0.001435375481177,1.0,1.8125,1.0,1.0,0.0,1.032142857142857,11,1.0,0.2064285714285714,1.0,0.3625,800,1280,0.6,collected_the-academys-genius-swordsman_ep3.csv,134
1485,2026-09-28T10:02:24.778368,FIRST OF ALL ... WHERE DID YOU LEARN TELEKINESIS ?,0.8326,dialogue,dialogue,False,50,10,90,0,0,284,175,1.0,0.7,1.0,1.0,,1.0,1.0,0.9736842105263158,1.6228571428571428,49700,0.0010060362173038,0.875,1.9125,1.0,1.0,0.0,0.7285714285714285,10,1.0,0.1457142857142857,1.0,0.3824999999999999,800,1280,0.6,collected_the-academys-genius-swordsman_ep3.csv,135
1486,2026-09-28T10:02:24.779186,I - I LEARNED IT ON MY OWN FROM A MAGIC BOOK THAT I BOUGHT FROM A TRAVELING MERCHANT ...,0.8281,dialogue,dialogue,False,88,20,91,0,0,308,204,1.0,0.7,0.6,0.7,,1.0,1.0,1.0,1.5098039215686274,62832,0.0014005602240896,0.6666666666666666,2.6277777777777778,1.0,1.0,0.0,0.5063492063492063,20,1.0,0.1012698412698412,0.9,0.8,800,1280,0.6,collected_the-academys-genius-swordsman_ep3.csv,136
1487,2026-09-28T10:02:24.779351,HE BECAME THIS GOOD AT TELEKINESIS WITH A CHEAP OLD MAGIC BOOK ?,0.8483,dialogue,dialogue,False,64,13,91,0,0,300,165,1.0,0.7,1.0,0.7,,1.0,1.0,0.9807692307692308,1.818181818181818,49500,0.0012929292929292,0.5833333333333334,2.066666666666667,1.0,1.0,0.0,0.5918367346938775,13,1.0,0.1183673469387755,1.0,0.8,800,1280,0.6,collected_the-academys-genius-swordsman_ep3.csv,137
1488,2026-09-28T10:02:24.779410,12,0.2325,background,background,False,2,1,91,0,0,33,42,0.0,0.3,0.2,0.0,,0.91,0.2,0.0,0.7857142857142857,1386,0.0014430014430014,0.0,0.5,0.0,0.0,0.09,0.3,1,1.0,0.06,0.5,0.1,800,1280,0.6,collected_the-academys-genius-swordsman_ep3.csv,138
1489,2026-09-28T10:02:24.779626,WOW ...,1.3722,dialogue,dialogue,False,7,2,92,0,0,96,43,1.0,1.0,0.6,1.0,,0.5,2.0,1.0,2.2325581395348837,4128,0.0016957364341085,1.0,1.7,1.0,1.0,0.5,0.3,2,0.5,0.06,3.0,2.5,800,1280,0.6,collected_the-academys-genius-swordsman_ep3.csv,139
1490,2026-09-28T10:02:24.779694,IMPRESSIVE ... I'I I NI,0.5693,,dialogue,False,23,5,92,0,0,230,50,1.0,1.0,1.0,0.075,,1.0,0.6,0.9375,4.6,11500,0.002,0.25,1.425,1.0,0.0,0.0,0.9153846153846152,5,0.5,0.183076923076923,0.75,0.285,800,1280,0.6,collected_the-academys-genius-swordsman_ep3.csv,140
1491,2026-09-28T10:02:24.779963,IT MORE ...,0.7877,dialogue,dialogue,False,11,3,93,0,0,143,20,1.0,0.5,0.2,1.0,,1.0,1.0,1.0,7.15,2860,0.0038461538461538,1.0,2.3,1.0,1.0,0.0,0.3,3,0.5,0.06,0.75,0.8,800,1280,0.6,collected_the-academys-genius-swordsman_ep3.csv,141
1492,2026-09-28T10:02:24.780054,... BUT THIS COULD BE VERY USEFUL AGAINST THOSE GIANTS ...,0.7364,dialogue,dialogue,False,58,11,93,0,0,249,130,1.0,0.7,1.0,0.7,,1.0,1.0,1.0,1.9153846153846157,32370,0.001791782514674,0.6666666666666666,1.8666666666666667,1.0,1.0,0.0,0.74,11,0.5,0.148,1.0,0.3733333333333333,800,1280,0.6,collected_the-academys-genius-swordsman_ep3.csv,142
1493,2026-09-28T10:02:24.780112,Su,0.4392,background,background,False,2,1,93,0,0,209,129,1.0,0.7,1.0,0.0,,1.0,0.2,1.0,1.62015503875969,26961,7.418122473202032e-05,0.0,0.5,0.0,0.0,0.0,0.3,1,0.6,0.06,0.5,0.1,800,1280,0.6,collected_the-academys-genius-swordsman_ep3.csv,143
1494,2026-09-28T10:02:24.780223,ING,0.4952,,background,False,3,1,94,0,0,276,179,1.0,0.7,1.0,0.0,,1.0,0.2,1.0,1.541899441340782,49404,6.072382803011902e-05,0.0,0.5,0.0,0.0,0.0,4.3,1,0.6,0.86,0.5,0.1,800,1280,0.6,collected_the-academys-genius-swordsman_ep3.csv,144
1495,2026-09-28T10:02:24.780281,GLANCE,0.449,background,background,False,6,1,94,0,0,141,127,1.0,0.7,1.0,0.0,,1.0,0.2,1.0,1.110236220472441,17907,0.0003350644999162,0.0,0.5,0.0,0.0,0.0,1.0,1,0.6,0.2,0.5,0.1,800,1280,0.6,collected_the-academys-genius-swordsman_ep3.csv,145
1496,2026-09-28T10:02:24.780498,HMM ? THAT SOUND ...,0.8009,dialogue,dialogue,False,20,5,95,0,0,215,57,1.0,1.0,1.0,0.7,,1.0,1.0,0.9230769230769232,3.771929824561404,12255,0.0016319869441044,0.6666666666666666,2.0666666666666664,1.0,1.0,0.0,0.96,5,0.5,0.192,0.75,0.8,800,1280,0.6,collected_the-academys-genius-swordsman_ep3.csv,146
1497,2026-09-28T10:02:24.780573,THE HAS HE HAS A SWORD ?,0.8411,dialogue,dialogue,False,24,7,95,0,0,418,220,1.0,0.7,0.6,1.0,,1.0,1.0,0.9444444444444444,1.9,91960,0.0002609830361026,0.8333333333333334,2.466666666666667,1.0,1.0,0.0,0.58,7,0.6,0.1159999999999999,1.0,0.8,800,1280,0.6,collected_the-academys-genius-swordsman_ep3.csv,147
1498,2026-09-28T10:02:24.780742,HOW DARE YOU LOOK DOWN ON ME !,0.8579,dialogue,dialogue,False,30,8,97,0,0,412,154,1.0,1.0,0.6,1.0,,1.0,1.0,0.9565217391304348,2.675324675324675,63448,0.000472828142731,0.8571428571428571,2.2,1.0,1.0,0.0,0.705,8,0.6,0.141,1.0,0.8,800,1280,0.6,collected_the-academys-genius-swordsman_ep3.csv,148
1499,2026-09-28T10:02:24.780974,YOU'RE LUCKY I LET YOU OFF EASY SO MANY TIMES BEFORE ...,0.7719,dialogue,dialogue,False,56,12,98,0,0,405,180,1.0,1.0,0.6,0.7,,1.0,1.0,0.9761904761904762,2.25,72900,0.0007681755829903,0.6363636363636364,1.3454545454545457,1.0,1.0,0.0,0.6128205128205128,12,1.0,0.1225641025641025,1.0,0.2690909090909091,800,1280,0.6,collected_the-academys-genius-swordsman_ep3.csv,149
1500,2026-09-28T10:02:24.781223,... BUT TODAY I'M REALLY GOING TO MAKE YOU PAY FOR THIS !,0.8542,dialogue,dialogue,False,57,13,99,0,0,587,293,1.0,1.0,0.4,1.0,,1.0,1.0,0.9523809523809524,2.0034129692832763,171991,0.0003314126901989,0.8181818181818182,2.2454545454545456,1.0,1.0,0.0,0.8710526315789474,13,0.6,0.1742105263157894,1.0,0.8,800,1280,0.6,collected_the-academys-genius-swordsman_ep3.csv,150
1501,2026-09-28T10:02:24.781495,"WOW , A REAL LONGSWORD .",0.7506,dialogue,dialogue,False,24,6,102,0,0,199,64,1.0,1.0,1.0,0.7,,1.0,1.0,0.8947368421052632,3.109375,12736,0.0018844221105527,0.5,1.8,1.0,1.0,0.0,0.8266666666666667,6,0.5,0.1653333333333333,1.0,0.36,800,1280,0.6,collected_the-academys-genius-swordsman_ep3.csv,151
1502,2026-09-28T10:02:24.781582,WHERE DID A STREET THUG GET A SWORD LIKE THAT ?,0.8496,dialogue,dialogue,False,47,11,102,0,0,285,150,1.0,0.7,1.0,0.7,,1.0,1.0,0.972972972972973,1.9,42750,0.0010994152046783,0.7,2.1,1.0,1.0,0.0,0.6882352941176471,11,1.0,0.1376470588235294,1.0,0.8,800,1280,0.6,collected_the-academys-genius-swordsman_ep3.csv,152
1503,2026-09-28T10:02:24.781866,HIS TECHNIQUE IS TERRIBLE ...,0.7637,dialogue,dialogue,False,29,5,103,0,0,280,133,1.0,1.0,1.0,0.7,,1.0,1.0,1.0,2.1052631578947367,37240,0.0007787325456498,0.5,1.25,1.0,1.0,0.0,0.62,5,1.0,0.124,0.75,0.25,800,1280,0.6,collected_the-academys-genius-swordsman_ep3.csv,153
1504,2026-09-28T10:02:24.781958,"BUT IN THE STREET WORLD , IT'S ENOUGH JUST TO BE STRONG .",0.8607,dialogue,dialogue,False,57,13,103,0,0,317,149,1.0,1.0,1.0,0.7,,1.0,1.0,0.9333333333333332,2.12751677852349,47233,0.0012067833929667,0.7272727272727273,2.636363636363636,1.0,1.0,0.0,0.4049999999999999,13,1.0,0.0809999999999999,1.0,0.8,800,1280,0.6,collected_the-academys-genius-swordsman_ep3.csv,154
1505,2026-09-28T10:02:24.782135,SHOO,0.4212,background,background,False,4,1,104,0,0,771,661,1.0,0.7,0.4,0.0,,1.0,0.2,1.0,1.1664145234493193,509631,7.848816104200882e-06,0.0,0.5,0.0,0.0,0.0,0.3,1,0.6,0.06,0.5,0.1,800,1280,0.6,collected_the-academys-genius-swordsman_ep3.csv,156
1506,2026-09-28T10:02:24.782381,"... NOT AGAINST ME , OF COURSE .",0.7976,dialogue,dialogue,False,32,8,106,0,0,420,223,1.0,0.7,0.6,0.7,,1.0,1.0,0.9090909090909092,1.883408071748879,93660,0.0003416613282084,0.6,2.44,1.0,1.0,0.0,0.6888888888888889,8,0.6,0.1377777777777777,1.0,0.8,800,1280,0.6,collected_the-academys-genius-swordsman_ep3.csv,157
1507,2026-09-28T10:02:24.782452,H - HOW DID HE DODGE THAT,0.743,dialogue,dialogue,False,25,7,106,0,0,313,73,1.0,1.0,1.0,0.7,,1.0,0.6,1.0,4.287671232876712,22849,0.0010941397872992,0.6666666666666666,1.9333333333333331,1.0,0.0,0.0,0.7125,7,1.0,0.1425,1.0,0.3866666666666666,800,1280,0.6,collected_the-academys-genius-swordsman_ep3.csv,158
1508,2026-09-28T10:02:24.782713,EASILY ?!,0.6722,,dialogue,False,9,2,107,0,0,151,19,1.0,0.5,0.2,0.0,,1.0,2.0,0.75,7.947368421052632,2869,0.0031369815266643,0.0,0.5,1.0,1.0,0.0,0.3,2,0.5,0.06,0.6,0.1,800,1280,0.6,collected_the-academys-genius-swordsman_ep3.csv,159
1509,2026-09-28T10:02:24.782818,"I MAY HAVE GONE BACK IN TIME , BUT IT LOOKS LIKE I STILL",0.7969,dialogue,dialogue,False,56,14,107,0,0,390,119,1.0,1.0,1.0,1.0,,1.0,0.6,0.9767441860465116,3.277310924369748,46410,0.0012066365007541,0.8461538461538461,2.5923076923076924,1.0,0.0,0.0,0.4225,14,1.0,0.0844999999999999,0.3,0.8,800,1280,0.6,collected_the-academys-genius-swordsman_ep3.csv,160
1510,2026-09-28T10:02:24.783200,HAVE MY OLD SKILLS .,0.8443,dialogue,dialogue,False,20,5,108,0,0,255,71,1.0,1.0,1.0,0.7,,1.0,1.0,0.9375,3.591549295774648,18105,0.0011046672190002,0.75,2.075,1.0,1.0,0.0,0.4846153846153846,5,1.0,0.0969230769230769,0.75,0.8,800,1280,0.6,collected_the-academys-genius-swordsman_ep3.csv,161
1511,2026-09-28T10:02:24.783327,ALL THAT TRAINING I DID AS A PENAL SOLDIER MUST BE PRACTICALLY ENGRAVED IN MY BONES AT THIS POINT,0.7251,dialogue,dialogue,False,97,19,108,0,0,468,225,1.0,1.0,0.6,0.7,,1.0,0.2,1.0,2.08,105300,0.0009211775878442,0.6842105263157895,2.3105263157894735,0.0,0.0,0.0,0.648051948051948,19,1.0,0.1296103896103896,0.9,0.8,800,1280,0.6,collected_the-academys-genius-swordsman_ep3.csv,162
1512,2026-09-28T10:02:24.783494,THESE ARE MY COMBAT INSTINCTS,0.5859,,dialogue,False,29,5,109,0,0,574,125,1.0,1.0,0.6,0.7,,1.0,0.2,1.0,4.592,71750,0.0004041811846689,0.6,1.02,0.0,0.0,0.0,0.7000000000000001,5,0.6,0.14,0.75,0.204,800,1280,0.6,collected_the-academys-genius-swordsman_ep3.csv,163
1513,2026-09-28T10:02:24.783548,.,0.2755,background,background,False,1,1,109,0,0,6,46,0.0,0.3,0.2,0.0,,0.01,1.0,0.0,0.1304347826086956,276,0.0036231884057971,0.0,0.5,1.0,1.0,0.99,0.3,1,0.5,0.06,0.5,0.1,800,1280,0.6,collected_the-academys-genius-swordsman_ep3.csv,164
1514,2026-09-28T10:02:24.783597,5,0.2245,background,background,False,1,1,109,0,0,62,62,0.0,0.7,0.6,0.0,,0.91,0.2,0.0,1.0,3844,0.0002601456815816,0.0,0.5,0.0,0.0,0.09,0.3,1,0.6,0.06,0.5,0.1,800,1280,0.6,collected_the-academys-genius-swordsman_ep3.csv,165
1515,2026-09-28T10:02:24.784370,HA ! YOU GOT LUCKY JUST NOW . I WAS GOING TO CRIPPLE YOU SO BADLY THAT YOU COULDN'T EVEN LIFT A SPOON FOR THE REST OF YOUR LIFE ... AHEM !,0.7603,dialogue,dialogue,False,138,32,111,0,0,490,569,1.0,0.3,0.4,0.7,,1.0,1.0,0.9615384615384616,0.8611599297012302,278810,0.0004949607259423,0.6428571428571429,2.1714285714285713,1.0,1.0,0.0,0.8795918367346939,32,0.6,0.1759183673469387,0.8,0.8,800,1280,0.6,collected_the-academys-genius-swordsman_ep3.csv,166
1516,2026-09-28T10:02:24.784691,YOU'RE RIGHT . THAT WAS PRETTY LUCKY .,0.7173,dialogue,dialogue,False,38,8,112,0,0,187,131,1.0,0.7,1.0,0.7,,1.0,1.0,0.9032258064516128,1.4274809160305344,24497,0.001551210352288,0.6666666666666666,1.1333333333333333,1.0,1.0,0.0,0.95,8,0.5,0.19,1.0,0.2266666666666666,800,1280,0.6,collected_the-academys-genius-swordsman_ep3.csv,167
1517,2026-09-28T10:02:24.784774,I SURE WISH I HAD SOME OF THIS LUCK BEFORE .,0.9084,dialogue,dialogue,False,44,11,112,0,0,264,132,1.0,1.0,1.0,1.0,,1.0,1.0,0.9705882352941176,2.0,34848,0.0012626262626262,0.8,2.28,1.0,1.0,0.0,0.5967741935483871,11,1.0,0.1193548387096774,1.0,0.8,800,1280,0.6,collected_the-academys-genius-swordsman_ep3.csv,168
1518,2026-09-28T10:02:24.784990,NOW GET ON YOUR KNEES AND BEG FOR FORGIVENESS !,0.8537,dialogue,dialogue,False,47,10,113,0,0,283,158,1.0,0.7,1.0,0.7,,1.0,1.0,0.9736842105263158,1.7911392405063291,44714,0.0010511249273158,0.6666666666666666,2.344444444444445,1.0,1.0,0.0,0.98,10,1.0,0.1959999999999999,1.0,0.8,800,1280,0.6,collected_the-academys-genius-swordsman_ep3.csv,169
1519,2026-09-28T10:02:24.785052,RAISE,0.5892,,background,False,5,1,113,0,0,278,176,1.0,0.7,1.0,1.0,,1.0,0.2,1.0,1.5795454545454546,48928,0.0001021909744931,1.0,0.5,0.0,0.0,0.0,0.3,1,0.6,0.06,0.5,0.1,800,1280,0.6,collected_the-academys-genius-swordsman_ep3.csv,170
1520,2026-09-28T10:02:24.785523,THEN MAYBE I'LL CONSIDER LETTING YOU GO ! ALTHOUGH YOU'LL HAVE TO GIVE UP AT LEAST AN ARM !,0.7467,dialogue,dialogue,False,91,19,114,0,0,339,378,1.0,0.3,0.6,0.7,,1.0,1.0,0.9452054794520548,0.8968253968253969,128142,0.0007101496777013,0.7647058823529411,1.8588235294117648,1.0,1.0,0.0,0.7119402985074627,19,1.0,0.1423880597014925,0.9,0.3717647058823529,800,1280,0.6,collected_the-academys-genius-swordsman_ep3.csv,171
1521,2026-09-28T10:02:24.785589,"GEE SCARED , I'M SO .",0.7098,dialogue,dialogue,False,21,6,114,0,0,136,102,1.0,0.7,1.0,0.7,,1.0,1.0,0.8125,1.3333333333333333,13872,0.0015138408304498,0.5,1.075,1.0,1.0,0.0,0.5363636363636363,6,0.5,0.1072727272727272,1.0,0.215,800,1280,0.6,collected_the-academys-genius-swordsman_ep3.csv,172
1522,2026-09-28T10:02:24.785894,DON'T WORRY . IF YOU END UP DEAD ...,0.7926,dialogue,dialogue,False,36,9,115,0,0,247,109,1.0,1.0,1.0,0.7,,1.0,1.0,0.92,2.2660550458715596,26923,0.0013371466775619,0.5714285714285714,1.6142857142857143,1.0,1.0,0.0,0.6571428571428571,9,1.0,0.1314285714285714,1.0,0.3228571428571428,800,1280,0.6,collected_the-academys-genius-swordsman_ep3.csv,173
1523,2026-09-28T10:02:24.785981,I'LL TAKE REALLY GOOD CARE OF YOUR SISTER . HEHEHE,0.7076,dialogue,dialogue,False,50,10,115,0,0,352,230,1.0,0.7,0.6,0.7,,1.0,0.6,0.951219512195122,1.5304347826086957,80960,0.0006175889328063,0.6666666666666666,1.5666666666666669,1.0,0.0,0.0,0.9027027027027028,10,1.0,0.1805405405405405,1.0,0.3133333333333333,800,1280,0.6,collected_the-academys-genius-swordsman_ep3.csv,174
1524,2026-09-28T10:02:24.786027,HALT,0.4392,background,background,False,4,1,115,0,0,226,154,1.0,0.7,1.0,0.0,,1.0,0.2,1.0,1.4675324675324677,34804,0.0001149293184691,0.0,0.5,0.0,0.0,0.0,0.3,1,0.6,0.06,0.5,0.1,800,1280,0.6,collected_the-academys-genius-swordsman_ep3.csv,175
1525,2026-09-28T10:02:24.786302,DID YOU JUST SAY MY SISTER ?,0.814,dialogue,dialogue,False,28,7,116,0,0,195,94,1.0,1.0,1.0,0.7,,1.0,1.0,0.9545454545454546,2.074468085106383,18330,0.0015275504637206,0.6666666666666666,2.2666666666666666,1.0,1.0,0.0,0.6421052631578947,7,0.5,0.1284210526315789,1.0,0.8,800,1280,0.6,collected_the-academys-genius-swordsman_ep3.csv,176
1526,2026-09-28T10:02:24.786380,"YEAH ! YOU KNOW , EVERY TIME I SEE HER ...",0.9134,dialogue,dialogue,False,42,11,116,0,0,308,109,1.0,1.0,1.0,1.0,,1.0,1.0,0.9310344827586208,2.8256880733944953,33572,0.0012510425354462,1.0,2.6125,1.0,1.0,0.0,0.956,11,1.0,0.1912,1.0,0.8,800,1280,0.6,collected_the-academys-genius-swordsman_ep3.csv,177
1527,2026-09-28T10:02:24.786581,... I'D LIKE TO SQUEEZE THAT TIGHT LITTLE BUTT OF HERS--,0.7421,dialogue,dialogue,False,56,11,117,0,0,326,157,1.0,1.0,1.0,0.7,,1.0,0.6,0.9302325581395348,2.0764331210191083,51182,0.0010941346567152,0.5,1.91,1.0,0.0,0.0,0.6973684210526315,11,1.0,0.1394736842105263,1.0,0.382,800,1280,0.6,collected_the-academys-genius-swordsman_ep3.csv,178
1528,2026-09-28T10:02:24.786673,P,0.4192,background,background,False,1,1,120,0,0,114,158,1.0,0.3,1.0,0.0,,1.0,0.2,1.0,0.7215189873417721,18012,5.5518543193426606e-05,0.0,0.5,0.0,0.0,0.0,0.3,1,0.6,0.06,0.5,0.1,800,1280,0.6,collected_the-academys-genius-swordsman_ep3.csv,179
1529,2026-09-28T10:02:24.786764,SPURT,0.4072,background,background,False,5,1,121,0,0,343,344,1.0,0.3,0.6,0.0,,1.0,0.2,1.0,0.997093023255814,117992,4.2375754288426336e-05,0.0,0.5,0.0,0.0,0.0,0.3,1,0.6,0.06,0.5,0.1,800,1280,0.6,collected_the-academys-genius-swordsman_ep3.csv,180
1530,2026-09-28T10:02:24.786866,HUH ?,0.9112,dialogue,dialogue,False,5,2,123,0,0,218,68,1.0,1.0,1.0,1.0,,1.0,2.0,0.75,3.2058823529411766,14824,0.0003372908796546,1.0,1.5,1.0,1.0,0.0,0.3,2,0.6,0.06,0.6,0.3,800,1280,0.6,collected_the-academys-genius-swordsman_ep3.csv,181
1531,2026-09-28T10:02:24.787007,GAAAAH !,0.7162,dialogue,dialogue,False,8,2,126,0,0,484,95,1.0,0.7,1.0,0.0,,1.0,2.0,0.8,5.094736842105263,45980,0.0001739886907351,0.0,0.5,1.0,1.0,0.0,0.3,2,0.6,0.06,0.6,0.1,800,1280,0.6,collected_the-academys-genius-swordsman_ep3.csv,182
1532,2026-09-28T10:02:24.787060,M - MY EAR !,0.6927,,dialogue,False,12,5,126,0,0,294,41,1.0,0.5,1.0,0.4,,1.0,1.0,0.8571428571428571,7.170731707317073,12054,0.0009955201592832,0.3333333333333333,1.3666666666666665,1.0,1.0,0.0,0.3,5,1.0,0.06,0.75,0.2733333333333333,800,1280,0.6,collected_the-academys-genius-swordsman_ep3.csv,183
1533,2026-09-28T10:02:24.787164,RETREAT,0.4459,background,background,False,7,1,127,0,0,226,130,1.0,0.7,1.0,0.0,,1.0,0.2,1.0,1.7384615384615385,29380,0.0002382573179033,0.0,0.5,0.0,0.0,0.0,0.78,1,0.6,0.156,0.5,0.1,800,1280,0.6,collected_the-academys-genius-swordsman_ep3.csv,184
1534,2026-09-28T10:02:24.787220,HEY ...,1.3872,dialogue,dialogue,False,7,2,127,0,0,124,35,1.0,1.0,0.6,1.0,,1.0,2.0,1.0,3.5428571428571427,4340,0.0016129032258064,1.0,2.3,1.0,1.0,0.0,0.3,2,0.5,0.06,3.0,2.5,800,1280,0.6,collected_the-academys-genius-swordsman_ep3.csv,185
1535,2026-09-28T10:02:24.787352,STEP,0.4542,,background,False,4,1,128,0,0,202,97,1.0,1.0,1.0,0.0,,1.0,0.2,1.0,2.082474226804124,19594,0.0002041441257527,0.0,0.5,0.0,0.0,0.0,0.3,1,0.6,0.06,0.5,0.1,800,1280,0.6,collected_the-academys-genius-swordsman_ep3.csv,186
1536,2026-09-28T10:02:24.787422,... YOU F *** ING DICKWAD .,0.6936,,dialogue,False,27,7,128,0,0,364,109,1.0,1.0,1.0,0.075,,1.0,1.0,0.9333333333333332,3.3394495412844036,39676,0.000680512148402,0.25,1.325,1.0,1.0,0.0,0.8999999999999999,7,1.0,0.18,1.0,0.265,800,1280,0.6,collected_the-academys-genius-swordsman_ep3.csv,187
1537,2026-09-28T10:02:24.787686,HOW ABOUT AL I CUT YOUR THROAT RIGHT HERE ?,0.7437,dialogue,dialogue,False,43,10,132,0,0,505,176,1.0,1.0,0.6,0.7,,1.0,1.0,0.9705882352941176,2.8693181818181817,88880,0.0004837983798379,0.7777777777777778,1.522222222222222,1.0,1.0,0.0,1.070967741935484,10,0.6,0.2141935483870967,1.0,0.3044444444444444,800,1280,0.6,collected_the-academys-genius-swordsman_ep3.csv,188
1538,2026-09-28T10:03:06.704861,WHAT'S THE PENNY PINCHER DOING HERE ?,0.7892,dialogue,dialogue,False,37,7,0,0,0,337,133,1.0,1.0,1.0,0.7,,1.0,1.0,0.935483870967742,2.5338345864661656,44821,0.0008255059012516,0.6666666666666666,1.25,1.0,1.0,0.0,1.1925925925925926,7,1.0,0.2385185185185185,1.0,0.25,800,1280,0.6,collected_the-stellar-swordmaster_ep2.csv,0
1539,2026-09-28T10:03:06.705274,ARE THEY REALLY PREPARING,0.6347,,dialogue,False,25,4,1,0,0,381,70,1.0,0.7,1.0,0.7,,1.0,0.2,1.0,5.442857142857143,26670,0.0009373828271466,0.75,1.225,0.0,0.0,0.0,1.105,4,1.0,0.221,0.75,0.245,800,1280,0.6,collected_the-stellar-swordmaster_ep2.csv,1
1540,2026-09-28T10:03:06.705711,FOR WAR ?,0.817,dialogue,dialogue,False,9,3,2,0,0,209,31,1.0,0.5,0.6,0.7,,1.0,1.0,0.8571428571428571,6.741935483870968,6479,0.0013891032566754,0.5,2.25,1.0,1.0,0.0,1.175,3,1.0,0.235,0.75,0.8,800,1280,0.6,collected_the-stellar-swordmaster_ep2.csv,2
1541,2026-09-28T10:03:06.706405,HEY ! ARE YOU LISTENING ?,0.803,dialogue,dialogue,False,25,6,3,0,0,301,83,1.0,1.0,1.0,0.7,,1.0,1.0,0.9,3.626506024096386,24983,0.0010006804627146,0.75,1.775,1.0,1.0,0.0,1.05625,6,1.0,0.21125,1.0,0.355,800,1280,0.6,collected_the-stellar-swordmaster_ep2.csv,3
1542,2026-09-28T10:03:06.706591,HE JUST ASKED WHERE YOUR BOSS IS !,0.7763,dialogue,dialogue,False,34,8,3,0,0,307,183,1.0,0.7,1.0,0.7,,1.0,1.0,0.9629629629629628,1.6775956284153006,56181,0.0006051868069276,0.7142857142857143,1.5,1.0,1.0,0.0,0.8041666666666667,8,1.0,0.1608333333333333,1.0,0.3,800,1280,0.6,collected_the-stellar-swordmaster_ep2.csv,4
1543,2026-09-28T10:03:06.706831,GLARE,0.4663,,background,False,5,1,4,0,0,296,121,1.0,1.0,1.0,0.0,,1.0,0.2,1.0,2.446280991735537,35816,0.0001396024123296,0.0,0.5,0.0,0.0,0.0,1.1666666666666667,1,0.6,0.2333333333333333,0.5,0.1,800,1280,0.6,collected_the-stellar-swordmaster_ep2.csv,5
1544,2026-09-28T10:03:06.707326,HOW SHOULD I KNOW ?,0.8947,dialogue,dialogue,False,19,5,5,0,0,282,86,1.0,1.0,1.0,1.0,,1.0,1.0,0.9333333333333332,3.2790697674418605,24252,0.0007834405409863,1.0,2.275,1.0,1.0,0.0,0.875,5,1.0,0.175,0.75,0.8,800,1280,0.6,collected_the-stellar-swordmaster_ep2.csv,6
1545,2026-09-28T10:03:06.707488,I'M JUST A GUY WHO SELLS CANDLES .,0.7942,dialogue,dialogue,False,34,8,5,0,0,352,133,1.0,1.0,1.0,0.7,,1.0,1.0,0.925925925925926,2.6466165413533833,46816,0.0007262474367737,0.5714285714285714,1.657142857142857,1.0,1.0,0.0,0.6782608695652174,8,1.0,0.1356521739130434,1.0,0.3314285714285714,800,1280,0.6,collected_the-stellar-swordmaster_ep2.csv,7
1546,2026-09-28T10:03:06.707996,Y - YOU WHAT ?,0.8479,dialogue,dialogue,False,14,5,6,0,0,148,81,1.0,0.7,1.0,0.7,,1.0,1.0,0.8888888888888888,1.8271604938271604,11988,0.0011678345011678,0.6666666666666666,2.4,1.0,1.0,0.0,1.8166666666666669,5,1.0,0.3633333333333333,0.75,0.8,800,1280,0.6,collected_the-stellar-swordmaster_ep2.csv,8
1547,2026-09-28T10:03:06.708170,HOW DARE YOU TALK TO OUR BOSS LIKE THAT !,0.8557,dialogue,dialogue,False,41,10,6,0,0,392,181,1.0,1.0,0.6,0.7,,1.0,1.0,0.96875,2.165745856353591,70952,0.0005778554515728,0.7777777777777778,2.3,1.0,1.0,0.0,0.906896551724138,10,1.0,0.1813793103448276,1.0,0.8,800,1280,0.6,collected_the-stellar-swordmaster_ep2.csv,9
1548,2026-09-28T10:03:06.708720,GNASH,0.4542,,background,False,5,1,7,0,0,204,102,1.0,1.0,1.0,0.0,,1.0,0.2,1.0,2.0,20808,0.0002402921953094,0.0,0.5,0.0,0.0,0.0,0.3,1,0.6,0.06,0.5,0.1,800,1280,0.6,collected_the-stellar-swordmaster_ep2.csv,10
1549,2026-09-28T10:03:06.709358,GO FIND YOUR BOSS AND BRING HIM TO US RIGHT NOW !,0.7983,dialogue,dialogue,False,49,12,8,0,0,500,199,1.0,1.0,0.6,1.0,,1.0,1.0,0.9736842105263158,2.512562814070352,99500,0.0004924623115577,0.9090909090909092,1.9272727272727272,1.0,1.0,0.0,0.8885714285714286,12,0.6,0.1777142857142857,1.0,0.3854545454545454,800,1280,0.6,collected_the-stellar-swordmaster_ep2.csv,11
1550,2026-09-28T10:03:06.709602,SLAM,0.5712,,background,False,4,1,9,0,0,798,595,1.0,0.7,0.4,1.0,,1.0,0.2,1.0,1.3411764705882352,474810,8.424422400539164e-06,1.0,0.5,0.0,0.0,0.0,0.3,1,0.6,0.06,0.5,0.1,800,1280,0.6,collected_the-stellar-swordmaster_ep2.csv,12
1551,2026-09-28T10:03:06.709847,TUMBLE,0.4422,background,background,False,6,1,12,0,0,534,184,1.0,1.0,0.6,0.0,,1.0,0.2,1.0,2.902173913043478,98256,6.106497313141182e-05,0.0,0.5,0.0,0.0,0.0,0.3,1,0.6,0.06,0.5,0.1,800,1280,0.6,collected_the-stellar-swordmaster_ep2.csv,13
1552,2026-09-28T10:03:06.710067,SILENCE,0.462,,background,False,7,1,13,0,0,335,96,1.0,1.0,1.0,0.0,,1.0,0.2,1.0,3.4895833333333335,32160,0.0002176616915422,0.0,0.5,0.0,0.0,0.0,0.86,1,0.6,0.172,0.5,0.1,800,1280,0.6,collected_the-stellar-swordmaster_ep2.csv,14
1553,2026-09-28T10:03:06.710280,TRICKLE,0.4942,,background,False,7,1,15,0,0,174,53,1.0,1.0,1.0,0.0,,1.0,0.2,1.0,3.2830188679245285,9222,0.0007590544350466,0.0,0.5,0.0,0.0,0.0,0.3,1,1.0,0.06,0.5,0.1,800,1280,0.6,collected_the-stellar-swordmaster_ep2.csv,15
1554,2026-09-28T10:03:06.710614,"AW , WHAT A SHAME ...",0.8675,dialogue,dialogue,False,21,6,16,0,0,233,85,1.0,1.0,1.0,0.7,,1.0,1.0,0.9230769230769232,2.7411764705882353,19805,0.0010603382984094,0.5,2.1,1.0,1.0,0.0,0.89,6,1.0,0.178,1.0,0.8,800,1280,0.6,collected_the-stellar-swordmaster_ep2.csv,16
1555,2026-09-28T10:03:06.711086,"ALL THESE EXPENSIVE CANDLES , BROKEN JUST LIKE THAT .",0.7884,dialogue,dialogue,False,53,10,17,0,0,385,182,1.0,1.0,0.6,0.7,,1.0,1.0,0.9545454545454546,2.1153846153846154,70070,0.0007563864706721,0.625,1.775,1.0,1.0,0.0,0.865,10,1.0,0.173,1.0,0.355,800,1280,0.6,collected_the-stellar-swordmaster_ep2.csv,17
1556,2026-09-28T10:03:06.711486,3911,0.2445,background,background,False,4,1,18,0,0,69,110,0.0,0.3,0.6,0.0,,0.91,0.2,0.0,0.6272727272727273,7590,0.0005270092226613,0.0,0.5,0.0,0.0,0.09,0.3,1,1.0,0.06,0.5,0.1,800,1280,0.6,collected_the-stellar-swordmaster_ep2.csv,18
1557,2026-09-28T10:03:06.711706,LOOKS LIKE I WON'T BE DOING MUCH BUSINESS TODAY .,0.7789,dialogue,dialogue,False,49,10,18,0,0,389,186,1.0,1.0,0.6,0.7,,1.0,1.0,0.95,2.0913978494623655,72354,0.0006772258617353,0.6666666666666666,1.6111111111111112,1.0,1.0,0.0,0.5388888888888889,10,1.0,0.1077777777777777,1.0,0.3222222222222222,800,1280,0.6,collected_the-stellar-swordmaster_ep2.csv,19
1558,2026-09-28T10:03:06.712243,DO YOU THINK THIS IS SOME KIND OF JOKE ?,0.8525,dialogue,dialogue,False,40,10,19,0,0,302,182,1.0,0.7,1.0,0.7,,1.0,1.0,0.967741935483871,1.6593406593406594,54964,0.0007277490721199,0.7777777777777778,2.4000000000000004,1.0,1.0,0.0,0.8964285714285715,10,1.0,0.1792857142857143,1.0,0.8,800,1280,0.6,collected_the-stellar-swordmaster_ep2.csv,20
1559,2026-09-28T10:03:06.712345,FUME 8,0.4462,background,background,False,6,2,19,0,0,274,192,1.0,0.7,1.0,0.0,,1.0,0.2,0.8,1.4270833333333333,52608,0.0001140510948905,0.0,0.5,0.0,0.0,0.0,0.3,2,0.6,0.06,0.6,0.1,800,1280,0.6,collected_the-stellar-swordmaster_ep2.csv,21
1560,2026-09-28T10:03:06.712444,0,0.1825,background,background,False,1,1,19,0,0,23,25,0.0,0.3,0.2,0.0,,0.91,0.2,0.0,0.92,575,0.0017391304347826,0.0,0.5,0.0,0.0,0.09,0.3,1,0.5,0.06,0.5,0.1,800,1280,0.6,collected_the-stellar-swordmaster_ep2.csv,22
1561,2026-09-28T10:03:06.712683,EXCUSE ME .,0.7383,dialogue,dialogue,False,11,3,20,0,0,323,38,1.0,0.3,1.0,0.7,,1.0,1.0,0.8888888888888888,8.5,12274,0.0008962033566889,0.5,1.55,1.0,1.0,0.0,0.6666666666666666,3,1.0,0.1333333333333333,0.75,0.31,800,1280,0.6,collected_the-stellar-swordmaster_ep2.csv,23
1562,2026-09-28T10:03:06.712879,HUH ?,0.9392,dialogue,dialogue,False,5,2,22,0,0,111,34,1.0,1.0,0.6,1.0,,1.0,2.0,0.75,3.264705882352941,3774,0.0013248542660307,1.0,1.5,1.0,1.0,0.0,0.3,2,1.0,0.06,0.6,0.3,800,1280,0.6,collected_the-stellar-swordmaster_ep2.csv,24
1563,2026-09-28T10:03:06.713104,MOVE YOUR FOOT .,0.7624,dialogue,dialogue,False,16,4,23,0,0,262,83,1.0,1.0,1.0,0.7,,1.0,1.0,0.9230769230769232,3.156626506024097,21746,0.0007357674974707,0.6666666666666666,1.1,1.0,1.0,0.0,0.85,4,1.0,0.1699999999999999,0.75,0.2199999999999999,800,1280,0.6,collected_the-stellar-swordmaster_ep2.csv,25
1564,2026-09-28T10:03:06.713358,"I SAID , EXCUSE ME .",0.8005,dialogue,dialogue,False,20,6,24,0,0,250,89,1.0,1.0,1.0,0.7,,1.0,1.0,0.8666666666666667,2.808988764044944,22250,0.0008988764044943,0.5,1.95,1.0,1.0,0.0,0.5,6,1.0,0.1,1.0,0.39,800,1280,0.6,collected_the-stellar-swordmaster_ep2.csv,26
1565,2026-09-28T10:03:06.713550,YOU ...,1.039,dialogue,dialogue,False,7,2,25,0,0,130,31,1.0,1.0,0.6,1.0,,1.0,2.0,1.0,4.193548387096774,4030,0.0017369727047146,1.0,3.8,1.0,1.0,0.0,3.5,2,0.5,0.7,0.6,1.0,800,1280,0.6,collected_the-stellar-swordmaster_ep2.csv,27
1566,2026-09-28T10:03:06.713795,... YOU LITTLE PUNK !,0.7247,dialogue,dialogue,False,21,5,26,0,0,463,134,1.0,1.0,0.6,0.7,,1.0,1.0,0.9285714285714286,3.455223880597015,62042,0.0003384803842558,0.6666666666666666,1.6,1.0,1.0,0.0,0.8,5,0.6,0.16,0.75,0.3199999999999999,800,1280,0.6,collected_the-stellar-swordmaster_ep2.csv,28
1567,2026-09-28T10:03:06.714145,FIGHTS ARE SMALL - SCALE VERSIONS OF WARS .,0.7132,dialogue,dialogue,False,43,9,27,0,0,549,89,1.0,0.5,1.0,0.4,,1.0,1.0,0.9705882352941176,6.168539325842697,48861,0.0008800474816315,0.4285714285714285,1.0857142857142856,1.0,1.0,0.0,1.1161290322580646,9,1.0,0.2232258064516129,1.0,0.2171428571428571,800,1280,0.6,collected_the-stellar-swordmaster_ep2.csv,29
1568,2026-09-28T10:03:06.714510,YOU NEED TO PLAN OUT THE TERRAIN AND STRATEGY ...,0.8563,dialogue,dialogue,False,49,10,29,0,0,481,165,1.0,1.0,0.6,0.7,,1.0,1.0,1.0,2.915151515151515,79365,0.0006174006174006,0.6666666666666666,2.533333333333333,1.0,1.0,0.0,0.9514285714285714,10,1.0,0.1902857142857142,1.0,0.8,800,1280,0.6,collected_the-stellar-swordmaster_ep2.csv,30
1569,2026-09-28T10:03:06.714711,T DART,0.4082,background,background,False,6,2,30,0,0,468,472,1.0,0.3,0.4,0.0,,1.0,0.2,1.0,0.9915254237288136,220896,2.7162103433289875e-05,0.0,0.5,0.0,0.0,0.0,0.3,2,0.6,0.06,0.6,0.1,800,1280,0.6,collected_the-stellar-swordmaster_ep2.csv,31
1570,2026-09-28T10:03:06.714885,Hw,0.4392,background,background,False,2,1,31,0,0,247,230,1.0,0.7,1.0,0.0,,1.0,0.2,1.0,1.0739130434782609,56810,3.520506953001232e-05,0.0,0.5,0.0,0.0,0.0,0.3,1,0.6,0.06,0.5,0.1,800,1280,0.6,collected_the-stellar-swordmaster_ep2.csv,32
1571,2026-09-28T10:03:06.715089,URGH !,0.7712,dialogue,dialogue,False,6,2,32,0,0,188,45,1.0,1.0,1.0,0.0,,1.0,2.0,0.8,4.177777777777778,8460,0.000709219858156,0.0,0.5,1.0,1.0,0.0,0.3,2,1.0,0.06,0.6,0.1,800,1280,0.6,collected_the-stellar-swordmaster_ep2.csv,33
1572,2026-09-28T10:03:06.715342,STUMBLE,0.4542,,background,False,7,1,33,0,0,338,140,1.0,1.0,1.0,0.0,,1.0,0.2,1.0,2.414285714285714,47320,0.0001479289940828,0.0,0.5,0.0,0.0,0.0,0.3,1,0.6,0.06,0.5,0.1,800,1280,0.6,collected_the-stellar-swordmaster_ep2.csv,34
1573,2026-09-28T10:03:06.715480,... AND MAKE BOLD DECISIONS .,0.8673,dialogue,dialogue,False,29,6,33,0,0,433,102,1.0,1.0,1.0,0.7,,1.0,1.0,0.9523809523809524,4.245098039215686,44166,0.0006566136847348,0.5,2.0,1.0,1.0,0.0,0.8777777777777778,6,1.0,0.1755555555555555,1.0,0.8,800,1280,0.6,collected_the-stellar-swordmaster_ep2.csv,35
1574,2026-09-28T10:03:06.715827,THAT'S THE ONLY WAY TO ENSURE VICTORY .,0.8276,dialogue,dialogue,False,39,8,35,0,0,628,100,1.0,0.5,0.6,0.7,,1.0,1.0,0.9375,6.28,62800,0.0006210191082802,0.7142857142857143,2.1714285714285713,1.0,1.0,0.0,0.6857142857142857,8,1.0,0.1371428571428571,1.0,0.8,800,1280,0.6,collected_the-stellar-swordmaster_ep2.csv,36
1575,2026-09-28T10:03:06.715919,HACH,0.4272,background,background,False,4,1,35,0,0,396,290,1.0,0.7,0.6,0.0,,1.0,0.2,1.0,1.3655172413793104,114840,3.483106931382794e-05,0.0,0.5,0.0,0.0,0.0,0.3,1,0.6,0.06,0.5,0.1,800,1280,0.6,collected_the-stellar-swordmaster_ep2.csv,37
1576,2026-09-28T10:03:06.716326,"IF THE SLUMS HAVE ONE UNCHANGING LAW , IT'S THIS .",0.8298,dialogue,dialogue,False,50,11,40,0,0,674,95,1.0,0.5,0.6,0.7,,1.0,1.0,0.925,7.094736842105263,64030,0.0007808839606434,0.5555555555555556,2.4555555555555557,1.0,1.0,0.0,0.8428571428571429,11,1.0,0.1685714285714285,1.0,0.8,800,1280,0.6,collected_the-stellar-swordmaster_ep2.csv,38
1577,2026-09-28T10:03:06.716579,WINNERS ARE ON TOP ...,0.7352,dialogue,dialogue,False,22,5,42,0,0,607,44,1.0,0.3,1.0,0.7,,1.0,1.0,1.0,13.795454545454543,26708,0.000823723228995,0.5,1.35,1.0,1.0,0.0,0.8692307692307691,5,1.0,0.1738461538461538,0.75,0.27,800,1280,0.6,collected_the-stellar-swordmaster_ep2.csv,39
1578,2026-09-28T10:03:06.716841,AND LOSERS ARE BENEATH THEM .,0.7973,dialogue,dialogue,False,29,6,43,0,0,479,115,1.0,1.0,1.0,0.7,,1.0,1.0,0.9583333333333334,4.165217391304348,55085,0.0005264591086502,0.6,1.64,1.0,1.0,0.0,0.938095238095238,6,1.0,0.1876190476190476,1.0,0.3279999999999999,800,1280,0.6,collected_the-stellar-swordmaster_ep2.csv,40
1579,2026-09-28T10:03:06.717045,The Stellar,0.6706,,background,False,11,2,44,0,0,518,121,1.0,1.0,0.6,0.7,,1.0,0.2,1.0,4.2809917355371905,62678,0.0001755001755001,0.5,2.75,0.0,0.0,0.0,1.1125,2,0.6,0.2225,0.6,0.8,800,1280,0.6,collected_the-stellar-swordmaster_ep2.csv,41
1580,2026-09-28T10:03:06.717733,Swordmaster,0.4323,background,background,False,11,1,45,0,0,693,117,1.0,0.7,0.6,0.0,,1.0,0.2,1.0,5.923076923076923,81081,0.0001356668023334,0.0,0.5,0.0,0.0,0.0,0.6666666666666666,1,0.6,0.1333333333333333,0.5,0.1,800,1280,0.6,collected_the-stellar-swordmaster_ep2.csv,42
1581,2026-09-28T10:03:06.717848,art juno,0.4272,background,background,False,8,2,45,0,0,97,23,1.0,1.0,0.2,0.0,,1.0,0.2,1.0,4.217391304347826,2231,0.0035858359480053,0.0,0.5,0.0,0.0,0.0,0.3,2,0.5,0.06,0.6,0.1,800,1280,0.6,collected_the-stellar-swordmaster_ep2.csv,43
1582,2026-09-28T10:03:06.717972,adaptation Hong Dae Ui,0.4207,background,background,False,22,4,45,0,0,266,24,1.0,0.3,0.6,0.0,,1.0,0.2,1.0,11.083333333333334,6384,0.0034461152882205,0.0,0.5,0.0,0.0,0.0,0.7294117647058824,4,0.5,0.1458823529411765,0.75,0.1,800,1280,0.6,collected_the-stellar-swordmaster_ep2.csv,44
1583,2026-09-28T10:03:06.718098,original story . Q10,0.4747,,background,False,20,4,45,0,0,200,24,1.0,0.3,0.6,0.0,,1.0,0.6,0.9333333333333332,8.333333333333334,4800,0.0041666666666666,0.0,0.5,1.0,0.0,0.0,0.3,4,0.5,0.06,0.75,0.1,800,1280,0.6,collected_the-stellar-swordmaster_ep2.csv,45
1584,2026-09-28T10:03:06.718207,Episode 02,0.4392,background,background,False,10,2,45,0,0,159,32,1.0,1.0,0.6,0.0,,1.0,0.2,0.7777777777777778,4.96875,5088,0.0019654088050314,0.0,0.5,0.0,0.0,0.0,0.3,2,0.5,0.06,0.6,0.1,800,1280,0.6,collected_the-stellar-swordmaster_ep2.csv,46
1585,2026-09-28T10:03:06.718361,WHAT THE HELL IS WRONG WITH THIS KID ?!,0.8563,dialogue,dialogue,False,39,9,45,0,0,277,181,1.0,0.7,1.0,0.7,,1.0,1.0,0.935483870967742,1.5303867403314917,50137,0.0007778686399266,0.75,2.175,1.0,1.0,0.0,1.1666666666666667,9,1.0,0.2333333333333333,1.0,0.8,800,1280,0.6,collected_the-stellar-swordmaster_ep2.csv,47
1586,2026-09-28T10:03:06.718625,LUNG,0.4392,background,background,False,4,1,46,0,0,191,96,1.0,0.7,1.0,0.0,,1.0,0.2,1.0,1.9895833333333333,18336,0.00021815008726,0.0,0.5,0.0,0.0,0.0,0.3,1,0.6,0.06,0.5,0.1,800,1280,0.6,collected_the-stellar-swordmaster_ep2.csv,48
1587,2026-09-28T10:03:06.718764,HOW DARE HE DISOBEY US !,0.7853,dialogue,dialogue,False,24,6,46,0,0,339,84,1.0,1.0,1.0,0.7,,1.0,1.0,0.9473684210526316,4.035714285714286,28476,0.000842815002107,0.6,1.46,1.0,1.0,0.0,0.4624999999999999,6,1.0,0.0925,1.0,0.292,800,1280,0.6,collected_the-stellar-swordmaster_ep2.csv,49
1588,2026-09-28T10:03:06.718951,STOP .,1.2592,dialogue,dialogue,False,6,2,47,0,0,252,63,1.0,1.0,1.0,1.0,,1.0,1.0,0.8,4.0,15876,0.0003779289493575,1.0,2.0,1.0,1.0,0.0,0.3,2,0.6,0.06,3.0,2.5,800,1280,0.6,collected_the-stellar-swordmaster_ep2.csv,50
1589,2026-09-28T10:03:06.719110,HALT,0.4422,background,background,False,4,1,48,0,0,479,212,1.0,1.0,0.6,0.0,,1.0,0.2,1.0,2.259433962264151,101548,3.939023909875133e-05,0.0,0.5,0.0,0.0,0.0,0.3,1,0.6,0.06,0.5,0.1,800,1280,0.6,collected_the-stellar-swordmaster_ep2.csv,51
1590,2026-09-28T10:03:06.719418,I REALLY LIKE THIS KID .,0.9138,dialogue,dialogue,False,24,6,50,0,0,296,84,1.0,1.0,1.0,1.0,,1.0,1.0,0.9473684210526316,3.5238095238095237,24864,0.0009652509652509,0.8,2.26,1.0,1.0,0.0,0.9875,6,1.0,0.1975,1.0,0.8,800,1280,0.6,collected_the-stellar-swordmaster_ep2.csv,52
1591,2026-09-28T10:03:06.719507,TAP,0.4392,background,background,False,3,1,50,0,0,205,109,1.0,0.7,1.0,0.0,,1.0,0.2,1.0,1.8807339449541285,22345,0.0001342582233161,0.0,0.5,0.0,0.0,0.0,0.3,1,0.6,0.06,0.5,0.1,800,1280,0.6,collected_the-stellar-swordmaster_ep2.csv,53
1592,2026-09-28T10:03:06.719601,TAP,0.4392,background,background,False,3,1,50,0,0,175,90,1.0,0.7,1.0,0.0,,1.0,0.2,1.0,1.9444444444444444,15750,0.0001904761904761,0.0,0.5,0.0,0.0,0.0,0.3,1,0.6,0.06,0.5,0.1,800,1280,0.6,collected_the-stellar-swordmaster_ep2.csv,54
1593,2026-09-28T10:03:06.720007,TAP,0.4392,background,background,False,3,1,51,0,0,174,106,1.0,0.7,1.0,0.0,,1.0,0.2,1.0,1.6415094339622642,18444,0.0001626545217957,0.0,0.5,0.0,0.0,0.0,0.3,1,0.6,0.06,0.5,0.1,800,1280,0.6,collected_the-stellar-swordmaster_ep2.csv,55
1594,2026-09-28T10:03:06.720182,SORRY I CAN'T CLAP LOUDER THAN THIS . I ONLY HAVE ONE HAND .,0.8544,dialogue,dialogue,False,60,14,51,0,0,415,185,1.0,1.0,0.6,0.7,,1.0,1.0,0.9361702127659576,2.243243243243243,76775,0.0007815043959622,0.75,2.2833333333333337,1.0,1.0,0.0,0.8142857142857144,14,1.0,0.1628571428571428,1.0,0.8,800,1280,0.6,collected_the-stellar-swordmaster_ep2.csv,56
1595,2026-09-28T10:03:06.720486,I DON'T DISCRIMINATE AGAINST PEOPLE WITH DISABILITIES .,0.7405,dialogue,dialogue,False,55,8,52,0,0,482,185,1.0,1.0,0.6,0.4,,1.0,1.0,0.9583333333333334,2.6054054054054054,89170,0.000616799371986,0.4285714285714285,1.7857142857142858,1.0,1.0,0.0,0.6386363636363636,8,1.0,0.1277272727272727,1.0,0.3571428571428571,800,1280,0.6,collected_the-stellar-swordmaster_ep2.csv,57
1596,2026-09-28T10:03:06.720726,HAHAHAHA ! THIS KID IS WILD !,0.7344,dialogue,dialogue,False,29,7,53,0,0,368,83,1.0,1.0,1.0,0.4,,1.0,1.0,0.9130434782608696,4.433734939759036,30544,0.0009494499738082,0.4,1.12,1.0,1.0,0.0,0.7736842105263158,7,1.0,0.1547368421052631,1.0,0.2239999999999999,800,1280,0.6,collected_the-stellar-swordmaster_ep2.csv,58
1597,2026-09-28T10:03:06.720974,I'LL BE SEEING YOU AGAIN LATER .,0.8038,dialogue,dialogue,False,32,7,55,0,0,393,132,1.0,1.0,1.0,0.7,,1.0,1.0,0.9230769230769232,2.977272727272727,51876,0.0006168555786876,0.6666666666666666,1.7666666666666666,1.0,1.0,0.0,1.1272727272727272,7,1.0,0.2254545454545454,1.0,0.3533333333333333,800,1280,0.6,collected_the-stellar-swordmaster_ep2.csv,59
1598,2026-09-28T10:03:06.721116,LOOM,0.4212,background,background,False,4,1,56,0,0,496,283,1.0,0.7,0.4,0.0,,1.0,0.2,1.0,1.7526501766784452,140368,2.8496523424142255e-05,0.0,0.5,0.0,0.0,0.0,0.3,1,0.6,0.06,0.5,0.1,800,1280,0.6,collected_the-stellar-swordmaster_ep2.csv,60
1599,2026-09-28T10:03:06.721564,WHO'S THAT STREET KID I TOOK WITH ME BEFORE ? I FORGOT HIS NAME ...,0.8397,dialogue,dialogue,False,67,15,57,0,0,425,234,1.0,0.7,0.6,0.7,,1.0,1.0,0.96,1.816239316239316,99450,0.0006737053795877,0.6153846153846154,2.0153846153846153,1.0,1.0,0.0,0.8347826086956521,15,1.0,0.1669565217391304,1.0,0.8,800,1280,0.6,collected_the-stellar-swordmaster_ep2.csv,61
1600,2026-09-28T10:03:06.722101,"IF YOU CAN'T EVEN REMEMBER WHO IT WAS , THEN I'M GUESSING HE CROAKED A WHILE AGO .",0.8259,dialogue,dialogue,False,82,18,58,0,0,522,234,1.0,1.0,0.6,1.0,,1.0,1.0,0.9384615384615383,2.230769230769231,122148,0.0006713167632707,0.8125,1.85625,1.0,1.0,0.0,0.6576271186440678,18,1.0,0.1315254237288135,0.9,0.3712499999999999,800,1280,0.6,collected_the-stellar-swordmaster_ep2.csv,62
1601,2026-09-28T10:03:06.722364,PENNY PINCHER ! WHAT BRINGS YOU HERE ?,0.7827,dialogue,dialogue,False,38,8,59,0,0,435,144,1.0,1.0,0.6,0.7,,1.0,1.0,0.935483870967742,3.0208333333333335,62640,0.0006066411238825,0.5,1.45,1.0,1.0,0.0,1.1555555555555554,8,1.0,0.2311111111111111,1.0,0.29,800,1280,0.6,collected_the-stellar-swordmaster_ep2.csv,63
1602,2026-09-28T10:03:06.722796,"IF YOU'D TOLD ME IN ADVANCE , I WOULD'VE COOKED UP SOMETHING FOR YOU",0.7939,dialogue,dialogue,False,68,14,60,0,0,509,196,1.0,1.0,0.6,0.7,,1.0,0.6,0.9454545454545454,2.596938775510204,99764,0.0006816085962872,0.5384615384615384,2.1153846153846154,1.0,0.0,0.0,0.778,14,1.0,0.1556,1.0,0.8,800,1280,0.6,collected_the-stellar-swordmaster_ep2.csv,64
1603,2026-09-28T10:03:06.723030,TO EAT TOO !,0.7437,dialogue,dialogue,False,12,4,61,0,0,297,35,1.0,0.3,1.0,0.7,,1.0,1.0,0.8888888888888888,8.485714285714286,10395,0.0011544011544011,0.6666666666666666,1.9,1.0,1.0,0.0,0.3,4,1.0,0.06,0.75,0.38,800,1280,0.6,collected_the-stellar-swordmaster_ep2.csv,65
1604,2026-09-28T10:03:06.723113,STRIDE,0.4542,,background,False,6,1,61,0,0,197,85,1.0,1.0,1.0,0.0,,1.0,0.2,1.0,2.3176470588235296,16745,0.0003583159151985,0.0,0.5,0.0,0.0,0.0,0.3,1,0.6,0.06,0.5,0.1,800,1280,0.6,collected_the-stellar-swordmaster_ep2.csv,66
1605,2026-09-28T10:03:06.723198,STRIDE,0.4542,,background,False,6,1,61,0,0,254,113,1.0,1.0,1.0,0.0,,1.0,0.2,1.0,2.247787610619469,28702,0.0002090446658769,0.0,0.5,0.0,0.0,0.0,0.3,1,0.6,0.06,0.5,0.1,800,1280,0.6,collected_the-stellar-swordmaster_ep2.csv,67
1606,2026-09-28T10:03:06.723281,STRIDE,0.4542,,background,False,6,1,61,0,0,218,106,1.0,1.0,1.0,0.0,,1.0,0.2,1.0,2.056603773584906,23108,0.0002596503375454,0.0,0.5,0.0,0.0,0.0,0.3,1,0.6,0.06,0.5,0.1,800,1280,0.6,collected_the-stellar-swordmaster_ep2.csv,68
1607,2026-09-28T10:03:06.723443,STRIDE,0.4542,,background,False,6,1,62,0,0,192,94,1.0,1.0,1.0,0.0,,1.0,0.2,1.0,2.0425531914893615,18048,0.0003324468085106,0.0,0.5,0.0,0.0,0.0,0.3,1,0.6,0.06,0.5,0.1,800,1280,0.6,collected_the-stellar-swordmaster_ep2.csv,69
1608,2026-09-28T10:03:06.723529,STRIDE,0.4542,,background,False,6,1,62,0,0,223,109,1.0,1.0,1.0,0.0,,1.0,0.2,1.0,2.0458715596330275,24307,0.0002468424733615,0.0,0.5,0.0,0.0,0.0,0.3,1,0.6,0.06,0.5,0.1,800,1280,0.6,collected_the-stellar-swordmaster_ep2.csv,70
1609,2026-09-28T10:03:06.723780,"OH , COME ON ...",0.8923,dialogue,dialogue,False,16,5,63,0,0,235,82,1.0,1.0,1.0,1.0,,1.0,1.0,0.8888888888888888,2.8658536585365852,19270,0.0008303061754021,1.0,2.8333333333333335,1.0,1.0,0.0,0.7000000000000001,5,1.0,0.14,0.75,0.8,800,1280,0.6,collected_the-stellar-swordmaster_ep2.csv,71
1610,2026-09-28T10:03:06.723858,GRIN,0.5892,,background,False,4,1,63,0,0,168,103,1.0,0.7,1.0,1.0,,1.0,0.2,1.0,1.6310679611650485,17304,0.0002311604253351,1.0,0.5,0.0,0.0,0.0,0.3,1,0.6,0.06,0.5,0.1,800,1280,0.6,collected_the-stellar-swordmaster_ep2.csv,72
1611,2026-09-28T10:03:06.724323,SINCE WHEN WERE WE CLOSE ENOUGH TO VISIT EACH OTHER FOR A CASUAL MEAL ?,0.7713,dialogue,dialogue,False,71,15,64,0,0,370,232,1.0,0.7,0.6,0.7,,1.0,1.0,0.9824561403508772,1.5948275862068966,85840,0.0008271202236719,0.5714285714285714,1.8,1.0,1.0,0.0,0.6611111111111112,15,1.0,0.1322222222222222,1.0,0.36,800,1280,0.6,collected_the-stellar-swordmaster_ep2.csv,73
1612,2026-09-28T10:03:06.724402,WHY,1.1552,dialogue,dialogue,False,3,1,64,0,0,95,29,1.0,1.0,0.2,1.0,,1.0,0.2,1.0,3.2758620689655173,2755,0.0010889292196007,1.0,0.5,0.0,0.0,0.0,0.3,1,1.0,0.06,3.0,2.5,800,1280,0.6,collected_the-stellar-swordmaster_ep2.csv,74
1613,2026-09-28T10:03:06.724871,DON'T YOU COME UPSTAIRS FOR NOW ? I SEE YOU BROUGHT OTHER GUESTS WITH YOU .,0.8347,dialogue,dialogue,False,75,16,65,0,0,452,231,1.0,0.7,0.6,0.7,,1.0,1.0,0.95,1.9567099567099568,104412,0.0007183082404321,0.7857142857142857,2.442857142857143,1.0,1.0,0.0,0.9818181818181818,16,1.0,0.1963636363636363,0.9,0.8,800,1280,0.6,collected_the-stellar-swordmaster_ep2.csv,75
1614,2026-09-28T10:03:06.725036,I'M NOT,0.6809,,dialogue,False,7,2,66,0,0,172,27,1.0,0.5,0.6,1.0,,1.0,0.2,0.8333333333333334,6.37037037037037,4644,0.0015073212747631,1.0,2.25,0.0,0.0,0.0,1.1333333333333333,2,0.5,0.2266666666666666,0.6,0.8,800,1280,0.6,collected_the-stellar-swordmaster_ep2.csv,76
1615,2026-09-28T10:03:06.725509,HUNGRY ...,0.7342,dialogue,dialogue,False,10,2,67,0,0,217,33,1.0,0.5,0.6,0.0,,1.0,2.0,1.0,6.575757575757576,7161,0.0013964530093562,0.0,0.5,1.0,1.0,0.0,0.3,2,1.0,0.06,0.6,0.1,800,1280,0.6,collected_the-stellar-swordmaster_ep2.csv,77
1616,2026-09-28T10:03:06.725638,BUT DO YOU HAVE ANYTHING GOOD TO DRINK ?,0.85,dialogue,dialogue,False,40,9,67,0,0,334,181,1.0,0.7,1.0,0.7,,1.0,1.0,0.96875,1.8453038674033149,60454,0.0006616601052039,0.75,2.9125,1.0,1.0,0.0,0.7172413793103448,9,1.0,0.1434482758620689,1.0,0.8,800,1280,0.6,collected_the-stellar-swordmaster_ep2.csv,78
1617,2026-09-28T10:03:06.725772,MARCELLA WILL MAKE SURE YOU'RE WELL TAKEN CARE OF .,0.7861,dialogue,dialogue,False,51,10,67,0,0,417,183,1.0,1.0,0.6,0.7,,1.0,1.0,0.9523809523809524,2.278688524590164,76311,0.0006683178047725,0.6666666666666666,1.7777777777777777,1.0,1.0,0.0,0.6973684210526315,10,1.0,0.1394736842105263,1.0,0.3555555555555555,800,1280,0.6,collected_the-stellar-swordmaster_ep2.csv,79
1618,2026-09-28T10:03:06.726064,SMIRK,0.6042,,background,False,5,1,69,0,0,201,94,1.0,1.0,1.0,1.0,,1.0,0.2,1.0,2.1382978723404253,18894,0.0002646342754313,1.0,0.5,0.0,0.0,0.0,0.3,1,0.6,0.06,0.5,0.1,800,1280,0.6,collected_the-stellar-swordmaster_ep2.csv,80
1619,2026-09-28T10:03:06.726190,"IN THAT CASE , I SUPPOSE I'LL HAVE A LITTLE TASTE .",0.8808,dialogue,dialogue,False,51,12,69,0,0,339,183,1.0,0.7,0.6,1.0,,1.0,1.0,0.925,1.852459016393443,62037,0.0008220900430388,0.8,2.41,1.0,1.0,0.0,0.5571428571428572,12,1.0,0.1114285714285714,1.0,0.8,800,1280,0.6,collected_the-stellar-swordmaster_ep2.csv,81
1620,2026-09-28T10:03:06.726345,STEP,0.4542,,background,False,4,1,70,0,0,175,84,1.0,1.0,1.0,0.0,,1.0,0.2,1.0,2.0833333333333335,14700,0.0002721088435374,0.0,0.5,0.0,0.0,0.0,0.3,1,0.6,0.06,0.5,0.1,800,1280,0.6,collected_the-stellar-swordmaster_ep2.csv,82
1621,2026-09-28T10:03:06.726416,STEP,0.4542,,background,False,4,1,70,0,0,178,84,1.0,1.0,1.0,0.0,,1.0,0.2,1.0,2.119047619047619,14952,0.0002675227394328,0.0,0.5,0.0,0.0,0.0,0.3,1,0.6,0.06,0.5,0.1,800,1280,0.6,collected_the-stellar-swordmaster_ep2.csv,83
1622,2026-09-28T10:03:06.726485,STEP,0.4392,background,background,False,4,1,70,0,0,190,98,1.0,0.7,1.0,0.0,,1.0,0.2,1.0,1.9387755102040816,18620,0.0002148227712137,0.0,0.5,0.0,0.0,0.0,0.3,1,0.6,0.06,0.5,0.1,800,1280,0.6,collected_the-stellar-swordmaster_ep2.csv,84
1623,2026-09-28T10:03:06.726657,SIGH,0.6322,,background,False,4,1,71,0,0,110,30,1.0,1.0,0.6,1.0,,1.0,0.2,1.0,3.6666666666666665,3300,0.0012121212121212,1.0,0.5,0.0,0.0,0.0,0.3,1,1.0,0.06,0.5,0.1,800,1280,0.6,collected_the-stellar-swordmaster_ep2.csv,85
1624,2026-09-28T10:03:06.726740,THAT WAS CLOSE .,0.7873,dialogue,dialogue,False,16,4,71,0,0,260,81,1.0,1.0,1.0,0.7,,1.0,1.0,0.9230769230769232,3.2098765432098766,21060,0.0007597340930674,0.6666666666666666,1.7666666666666666,1.0,1.0,0.0,1.2,4,1.0,0.24,0.75,0.3533333333333333,800,1280,0.6,collected_the-stellar-swordmaster_ep2.csv,86
1625,2026-09-28T10:03:06.726858,3,0.2365,background,background,False,1,1,72,0,0,108,98,0.0,0.7,1.0,0.0,,0.91,0.2,0.0,1.1020408163265305,10584,9.44822373393802e-05,0.0,0.5,0.0,0.0,0.09,0.3,1,0.6,0.06,0.5,0.1,800,1280,0.6,collected_the-stellar-swordmaster_ep2.csv,87
1626,2026-09-28T10:03:06.727107,UGH ! LOOK AT ALL THOSE BROKEN CANDLES .,0.7751,dialogue,dialogue,False,40,9,73,0,0,327,183,1.0,0.7,1.0,0.7,,1.0,1.0,0.9375,1.786885245901639,59841,0.0006684380274393,0.7142857142857143,1.542857142857143,1.0,1.0,0.0,0.6321428571428571,9,1.0,0.1264285714285714,1.0,0.3085714285714286,800,1280,0.6,collected_the-stellar-swordmaster_ep2.csv,88
1627,2026-09-28T10:03:06.727241,TATTERED,0.4694,,background,False,8,1,74,0,0,310,116,1.0,1.0,1.0,0.0,,1.0,0.2,1.0,2.6724137931034484,35960,0.000222469410456,0.0,0.5,0.0,0.0,0.0,1.3833333333333335,1,0.6,0.2766666666666667,0.5,0.1,800,1280,0.6,collected_the-stellar-swordmaster_ep2.csv,89
1628,2026-09-28T10:03:06.727405,"HEY , KID !",0.7517,dialogue,dialogue,False,11,4,75,0,0,193,41,1.0,1.0,0.6,0.7,,1.0,1.0,0.75,4.7073170731707314,7913,0.0013901175281182,0.5,1.4,1.0,1.0,0.0,0.3,4,1.0,0.06,0.75,0.2799999999999999,800,1280,0.6,collected_the-stellar-swordmaster_ep2.csv,90
1629,2026-09-28T10:03:06.727627,YOUR BOSS SPEAKS VERY HIGHLY OF YOU .,0.7846,dialogue,dialogue,False,37,8,76,0,0,295,181,1.0,0.7,1.0,0.7,,1.0,1.0,0.9666666666666668,1.6298342541436464,53395,0.0006929487779754,0.5714285714285714,1.8142857142857145,1.0,1.0,0.0,0.7296296296296296,8,1.0,0.1459259259259259,1.0,0.3628571428571429,800,1280,0.6,collected_the-stellar-swordmaster_ep2.csv,91
1630,2026-09-28T10:03:06.728211,I KNEW I HAD AN EYE FOR PEOPLE .,0.8615,dialogue,dialogue,False,32,9,77,0,0,290,132,1.0,1.0,1.0,0.7,,1.0,1.0,0.9583333333333334,2.196969696969697,38280,0.0008359456635318,0.75,2.425,1.0,1.0,0.0,0.4666666666666666,9,1.0,0.0933333333333333,1.0,0.8,800,1280,0.6,collected_the-stellar-swordmaster_ep2.csv,92
1631,2026-09-28T10:03:06.728361,YOU SHOULD COME WORK FOR ME IF YOU EVER GET TIRED OF THE SMELL OF CANDLES .,0.849,dialogue,dialogue,False,75,17,77,0,0,506,234,1.0,1.0,0.6,0.7,,1.0,1.0,0.9830508474576272,2.1623931623931623,118404,0.000633424546468,0.75,2.51875,1.0,1.0,0.0,0.9267857142857142,17,1.0,0.1853571428571428,0.9,0.8,800,1280,0.6,collected_the-stellar-swordmaster_ep2.csv,93
1632,2026-09-28T10:03:06.728989,I LIKE YOU .,0.8992,dialogue,dialogue,False,12,4,78,0,0,241,34,1.0,0.5,1.0,1.0,,1.0,1.0,0.8888888888888888,7.088235294117647,8194,0.0014644862094215,1.0,3.5,1.0,1.0,0.0,0.8333333333333334,4,1.0,0.1666666666666666,0.75,1.0,800,1280,0.6,collected_the-stellar-swordmaster_ep2.csv,94
1633,2026-09-28T10:03:06.729471,I DON'T REALLY MIND WORKING HERE .,0.7695,dialogue,dialogue,False,34,7,79,0,0,274,184,1.0,0.7,1.0,0.7,,1.0,1.0,0.9285714285714286,1.4891304347826086,50416,0.0006743890828308,0.6666666666666666,1.1166666666666667,1.0,1.0,0.0,1.1416666666666666,7,1.0,0.2283333333333333,1.0,0.2233333333333333,800,1280,0.6,collected_the-stellar-swordmaster_ep2.csv,95
1634,2026-09-28T10:03:06.729609,"MY BOSS FEEDS ME , PAYS ME , AND GIVES ME A PLACE TO SLEEP .",0.8274,dialogue,dialogue,False,60,16,79,0,0,354,231,1.0,0.7,0.6,0.7,,1.0,1.0,0.9333333333333332,1.5324675324675323,81774,0.0007337295472888,0.6153846153846154,2.123076923076923,1.0,1.0,0.0,0.4599999999999999,16,1.0,0.092,0.9,0.8,800,1280,0.6,collected_the-stellar-swordmaster_ep2.csv,96
1635,2026-09-28T10:03:06.729867,HAHAHAHA !,0.7462,dialogue,dialogue,False,10,2,80,0,0,237,36,1.0,0.5,1.0,0.0,,1.0,2.0,0.8888888888888888,6.583333333333333,8532,0.0011720581340834,0.0,0.5,1.0,1.0,0.0,0.3,2,1.0,0.06,0.6,0.1,800,1280,0.6,collected_the-stellar-swordmaster_ep2.csv,97
1636,2026-09-28T10:03:06.729979,WE CAN CERTAINLY DO ALL THAT FOR YOU TOO .,0.9016,dialogue,dialogue,False,42,10,80,0,0,308,185,1.0,0.7,1.0,1.0,,1.0,1.0,0.9696969696969696,1.664864864864865,56980,0.0007371007371007,0.8888888888888888,2.844444444444445,1.0,1.0,0.0,1.1866666666666668,10,1.0,0.2373333333333333,1.0,0.8,800,1280,0.6,collected_the-stellar-swordmaster_ep2.csv,98
1637,2026-09-28T10:03:06.730103,CLINK,0.4542,,background,False,5,1,81,0,0,277,120,1.0,1.0,1.0,0.0,,1.0,0.2,1.0,2.308333333333333,33240,0.000150421179302,0.0,0.5,0.0,0.0,0.0,0.3,1,0.6,0.06,0.5,0.1,800,1280,0.6,collected_the-stellar-swordmaster_ep2.csv,99
1638,2026-09-28T10:03:06.730333,THE CANDLES .,0.8253,dialogue,dialogue,False,13,3,82,0,0,297,34,1.0,0.3,1.0,0.7,,1.0,1.0,0.9090909090909092,8.735294117647058,10098,0.0012873836403248,0.5,2.75,1.0,1.0,0.0,1.625,3,1.0,0.325,0.75,0.8,800,1280,0.6,collected_the-stellar-swordmaster_ep2.csv,100
1639,2026-09-28T10:03:06.730409,A GOLD COIN ?,0.6967,,dialogue,False,13,4,82,0,0,294,30,1.0,0.3,1.0,0.4,,1.0,1.0,0.9,9.8,8820,0.0014739229024943,0.3333333333333333,1.8333333333333333,1.0,1.0,0.0,0.3,4,1.0,0.06,0.75,0.3666666666666666,800,1280,0.6,collected_the-stellar-swordmaster_ep2.csv,101
1640,2026-09-28T10:03:06.730610,"THIS IS TOO MUCH , SIR .",0.8235,dialogue,dialogue,False,24,7,83,0,0,256,86,1.0,1.0,1.0,1.0,,1.0,1.0,0.8888888888888888,2.9767441860465116,22016,0.0010901162790697,0.8,1.12,1.0,1.0,0.0,0.7071428571428572,7,1.0,0.1414285714285714,1.0,0.2239999999999999,800,1280,0.6,collected_the-stellar-swordmaster_ep2.csv,102
1641,2026-09-28T10:03:06.730875,THERE'LL BE A LOT MORE WHERE THAT CAME FROM,0.7507,dialogue,dialogue,False,43,9,84,0,0,429,135,1.0,1.0,1.0,0.7,,1.0,0.2,0.9714285714285714,3.1777777777777776,57915,0.000742467409134,0.6666666666666666,2.1666666666666665,0.0,0.0,0.0,1.121875,9,1.0,0.224375,1.0,0.8,800,1280,0.6,collected_the-stellar-swordmaster_ep2.csv,103
1642,2026-09-28T10:03:06.731071,IF YOU WORK FOR ME .,0.942,dialogue,dialogue,False,20,6,85,0,0,284,86,1.0,1.0,1.0,1.0,,1.0,1.0,0.9333333333333332,3.302325581395349,24424,0.0008188666885031,1.0,3.0,1.0,1.0,0.0,0.8583333333333333,6,1.0,0.1716666666666666,1.0,1.0,800,1280,0.6,collected_the-stellar-swordmaster_ep2.csv,104
1643,2026-09-28T10:03:06.731284,I'M THE PENNY PINCHER .,0.7775,dialogue,dialogue,False,23,5,86,0,0,340,84,1.0,1.0,1.0,0.7,,1.0,1.0,0.8947368421052632,4.0476190476190474,28560,0.0008053221288515,0.5,1.625,1.0,1.0,0.0,0.8066666666666666,5,1.0,0.1613333333333333,0.75,0.325,800,1280,0.6,collected_the-stellar-swordmaster_ep2.csv,105
1644,2026-09-28T10:03:06.731354,THANKS,1.1658,dialogue,dialogue,False,6,1,86,0,0,224,37,1.0,0.5,1.0,1.0,,1.0,0.2,1.0,6.054054054054054,8288,0.0007239382239382,1.0,1.8,0.0,0.0,0.0,1.125,1,1.0,0.225,3.0,2.5,800,1280,0.6,collected_the-stellar-swordmaster_ep2.csv,106
1645,2026-09-28T10:03:06.731417,FOR,0.8162,dialogue,dialogue,False,3,1,86,0,0,116,37,1.0,1.0,0.6,1.0,,1.0,0.2,1.0,3.135135135135135,4292,0.0006989748369058,1.0,4.0,0.0,0.0,0.0,3.8,1,1.0,0.76,0.5,1.0,800,1280,0.6,collected_the-stellar-swordmaster_ep2.csv,107
1646,2026-09-28T10:03:06.731591,THE,0.826,dialogue,dialogue,False,3,1,87,0,0,109,45,1.0,1.0,0.6,1.0,,1.0,0.2,1.0,2.422222222222222,4905,0.000611620795107,1.0,5.0,0.0,0.0,0.0,4.5,1,1.0,0.9,0.5,1.0,800,1280,0.6,collected_the-stellar-swordmaster_ep2.csv,108
1647,2026-09-28T10:03:06.731663,FOOD !,0.7592,dialogue,dialogue,False,6,2,87,0,0,176,44,1.0,1.0,0.6,0.0,,1.0,2.0,0.8,4.0,7744,0.0007747933884297,0.0,0.5,1.0,1.0,0.0,0.3,2,1.0,0.06,0.6,0.1,800,1280,0.6,collected_the-stellar-swordmaster_ep2.csv,109
1648,2026-09-28T10:03:06.731726,STEP,0.4542,,background,False,4,1,87,0,0,165,77,1.0,1.0,1.0,0.0,,1.0,0.2,1.0,2.142857142857143,12705,0.000314836678473,0.0,0.5,0.0,0.0,0.0,0.3,1,0.6,0.06,0.5,0.1,800,1280,0.6,collected_the-stellar-swordmaster_ep2.csv,110
1649,2026-09-28T10:03:06.731797,STEP,0.4542,,background,False,4,1,87,0,0,195,73,1.0,1.0,1.0,0.0,,1.0,0.2,1.0,2.671232876712329,14235,0.0002809975412715,0.0,0.5,0.0,0.0,0.0,0.3,1,0.6,0.06,0.5,0.1,800,1280,0.6,collected_the-stellar-swordmaster_ep2.csv,111
1650,2026-09-28T10:03:06.732006,STEP,0.4542,,background,False,4,1,88,0,0,160,68,1.0,1.0,1.0,0.0,,1.0,0.2,1.0,2.3529411764705883,10880,0.0003676470588235,0.0,0.5,0.0,0.0,0.0,0.3,1,0.6,0.06,0.5,0.1,800,1280,0.6,collected_the-stellar-swordmaster_ep2.csv,112
1651,2026-09-28T10:03:06.732104,"STEP SO LONG , JORGE !",0.6985,,dialogue,False,22,6,88,0,0,516,261,1.0,0.7,0.4,0.7,,1.0,1.0,0.8823529411764706,1.9770114942528736,134676,0.0001633550149989,0.5,1.075,1.0,1.0,0.0,0.3,6,0.6,0.06,1.0,0.215,800,1280,0.6,collected_the-stellar-swordmaster_ep2.csv,113
1652,2026-09-28T10:03:06.732406,HE SURE LOOKS HAPPY .,0.772,dialogue,dialogue,False,21,5,89,0,0,291,83,1.0,1.0,1.0,0.7,,1.0,1.0,0.9411764705882352,3.5060240963855422,24153,0.0008694572102844,0.5,1.6749999999999998,1.0,1.0,0.0,0.3,5,1.0,0.06,0.75,0.3349999999999999,800,1280,0.6,collected_the-stellar-swordmaster_ep2.csv,114
1653,2026-09-28T10:03:06.732482,STEP STEP STEP,0.4447,background,background,False,14,3,89,0,0,302,280,1.0,0.7,0.6,0.0,,1.0,0.2,1.0,1.0785714285714283,84560,0.0001655629139072,0.0,0.5,0.0,0.0,0.0,0.3,3,0.6,0.06,0.75,0.1,800,1280,0.6,collected_the-stellar-swordmaster_ep2.csv,115
1654,2026-09-28T10:03:06.732590,THEIR TALK MUST'VE GONE WELL .,0.783,dialogue,dialogue,False,30,6,89,0,0,306,134,1.0,1.0,1.0,0.7,,1.0,1.0,0.92,2.283582089552239,41004,0.0007316359379572,0.6,1.26,1.0,1.0,0.0,0.7285714285714285,6,1.0,0.1457142857142857,1.0,0.252,800,1280,0.6,collected_the-stellar-swordmaster_ep2.csv,116
1655,2026-09-28T10:03:06.732732,VLAD !,0.7592,dialogue,dialogue,False,6,2,90,0,0,125,35,1.0,1.0,0.6,0.0,,1.0,2.0,0.8,3.5714285714285716,4375,0.0013714285714285,0.0,0.5,1.0,1.0,0.0,0.3,2,1.0,0.06,0.6,0.1,800,1280,0.6,collected_the-stellar-swordmaster_ep2.csv,117
1656,2026-09-28T10:03:06.732914,!,0.4755,,background,False,1,1,91,0,0,24,58,0.0,0.3,0.2,0.0,,0.01,2.0,0.0,0.4137931034482758,1392,0.0007183908045977,0.0,0.5,1.0,1.0,0.99,0.3,1,1.0,0.06,0.5,0.1,800,1280,0.6,collected_the-stellar-swordmaster_ep2.csv,118
1657,2026-09-28T10:03:06.733015,JORGE WANTS TO SEE YOU .,0.862,dialogue,dialogue,False,24,6,91,0,0,307,82,1.0,1.0,1.0,0.7,,1.0,1.0,0.9473684210526316,3.7439024390243905,25174,0.0009533645825057,0.6,2.34,1.0,1.0,0.0,0.5,6,1.0,0.1,1.0,0.8,800,1280,0.6,collected_the-stellar-swordmaster_ep2.csv,119
1658,2026-09-28T10:03:06.733128,...,0.4402,background,background,False,3,1,94,0,0,40,9,0.0,1.0,0.2,0.0,,0.0,2.0,0.0,4.444444444444445,360,0.0083333333333333,0.0,0.5,1.0,1.0,1.0,0.3,1,0.3,0.06,0.5,0.1,800,1280,0.6,collected_the-stellar-swordmaster_ep2.csv,120
1659,2026-09-28T10:03:06.733373,I WAS GOING TO GIVE YOU THIS LATER ...,0.8594,dialogue,dialogue,False,38,9,95,0,0,321,185,1.0,0.7,1.0,0.7,,1.0,1.0,1.0,1.7351351351351352,59385,0.0006398922286772,0.75,2.2875,1.0,1.0,0.0,1.384,9,1.0,0.2768,1.0,0.8,800,1280,0.6,collected_the-stellar-swordmaster_ep2.csv,121
1660,2026-09-28T10:03:06.733734,"... BUT CONSIDERING THE CIRCUMSTANCES , I THINK IT'S BETTER IF YOU HAVE",0.7805,dialogue,dialogue,False,71,13,96,0,0,455,234,1.0,0.7,0.6,0.7,,1.0,0.6,0.9642857142857144,1.9444444444444444,106470,0.0006668545130083,0.7272727272727273,2.6545454545454543,1.0,0.0,0.0,0.8942307692307693,13,1.0,0.1788461538461538,1.0,0.8,800,1280,0.6,collected_the-stellar-swordmaster_ep2.csv,122
1661,2026-09-28T10:03:06.733931,IT NOW .,0.9159,dialogue,dialogue,False,8,3,97,0,0,164,35,1.0,1.0,0.6,1.0,,1.0,1.0,0.8333333333333334,4.685714285714286,5740,0.0013937282229965,1.0,3.15,1.0,1.0,0.0,1.1,3,1.0,0.22,0.75,1.0,800,1280,0.6,collected_the-stellar-swordmaster_ep2.csv,123
1662,2026-09-28T10:03:06.734023,KEEP THIS ON YOU AT,0.7663,dialogue,dialogue,False,19,5,97,0,0,406,100,1.0,1.0,1.0,1.0,,1.0,0.2,1.0,4.06,40600,0.0004679802955665,1.0,3.1,0.0,0.0,0.0,0.9846153846153846,5,0.6,0.1969230769230769,0.75,1.0,800,1280,0.6,collected_the-stellar-swordmaster_ep2.csv,124
1663,2026-09-28T10:03:06.734174,ALL,0.7808,dialogue,dialogue,False,3,1,98,0,0,88,26,1.0,1.0,0.2,1.0,,0.5,0.2,1.0,3.3846153846153846,2288,0.0013111888111888,1.0,3.0,0.0,0.0,0.5,3.2,1,1.0,0.64,0.5,1.0,800,1280,0.6,collected_the-stellar-swordmaster_ep2.csv,125
1664,2026-09-28T10:03:06.734245,IMES .,0.5442,,dialogue,False,6,2,98,0,0,127,25,1.0,0.7,0.6,0.0,,1.0,1.0,0.8,5.08,3175,0.0018897637795275,0.0,0.5,1.0,1.0,0.0,0.3,2,0.5,0.06,0.6,0.1,800,1280,0.6,collected_the-stellar-swordmaster_ep2.csv,126
1665,2026-09-28T10:03:06.734524,I COULD TELL FROM THE VIBE IN THE BROTHEL .,0.842,dialogue,dialogue,False,43,10,100,0,0,590,94,1.0,0.5,1.0,0.7,,1.0,1.0,0.9705882352941176,6.276595744680851,55460,0.0007753335737468,0.7777777777777778,2.8666666666666667,1.0,1.0,0.0,0.8548387096774194,10,1.0,0.1709677419354838,1.0,0.8,800,1280,0.6,collected_the-stellar-swordmaster_ep2.csv,127
1666,2026-09-28T10:03:06.734796,THE TALK BETWEEN JORGE AND ONE - ARMED JACK ...,0.7491,dialogue,dialogue,False,47,10,103,0,0,596,193,1.0,1.0,0.6,0.7,,1.0,1.0,1.0,3.088082901554404,115028,0.0004085961678895,0.5,1.875,1.0,1.0,0.0,0.7,10,0.6,0.1399999999999999,1.0,0.375,800,1280,0.6,collected_the-stellar-swordmaster_ep2.csv,128
1667,2026-09-28T10:03:06.734967,ENDED LIND IN DISASTER,0.5047,,dialogue,False,22,4,104,0,0,485,163,1.0,1.0,0.6,0.075,,1.0,0.2,1.0,2.975460122699386,79055,0.0002782872683574,0.25,1.475,0.0,0.0,0.0,0.6235294117647059,4,0.6,0.1247058823529411,0.75,0.295,800,1280,0.6,collected_the-stellar-swordmaster_ep2.csv,129
1668,2026-09-28T10:03:06.735224,AND I DON'T WANT YOU SELLING CANDLES ANYMORE .,0.7953,dialogue,dialogue,False,46,9,106,0,0,374,183,1.0,1.0,0.6,0.7,,1.0,1.0,0.9473684210526316,2.0437158469945356,68442,0.0006721019257181,0.625,1.875,1.0,1.0,0.0,1.1441176470588237,9,1.0,0.2288235294117647,1.0,0.375,800,1280,0.6,collected_the-stellar-swordmaster_ep2.csv,130
1669,2026-09-28T10:03:06.735763,THEN WHAT SHOULD I DO ?,0.9158,dialogue,dialogue,False,23,6,107,0,0,309,133,1.0,1.0,1.0,1.0,,1.0,1.0,0.9444444444444444,2.3233082706766917,41097,0.0005596515560746,1.0,2.7,1.0,1.0,0.0,1.1266666666666665,6,1.0,0.2253333333333333,1.0,0.8,800,1280,0.6,collected_the-stellar-swordmaster_ep2.csv,131
1670,2026-09-28T10:03:06.735867,COLLECT MONEY FROM THE SHOPS ? PATROL THE AREA ?,0.7491,dialogue,dialogue,False,48,10,107,0,0,381,185,1.0,1.0,0.6,0.4,,1.0,1.0,0.9487179487179488,2.0594594594594593,70485,0.0006809959565865,0.375,1.9875,1.0,1.0,0.0,0.8228571428571428,10,1.0,0.1645714285714285,1.0,0.3975,800,1280,0.6,collected_the-stellar-swordmaster_ep2.csv,132
1671,2026-09-28T10:03:06.735964,MY SOURCES TELL ME THAT ONE - ARMED JACK IS,0.7371,dialogue,dialogue,False,43,10,107,0,0,435,132,1.0,1.0,1.0,0.7,,1.0,0.6,1.0,3.2954545454545454,57420,0.0007488679902473,0.5555555555555556,1.7222222222222223,1.0,0.0,0.0,0.7419354838709677,10,1.0,0.1483870967741935,1.0,0.3444444444444444,800,1280,0.6,collected_the-stellar-swordmaster_ep2.csv,133
1672,2026-09-28T10:03:06.736128,BRINGING IN AN OUTSIDER ...,0.8502,dialogue,dialogue,False,27,5,108,0,0,327,82,1.0,1.0,1.0,0.7,,1.0,1.0,1.0,3.987804878048781,26814,0.0010069366748713,0.5,2.125,1.0,1.0,0.0,0.9055555555555556,5,1.0,0.1811111111111111,0.75,0.8,800,1280,0.6,collected_the-stellar-swordmaster_ep2.csv,134
1673,2026-09-28T10:03:06.736335,KNIGHT AND MERCENARY .,0.7372,dialogue,dialogue,False,22,4,109,0,0,266,81,1.0,1.0,1.0,0.4,,1.0,1.0,0.9473684210526316,3.2839506172839505,21546,0.0010210711965097,0.3333333333333333,1.8333333333333333,1.0,1.0,0.0,0.69375,4,1.0,0.1387499999999999,0.75,0.3666666666666666,800,1280,0.6,collected_the-stellar-swordmaster_ep2.csv,135
1674,2026-09-28T10:03:06.736428,YOU MEAN LIKE YOU ?,0.8942,dialogue,dialogue,False,19,5,109,0,0,217,82,1.0,1.0,1.0,1.0,,1.0,1.0,0.9333333333333332,2.6463414634146343,17794,0.001067775654715,1.0,2.65,1.0,1.0,0.0,0.8333333333333334,5,1.0,0.1666666666666666,0.75,0.8,800,1280,0.6,collected_the-stellar-swordmaster_ep2.csv,136
1675,2026-09-28T10:03:06.736774,THAT'S RIGHT ... LIKE ME .,0.8389,dialogue,dialogue,False,26,6,111,0,0,337,81,1.0,1.0,1.0,1.0,,1.0,1.0,0.8888888888888888,4.160493827160494,27297,0.0009524856211305,1.0,1.525,1.0,1.0,0.0,0.942857142857143,6,1.0,0.1885714285714285,1.0,0.305,800,1280,0.6,collected_the-stellar-swordmaster_ep2.csv,137
1676,2026-09-28T10:03:06.736885,ONE - ARMED JACK HAS A VAST GANG AT HIS DISPOSAL ...,0.6986,,dialogue,False,52,12,111,0,0,602,199,1.0,1.0,0.6,0.4,,1.0,1.0,1.0,3.0251256281407035,119798,0.0004340640077463,0.4,1.77,1.0,1.0,0.0,0.5342857142857143,12,0.6,0.1068571428571428,1.0,0.354,800,1280,0.6,collected_the-stellar-swordmaster_ep2.csv,138
1677,2026-09-28T10:03:06.737220,... BUT THEY'RE NOT STRONG ENOUGH TO OVERPOWER A FORMER KNIGHT LIKE JORGE .,0.7428,dialogue,dialogue,False,75,14,113,0,0,619,252,1.0,1.0,0.4,0.7,,1.0,1.0,0.9661016949152542,2.4563492063492065,155988,0.0004808062158627,0.5,1.9,1.0,1.0,0.0,0.6254545454545454,14,0.6,0.125090909090909,1.0,0.38,800,1280,0.6,collected_the-stellar-swordmaster_ep2.csv,139
1678,2026-09-28T10:03:06.737593,"LIKE THEY SAY , A WHOLE ARMY OF SHEEP IS NO MATCH FOR A SINGLE WOLF .",0.8435,dialogue,dialogue,False,69,17,114,0,0,531,246,1.0,1.0,0.6,0.7,,1.0,1.0,0.9622641509433962,2.158536585365854,130626,0.0005282256212392,0.5333333333333333,2.18,1.0,1.0,0.0,0.5387755102040817,17,1.0,0.1077551020408163,0.9,0.8,800,1280,0.6,collected_the-stellar-swordmaster_ep2.csv,140
1679,2026-09-28T10:03:06.737921,BUT IF ONE - ARMED JACK HIRES A FORMER KNIGHT TO FIGHT FOR HIM ...,0.7615,dialogue,dialogue,False,66,15,115,0,0,577,239,1.0,1.0,0.4,0.4,,1.0,1.0,1.0,2.414225941422594,137903,0.0004785972748961,0.4615384615384615,2.146153846153846,1.0,1.0,0.0,0.6760869565217391,15,0.6,0.1352173913043478,1.0,0.8,800,1280,0.6,collected_the-stellar-swordmaster_ep2.csv,141
1680,2026-09-28T10:03:06.738172,... IT WILL IMMEDIATELY THROW OFF THE WHOLE BALANCE .,0.7469,dialogue,dialogue,False,53,10,116,0,0,638,175,1.0,1.0,0.6,0.7,,1.0,1.0,0.975609756097561,3.645714285714286,111650,0.000474697716077,0.5,1.8375,1.0,1.0,0.0,0.6289473684210526,10,0.6,0.1257894736842105,1.0,0.3675,800,1280,0.6,collected_the-stellar-swordmaster_ep2.csv,142
1681,2026-09-28T10:03:06.738566,THIS PUTS US AT A DISADVANTAGE . THERE'S NO DENYING IT .,0.8554,dialogue,dialogue,False,56,12,117,0,0,445,183,1.0,1.0,0.6,0.7,,1.0,1.0,0.9333333333333332,2.431693989071038,81435,0.0006876650089028,0.7,2.08,1.0,1.0,0.0,0.8875,12,1.0,0.1775,1.0,0.8,800,1280,0.6,collected_the-stellar-swordmaster_ep2.csv,143
1682,2026-09-28T10:03:06.738669,THAT'S WHY I NEED YOU .,0.851,dialogue,dialogue,False,23,6,117,0,0,262,85,1.0,1.0,1.0,1.0,,1.0,1.0,0.8888888888888888,3.0823529411764707,22270,0.0010327795240233,1.0,1.9,1.0,1.0,0.0,1.0,6,1.0,0.2,1.0,0.38,800,1280,0.6,collected_the-stellar-swordmaster_ep2.csv,144
1683,2026-09-28T10:03:06.738959,HUH ? ME ?,0.8497,dialogue,dialogue,False,10,4,118,0,0,214,32,1.0,0.5,0.6,1.0,,1.0,1.0,0.7142857142857143,6.6875,6848,0.0014602803738317,1.0,2.05,1.0,1.0,0.0,0.3,4,1.0,0.06,0.75,0.8,800,1280,0.6,collected_the-stellar-swordmaster_ep2.csv,145
1684,2026-09-28T10:03:06.739079,YOU'LL BE RECEIVING YOUR FIRST MISSION VERY SOON .,0.7645,dialogue,dialogue,False,50,9,118,0,0,349,183,1.0,0.7,0.6,0.7,,1.0,1.0,0.9523809523809524,1.907103825136612,63867,0.0007828769160912,0.625,1.4375,1.0,1.0,0.0,0.9526315789473684,9,1.0,0.1905263157894737,1.0,0.2875,800,1280,0.6,collected_the-stellar-swordmaster_ep2.csv,146
1685,2026-09-28T10:03:06.739269,HARVEN HAD HIS FINGERS AND ANKLE,0.6619,,dialogue,False,32,6,120,0,0,420,83,1.0,0.7,1.0,0.7,,1.0,0.2,1.0,5.0602409638554215,34860,0.0009179575444635,0.5,1.6666666666666667,0.0,0.0,0.0,0.848,6,1.0,0.1696,1.0,0.3333333333333333,800,1280,0.6,collected_the-stellar-swordmaster_ep2.csv,147
1686,2026-09-28T10:03:06.739516,"RED , HE CAN'T WALK PROPERLY .",0.7778,dialogue,dialogue,False,30,7,121,0,0,325,122,1.0,1.0,1.0,0.7,,1.0,1.0,0.875,2.6639344262295084,39650,0.0007566204287515,0.6,1.16,1.0,1.0,0.0,0.5684210526315789,7,1.0,0.1136842105263157,1.0,0.2319999999999999,800,1280,0.6,collected_the-stellar-swordmaster_ep2.csv,148
1687,2026-09-28T10:03:06.739578,DDD,0.4192,background,background,False,3,1,121,0,0,70,160,1.0,0.3,1.0,0.0,,1.0,0.2,1.0,0.4375,11200,0.0002678571428571,0.0,0.5,0.0,0.0,0.0,0.3,1,0.6,0.06,0.5,0.1,800,1280,0.6,collected_the-stellar-swordmaster_ep2.csv,149
1688,2026-09-28T10:03:06.739657,CLEVER BY NATURE .,0.6428,,dialogue,False,18,4,121,0,0,400,28,1.0,0.3,1.0,0.4,,1.0,1.0,0.9333333333333332,14.285714285714286,11200,0.0016071428571428,0.3333333333333333,1.5,1.0,1.0,0.0,0.7333333333333334,4,0.5,0.1466666666666666,0.75,0.3,800,1280,0.6,collected_the-stellar-swordmaster_ep2.csv,150
1689,2026-09-28T10:03:06.740503,"HE TAUGHT HIMSELF TO READ AND WRITE , AS WELL AS LEARN NUMBERS ...",0.8521,dialogue,dialogue,False,66,14,122,0,0,433,187,1.0,1.0,0.6,0.7,,1.0,1.0,0.98,2.3155080213903743,80971,0.0008151066431191,0.75,2.125,1.0,1.0,0.0,0.6468085106382978,14,1.0,0.1293617021276595,1.0,0.8,800,1280,0.6,collected_the-stellar-swordmaster_ep2.csv,151
1690,2026-09-28T10:03:06.740628,AND HE USES THOSE SKILLS IN HIS JOB AS A CLERK FOR CAPTAIN HOOVER .,0.8379,dialogue,dialogue,False,67,15,122,0,0,412,239,1.0,0.7,0.6,0.7,,1.0,1.0,0.981132075471698,1.7238493723849373,98468,0.0006804240971686,0.5714285714285714,2.2857142857142856,1.0,1.0,0.0,0.7040000000000001,15,1.0,0.1408,1.0,0.8,800,1280,0.6,collected_the-stellar-swordmaster_ep2.csv,152
1691,2026-09-28T10:03:06.740721,SEEING HARVEN MADE ME REALIZE THAT IF YOU,0.6604,,dialogue,False,41,8,122,0,0,493,74,1.0,0.5,1.0,0.7,,1.0,0.2,1.0,6.662162162162162,36482,0.0011238418946329,0.5,1.925,0.0,0.0,0.0,0.90625,8,1.0,0.18125,1.0,0.385,800,1280,0.6,collected_the-stellar-swordmaster_ep2.csv,153
1692,2026-09-28T10:03:06.741108,WORK HARD TO IMPROVE YOURSELF THROUGH LEARNING ...,0.7257,dialogue,dialogue,False,50,8,123,0,0,527,136,1.0,1.0,0.6,0.4,,1.0,1.0,1.0,3.875,71672,0.0006976225025114,0.4285714285714285,1.3,1.0,1.0,0.0,0.618421052631579,8,1.0,0.1236842105263158,1.0,0.26,800,1280,0.6,collected_the-stellar-swordmaster_ep2.csv,154
1693,2026-09-28T10:03:06.741210,... YOU CAN RISE TO A BETTER POSITION IN LIFE .,0.8666,dialogue,dialogue,False,47,11,123,0,0,392,136,1.0,1.0,1.0,0.7,,1.0,1.0,0.9705882352941176,2.8823529411764706,53312,0.0008816026410564,0.6666666666666666,2.433333333333333,1.0,1.0,0.0,0.8258064516129031,11,1.0,0.1651612903225806,1.0,0.8,800,1280,0.6,collected_the-stellar-swordmaster_ep2.csv,155
1694,2026-09-28T10:03:06.741345,SWING,0.4729,,background,False,5,1,124,0,0,343,168,1.0,1.0,1.0,0.0,,1.0,0.2,1.0,2.0416666666666665,57624,8.67694016382063e-05,0.0,0.5,0.0,0.0,0.0,1.633333333333333,1,0.6,0.3266666666666666,0.5,0.1,800,1280,0.6,collected_the-stellar-swordmaster_ep2.csv,156
1695,2026-09-28T10:03:06.741421,FWISH Sh,0.4282,background,background,False,8,2,124,0,0,490,287,1.0,0.7,0.4,0.0,,1.0,0.2,1.0,1.7073170731707317,140630,5.688686624475574e-05,0.0,0.5,0.0,0.0,0.0,0.3,2,0.6,0.06,0.6,0.1,800,1280,0.6,collected_the-stellar-swordmaster_ep2.csv,157
1696,2026-09-28T10:03:06.741566,"HEY , KID .",0.7017,dialogue,dialogue,False,11,4,126,0,0,187,38,1.0,1.0,0.6,0.7,,1.0,1.0,0.75,4.921052631578948,7106,0.001547987616099,0.5,1.4,1.0,1.0,0.0,0.3,4,0.5,0.06,0.75,0.2799999999999999,800,1280,0.6,collected_the-stellar-swordmaster_ep2.csv,158
1697,2026-09-28T10:03:06.741868,YOU NEED TO KEEP YOUR ELBOWS CLOSER TO YOUR BODY WHEN YOU SWING .,0.839,dialogue,dialogue,False,65,14,127,0,0,436,233,1.0,0.7,0.6,0.7,,1.0,1.0,0.9807692307692308,1.871244635193133,101588,0.0006398393511044,0.6923076923076923,2.0846153846153848,1.0,1.0,0.0,0.7857142857142857,14,1.0,0.1571428571428571,1.0,0.8,800,1280,0.6,collected_the-stellar-swordmaster_ep2.csv,159
1698,2026-09-28T10:03:06.742026,D ***** ...,0.6317,,dialogue,False,11,3,128,0,0,180,48,1.0,1.0,1.0,0.0,,1.0,1.0,1.0,3.75,8640,0.0012731481481481,0.0,0.5,1.0,1.0,0.0,0.3,3,1.0,0.06,0.75,0.1,800,1280,0.6,collected_the-stellar-swordmaster_ep2.csv,160
1699,2026-09-28T10:03:06.742092,WHY DOES,0.6142,,dialogue,False,8,2,128,0,0,223,31,1.0,0.5,0.6,1.0,,1.0,0.2,1.0,7.193548387096774,6913,0.0011572399826414,1.0,0.5,0.0,0.0,0.0,0.3,2,1.0,0.06,0.6,0.1,800,1280,0.6,collected_the-stellar-swordmaster_ep2.csv,161
1700,2026-09-28T10:03:06.742251,TIME I SWING SOMETHING ?,0.7901,dialogue,dialogue,False,24,5,129,0,0,290,81,1.0,1.0,1.0,0.7,,1.0,1.0,0.95,3.580246913580247,23490,0.0010217113665389,0.5,1.925,1.0,1.0,0.0,1.0588235294117647,5,1.0,0.2117647058823529,0.75,0.385,800,1280,0.6,collected_the-stellar-swordmaster_ep2.csv,162
1701,2026-09-28T10:03:06.742397,ONE MONTH AGO ...,0.634,,dialogue,False,17,4,130,0,0,396,33,1.0,0.3,1.0,0.0,,1.0,1.0,1.0,12.0,13068,0.001300887664524,0.0,1.3333333333333333,1.0,1.0,0.0,1.1777777777777778,4,1.0,0.2355555555555555,0.75,0.2666666666666666,800,1280,0.6,collected_the-stellar-swordmaster_ep2.csv,163
1702,2026-09-28T10:03:06.742812,... I WAS STRUCK BY BLACK LIGHTNING AND I'VE BEEN HEARING SOMEONE'S VOICE EVER SINCE .,0.7143,dialogue,dialogue,False,86,16,131,0,0,590,288,1.0,1.0,0.4,0.4,,1.0,1.0,0.9558823529411764,2.048611111111111,169920,0.0005061205273069,0.4285714285714285,1.2642857142857142,1.0,1.0,0.0,0.8142857142857143,16,1.0,0.1628571428571428,0.9,0.2528571428571428,800,1280,0.6,collected_the-stellar-swordmaster_ep2.csv,164
1703,2026-09-28T10:03:06.742881,",",0.2155,background,background,False,1,1,131,0,0,15,41,0.0,0.3,0.2,0.0,,0.01,0.6,0.0,0.3658536585365853,615,0.0016260162601626,0.0,0.5,1.0,0.0,0.99,0.3,1,0.5,0.06,0.5,0.1,800,1280,0.6,collected_the-stellar-swordmaster_ep2.csv,165
1704,2026-09-28T10:03:06.743296,"WHENEVER I PICK UP ! SOMETHING RESEMBLING A SWORD , I START HEARING THIS DEMON'S WHISPER .",0.7736,dialogue,dialogue,False,90,17,132,0,0,653,241,1.0,1.0,0.4,0.7,,1.0,1.0,0.945945945945946,2.7095435684647304,157373,0.0005718897142457,0.5,1.7,1.0,1.0,0.0,0.901470588235294,17,1.0,0.1802941176470588,0.9,0.3399999999999999,800,1280,0.6,collected_the-stellar-swordmaster_ep2.csv,166
1705,2026-09-28T10:03:06.743560,MAYBE I SHOULD BUY SOME HOLY WATER INSTEAD OF A SWORD .,0.7823,dialogue,dialogue,False,55,12,133,0,0,465,184,1.0,1.0,0.6,0.7,,1.0,1.0,0.9772727272727272,2.527173913043478,85560,0.0006428237494156,0.6363636363636364,1.7363636363636366,1.0,1.0,0.0,0.5121951219512195,12,1.0,0.1024390243902439,1.0,0.3472727272727273,800,1280,0.6,collected_the-stellar-swordmaster_ep2.csv,167
1706,2026-09-28T10:03:06.743674,HMPH !,0.7312,dialogue,dialogue,False,6,2,134,0,0,183,83,1.0,1.0,1.0,0.0,,1.0,2.0,0.8,2.2048192771084336,15189,0.000395022713806,0.0,0.5,1.0,1.0,0.0,0.3,2,0.6,0.06,0.6,0.1,800,1280,0.6,collected_the-stellar-swordmaster_ep2.csv,168
1707,2026-09-28T10:03:06.744045,I'LL JUST IGNORE IT .,0.7805,dialogue,dialogue,False,21,5,135,0,0,222,91,1.0,1.0,1.0,0.7,,1.0,1.0,0.8823529411764706,2.43956043956044,20202,0.001039501039501,0.75,1.875,1.0,1.0,0.0,0.4846153846153846,5,1.0,0.0969230769230769,0.75,0.375,800,1280,0.6,collected_the-stellar-swordmaster_ep2.csv,169
1708,2026-09-28T10:03:06.744164,"THE MORE OFTEN I ANSWER THE VOICE , THE MORE IT'LL KEEP TALKING TO ME .",0.8298,dialogue,dialogue,False,71,16,135,0,0,451,238,1.0,0.7,0.6,0.7,,1.0,1.0,0.9464285714285714,1.8949579831932772,107338,0.0006614619240157,0.6428571428571429,2.1785714285714284,1.0,1.0,0.0,0.6254901960784314,16,1.0,0.1250980392156862,0.9,0.8,800,1280,0.6,collected_the-stellar-swordmaster_ep2.csv,170
1709,2026-09-28T10:03:06.744220,SHAKE,0.4822,,background,False,5,1,135,0,0,112,48,1.0,1.0,0.6,0.0,,1.0,0.2,1.0,2.3333333333333335,5376,0.0009300595238095,0.0,0.5,0.0,0.0,0.0,0.3,1,1.0,0.06,0.5,0.1,800,1280,0.6,collected_the-stellar-swordmaster_ep2.csv,171
1710,2026-09-28T10:03:06.744378,SHAKE,0.4822,,background,False,5,1,136,0,0,115,41,1.0,1.0,0.6,0.0,,1.0,0.2,1.0,2.8048780487804876,4715,0.0010604453870625,0.0,0.5,0.0,0.0,0.0,0.3,1,1.0,0.06,0.5,0.1,800,1280,0.6,collected_the-stellar-swordmaster_ep2.csv,172
1711,2026-09-28T10:03:06.744453,"COME ON , FOCUS !",0.8454,dialogue,dialogue,False,17,5,136,0,0,211,87,1.0,1.0,1.0,0.7,,1.0,1.0,0.8461538461538461,2.425287356321839,18357,0.0009260772457373,0.6666666666666666,2.1666666666666665,1.0,1.0,0.0,0.5666666666666667,5,1.0,0.1133333333333333,0.75,0.8,800,1280,0.6,collected_the-stellar-swordmaster_ep2.csv,173
1712,2026-09-28T10:03:06.744673,ALWAYS TRY YOUR HARDEST AT THE VERY END .,0.7968,dialogue,dialogue,False,41,9,137,0,0,379,137,1.0,1.0,1.0,0.7,,1.0,1.0,0.9696969696969696,2.7664233576642334,51923,0.000789630799453,0.75,1.6875,1.0,1.0,0.0,0.7966666666666666,9,1.0,0.1593333333333333,1.0,0.3375,800,1280,0.6,collected_the-stellar-swordmaster_ep2.csv,174
1713,2026-09-28T10:03:06.744730,SIGH,0.5892,,background,False,4,1,137,0,0,191,110,1.0,0.7,1.0,1.0,,1.0,0.2,1.0,1.7363636363636363,21010,0.0001903855306996,1.0,0.5,0.0,0.0,0.0,0.3,1,0.6,0.06,0.5,0.1,800,1280,0.6,collected_the-stellar-swordmaster_ep2.csv,175
1714,2026-09-28T10:03:06.744912,CONCENTRATE ALL YOUR ENERGY AND STRENGTH ...,0.8062,dialogue,dialogue,False,44,7,138,0,0,377,136,1.0,1.0,1.0,0.7,,1.0,1.0,1.0,2.7720588235294117,51272,0.0008581682009673,0.5,1.8833333333333335,1.0,1.0,0.0,1.0484848484848486,7,1.0,0.2096969696969697,1.0,0.3766666666666667,800,1280,0.6,collected_the-stellar-swordmaster_ep2.csv,176
1715,2026-09-28T10:03:06.745098,... AND STRIKE WITH EVERYTHING YOU'VE GOT !,0.794,dialogue,dialogue,False,43,8,140,0,0,418,147,1.0,1.0,0.6,0.7,,1.0,1.0,0.9393939393939394,2.8435374149659864,61446,0.0006998014516811,0.5,1.7333333333333334,1.0,1.0,0.0,1.3586206896551725,8,1.0,0.2717241379310345,1.0,0.3466666666666667,800,1280,0.6,collected_the-stellar-swordmaster_ep2.csv,177
1716,2026-09-28T10:03:06.745247,TUCK IN YOUR ELBOWS !,0.745,dialogue,dialogue,False,21,5,141,0,0,469,118,1.0,1.0,1.0,0.7,,1.0,1.0,0.9411764705882352,3.9745762711864407,55342,0.0003794586390083,0.5,1.925,1.0,1.0,0.0,0.6928571428571428,5,0.6,0.1385714285714285,0.75,0.385,800,1280,0.6,collected_the-stellar-swordmaster_ep2.csv,178
1717,2026-09-28T10:03:06.745345,FLINCH,0.4542,,background,False,6,1,142,0,0,277,115,1.0,1.0,1.0,0.0,,1.0,0.2,1.0,2.408695652173913,31855,0.0001883534766912,0.0,0.5,0.0,0.0,0.0,0.3,1,0.6,0.06,0.5,0.1,800,1280,0.6,collected_the-stellar-swordmaster_ep2.csv,179
1718,2026-09-28T10:03:06.745444,00,0.1985,background,background,False,2,1,143,0,0,371,392,0.0,0.3,0.4,0.0,,0.91,0.2,0.0,0.9464285714285714,145432,1.375213158039496e-05,0.0,0.5,0.0,0.0,0.09,0.3,1,0.6,0.06,0.5,0.1,800,1280,0.6,collected_the-stellar-swordmaster_ep2.csv,180
1719,2026-09-28T10:03:06.745584,THAT WAS DIFFERENT .,0.8354,dialogue,dialogue,False,20,4,145,0,0,232,84,1.0,1.0,1.0,1.0,,1.0,1.0,0.9411764705882352,2.761904761904762,19488,0.0010262725779967,1.0,1.7666666666666666,1.0,1.0,0.0,1.4214285714285713,4,1.0,0.2842857142857142,0.75,0.3533333333333333,800,1280,0.6,collected_the-stellar-swordmaster_ep2.csv,181
1720,2026-09-28T10:03:06.745780,"EARLIER , I WAS JUST SWINGING THE SWORD .",0.8045,dialogue,dialogue,False,41,9,147,0,0,323,136,1.0,1.0,1.0,0.7,,1.0,1.0,0.9393939393939394,2.375,43928,0.0009333454744126,0.5714285714285714,1.9428571428571428,1.0,1.0,0.0,0.803448275862069,9,1.0,0.1606896551724138,1.0,0.3885714285714285,800,1280,0.6,collected_the-stellar-swordmaster_ep2.csv,182
1721,2026-09-28T10:03:06.746052,"BUT THIS TIME , IT FELT LIKE I CREATED SOMETHING ELSE ALTOGETHER ...",0.8557,dialogue,dialogue,False,68,13,148,0,0,453,190,1.0,1.0,0.6,0.7,,1.0,1.0,0.981132075471698,2.3842105263157896,86070,0.0007900546067154,0.5454545454545454,2.090909090909091,1.0,1.0,0.0,0.908,13,1.0,0.1815999999999999,1.0,0.8,800,1280,0.6,collected_the-stellar-swordmaster_ep2.csv,183
1722,2026-09-28T10:03:06.746182,A SWORD ARC,0.5367,,dialogue,False,11,3,151,0,0,503,57,1.0,0.3,1.0,0.4,,1.0,0.2,1.0,8.824561403508772,28671,0.0003836629346726,0.3333333333333333,1.8333333333333333,0.0,0.0,0.0,0.3,3,0.6,0.06,0.75,0.3666666666666666,800,1280,0.6,collected_the-stellar-swordmaster_ep2.csv,184
1723,2026-09-28T10:03:06.746391,WHAT THE HECK IS THIS THING IN MY HEAD ?!,0.8045,dialogue,dialogue,False,41,10,153,0,0,389,274,1.0,0.7,0.6,0.7,,1.0,1.0,0.9375,1.4197080291970805,106586,0.0003846659035895,0.7777777777777778,2.3333333333333335,1.0,1.0,0.0,1.1821428571428572,10,0.6,0.2364285714285714,1.0,0.8,800,1280,0.6,collected_the-stellar-swordmaster_ep2.csv,185
1724,2026-09-28T10:03:06.746564,The Stellar * Swordmaster,0.6839,,background,False,25,4,155,0,0,318,98,1.0,1.0,1.0,0.4,,1.0,0.2,1.0,3.2448979591836733,31164,0.000802207675523,0.3333333333333333,2.0,0.0,0.0,0.0,0.8157894736842105,4,1.0,0.1631578947368421,0.75,0.8,800,1212,0.6,collected_the-stellar-swordmaster_ep2.csv,186
1725,2026-09-28T10:03:06.746642,Tassistance manstar hyeun sanho,0.4482,background,background,False,31,4,155,0,0,144,118,1.0,0.7,1.0,0.0,,1.0,0.2,1.0,1.2203389830508475,16992,0.0018243879472693,0.0,0.5,0.0,0.0,0.0,0.4076923076923077,4,0.5,0.0815384615384615,0.75,0.1,800,1212,0.6,collected_the-stellar-swordmaster_ep2.csv,187
