sample_id,timestamp,text,score,auto_label,label,needs_review,text_length,word_count_raw,panel_id,bbox_x,bbox_y,bbox_width,bbox_height,feature_alphabet_ratio,feature_aspect_ratio,feature_bbox_area,feature_dictionary_ratio,feature_is_timestamp,feature_ocr_noise,feature_punctuation,feature_raw_alpha_ratio,feature_raw_aspect_ratio,feature_raw_bbox_area,feature_raw_density,feature_raw_dict_ratio,feature_raw_freq_score,feature_raw_has_any_punct,feature_raw_has_punctuation,feature_raw_noise,feature_raw_trigram,feature_raw_word_count,feature_text_density,feature_trigram_score,feature_word_count,feature_word_frequency,image_width,image_height,threshold_used,model_prob
0,2026-09-28T11:11:29.578729,WHOO,0.4212,background,background,False,4,1,0,0,0,496,419,1.0,0.7,0.4,0.0,,1.0,0.2,1.0,1.1837708830548925,207824,1.9247055200554316e-05,0.0,0.5,False,False,0.0,0.3,1,0.6,0.06,0.5,0.1,800,1000,0.6,0.0
1,2026-09-28T11:11:29.582925,129,0.2175,background,background,False,3,1,1,0,0,51,23,0.0,1.0,0.2,0.0,,0.91,0.2,0.0,2.217391304347826,1173,0.0025575447570332483,0.0,0.5,False,False,0.09,0.3,1,0.5,0.06,0.5,0.1,800,1000,0.6,0.0392
2,2026-09-28T11:11:29.586747,FLAP,0.4212,background,background,False,4,1,2,0,0,698,477,1.0,0.7,0.4,0.0,,1.0,0.2,1.0,1.4633123689727463,332946,1.2013960221777706e-05,0.0,0.5,False,False,0.0,0.3,1,0.6,0.06,0.5,0.1,800,1000,0.6,0.0025
3,2026-09-28T11:11:29.590625,MY NAME IS SUHO KIM .,0.6398,,,True,21,6,4,0,0,391,26,1.0,0.3,1.0,0.4,,1.0,1.0,0.9375,15.038461538461538,10166,0.0020657092268345466,0.4,1.02,True,True,0.0,0.3,6,0.5,0.06,1.0,0.20400000000000001,800,1000,0.6,0.7072
4,2026-09-28T11:11:29.594795,BBO ! BANG !,0.7217,dialogue,dialogue,False,12,4,7,0,0,302,53,1.0,0.7,1.0,0.7,,1.0,1.0,0.7777777777777778,5.69811320754717,16006,0.000749718855429214,0.5,0.5,True,True,0.0,0.3,4,1.0,0.06,0.75,0.1,800,1000,0.6,0.6091
5,2026-09-28T11:11:29.594809,GGO !,0.6972,,,True,5,2,7,0,0,86,26,1.0,1.0,0.2,0.0,,1.0,2.0,0.75,3.3076923076923075,2236,0.0022361359570661895,0.0,0.5,True,True,0.0,0.3,2,0.5,0.06,0.6,0.1,800,1000,0.6,0.7297
6,2026-09-28T11:11:29.594816,HA !,0.6572,,,True,4,2,7,0,0,57,27,0.8,1.0,0.2,0.0,,1.0,2.0,0.6666666666666666,2.111111111111111,1539,0.002599090318388564,0.0,0.5,True,True,0.0,0.3,2,0.5,0.06,0.6,0.1,800,1000,0.6,0.8979
7,2026-09-28T11:11:29.598623,"NO , IN THIS WORLD , MY NAME IS LLOYD FRONTERA !",0.7974,dialogue,dialogue,False,48,12,8,0,0,326,144,1.0,1.0,1.0,0.7,,1.0,1.0,0.918918918918919,2.263888888888889,46944,0.0010224948875255625,0.6666666666666666,1.7777777777777777,True,True,0.0,0.646875,12,1.0,0.129375,1.0,0.3555555555555555,800,1000,0.6,1.0
8,2026-09-28T11:11:29.602453,AND THIS IS THE STORY ...,0.8671,dialogue,dialogue,False,25,6,9,0,0,208,66,1.0,1.0,1.0,1.0,,1.0,1.0,1.0,3.1515151515151514,13728,0.001821095571095571,0.8,2.82,True,True,0.0,1.22,6,0.5,0.244,1.0,0.8,800,1000,0.6,1.0
9,2026-09-28T11:11:29.602464,TWIRL,0.4272,background,background,False,5,1,9,0,0,317,308,1.0,0.7,0.6,0.0,,1.0,0.2,1.0,1.0292207792207793,97636,5.121061903396288e-05,0.0,0.5,False,False,0.0,0.3,1,0.6,0.06,0.5,0.1,800,1000,0.6,0.0
10,2026-09-28T11:11:29.606268,SLAM,0.5712,,,True,4,1,12,0,0,479,290,1.0,0.7,0.4,1.0,,1.0,0.2,1.0,1.6517241379310346,138910,2.8795623065294076e-05,1.0,0.5,False,False,0.0,0.3,1,0.6,0.06,0.5,0.1,800,1000,0.6,0.0159
11,2026-09-28T11:11:29.609900,822222227,0.2185,background,background,False,9,1,16,0,0,607,374,0.0,0.7,0.4,0.0,,0.91,0.2,0.0,1.6229946524064172,227018,3.9644433481045555e-05,0.0,0.5,False,False,0.09,0.3,1,0.6,0.06,0.5,0.1,800,1000,0.6,0.015
12,2026-09-28T11:11:29.613310,"i """,0.6707,,,True,3,2,17,0,0,41,57,0.8,0.3,0.2,1.0,,0.44999999999999996,0.2,0.5,0.7192982456140351,2337,0.0012836970474967907,1.0,4.2,False,False,0.55,0.3,2,1.0,0.06,0.6,1.0,800,1000,0.6,0.6194
13,2026-09-28T11:11:29.617074,... OF HOW YOUR AVERAGE CIVIL ENGINEERING STUDENT ...,0.7349,dialogue,dialogue,False,53,9,18,0,0,356,144,1.0,1.0,0.6,0.4,,1.0,1.0,1.0,2.4722222222222223,51264,0.001033863920099875,0.42857142857142855,1.557142857142857,True,True,0.0,0.7297297297297297,9,1.0,0.14594594594594595,1.0,0.3114285714285714,800,1000,0.6,0.9998
14,2026-09-28T11:11:29.620390,... TURNED AN ENTIRE WORLD UPSIDE DOWN !,0.719,dialogue,dialogue,False,40,8,20,0,0,245,105,1.0,1.0,1.0,0.7,,1.0,1.0,0.9666666666666667,2.3333333333333335,25725,0.001554907677356657,0.5,0.9333333333333332,True,True,0.0,0.42962962962962964,8,0.5,0.08592592592592593,1.0,0.18666666666666665,800,1000,0.6,0.99
15,2026-09-28T11:11:29.623723,WHOOOOSH,0.5862,,,True,8,1,21,0,0,506,247,1.0,1.0,0.4,1.0,,1.0,0.2,1.0,2.048582995951417,124982,6.400921732729513e-05,1.0,0.5,False,False,0.0,0.3,1,0.6,0.06,0.5,0.1,800,1000,0.6,0.0209
16,2026-09-28T11:11:29.627397,JAVIER .,0.5592,,,True,8,2,23,0,0,123,28,1.0,1.0,0.6,0.0,,1.0,1.0,0.8571428571428571,4.392857142857143,3444,0.0023228803716608595,0.0,0.5,True,True,0.0,0.3,2,0.5,0.06,0.6,0.1,800,1000,0.6,0.9754
17,2026-09-28T11:11:29.627406,"YES , MASTER LLOYD ?",0.7126,dialogue,dialogue,False,20,5,23,0,0,216,68,1.0,1.0,1.0,0.4,,1.0,1.0,0.875,3.176470588235294,14688,0.0013616557734204794,0.3333333333333333,1.0666666666666667,True,True,0.0,0.5750000000000001,5,1.0,0.11500000000000002,0.75,0.21333333333333332,800,1000,0.6,1.0
18,2026-09-28T11:11:29.630576,THIS IS ...,0.8196,dialogue,dialogue,False,11,3,24,0,0,146,23,1.0,0.5,0.6,1.0,,1.0,1.0,1.0,6.3478260869565215,3358,0.003275759380583681,1.0,2.05,True,True,0.0,1.7249999999999999,3,0.5,0.345,0.75,0.8,800,1000,0.6,1.0
19,2026-09-28T11:11:29.633933,... ALL MONEY !,0.7018,dialogue,dialogue,False,15,4,25,0,0,235,29,1.0,0.3,1.0,0.7,,1.0,1.0,0.8888888888888888,8.10344827586207,6815,0.0022010271460014674,0.5,1.75,True,True,0.0,1.2,4,0.5,0.24,0.75,0.35,800,1000,0.6,1.0
20,2026-09-28T11:11:29.637552,BWA,0.4542,,,True,3,1,26,0,0,338,125,1.0,1.0,1.0,0.0,,1.0,0.2,1.0,2.704,42250,7.100591715976331e-05,0.0,0.5,False,False,0.0,0.3,1,0.6,0.06,0.5,0.1,800,1000,0.6,0.0
21,2026-09-28T11:11:29.637582,HA HA,0.3992,background,background,False,5,2,26,0,0,265,303,1.0,0.3,0.6,0.0,,0.5,0.2,1.0,0.8745874587458746,80295,6.227037798119434e-05,0.0,0.5,False,False,0.5,0.3,2,0.6,0.06,0.6,0.1,800,1000,0.6,0.0696
22,2026-09-28T11:11:29.637606,129,0.2175,background,background,False,3,1,26,0,0,51,18,0.0,1.0,0.2,0.0,,0.91,0.2,0.0,2.8333333333333335,918,0.0032679738562091504,0.0,0.5,False,False,0.09,0.3,1,0.5,0.06,0.5,0.1,800,1000,0.6,0.0193
23,2026-09-28T11:11:29.640930,"HAVE YOU FINALLY LOST IT , SIR ?",0.8633,dialogue,dialogue,False,32,8,27,0,0,282,106,1.0,1.0,1.0,0.7,,1.0,1.0,0.92,2.660377358490566,29892,0.001070520540612873,0.5,2.2666666666666666,True,True,0.0,0.5904761904761905,8,1.0,0.1180952380952381,1.0,0.8,800,1000,0.6,1.0
24,2026-09-28T11:11:29.644391,THE GREATEST TCTATT,0.6278,,,True,19,3,28,0,0,732,166,1.0,1.0,0.4,0.4,,1.0,0.2,1.0,4.409638554216867,121512,0.00015636315754822568,0.3333333333333333,2.0,False,False,0.0,0.9466666666666667,3,0.6,0.18933333333333333,0.75,0.8,800,1000,0.6,0.7331
25,2026-09-28T11:11:29.648322,ES AIE DEVELOPER,0.4564,,,True,16,3,29,0,0,642,179,1.0,1.0,0.4,0.0,,1.0,0.2,1.0,3.5865921787709496,114918,0.00013922971162045982,0.0,0.5,False,False,0.0,0.4916666666666667,3,0.6,0.09833333333333334,0.75,0.1,800,1000,0.6,0.0349
26,2026-09-28T11:11:29.648354,V Adaptation : Lee hyunmin,0.5271,,,True,26,5,29,0,0,228,47,1.0,1.0,1.0,0.0,,1.0,0.6,0.9545454545454546,4.851063829787234,10716,0.0024262784621127288,0.0,0.5,True,False,0.0,0.6842105263157895,5,0.5,0.1368421052631579,0.75,0.1,800,1000,0.6,0.1698
27,2026-09-28T11:11:29.648379,Original Story :,0.4647,,,True,16,3,29,0,0,126,20,1.0,0.5,0.6,0.0,,1.0,0.6,0.9285714285714286,6.3,2520,0.006349206349206349,0.0,0.5,True,False,0.0,0.3,3,0.3,0.06,0.75,0.1,800,1000,0.6,0.1143
28,2026-09-28T11:11:29.648401,Art : Kim Hyunsoo,0.4547,,,True,17,4,29,0,0,160,19,1.0,0.3,0.6,0.0,,1.0,0.6,0.9285714285714286,8.421052631578947,3040,0.005592105263157895,0.0,0.5,True,False,0.0,0.3,4,0.3,0.06,0.75,0.1,800,1000,0.6,0.114
29,2026-09-28T11:11:29.652086,XX,0.3852,background,background,False,2,1,31,0,0,18,15,1.0,0.7,0.2,0.0,,1.0,0.2,1.0,1.2,270,0.007407407407407408,0.0,0.5,False,False,0.0,0.3,1,0.3,0.06,0.5,0.1,800,1000,0.6,0.0014
30,2026-09-28T11:11:29.652121,A FEW YEARS AGO ...,0.7667,dialogue,dialogue,False,19,5,31,0,0,209,63,1.0,1.0,1.0,0.7,,1.0,1.0,1.0,3.3174603174603177,13167,0.001443001443001443,0.5,1.5,True,True,0.0,0.3,5,1.0,0.06,0.75,0.3,800,1000,0.6,1.0
31,2026-09-28T11:11:29.655954,"DING ALARM YOU HAVE BEEN CHOSEN TO HAVE A RANDOM WISH GRANTED BY THE "" ABSOLUTE "" !",0.7841,dialogue,dialogue,False,83,18,32,0,0,583,467,1.0,0.7,0.4,0.7,,1.0,1.0,0.984375,1.2483940042826553,272261,0.00030485453296652846,0.5333333333333333,2.26,True,True,0.0,0.6524590163934426,18,0.6,0.13049180327868853,0.9,0.8,800,1000,0.6,0.9871
32,2026-09-28T11:11:29.655967,DONG,0.4546,,,True,4,1,32,0,0,262,145,1.0,0.7,1.0,0.0,,1.0,0.2,1.0,1.806896551724138,37990,0.000105290866017373,0.0,0.5,False,False,0.0,1.4,1,0.6,0.27999999999999997,0.5,0.1,800,1000,0.6,0.0
33,2026-09-28T11:11:29.659676,DING CONGRATS :) CLAP CLAP CLAP DONG,0.5212,,,True,36,7,33,0,0,708,492,1.0,0.7,0.4,0.0,,1.0,0.6,0.9333333333333333,1.4390243902439024,348336,0.00010334849111202976,0.0,0.5,True,False,0.0,0.6538461538461539,7,0.6,0.13076923076923078,1.0,0.1,800,1000,0.6,0.2737
34,2026-09-28T11:11:29.663127,CLAP CONGRATS CLAP CLAP,0.429,background,background,False,23,4,34,0,0,77,149,1.0,0.3,1.0,0.0,,1.0,0.2,1.0,0.5167785234899329,11473,0.00200470670269328,0.0,0.5,False,False,0.0,0.4666666666666667,4,0.5,0.09333333333333334,0.75,0.1,800,974,0.6,0.0673
35,2026-09-28T11:11:29.667405,"YOU ARE NOW A CHARACTER OF "" KNIGHT OF BLOOD AND IRON . """,0.7936,dialogue,dialogue,False,57,14,35,0,0,330,133,1.0,1.0,0.6,0.7,,1.0,0.6,0.9534883720930233,2.481203007518797,43890,0.0012987012987012987,0.6363636363636364,2.4272727272727272,True,False,0.0,0.7564102564102564,14,1.0,0.15128205128205127,1.0,0.8,800,600,0.6,1.0
36,2026-09-28T11:11:29.670899,KNIGHT OF BLOOD AND IRON ... ? THE BOOK I READ LAST NIGHT ... ?,0.7929,dialogue,dialogue,False,63,15,36,0,0,399,144,1.0,1.0,0.6,0.7,,1.0,1.0,0.9534883720930233,2.7708333333333335,57456,0.0010964912280701754,0.5454545454545454,1.981818181818182,True,True,0.0,0.7461538461538462,15,1.0,0.14923076923076922,1.0,0.39636363636363636,800,1000,0.6,0.9998
37,2026-09-28T11:11:29.670908,"OF NOW YOU "" A KNIGHT CHARACTER ARE AND OF IRON BLOOD",0.6615,,,True,53,12,36,0,0,124,147,1.0,0.3,1.0,0.7,,1.0,0.2,1.0,0.8435374149659864,18228,0.0029076146587667323,0.6363636363636364,2.4272727272727272,False,False,0.0,0.8179487179487179,12,0.5,0.1635897435897436,1.0,0.8,800,1000,0.6,0.937
38,2026-09-28T11:11:29.674430,GOOD LUCK ! YOU'VE GOT THIS ! YEAH ! POR,0.669,,,True,40,10,37,0,0,508,227,1.0,1.0,0.4,0.7,,1.0,0.6,0.8709677419354839,2.237885462555066,115316,0.00034687294044191615,0.5714285714285714,1.4285714285714286,True,False,0.0,0.6559999999999999,10,0.6,0.13119999999999998,1.0,0.2857142857142857,800,1000,0.6,0.9863
39,2026-09-28T11:11:29.677976,A WISH ? GOOD LUCK WITH WHAT ?,0.8675,dialogue,dialogue,False,30,8,38,0,0,293,105,1.0,1.0,1.0,0.7,,1.0,1.0,0.9130434782608695,2.7904761904761903,30765,0.0009751340809361287,0.6666666666666666,2.433333333333333,True,True,0.0,0.8894736842105262,8,1.0,0.17789473684210524,1.0,0.8,800,1000,0.6,1.0
40,2026-09-28T11:11:29.677985,I HAVEN'T EVEN HAD ANYTHING TO DRINK ...,0.7367,dialogue,dialogue,False,40,8,38,0,0,375,66,1.0,0.7,1.0,0.7,,1.0,1.0,0.9666666666666667,5.681818181818182,24750,0.0016161616161616162,0.7142857142857143,1.8285714285714287,True,True,0.0,0.8444444444444444,8,0.5,0.1688888888888889,1.0,0.36571428571428577,800,1000,0.6,1.0
41,2026-09-28T11:11:29.681257,OH ! IS THIS ONE OF THOSE WEB NOVELS WHERE I'VE POSSESSED SOMEONE FROM A DIFFERENT WORLD ?,0.7617,dialogue,dialogue,False,90,18,39,0,0,398,227,1.0,0.7,0.6,0.7,,1.0,1.0,0.958904109589041,1.7533039647577093,90346,0.000996170278706307,0.6875,1.6625,True,True,0.0,0.7720588235294118,18,1.0,0.15441176470588236,0.9,0.3325,800,1000,0.6,0.9998
42,2026-09-28T11:11:29.684681,AM I IN A DIFFERENT WORLD ?!,0.9094,dialogue,dialogue,False,28,7,40,0,0,263,106,1.0,1.0,1.0,1.0,,1.0,1.0,0.9090909090909091,2.481132075471698,27878,0.0010043762106320396,1.0,2.4333333333333336,True,True,0.0,0.6722222222222222,7,1.0,0.13444444444444442,1.0,0.8,800,1000,0.6,1.0
43,2026-09-28T11:11:29.688667,SO THEN ...,0.8144,dialogue,dialogue,False,11,3,41,0,0,176,25,1.0,0.5,0.6,1.0,,1.0,1.0,1.0,7.04,4400,0.0025,1.0,2.5,True,True,0.0,1.35,3,0.5,0.27,0.75,0.8,800,1000,0.6,1.0
44,2026-09-28T11:11:29.688679,... WHY AM I WAKING UP FACE DOWN ON A DIRT,0.7365,dialogue,dialogue,False,42,11,41,0,0,288,108,1.0,1.0,1.0,0.7,,1.0,0.6,1.0,2.6666666666666665,31104,0.0013503086419753086,0.7,1.8399999999999999,True,False,0.0,0.44814814814814813,11,1.0,0.08962962962962963,1.0,0.368,800,1000,0.6,0.9983
45,2026-09-28T11:11:29.692446,ROAD ?!,0.6542,,,True,7,2,42,0,0,117,22,0.8,0.7,0.6,0.0,,1.0,2.0,0.6666666666666666,5.318181818181818,2574,0.0027195027195027195,0.0,0.5,True,True,0.0,0.3,2,0.5,0.06,0.6,0.1,800,1000,0.6,0.9901
46,2026-09-28T11:11:29.696017,UGH ... IT'S FREEZING ...,0.7074,dialogue,dialogue,False,25,5,43,0,0,192,65,1.0,1.0,1.0,0.7,,1.0,1.0,0.9333333333333333,2.953846153846154,12480,0.002003205128205128,0.6666666666666666,1.0333333333333334,True,True,0.0,0.6333333333333333,5,0.5,0.12666666666666665,0.75,0.2066666666666667,800,1000,0.6,1.0
47,2026-09-28T11:11:29.696028,SHIVER,0.4581,,,True,6,1,43,0,0,229,152,1.0,0.7,1.0,0.0,,1.0,0.2,1.0,1.506578947368421,34808,0.0001723741668581935,0.0,0.5,False,False,0.0,1.65,1,0.6,0.32999999999999996,0.5,0.1,800,1000,0.6,0.0
48,2026-09-28T11:11:29.699638,ACK ! WHAT'S WRONG WITH MY LIPS ?!,0.7917,dialogue,dialogue,False,34,8,44,0,0,262,106,1.0,1.0,1.0,0.7,,1.0,1.0,0.8518518518518519,2.4716981132075473,27772,0.0012242546449661529,0.5,1.5,True,True,0.0,0.8333333333333334,8,1.0,0.16666666666666669,1.0,0.3,800,1000,0.6,1.0
49,2026-09-28T11:11:29.702954,DING,0.4672,,,True,4,1,45,0,0,234,165,1.0,0.7,1.0,0.0,,1.0,0.2,1.0,1.4181818181818182,38610,0.0001036001036001036,0.0,0.5,False,False,0.0,2.3,1,0.6,0.45999999999999996,0.5,0.1,800,1000,0.6,0.0
50,2026-09-28T11:11:29.706434,HEALTH ALERT ! YOUR JAW HAS GONE OUT OF PLACE FROM SLEEPING ON THE GROUND ! ( LAUGH ) DONG,0.6561,,,True,90,20,46,0,0,525,465,1.0,0.7,0.4,0.7,,1.0,0.6,0.9710144927536232,1.1290322580645162,244125,0.0003686635944700461,0.5625,1.6875,True,False,0.0,0.7507692307692307,20,0.6,0.15015384615384614,0.9,0.3375,800,1000,0.6,0.9923
51,2026-09-28T11:11:29.710321,I KNOW THAT ! THESE ALERTS ARE TICKING ME OFF !,0.7899,dialogue,dialogue,False,47,11,47,0,0,341,147,1.0,1.0,0.6,0.7,,1.0,1.0,0.9459459459459459,2.3197278911564627,50127,0.0009376184491391864,0.7777777777777778,1.7777777777777777,True,True,0.0,0.9666666666666667,11,1.0,0.19333333333333333,1.0,0.3555555555555555,800,1000,0.6,1.0
52,2026-09-28T11:11:29.710336,www.rck KYAA !,0.5387,,,True,14,3,47,0,0,334,410,1.0,0.3,0.4,0.0,,1.0,1.0,0.9,0.8146341463414634,136940,0.00010223455527968454,0.0,0.5,True,True,0.0,0.3,3,0.6,0.06,0.75,0.1,800,1000,0.6,0.2592
53,2026-09-28T11:11:29.713884,SO I GET THAT I'VE TAKEN OVER SOME CHARACTER IN THIS STORY ...,0.8547,dialogue,dialogue,False,62,13,48,0,0,408,148,1.0,1.0,0.6,0.7,,1.0,1.0,0.9787234042553191,2.7567567567567566,60384,0.0010267620561738209,0.75,2.3666666666666667,True,True,0.0,0.8386363636363636,13,1.0,0.16772727272727272,1.0,0.8,800,1000,0.6,0.99
54,2026-09-28T11:11:29.717583,A THIS THIS IS IS ? DREAM REAL ... ? FOR,0.7962,dialogue,dialogue,False,40,11,49,0,0,213,153,1.0,0.7,1.0,0.7,,1.0,0.6,0.9259259259259259,1.392156862745098,32589,0.0012274080211114179,0.75,2.2125,True,False,0.0,1.1565217391304348,11,1.0,0.23130434782608694,1.0,0.8,800,1000,0.6,1.0
55,2026-09-28T11:11:29.717592,WHO HAVE I TAKEN OVER ? IN,0.8766,dialogue,dialogue,False,26,7,49,0,0,303,66,1.0,1.0,1.0,1.0,,1.0,0.6,0.95,4.590909090909091,19998,0.0013001300130013002,0.8333333333333334,3.016666666666667,True,False,0.0,0.47058823529411764,7,1.0,0.09411764705882353,1.0,1.0,800,1000,0.6,1.0
56,2026-09-28T11:11:29.721147,""" KNIGHT OF BLOOD AND IRON "" ... THE ONLY PERSON WHO LIVED IN THE MIDDLE OF NOWHERE AND FELL ASLEEP ON THE GROUND WAS ...",0.8421,dialogue,dialogue,False,121,26,50,0,0,658,314,1.0,1.0,0.4,0.7,,1.0,1.0,1.0,2.0955414012738856,206612,0.0005856387818713337,0.5909090909090909,2.3545454545454545,True,True,0.0,0.8616279069767441,26,1.0,0.17232558139534881,0.9,0.8,800,1000,0.6,0.9534
57,2026-09-28T11:11:29.721155,MASTER LLOYD .,0.5518,,,True,14,3,50,0,0,257,25,1.0,0.3,1.0,0.0,,1.0,1.0,0.9166666666666666,10.28,6425,0.002178988326848249,0.0,0.5,True,True,0.0,0.6666666666666666,3,0.5,0.13333333333333333,0.75,0.1,800,1000,0.6,0.988
58,2026-09-28T11:11:29.724491,THERE YOU ARE .,0.8275,dialogue,dialogue,False,15,4,51,0,0,270,26,1.0,0.3,1.0,1.0,,1.0,1.0,0.9166666666666666,10.384615384615385,7020,0.002136752136752137,1.0,2.4,True,True,0.0,2.1444444444444444,4,0.5,0.4288888888888889,0.75,0.8,800,1000,0.6,0.985
59,2026-09-28T11:11:29.727790,I'VE BEEN LOOKING EVERYWHERE FOR YOU . STEP,0.6623,,,True,43,8,52,0,0,595,395,1.0,0.7,0.4,0.7,,1.0,0.6,0.9444444444444444,1.5063291139240507,235025,0.00018295925965322837,0.5714285714285714,1.4714285714285715,True,False,0.0,1.15625,8,0.6,0.23125,1.0,0.2942857142857143,800,1000,0.6,0.9927
60,2026-09-28T11:11:29.731005,1:25,0.0,background,background,False,4,1,53,0,0,356,152,,0.0,0.0,,True,,0.0,,0.0,0,0.0,,,False,False,,,0,0.0,,0.0,,800,1000,0.6,0.0502
61,2026-09-28T11:11:29.734302,LET US RETURN TO THE MANOR .,0.8008,dialogue,dialogue,False,28,7,55,0,0,261,104,1.0,1.0,1.0,0.7,,1.0,1.0,0.9545454545454546,2.5096153846153846,27144,0.001031535514294135,0.6666666666666666,1.95,True,True,0.0,0.5210526315789474,7,1.0,0.10421052631578949,1.0,0.39,800,1000,0.6,1.0
62,2026-09-28T11:11:29.738219,"THE PROTAGONIST OF "" KNIGHT OF BLOOD AND IRON "" JAVIER ASRAHAN",0.6861,,,True,62,12,57,0,0,451,194,1.0,1.0,0.6,0.4,,1.0,0.2,1.0,2.3247422680412373,87494,0.0007086200196584908,0.4,2.17,False,False,0.0,0.5787234042553191,12,1.0,0.11574468085106382,1.0,0.8,800,1000,0.6,0.8762
63,2026-09-28T11:11:29.738233,HE,0.7052,dialogue,dialogue,False,2,1,57,0,0,42,20,1.0,1.0,0.2,1.0,,1.0,0.2,1.0,2.1,840,0.002380952380952381,1.0,3.8,False,False,0.0,0.3,1,0.5,0.06,0.5,1.0,800,1000,0.6,0.8087
64,2026-09-28T11:11:29.741896,LOOKS JUST LIKE IN THE BOOK ...,0.8121,dialogue,dialogue,False,31,7,58,0,0,282,66,1.0,1.0,1.0,0.7,,1.0,1.0,1.0,4.2727272727272725,18612,0.001665592091124006,0.6666666666666666,2.5500000000000003,True,True,0.0,0.51,7,0.5,0.10200000000000001,1.0,0.8,800,1000,0.6,1.0
65,2026-09-28T11:11:29.745368,DID HE JUST CALL ME LLOYD ?,0.8277,dialogue,dialogue,False,27,7,59,0,0,282,66,1.0,1.0,0.6,1.0,,1.0,1.0,0.9523809523809523,4.2727272727272725,18612,0.0014506769825918763,0.8333333333333334,1.7166666666666668,True,True,0.0,0.5888888888888889,7,1.0,0.11777777777777779,1.0,0.3433333333333334,800,348,0.6,0.9374
66,2026-09-28T11:11:29.749046,"IN THE BOOK , HE IS JAVIER , THE RENOWNED SWORDSMAN !",0.8538,dialogue,dialogue,False,53,12,60,0,0,334,147,1.0,1.0,0.6,0.7,,1.0,1.0,0.9285714285714286,2.272108843537415,49098,0.0010794737056499246,0.5555555555555556,2.3,True,True,0.0,0.7702702702702703,12,1.0,0.15405405405405406,1.0,0.8,800,1000,0.6,1.0
67,2026-09-28T11:11:29.752719,"BUT HE STARTS OFF AS AN UNKNOWN KNIGHT WORKING FOR THE COUNTRY LORD , ARCOS FRONTERA .",0.7368,dialogue,dialogue,False,86,17,62,0,0,487,151,1.0,1.0,0.6,0.4,,1.0,1.0,0.9714285714285714,3.225165562913907,73537,0.0011694793097352353,0.4666666666666667,1.8533333333333333,True,True,0.0,0.7287878787878788,17,1.0,0.14575757575757575,0.9,0.37066666666666664,800,1000,0.6,0.9998
68,2026-09-28T11:11:29.756290,XXXX,0.4002,background,background,False,4,1,63,0,0,34,16,1.0,1.0,0.2,0.0,,1.0,0.2,1.0,2.125,544,0.007352941176470588,0.0,0.5,False,False,0.0,0.3,1,0.3,0.06,0.5,0.1,800,1000,0.6,0.0083
69,2026-09-28T11:11:29.756327,AND THE ELDEST SON OF BARON FRONTERA IS--,0.7605,dialogue,dialogue,False,41,8,63,0,0,385,109,1.0,1.0,1.0,0.4,,1.0,0.6,0.9411764705882353,3.532110091743119,41965,0.0009770046467294173,0.375,2.075,True,False,0.0,0.75,8,1.0,0.15,1.0,0.8,800,1000,0.6,0.998
70,2026-09-28T11:11:29.759847,"I'M THE HOOLIGAN , LLOYD FRONTERA ?!",0.6898,,,True,36,7,64,0,0,478,173,1.0,1.0,0.6,0.4,,1.0,1.0,0.8666666666666667,2.7630057803468207,82694,0.0004353399279270564,0.4,1.4,True,True,0.0,0.7000000000000001,7,0.6,0.14,1.0,0.27999999999999997,800,1000,0.6,0.9937
71,2026-09-28T11:11:29.763108,"I CALLED YOUR NAME , BUT I HAVE NEVER CALLED YOU A HOOLIGAN .",0.8655,dialogue,dialogue,False,61,14,67,0,0,324,147,1.0,1.0,1.0,0.7,,1.0,1.0,0.9583333333333334,2.204081632653061,47628,0.0012807592172671537,0.6666666666666666,2.441666666666667,True,True,0.0,0.7477272727272727,14,1.0,0.14954545454545454,1.0,0.8,800,1000,0.6,1.0
72,2026-09-28T11:11:29.766432,"WELL , IT'S GOOD THAT YOU ARE SELF - AWARE AT LEAST .",0.8563,dialogue,dialogue,False,53,13,68,0,0,348,145,1.0,1.0,0.6,0.7,,1.0,1.0,0.925,2.4,50460,0.0010503369005152596,0.7,2.0100000000000002,True,True,0.0,0.9485714285714286,13,1.0,0.18971428571428572,1.0,0.8,800,1000,0.6,1.0
73,2026-09-28T11:11:29.770040,SHIRK,0.4542,,,True,5,1,69,0,0,157,74,1.0,1.0,1.0,0.0,,1.0,0.2,1.0,2.1216216216216215,11618,0.000430366672404889,0.0,0.5,False,False,0.0,0.3,1,0.6,0.06,0.5,0.1,800,1000,0.6,0.0
74,2026-09-28T11:11:29.770073,JAVIER SEEMS TO BE IN A GOOD MOOD . HEH . I CAN SEE THAT ! SHUT UP ALREADY !,0.7981,dialogue,dialogue,False,76,20,69,0,0,586,280,1.0,1.0,0.4,0.7,,1.0,1.0,0.9298245614035088,2.092857142857143,164080,0.00046318868844466115,0.625,2.48125,True,True,0.0,0.5784313725490197,20,0.6,0.11568627450980393,0.9,0.8,800,1000,0.6,0.9274
75,2026-09-28T11:11:29.773340,H,0.3852,background,background,False,1,1,71,0,0,14,17,1.0,0.3,0.2,0.0,,1.0,0.2,1.0,0.8235294117647058,238,0.004201680672268907,0.0,0.5,False,False,0.0,0.3,1,0.5,0.06,0.5,0.1,800,1000,0.6,0.0014
76,2026-09-28T11:11:29.776778,SO YOU HAVE NO IDEA HOW YOU ENDED UP LIKE THAT ?,0.9105,dialogue,dialogue,False,48,12,73,0,0,416,106,1.0,1.0,1.0,1.0,,1.0,1.0,0.972972972972973,3.9245283018867925,44096,0.0010885341074020319,0.8181818181818182,2.690909090909091,True,True,0.0,0.7470588235294118,12,1.0,0.14941176470588236,1.0,0.8,800,1000,0.6,1.0
77,2026-09-28T11:11:29.776787,"YOU STARTED DRINKING IN THE AFTERNOON , GOT DRUNK , DESTROYED THE PUB FURNITURE , AND THEN YOU PASSED OUT ON YOUR WAY BACK",0.7391,dialogue,dialogue,False,122,24,73,0,0,698,322,1.0,1.0,0.4,0.7,,1.0,0.6,0.9696969696969697,2.1677018633540373,224756,0.0005428108704550713,0.5714285714285714,2.1952380952380954,True,False,0.0,0.7904255319148936,24,1.0,0.15808510638297874,0.3,0.8,800,1000,0.6,0.979
78,2026-09-28T11:11:29.780060,TO THE MANOR .,0.7941,dialogue,dialogue,False,14,4,74,0,0,260,26,1.0,0.3,1.0,0.7,,1.0,1.0,0.9090909090909091,10.0,6760,0.0020710059171597634,0.6666666666666666,3.4,True,True,0.0,0.825,4,0.5,0.16499999999999998,0.75,1.0,800,1000,0.6,0.8756
79,2026-09-28T11:11:29.780068,THAT,0.7514,dialogue,dialogue,False,4,1,74,0,0,82,26,1.0,1.0,0.2,1.0,,1.0,0.2,1.0,3.1538461538461537,2132,0.001876172607879925,1.0,4.3,False,False,0.0,3.6,1,0.5,0.72,0.5,1.0,800,1000,0.6,0.866
80,2026-09-28T11:11:29.783476,REALLY IS THE DAY IN THE LIFE OF A HOOLIGAN .,0.9102,dialogue,dialogue,False,45,11,75,0,0,324,106,1.0,1.0,1.0,1.0,,1.0,1.0,0.9714285714285714,3.056603773584906,34344,0.001310272536687631,0.9,2.6,True,True,0.0,0.728125,11,1.0,0.145625,1.0,0.8,800,1000,0.6,1.0
81,2026-09-28T11:11:29.783486,HIS LORDSHIP WAS WORRIED AND HE SENT ME .,0.8652,dialogue,dialogue,False,41,9,75,0,0,317,105,1.0,1.0,1.0,0.7,,1.0,1.0,0.9696969696969697,3.019047619047619,33285,0.0012317860898302538,0.625,2.05,True,True,0.0,0.73,9,1.0,0.146,1.0,0.8,800,1000,0.6,1.0
82,2026-09-28T11:11:29.783492,"YOU MAY BE A HOOLIGAN ,",0.8472,dialogue,dialogue,False,23,6,75,0,0,272,69,1.0,1.0,1.0,1.0,,1.0,0.6,0.9444444444444444,3.9420289855072466,18768,0.0012254901960784314,0.8,2.82,True,False,0.0,0.5133333333333333,6,1.0,0.10266666666666666,1.0,0.8,800,1000,0.6,1.0
83,2026-09-28T11:11:29.786823,"BUT YOU ARE HIS SON . IF YOU DIE ON THE ROAD WITH YOUR JAW OUT OF PLACE , HE WILL BE SAD .",0.8938,dialogue,dialogue,False,90,24,76,0,0,479,148,1.0,1.0,0.6,1.0,,1.0,1.0,0.9552238805970149,3.2364864864864864,70892,0.001269536760142188,0.8095238095238095,2.623809523809524,True,True,0.0,0.9112903225806451,24,1.0,0.18225806451612903,0.9,0.8,800,1000,0.6,0.9893
84,2026-09-28T11:11:29.786832,HE REALLY SNEAKS THOSE ATTACKS IN THERE .,0.8056,dialogue,dialogue,False,41,8,76,0,0,311,141,1.0,1.0,1.0,0.7,,1.0,1.0,0.9705882352941176,2.2056737588652484,43851,0.000934984378919523,0.7142857142857143,1.8714285714285714,True,True,0.0,1.032258064516129,8,1.0,0.2064516129032258,1.0,0.3742857142857143,800,1000,0.6,1.0
85,2026-09-28T11:11:29.790229,"BRR ... IT'S COLD ... IF THE FLOOR COULD JUST BE A HEATED ONDOL ... * TRADITIONAL KOREAN DIDN'T YEAH , I UNDERFLOOR HEATING SYSTEM THINK SO . THIS IS A MEDIEVAL FANTASY NOVEL . SHIVER",0.6904,,,True,183,36,77,0,0,707,491,1.0,0.7,0.4,0.7,,1.0,0.6,0.9637681159420289,1.439918533604888,347137,0.0005271693884547023,0.5172413793103449,1.7620689655172415,True,False,0.0,0.683969465648855,36,1.0,0.136793893129771,0.8,0.3524137931034483,800,1000,0.6,0.9998
86,2026-09-28T11:11:29.790238,SHIVER,0.4981,,,True,6,1,77,0,0,129,68,1.0,0.7,1.0,0.0,,1.0,0.2,1.0,1.8970588235294117,8772,0.0006839945280437756,0.0,0.5,False,False,0.0,1.65,1,1.0,0.32999999999999996,0.5,0.1,800,1000,0.6,0.0022
87,2026-09-28T11:11:29.793549,COLD,0.4392,background,background,False,4,1,78,0,0,121,81,1.0,0.7,1.0,0.0,,1.0,0.2,1.0,1.4938271604938271,9801,0.00040812162024283236,0.0,0.5,False,False,0.0,0.3,1,0.6,0.06,0.5,0.1,800,1000,0.6,0.0
88,2026-09-28T11:11:29.793582,"I WILL LEAVE YOU TO REST , SIR . I WILL REPORT WHAT HAPPENED TO HIS LORDSHIP TOMORROW .",0.8309,dialogue,dialogue,False,87,19,78,0,0,416,224,1.0,0.7,0.6,0.7,,1.0,1.0,0.9565217391304348,1.8571428571428572,93184,0.0009336366758241759,0.6875,2.35625,True,True,0.0,0.709375,19,1.0,0.141875,0.9,0.8,800,1000,0.6,0.99
89,2026-09-28T11:11:29.796809,DO YOU HAVE TO ?,0.8717,dialogue,dialogue,False,16,5,79,0,0,159,65,1.0,1.0,1.0,1.0,,1.0,1.0,0.9166666666666666,2.4461538461538463,10335,0.001548137397194001,1.0,4.1,True,True,0.0,0.6555555555555556,5,0.5,0.13111111111111112,0.75,1.0,800,1000,0.6,0.9983
90,2026-09-28T11:11:29.796817,YES . HE'S SO UPTIGHT ..,0.7225,dialogue,dialogue,False,24,6,79,0,0,306,168,1.0,0.7,0.6,0.7,,1.0,1.0,0.7894736842105263,1.8214285714285714,51408,0.00046685340802987864,0.75,1.5,True,True,0.0,0.676923076923077,6,0.6,0.13538461538461538,1.0,0.3,800,1000,0.6,0.9996
91,2026-09-28T11:11:29.800023,WAIT ... JAVIER .,0.6637,,,True,17,4,80,0,0,248,25,1.0,0.3,0.6,0.7,,1.0,1.0,0.9090909090909091,9.92,6200,0.0027419354838709676,0.5,1.3,True,True,0.0,0.3,4,0.5,0.06,0.75,0.26,800,1000,0.6,0.9955
92,2026-09-28T11:11:29.803279,"YES , MASTER LLOYD ?",0.7126,dialogue,dialogue,False,20,5,81,0,0,220,70,1.0,1.0,1.0,0.4,,1.0,1.0,0.875,3.142857142857143,15400,0.0012987012987012987,0.3333333333333333,1.0666666666666667,True,True,0.0,0.5750000000000001,5,1.0,0.11500000000000002,0.75,0.21333333333333332,800,1000,0.6,1.0
93,2026-09-28T11:11:29.803288,"OUR FAMILY ... HAS A LOT OF DEBT , DON'T WE ?",0.7988,dialogue,dialogue,False,45,12,81,0,0,340,105,1.0,1.0,1.0,0.7,,1.0,1.0,0.9032258064516129,3.238095238095238,35700,0.0012605042016806723,0.6666666666666666,1.8666666666666667,True,True,0.0,0.5538461538461539,12,1.0,0.11076923076923077,1.0,0.37333333333333335,800,1000,0.6,0.9983
94,2026-09-28T11:11:29.806409,WHAT A STRANGE THING TO SAY ...,0.8196,dialogue,dialogue,False,31,7,83,0,0,293,66,1.0,1.0,1.0,0.7,,1.0,1.0,1.0,4.4393939393939394,19338,0.0016030613300237874,0.6666666666666666,2.733333333333333,True,True,0.0,1.04,7,0.5,0.20800000000000002,1.0,0.8,800,512,0.6,1.0
95,2026-09-28T11:11:29.809796,CLACK,0.4542,,,True,5,1,84,0,0,171,79,1.0,1.0,1.0,0.0,,1.0,0.2,1.0,2.1645569620253164,13509,0.0003701236212895107,0.0,0.5,False,False,0.0,0.3,1,0.6,0.06,0.5,0.1,800,1000,0.6,0.0
96,2026-09-28T11:11:29.813359,I KNOW EVERYTHING THAT HAPPENS IN THIS STORY .,0.8729,dialogue,dialogue,False,46,9,86,0,0,306,147,1.0,1.0,1.0,0.7,,1.0,1.0,0.9736842105263158,2.0816326530612246,44982,0.001022631274732115,0.625,2.55,True,True,0.0,1.28,9,1.0,0.256,1.0,0.8,800,1000,0.6,1.0
97,2026-09-28T11:11:29.816692,"JUST LAST NIGHT , IN MY MICROSCOPIC BOARDING HOUSE ROOM ... I READ THE LAST CHAPTER .",0.7545,dialogue,dialogue,False,85,17,87,0,0,531,278,1.0,0.7,0.4,0.7,,1.0,1.0,0.9696969696969697,1.910071942446043,147618,0.0005758105380102697,0.5714285714285714,1.6857142857142857,True,True,0.0,0.6370967741935484,17,1.0,0.12741935483870967,0.9,0.33714285714285713,800,1000,0.6,0.9996
98,2026-09-28T11:11:29.820188,E,0.3852,background,background,False,1,1,88,0,0,16,17,1.0,0.3,0.2,0.0,,1.0,0.2,1.0,0.9411764705882353,272,0.003676470588235294,0.0,0.5,False,False,0.0,0.3,1,0.5,0.06,0.5,0.1,800,1000,0.6,0.0014
99,2026-09-28T11:11:29.820218,AND OF COURSE I KNOW WHAT HAPPENS TO LLOYD .,0.868,dialogue,dialogue,False,44,10,88,0,0,372,106,1.0,1.0,1.0,0.7,,1.0,1.0,0.9714285714285714,3.509433962264151,39432,0.0011158449989855954,0.6666666666666666,2.7555555555555555,True,True,0.0,0.925,10,1.0,0.185,1.0,0.8,800,1000,0.6,1.0
100,2026-09-28T11:11:29.823913,"PART ONE ! THE BARON AND BARONESS FALL PREY TO AN EVIL CONMAN , LOSE ALL OF THEIR LAND AND FORTUNE , AND COMMIT SUICIDE !",0.8264,dialogue,dialogue,False,121,26,89,0,0,453,267,1.0,0.7,0.4,0.7,,1.0,1.0,0.9583333333333334,1.696629213483146,120951,0.0010004051227356532,0.5454545454545454,2.0818181818181816,True,True,0.0,0.8133333333333334,26,1.0,0.16266666666666668,0.9,0.8,800,1000,0.6,1.0
101,2026-09-28T11:11:29.823921,DUM DU -,0.4987,,,True,8,3,89,0,0,417,250,1.0,0.7,0.4,0.0,,1.0,0.6,0.8333333333333334,1.668,104250,7.673860911270984e-05,0.0,0.5,True,False,0.0,0.3,3,0.6,0.06,0.75,0.1,800,1000,0.6,0.1805
102,2026-09-28T11:11:29.827377,"THEN BECOMES A BEGGAR , DRINKING ALL DAY LONG , AND THEN HE ...",0.8392,dialogue,dialogue,False,63,14,91,0,0,344,186,1.0,0.7,0.6,0.7,,1.0,1.0,0.9574468085106383,1.8494623655913978,63984,0.0009846211552888221,0.7272727272727273,2.0636363636363635,True,True,0.0,0.8023255813953488,14,1.0,0.16046511627906976,1.0,0.8,800,1000,0.6,1.0
103,2026-09-28T11:11:29.827387,TUD,0.4272,background,background,False,3,1,91,0,0,345,262,1.0,0.7,0.6,0.0,,1.0,0.2,1.0,1.316793893129771,90390,3.318951211417192e-05,0.0,0.5,False,False,0.0,0.3,1,0.6,0.06,0.5,0.1,800,1000,0.6,0.0
104,2026-09-28T11:11:29.827414,BEER ! BRING ME MORE BEER !,0.7701,dialogue,dialogue,False,27,7,91,0,0,272,106,1.0,1.0,1.0,0.7,,1.0,1.0,0.9047619047619048,2.5660377358490565,28832,0.0009364594894561598,0.6,0.9199999999999999,True,True,0.0,0.5352941176470588,7,1.0,0.10705882352941176,1.0,0.184,800,1000,0.6,0.9933
105,2026-09-28T11:11:29.830689,... COUGHS UP BLOOD AND DIES !,0.75,dialogue,dialogue,False,30,7,92,0,0,249,105,1.0,1.0,1.0,0.4,,1.0,1.0,0.9523809523809523,2.3714285714285714,26145,0.0011474469305794606,0.4,1.7600000000000002,True,True,0.0,0.5166666666666667,7,1.0,0.10333333333333335,1.0,0.35200000000000004,800,1000,0.6,0.9967
106,2026-09-28T11:11:29.830697,LATTER,0.4537,,,True,6,1,92,0,0,528,195,1.0,1.0,0.6,0.0,,1.0,0.2,1.0,2.707692307692308,102960,5.8275058275058275e-05,0.0,0.5,False,False,0.0,1.125,1,0.6,0.225,0.5,0.1,800,1000,0.6,0.0
107,2026-09-28T11:11:29.833974,GLURGH !,0.7592,dialogue,dialogue,False,8,2,93,0,0,147,43,1.0,1.0,0.6,0.0,,1.0,2.0,0.8571428571428571,3.4186046511627906,6321,0.0012656225280809998,0.0,0.5,True,True,0.0,0.3,2,1.0,0.06,0.6,0.1,800,1000,0.6,0.7018
108,2026-09-28T11:11:29.837284,GAH ! WHAT'S THE POINT OF BEING AN ARISTOCRAT THEN ?!,0.7771,dialogue,dialogue,False,53,11,94,0,0,325,185,1.0,0.7,0.6,0.7,,1.0,1.0,0.9069767441860465,1.7567567567567568,60125,0.0008814968814968815,0.7777777777777778,1.9333333333333331,True,True,0.0,0.7945945945945946,11,1.0,0.1589189189189189,1.0,0.3866666666666666,800,1000,0.6,0.99
109,2026-09-28T11:11:29.837292,SPRING,0.4352,background,background,False,6,1,94,0,0,441,324,1.0,0.7,0.4,0.0,,1.0,0.2,1.0,1.3611111111111112,142884,4.1992105484168974e-05,0.0,0.5,False,False,0.0,1.3,1,0.6,0.26,0.5,0.1,800,1000,0.6,0.0
110,2026-09-28T11:11:29.840475,"IT'S THE SAME MISERABLE LIFE , LIKE IT WAS IN KOREA !",0.8926,dialogue,dialogue,False,53,12,95,0,0,286,145,1.0,0.7,1.0,1.0,,1.0,1.0,0.9285714285714286,1.9724137931034482,41470,0.0012780323125150712,0.8,2.06,True,True,0.0,0.5432432432432432,12,1.0,0.10864864864864865,1.0,0.8,800,1000,0.6,1.0
111,2026-09-28T11:11:29.843926,WHAT THE HECK KIND OF GUY IS THIS ABSOLUTE ?!,0.8661,dialogue,dialogue,False,45,10,96,0,0,347,105,1.0,1.0,1.0,0.7,,1.0,1.0,0.9444444444444444,3.3047619047619046,36435,0.0012350761630300535,0.5555555555555556,2.066666666666667,True,True,0.0,0.79375,10,1.0,0.15875,1.0,0.8,800,1000,0.6,1.0
112,2026-09-28T11:11:29.843934,ALARM,0.4822,,,True,5,1,96,0,0,166,36,1.0,1.0,0.6,0.0,,1.0,0.2,1.0,4.611111111111111,5976,0.0008366800535475234,0.0,0.5,False,False,0.0,0.3,1,1.0,0.06,0.5,0.1,800,1000,0.6,0.0536
113,2026-09-28T11:11:29.843964,YOU HAVE BEEN CHOSEN TO HAVE A RANDOM WISH GRANTED BY THE,0.7328,dialogue,dialogue,False,57,12,96,0,0,461,107,1.0,1.0,0.6,0.7,,1.0,0.2,1.0,4.308411214953271,49327,0.0011555537535224117,0.6666666666666666,2.6999999999999997,False,False,0.0,0.6977272727272728,12,1.0,0.13954545454545456,1.0,0.8,800,1000,0.6,0.9775
114,2026-09-28T11:11:29.847231,""" ABSOLUTE "" !",0.5347,,,True,14,4,97,0,0,222,25,1.0,0.3,0.6,0.0,,1.0,1.0,0.8888888888888888,8.88,5550,0.0025225225225225223,0.0,0.5,True,True,0.0,0.3,4,0.5,0.06,0.75,0.1,800,1000,0.6,0.9657
115,2026-09-28T11:11:29.847238,WHAT DID I WISH FOR THAT WOULD PUT ME IN THE BODY OF SOMEONE WITH SUCH AN ENDING ?!,0.8331,dialogue,dialogue,False,83,19,97,0,0,406,228,1.0,0.7,0.6,0.7,,1.0,1.0,0.9692307692307692,1.780701754385965,92568,0.0008966381470918676,0.7222222222222222,2.5277777777777777,True,True,0.0,0.8622950819672132,19,1.0,0.17245901639344263,0.9,0.8,800,1000,0.6,1.0
116,2026-09-28T11:11:29.850395,0,0.2025,background,background,False,1,1,100,0,0,21,19,0.0,0.7,0.2,0.0,,0.91,0.2,0.0,1.105263157894737,399,0.002506265664160401,0.0,0.5,False,False,0.09,0.3,1,0.5,0.06,0.5,0.1,800,1000,0.6,0.0
117,2026-09-28T11:11:29.853622,YOU BROKE THINGS AT THE PUB LAST NIGHT ... ?,0.8045,dialogue,dialogue,False,44,10,101,0,0,293,146,1.0,1.0,1.0,0.7,,1.0,1.0,0.96875,2.006849315068493,42778,0.001028566085370985,0.5,1.875,True,True,0.0,0.9448275862068966,10,1.0,0.1889655172413793,1.0,0.375,800,1000,0.6,0.9993
118,2026-09-28T11:11:29.856821,LLOYD'S MOTHER MARBELLA FRONTERA,0.5199,,,True,32,4,102,0,0,439,99,1.0,1.0,1.0,0.0,,1.0,0.2,0.9655172413793104,4.434343434343434,43461,0.0007362923080462944,0.0,0.5,False,False,0.0,0.8884615384615385,4,1.0,0.1776923076923077,0.75,0.1,800,1000,0.6,0.1023
119,2026-09-28T11:11:29.860036,"NO . LAST NIGHT , I WAS READING A BOOK .",0.7978,dialogue,dialogue,False,40,11,103,0,0,299,108,1.0,1.0,1.0,0.7,,1.0,1.0,0.9,2.7685185185185186,32292,0.0012386968908708038,0.625,1.7,True,True,0.0,0.84,11,1.0,0.16799999999999998,1.0,0.33999999999999997,800,1000,0.6,1.0
120,2026-09-28T11:11:29.863182,"I BEG YOU , LLOYD , THIS TIME , GO TO THE PUB AND APOLOGIZE ...",0.832,dialogue,dialogue,False,63,16,104,0,0,292,186,1.0,0.7,0.6,0.7,,1.0,1.0,0.9333333333333333,1.5698924731182795,54312,0.0011599646486964207,0.6666666666666666,2.7416666666666667,True,True,0.0,0.7825,16,1.0,0.1565,0.9,0.8,800,1000,0.6,1.0
121,2026-09-28T11:11:29.866355,TSK ... I GUESS IT'S A MESS THAT THIS BODY MADE SO I'LL HAVE TO CLEAN IT UP ...,0.8456,dialogue,dialogue,False,79,19,106,0,0,390,147,1.0,1.0,0.6,0.7,,1.0,1.0,0.9636363636363636,2.6530612244897958,57330,0.0013779870922728066,0.6470588235294118,2.4,True,True,0.0,0.6862745098039216,19,1.0,0.13725490196078433,0.9,0.8,800,741,0.6,1.0
122,2026-09-28T11:11:29.869567,SCRATCH,0.4542,,,True,7,1,107,0,0,224,80,1.0,1.0,1.0,0.0,,1.0,0.2,1.0,2.8,17920,0.000390625,0.0,0.5,False,False,0.0,0.3,1,0.6,0.06,0.5,0.1,800,1000,0.6,0.0
123,2026-09-28T11:11:29.869592,YES ... OKAY ... I'LL DO IT .,0.892,dialogue,dialogue,False,29,8,107,0,0,191,105,1.0,0.7,1.0,1.0,,1.0,1.0,0.875,1.819047619047619,20055,0.0014460234355522313,1.0,2.5,True,True,0.0,0.5,8,1.0,0.1,1.0,0.8,800,1000,0.6,1.0
124,2026-09-28T11:11:29.872716,THESE TWO PEOPLE ARE HIGHLY CONFUSED BY YOUR RESPONSE .,0.6691,,,True,55,10,108,0,0,527,68,1.0,0.5,1.0,0.4,,1.0,1.0,0.9782608695652174,7.75,35836,0.0015347695055251702,0.4444444444444444,1.411111111111111,True,True,0.0,0.8418604651162791,10,0.5,0.16837209302325581,1.0,0.2822222222222222,800,1000,0.6,0.9983
125,2026-09-28T11:11:29.876232,COULD THEY NOT GIVE ME AT LEAST A LITTLE CREDIT ?!,0.9087,dialogue,dialogue,False,50,11,109,0,0,321,146,1.0,1.0,1.0,1.0,,1.0,1.0,0.95,2.1986301369863015,46866,0.0010668715059958178,0.8,2.25,True,True,0.0,0.6194444444444445,11,1.0,0.1238888888888889,1.0,0.8,800,1000,0.6,1.0
126,2026-09-28T11:11:29.879347,OOF ...,0.6942,,,True,7,2,111,0,0,97,28,1.0,1.0,0.6,0.0,,0.5,2.0,1.0,3.4642857142857144,2716,0.002577319587628866,0.0,0.5,True,True,0.5,0.3,2,0.5,0.06,0.6,0.1,800,1000,0.6,0.8865
127,2026-09-28T11:11:29.882439,HUH ?!,0.8492,dialogue,dialogue,False,6,2,114,0,0,96,25,0.8,1.0,0.6,1.0,,1.0,2.0,0.6,3.84,2400,0.0025,1.0,1.5,True,True,0.0,0.3,2,0.5,0.06,0.6,0.3,800,1000,0.6,0.998
128,2026-09-28T11:11:29.885570,SCRAMBLE,0.4542,,,True,8,1,115,0,0,253,117,1.0,1.0,1.0,0.0,,1.0,0.2,1.0,2.1623931623931623,29601,0.0002702611398263572,0.0,0.5,False,False,0.0,0.3,1,0.6,0.06,0.5,0.1,800,1000,0.6,0.0
129,2026-09-28T11:11:29.888718,"6 ,,",0.2305,background,background,False,4,2,116,0,0,29,32,0.0,0.3,0.2,0.0,,0.2766666666666667,0.6,0.0,0.90625,928,0.004310344827586207,0.0,0.5,True,False,0.7233333333333333,0.3,2,0.5,0.06,0.6,0.1,800,1000,0.6,0.2376
130,2026-09-28T11:11:29.892046,SHUFFLE,0.4272,background,background,False,7,1,119,0,0,301,172,1.0,0.7,0.6,0.0,,1.0,0.2,1.0,1.75,51772,0.00013520822065981613,0.0,0.5,False,False,0.0,0.3,1,0.6,0.06,0.5,0.1,800,1000,0.6,0.0009
131,2026-09-28T11:11:29.892072,DASH 201,0.4062,background,background,False,8,2,119,0,0,198,182,0.8,0.7,1.0,0.0,,1.0,0.2,0.5714285714285714,1.0879120879120878,36036,0.000222000222000222,0.0,0.5,False,False,0.0,0.3,2,0.6,0.06,0.6,0.1,800,1000,0.6,0.0215
132,2026-09-28T11:11:29.892094,:,0.2355,background,background,False,1,1,119,0,0,25,15,0.0,0.7,0.2,0.0,,0.010000000000000009,0.6,0.0,1.6666666666666667,375,0.0026666666666666666,0.0,0.5,True,False,0.99,0.3,1,0.5,0.06,0.5,0.1,800,1000,0.6,0.0431
133,2026-09-28T11:11:29.895304,DON'T MAKE EYE CONTACT !,0.7599,dialogue,dialogue,False,24,5,122,0,0,286,67,1.0,1.0,1.0,0.7,,1.0,1.0,0.9,4.268656716417911,19162,0.001252478864419163,0.75,1.0,True,True,0.0,0.8875,5,1.0,0.1775,0.75,0.2,800,1000,0.6,1.0
134,2026-09-28T11:11:29.895311,W,0.3852,background,background,False,1,1,122,0,0,9,8,1.0,0.7,0.2,0.0,,1.0,0.2,1.0,1.125,72,0.013888888888888888,0.0,0.5,False,False,0.0,0.3,1,0.3,0.06,0.5,0.1,800,1000,0.6,0.0039
135,2026-09-28T11:11:29.898438,St,0.4392,background,background,False,2,1,124,0,0,218,190,1.0,0.7,1.0,0.0,,1.0,0.2,1.0,1.1473684210526316,41420,4.828585224529213e-05,0.0,0.5,False,False,0.0,0.3,1,0.6,0.06,0.5,0.1,800,1000,0.6,0.0
136,2026-09-28T11:11:29.901701,DING THE VILLAGERS ABSOLUTELY DETEST YOU .,0.6822,,,True,42,7,125,0,0,576,321,1.0,0.7,0.4,0.4,,1.0,1.0,0.9722222222222222,1.794392523364486,184896,0.00022715472481827623,0.3333333333333333,1.8,True,True,0.0,0.7999999999999999,7,0.6,0.15999999999999998,1.0,0.36,800,1000,0.6,0.9651
137,2026-09-28T11:11:29.901710,"YEAH , I GOT THAT .",0.8684,dialogue,dialogue,False,19,6,125,0,0,211,70,1.0,1.0,1.0,0.7,,1.0,1.0,0.8571428571428571,3.0142857142857142,14770,0.0012863913337846987,0.75,2.775,True,True,0.0,0.96,6,1.0,0.192,1.0,0.8,800,1000,0.6,1.0
138,2026-09-28T11:11:29.904844,"BY THE WAY , JAVIER , WHY ARE YOU FOLLOWING ME ?",0.8163,dialogue,dialogue,False,48,12,126,0,0,373,107,1.0,1.0,1.0,0.7,,1.0,1.0,0.918918918918919,3.485981308411215,39911,0.0012026759539976448,0.7777777777777778,2.088888888888889,True,True,0.0,0.7374999999999999,12,1.0,0.1475,0.3,0.8,800,1000,0.6,1.0
139,2026-09-28T11:11:29.908123,HIS LORDSHIP ORDERED ME TO ESCORT YOU SO THAT WHAT HAPPENED YESTERDAY DOES NOT RECUR .,0.8411,dialogue,dialogue,False,86,16,127,0,0,483,225,1.0,1.0,0.4,0.7,,1.0,1.0,0.9859154929577465,2.1466666666666665,108675,0.0007913503565677479,0.6,2.14,True,True,0.0,0.7926470588235294,16,1.0,0.15852941176470586,0.9,0.8,800,1000,0.6,0.9965
140,2026-09-28T11:11:29.908131,ESCORT FOR ME ?,0.8471,dialogue,dialogue,False,15,4,127,0,0,205,66,1.0,1.0,1.0,0.7,,1.0,1.0,0.9166666666666666,3.106060606060606,13530,0.0011086474501108647,0.6666666666666666,2.3666666666666667,True,True,0.0,0.6888888888888888,4,1.0,0.13777777777777775,0.75,0.8,800,1000,0.6,1.0
141,2026-09-28T11:11:29.911320,"HARDLY . IT'S FOR THE VILLAGERS . I'M PROTECTING THEM FROM YOU . AH , SO I'M LIKE A GANGSTER .",0.8413,dialogue,dialogue,False,94,21,128,0,0,583,284,1.0,1.0,0.4,0.7,,1.0,1.0,0.8918918918918919,2.0528169014084505,165572,0.000567728843041094,0.75,2.19375,True,True,0.0,0.8078125,21,1.0,0.1615625,0.9,0.8,800,1000,0.6,0.9979
142,2026-09-28T11:11:29.914530,I GUESS THE FIRST THING I NEED TO DO IS TO GET RID OF THIS SCUMBAG IMAGE I HAVE ... THAT WAY I CAN AT LEAST GET MYSELF SOME FOOD WHEN I'M A BEGGAR .,0.8162,dialogue,dialogue,False,148,35,129,0,0,590,455,1.0,0.7,0.4,0.7,,1.0,1.0,0.9819819819819819,1.2967032967032968,268450,0.000551313093685975,0.7575757575757576,2.4939393939393937,True,True,0.0,0.5841121495327103,35,1.0,0.11682242990654206,0.8,0.8,800,1000,0.6,0.9721
143,2026-09-28T11:11:29.917664,"NO , IF I CAN",0.7575,dialogue,dialogue,False,13,5,130,0,0,212,35,1.0,0.5,1.0,1.0,,1.0,0.6,0.8888888888888888,6.057142857142857,7420,0.001752021563342318,1.0,2.95,True,False,0.0,0.7166666666666667,5,0.5,0.14333333333333334,0.75,0.8,800,1000,0.6,1.0
144,2026-09-28T11:11:29.920760,SORT OUT MY FAMILY'S DEBT BEFORE THAT HAPPENS ...,0.7813,dialogue,dialogue,False,49,9,131,0,0,385,105,1.0,1.0,0.6,0.7,,1.0,1.0,0.9736842105263158,3.6666666666666665,40425,0.0012121212121212121,0.5,1.5875,True,True,0.0,0.7657142857142857,9,1.0,0.15314285714285714,1.0,0.3175,800,459,0.6,0.9922
145,2026-09-28T11:11:29.923865,... I CAN LIVE PEACEFULLY AS THE HEIR TO A COUNTRY BARON ...,0.8504,dialogue,dialogue,False,60,13,132,0,0,328,146,1.0,1.0,0.6,0.7,,1.0,1.0,1.0,2.2465753424657535,47888,0.001252923488138991,0.6363636363636364,2.4727272727272727,True,True,0.0,0.53,13,1.0,0.10600000000000001,1.0,0.8,800,900,0.6,0.9983
146,2026-09-28T11:11:29.927017,"... AND LIVE A SWEET , COMFORTABLE LIFE TO A RIPE OLD AGE !",0.8028,dialogue,dialogue,False,59,14,133,0,0,416,109,1.0,1.0,1.0,0.7,,1.0,1.0,0.9534883720930233,3.81651376146789,45344,0.001301164431898377,0.6363636363636364,1.9727272727272727,True,True,0.0,0.6153846153846154,14,1.0,0.12307692307692308,1.0,0.39454545454545453,800,1000,0.6,1.0
147,2026-09-28T11:11:29.930493,IS THERE NO CHEAT CODE OR SKILL I CAN USE ... ? Oood DING,0.665,,,True,57,14,134,0,0,470,336,1.0,0.7,0.4,0.7,,1.0,0.6,0.975,1.3988095238095237,157920,0.0003609422492401216,0.5833333333333334,1.6833333333333333,True,False,0.0,0.8918918918918919,14,0.6,0.1783783783783784,1.0,0.33666666666666667,800,1000,0.6,0.9958
148,2026-09-28T11:11:29.930504,HUH ? SO I DO HAVE A SKILL !,0.8863,dialogue,dialogue,False,28,9,134,0,0,240,67,1.0,1.0,1.0,1.0,,1.0,1.0,0.9,3.582089552238806,16080,0.0017412935323383085,0.8571428571428571,3.057142857142857,True,True,0.0,0.45,9,0.5,0.09,1.0,1.0,800,1000,0.6,1.0
149,2026-09-28T11:11:29.934335,LLOYD'S SKILLS,0.4696,,,True,14,2,135,0,0,362,35,1.0,0.3,1.0,0.0,,1.0,0.2,0.9230769230769231,10.342857142857143,12670,0.0011049723756906078,0.0,0.5,False,False,0.0,0.54,2,1.0,0.10800000000000001,0.6,0.1,800,1000,0.6,0.239
150,2026-09-28T11:11:29.934366,-HUMAN SCUM- A PASSIVE SKILL . IT CAUSES OTHERS TO FURROW THEIR BROWS .,0.7235,dialogue,dialogue,False,71,14,135,0,0,355,234,1.0,0.7,0.6,0.4,,1.0,1.0,0.9473684210526315,1.517094017094017,83070,0.0008547008547008547,0.3333333333333333,1.6833333333333333,True,True,0.0,0.7153846153846154,14,1.0,0.14307692307692307,1.0,0.33666666666666667,800,1000,0.6,0.9993
151,2026-09-28T11:11:29.934375,-ROWDY DRUNKARD- WHEN THIS SKILL IS,0.7259,dialogue,dialogue,False,35,6,135,0,0,337,99,1.0,1.0,1.0,0.7,,1.0,0.6,0.9655172413793104,3.404040404040404,33363,0.0010490663309654408,0.5,1.3499999999999999,True,False,0.0,0.7461538461538461,6,1.0,0.14923076923076922,1.0,0.26999999999999996,800,1000,0.6,0.9975
152,2026-09-28T11:11:29.938031,"USED , YOU BECOME AN ABSOLUTE ASS .",0.7732,dialogue,dialogue,False,35,8,136,0,0,366,70,1.0,0.7,1.0,0.7,,1.0,1.0,0.9285714285714286,5.228571428571429,25620,0.001366120218579235,0.5,1.4833333333333334,True,True,0.0,0.625,8,1.0,0.125,1.0,0.2966666666666667,800,1000,0.6,1.0
153,2026-09-28T11:11:29.938039,WAVE ?,0.7312,dialogue,dialogue,False,6,2,136,0,0,283,131,1.0,1.0,1.0,0.0,,1.0,2.0,0.8,2.1603053435114505,37073,0.0001618428505920751,0.0,0.5,True,True,0.0,0.3,2,0.6,0.06,0.6,0.1,800,1000,0.6,0.4638
154,2026-09-28T11:11:29.938045,WAVE,0.4392,background,background,False,4,1,136,0,0,185,117,1.0,0.7,1.0,0.0,,1.0,0.2,1.0,1.5811965811965811,21645,0.0001848001848001848,0.0,0.5,False,False,0.0,0.3,1,0.6,0.06,0.5,0.1,800,1000,0.6,0.0
155,2026-09-28T11:11:29.941260,"MASTER LLOYD , WHERE ARE YOU GOING ?",0.7831,dialogue,dialogue,False,36,8,137,0,0,277,110,1.0,1.0,1.0,0.7,,1.0,1.0,0.9310344827586207,2.518181818181818,30470,0.00118148999015425,0.5,1.05,True,True,0.0,1.1840000000000002,8,1.0,0.23680000000000004,1.0,0.21000000000000002,800,1000,0.6,1.0
156,2026-09-28T11:11:29.944525,HUH ?! WHAT ?,0.8382,dialogue,dialogue,False,13,4,138,0,0,119,67,1.0,0.7,1.0,1.0,,1.0,1.0,0.7,1.7761194029850746,7973,0.0016305029474476358,1.0,2.2,True,True,0.0,1.48,4,0.5,0.296,0.75,0.8,800,1000,0.6,0.988
157,2026-09-28T11:11:29.944534,THE PUB IS OVER HERE,0.712,dialogue,dialogue,False,20,5,138,0,0,210,101,1.0,1.0,1.0,1.0,,1.0,0.2,1.0,2.0792079207920793,21210,0.000942951438000943,0.8,1.72,False,False,0.0,1.2785714285714285,5,1.0,0.25571428571428567,0.75,0.344,800,1000,0.6,0.965
158,2026-09-28T11:11:29.947798,WERE YOU LYING WHEN YOU SAID YOU WOULD APOLOGIZE ?,0.856,dialogue,dialogue,False,50,10,139,0,0,370,146,1.0,1.0,0.6,0.7,,1.0,1.0,0.975609756097561,2.5342465753424657,54020,0.0009255831173639393,0.6666666666666666,2.0999999999999996,True,True,0.0,0.9263157894736843,10,1.0,0.18526315789473685,1.0,0.8,800,1000,0.6,1.0
159,2026-09-28T11:11:29.947806,HUH ?! NO ! NO ! I WAS THINKING ABOUT SOMETHING !,0.7908,dialogue,dialogue,False,49,12,139,0,0,285,147,1.0,0.7,1.0,0.7,,1.0,1.0,0.868421052631579,1.9387755102040816,41895,0.0011695906432748538,0.75,1.8375,True,True,0.0,1.1193548387096774,12,1.0,0.2238709677419355,1.0,0.3675,800,1000,0.6,1.0
160,2026-09-28T11:11:29.950961,HM ? WHAT ? WHAT'S WRONG ?,0.784,dialogue,dialogue,False,26,7,141,0,0,257,106,1.0,1.0,1.0,0.7,,1.0,1.0,0.8,2.4245283018867925,27242,0.0009544086337273328,0.5,1.1,True,True,0.0,1.1428571428571428,7,1.0,0.22857142857142856,1.0,0.22000000000000003,800,1000,0.6,1.0
161,2026-09-28T11:11:29.954152,WHAT ? HUH ?,0.8062,dialogue,dialogue,False,12,4,142,0,0,213,25,1.0,0.3,0.6,1.0,,1.0,1.0,0.7777777777777778,8.52,5325,0.0022535211267605635,1.0,2.2,True,True,0.0,1.48,4,0.5,0.296,0.75,0.8,800,1000,0.6,1.0
162,2026-09-28T11:11:29.954159,IT'S NOTHING .,0.6957,,,True,14,3,142,0,0,229,28,1.0,0.3,1.0,0.7,,1.0,1.0,0.8333333333333334,8.178571428571429,6412,0.002183406113537118,0.5,1.3,True,True,0.0,1.7249999999999999,3,0.5,0.345,0.75,0.26,800,1000,0.6,0.9867
163,2026-09-28T11:11:29.957373,LET US GO IN .,0.7897,dialogue,dialogue,False,14,5,143,0,0,231,26,1.0,0.3,0.6,1.0,,1.0,1.0,0.9,8.884615384615385,6006,0.002331002331002331,1.0,2.0,True,True,0.0,0.3,5,0.5,0.06,0.75,0.8,800,1000,0.6,1.0
164,2026-09-28T11:11:29.957380,"HELLO , EXCUSE ME ! BREAK",0.5492,,,True,25,6,143,0,0,433,281,1.0,0.7,0.4,0.075,,1.0,0.6,0.9,1.5409252669039146,121673,0.00020546875642089865,0.25,1.025,True,False,0.0,0.73125,6,0.6,0.14625,1.0,0.205,800,1000,0.6,0.8985
165,2026-09-28T11:11:29.960565,SOMETHING HAS SEEMED OFF SINCE LAST NIGHT ...,0.7152,dialogue,dialogue,False,45,8,145,0,0,389,108,1.0,1.0,1.0,0.4,,1.0,1.0,1.0,3.6018518518518516,42012,0.0010711225364181663,0.42857142857142855,0.5,True,True,0.0,0.7272727272727273,8,1.0,0.14545454545454545,1.0,0.1,800,1000,0.6,0.9748
166,2026-09-28T11:11:29.963700,IT'S AS IF ... HE IS A COMPLETELY DIFFERENT PERSON ...,0.8819,dialogue,dialogue,False,54,11,146,0,0,379,218,1.0,0.7,0.6,1.0,,1.0,1.0,0.9736842105263158,1.738532110091743,82622,0.0006535789499164871,0.8888888888888888,2.0999999999999996,True,True,0.0,0.6371428571428571,11,1.0,0.12742857142857142,1.0,0.8,800,1000,0.6,0.9996
167,2026-09-28T11:11:29.966889,FORGIVE ME ! EVERYTHING THAT HAPPENED LAST NIGHT WAS MY FAULT !,0.7628,dialogue,dialogue,False,63,12,149,0,0,299,185,1.0,0.7,0.6,0.7,,1.0,1.0,0.9615384615384616,1.6162162162162161,55315,0.0011389315737141824,0.5,1.35,True,True,0.0,1.0250000000000001,12,1.0,0.20500000000000002,1.0,0.27,800,1000,0.6,0.9991
168,2026-09-28T11:11:29.970052,THE PUB OWNER HAS ASSUMED THE POSITION OF EXTREME HIGH ALERT .,0.7375,dialogue,dialogue,False,62,12,151,0,0,372,149,1.0,1.0,0.6,0.4,,1.0,1.0,0.9803921568627451,2.4966442953020134,55428,0.0011185682326621924,0.45454545454545453,1.6909090909090911,True,True,0.0,0.6270833333333333,12,1.0,0.12541666666666668,1.0,0.33818181818181825,800,1000,0.6,0.9998
169,2026-09-28T11:11:29.973364,"M - MASTER LLOYD ... PLEASE , I BEG YOU . DO NOT DO THIS .",0.8092,dialogue,dialogue,False,58,16,152,0,0,334,106,1.0,1.0,1.0,0.7,,1.0,1.0,0.9230769230769231,3.150943396226415,35404,0.0016382329680262118,0.6363636363636364,2.4545454545454546,True,True,0.0,0.7970588235294117,16,0.5,0.15941176470588234,0.9,0.8,800,1000,0.6,1.0
170,2026-09-28T11:11:29.973372,2,0.1825,background,background,False,1,1,152,0,0,14,13,0.0,0.7,0.2,0.0,,0.91,0.2,0.0,1.0769230769230769,182,0.005494505494505495,0.0,0.5,False,False,0.09,0.3,1,0.3,0.06,0.5,0.1,800,1000,0.6,0.0
171,2026-09-28T11:11:29.973403,"OH , IS THAT",0.7843,dialogue,dialogue,False,12,4,152,0,0,197,33,1.0,0.7,1.0,1.0,,1.0,0.6,0.8888888888888888,5.96969696969697,6501,0.0018458698661744347,1.0,2.433333333333333,True,False,0.0,1.9166666666666667,4,0.5,0.38333333333333336,0.75,0.8,800,1000,0.6,1.0
172,2026-09-28T11:11:29.976788,WHAT'S HAPPENING ? HE'S EVEN MORE TERRIFIED BECAUSE THIS SCUMBAG IS SUDDENLY BEING POLITE ?,0.758,dialogue,dialogue,False,91,15,153,0,0,463,183,1.0,1.0,0.6,0.7,,1.0,1.0,0.948051948051948,2.530054644808743,84729,0.001074012439660565,0.6153846153846154,0.8461538461538461,True,True,0.0,0.6859154929577465,15,1.0,0.13718309859154929,1.0,0.16923076923076924,800,1000,0.6,0.9933
173,2026-09-28T11:11:29.976796,THEN I'LL BE A LITTLE RUDER .,0.8941,dialogue,dialogue,False,29,7,153,0,0,200,106,1.0,0.7,1.0,1.0,,1.0,1.0,0.9130434782608695,1.8867924528301887,21200,0.0013679245283018868,0.8333333333333334,2.1666666666666665,True,True,0.0,0.6473684210526316,7,1.0,0.12947368421052632,1.0,0.8,800,1000,0.6,1.0
174,2026-09-28T11:11:29.976802,"WELL , I GUESS I'M SORRY .",0.8277,dialogue,dialogue,False,26,7,153,0,0,206,107,1.0,0.7,1.0,1.0,,1.0,1.0,0.85,1.925233644859813,22042,0.0011795662825514926,0.8,1.8,True,True,0.0,0.6199999999999999,7,1.0,0.12399999999999997,1.0,0.36,800,1000,0.6,1.0
175,2026-09-28T11:11:29.980064,SW,0.4392,background,background,False,2,1,154,0,0,82,65,1.0,0.7,1.0,0.0,,1.0,0.2,1.0,1.2615384615384615,5330,0.000375234521575985,0.0,0.5,False,False,0.0,0.3,1,0.6,0.06,0.5,0.1,800,812,0.6,0.001
176,2026-09-28T11:11:29.980091,"YOUR APOLOGY DOES NOT SEEM VERY GENUINE . COME ON , WHAT AM I SUPPOSED TO DO ?!",0.829,dialogue,dialogue,False,79,18,154,0,0,561,307,1.0,0.7,0.4,1.0,,1.0,1.0,0.9354838709677419,1.8273615635179152,172227,0.0004586969522780981,0.8,2.086666666666667,True,True,0.0,0.6428571428571429,18,0.6,0.1285714285714286,0.9,0.8,800,812,0.6,0.995
177,2026-09-28T11:11:29.983268,I - IT'S FINE ... YOU DON'T HAVE TO APOLOGIZE ...,0.8976,dialogue,dialogue,False,49,11,155,0,0,490,186,1.0,1.0,0.6,1.0,,1.0,1.0,0.9375,2.6344086021505375,91140,0.0005376344086021505,0.875,2.5625,True,True,0.0,0.6857142857142857,11,1.0,0.13714285714285715,1.0,0.8,800,1000,0.6,0.9984
178,2026-09-28T11:11:29.986495,"EVEN WHEN I APOLOGIZED , HE DIDN'T SEEM ALL THAT HAPPY ...",0.8945,dialogue,dialogue,False,58,12,159,0,0,289,147,1.0,0.7,1.0,1.0,,1.0,1.0,0.9545454545454546,1.965986394557823,42483,0.0013652519831461997,0.8,2.17,True,True,0.0,0.6775,12,1.0,0.1355,1.0,0.8,800,1000,0.6,1.0
179,2026-09-28T11:11:29.986503,THAT'S TO BE EXPECTED .,0.8026,dialogue,dialogue,False,23,5,159,0,0,225,65,1.0,1.0,1.0,0.7,,1.0,1.0,0.8947368421052632,3.4615384615384617,14625,0.0015726495726495727,0.75,2.625,True,True,0.0,1.0799999999999998,5,0.5,0.21599999999999997,0.75,0.8,800,1000,0.6,1.0
180,2026-09-28T11:11:29.989702,"EVERYTHING YOU DESTROYED YESTERDAY , HIS FURNITURE AND DECORATIONS ... THEY WERE ALL PURCHASED WITH THE PUB OWNER'S HARD - EARNED MONEY .",0.7304,dialogue,dialogue,False,137,23,160,0,0,689,341,1.0,1.0,0.4,0.4,,1.0,1.0,0.972972972972973,2.0205278592375366,234949,0.0005831052696542654,0.42105263157894735,1.7421052631578948,True,True,0.0,0.9367924528301886,23,1.0,0.18735849056603773,0.9,0.34842105263157896,800,1000,0.6,0.9104
181,2026-09-28T11:11:29.992961,HE LIKELY WON'T BE SATISFIED UNTIL HE IS COMPENSATED .,0.7941,dialogue,dialogue,False,54,10,161,0,0,372,107,1.0,1.0,1.0,0.7,,1.0,1.0,0.9555555555555556,3.4766355140186915,39804,0.0013566475731082302,0.6666666666666666,1.711111111111111,True,True,0.0,0.5512195121951219,10,1.0,0.11024390243902438,1.0,0.3422222222222222,800,1000,0.6,0.9983
182,2026-09-28T11:11:29.992969,COMPENSATING HIM WHEN WE HAVE SO MUCH DEBT ...,0.8619,dialogue,dialogue,False,46,9,161,0,0,342,105,1.0,1.0,1.0,0.7,,1.0,1.0,1.0,3.257142857142857,35910,0.0012809802283486494,0.75,2.0875,True,True,0.0,0.49393939393939396,9,1.0,0.09878787878787879,1.0,0.8,800,1000,0.6,1.0
183,2026-09-28T11:11:29.996231,... IS IT SO HARD TO GET BROWNIE POINTS WITH THE VILLAGERS ?,0.8641,dialogue,dialogue,False,60,13,162,0,0,298,145,1.0,1.0,1.0,0.7,,1.0,1.0,0.9777777777777777,2.0551724137931036,43210,0.001388567461235825,0.6363636363636364,2.3363636363636364,True,True,0.0,0.6476190476190476,13,1.0,0.12952380952380954,1.0,0.8,800,1000,0.6,1.0
184,2026-09-28T11:11:29.996238,"SO IF WE DON'T REPAY THE DEBT , NOTHING IS GOING TO CHANGE",0.7152,dialogue,dialogue,False,58,13,162,0,0,291,174,1.0,0.7,0.6,0.7,,1.0,0.6,0.9565217391304348,1.6724137931034482,50634,0.001145475372279496,0.6666666666666666,1.8333333333333333,True,False,0.0,0.8690476190476191,13,1.0,0.1738095238095238,1.0,0.36666666666666664,800,1000,0.6,0.9998
185,2026-09-28T11:11:29.999482,BUT HOW ?,0.7997,dialogue,dialogue,False,9,3,163,0,0,174,25,1.0,0.5,0.6,1.0,,1.0,1.0,0.8571428571428571,6.96,4350,0.0020689655172413794,1.0,2.8,True,True,0.0,0.3,3,0.5,0.06,0.75,0.8,800,1000,0.6,1.0
186,2026-09-28T11:11:29.999490,"NOT ONLY THAT , THE PUB OWNER'S MOTHER IS SICK AFTER THE",0.7978,dialogue,dialogue,False,56,12,163,0,0,534,174,1.0,1.0,0.6,0.7,,1.0,0.6,0.9555555555555556,3.0689655172413794,92916,0.0006026949072280339,0.6363636363636364,2.2636363636363637,True,False,0.0,1.0585365853658537,12,1.0,0.21170731707317075,1.0,0.8,800,1000,0.6,0.9687
187,2026-09-28T11:11:30.002737,LATE WINTER COLD .,0.6392,,,True,18,4,164,0,0,217,67,1.0,1.0,1.0,0.0,,1.0,1.0,0.9333333333333333,3.2388059701492535,14539,0.0012380493844143339,0.0,0.5,True,True,0.0,0.8333333333333334,4,1.0,0.16666666666666669,0.75,0.1,800,1000,0.6,0.9351
188,2026-09-28T11:11:30.002744,"COMBINE THAT WITH YOUR MISCONDUCT , AND YOU CAN IMAGINE JUST HOW HARD THINGS MUST BE FOR HIM .",0.8344,dialogue,dialogue,False,94,19,164,0,0,416,228,1.0,0.7,0.6,0.7,,1.0,1.0,0.9736842105263158,1.8245614035087718,94848,0.000991059379217274,0.7058823529411765,2.347058823529412,True,True,0.0,0.9583333333333334,19,1.0,0.19166666666666668,0.9,0.8,800,1000,0.6,1.0
189,2026-09-28T11:11:30.005965,THE INSIDE OF THE PUB WAS RATHER CHILLY .,0.8539,dialogue,dialogue,False,41,9,165,0,0,211,146,1.0,0.7,1.0,0.7,,1.0,1.0,0.9696969696969697,1.4452054794520548,30806,0.0013309095630721288,0.5,2.1375,True,True,0.0,0.9933333333333334,9,1.0,0.19866666666666669,1.0,0.8,800,1000,0.6,1.0
190,2026-09-28T11:11:30.005972,A SINGLE FIREPLACE ISN'T ENOUGH TO HEAT AN ENTIRE BUILDING ...,0.7188,dialogue,dialogue,False,62,11,165,0,0,296,185,1.0,0.7,0.6,0.4,,1.0,1.0,0.9795918367346939,1.6,54760,0.0011322132943754565,0.4,1.58,True,True,0.0,0.6021739130434782,11,1.0,0.12043478260869564,1.0,0.316,800,1000,0.6,0.9998
191,2026-09-28T11:11:30.009120,THE ELDERLY CAN'T HANDLE THAT KIND OF COLD FOR VERY LONG .,0.7943,dialogue,dialogue,False,58,12,166,0,0,339,145,1.0,1.0,0.6,0.7,,1.0,1.0,0.9574468085106383,2.3379310344827586,49155,0.0011799410029498525,0.6363636363636364,1.9454545454545453,True,True,0.0,0.9255813953488371,12,1.0,0.1851162790697674,1.0,0.38909090909090904,800,1000,0.6,0.9998
192,2026-09-28T11:11:30.012321,STEP,0.4392,background,background,False,4,1,167,0,0,191,115,1.0,0.7,1.0,0.0,,1.0,0.2,1.0,1.6608695652173913,21965,0.0001821078989301161,0.0,0.5,False,False,0.0,0.3,1,0.6,0.06,0.5,0.1,800,1000,0.6,0.0
193,2026-09-28T11:11:30.012348,STEP UNLESS THEY HAVE ONDOL FLOORS ...,0.6787,,,True,38,7,167,0,0,347,271,1.0,0.7,0.6,0.4,,1.0,1.0,1.0,1.2804428044280443,94037,0.0004040962599827727,0.3333333333333333,1.5999999999999999,True,True,0.0,0.5481481481481482,7,0.6,0.10962962962962963,1.0,0.31999999999999995,800,1000,0.6,0.989
194,2026-09-28T11:11:30.015464,PAUSE,0.4495,background,background,False,5,1,168,0,0,217,112,1.0,0.7,1.0,0.0,,1.0,0.2,1.0,1.9375,24304,0.00020572745227123108,0.0,0.5,False,False,0.0,1.0333333333333334,1,0.6,0.2066666666666667,0.5,0.1,800,1000,0.6,0.0
195,2026-09-28T11:11:30.018591,0,0.2525,background,background,False,1,1,170,0,0,54,36,0.0,0.7,0.2,0.0,,0.91,0.2,0.0,1.5,1944,0.00051440329218107,0.0,0.5,False,False,0.09,0.3,1,1.0,0.06,0.5,0.1,800,1000,0.6,0.0025
196,2026-09-28T11:11:30.021696,FLICKER,0.4272,background,background,False,7,1,172,0,0,303,159,1.0,0.7,0.6,0.0,,1.0,0.2,1.0,1.9056603773584906,48177,0.0001452975486227868,0.0,0.5,False,False,0.0,0.3,1,0.6,0.06,0.5,0.1,800,1000,0.6,0.0009
197,2026-09-28T11:11:30.024824,I'VE GOT IT .,0.6815,,,True,13,4,173,0,0,203,23,1.0,0.3,0.6,0.7,,1.0,1.0,0.8,8.826086956521738,4669,0.00278432212465196,0.6666666666666666,1.7,True,True,0.0,0.7166666666666667,4,0.5,0.14333333333333334,0.75,0.33999999999999997,800,1000,0.6,1.0
198,2026-09-28T11:11:30.028034,IT'S ...,0.9522,dialogue,dialogue,False,8,2,174,0,0,88,25,1.0,1.0,0.2,1.0,,1.0,2.0,0.75,3.52,2200,0.0036363636363636364,1.0,2.1,True,True,0.0,0.3,2,0.5,0.06,0.6,0.8,800,1000,0.6,0.9919
199,2026-09-28T11:11:30.028041,... IT'S LIKE ...,0.7897,dialogue,dialogue,False,17,4,174,0,0,203,25,1.0,0.3,0.6,1.0,,1.0,1.0,0.875,8.12,5075,0.003349753694581281,1.0,2.3,True,True,0.0,0.3,4,0.5,0.06,0.75,0.8,800,1000,0.6,1.0
200,2026-09-28T11:11:30.031206,JOLT,0.4212,background,background,False,4,1,175,0,0,660,446,1.0,0.7,0.4,0.0,,1.0,0.2,1.0,1.4798206278026906,294360,1.3588802826470989e-05,0.0,0.5,False,False,0.0,0.3,1,0.6,0.06,0.5,0.1,800,1000,0.6,0.0025
201,2026-09-28T11:11:30.034335,... A LIGHTBULB I WENT OFF IN MY HEAD !,0.8626,dialogue,dialogue,False,39,10,178,0,0,296,106,1.0,1.0,1.0,0.7,,1.0,1.0,0.9629629629629629,2.792452830188679,31376,0.001242988271290158,0.625,2.275,True,True,0.0,0.5458333333333333,10,1.0,0.10916666666666666,1.0,0.8,800,1000,0.6,0.9983
202,2026-09-28T11:11:30.037432,ZOOM,0.5772,,,True,4,1,180,0,0,373,212,1.0,0.7,0.6,1.0,,1.0,0.2,1.0,1.759433962264151,79076,5.0584248065152515e-05,1.0,0.5,False,False,0.0,0.3,1,0.6,0.06,0.5,0.1,800,1000,0.6,0.0009
203,2026-09-28T11:11:30.040530,ZOOM,0.6042,,,True,4,1,181,0,0,368,128,1.0,1.0,1.0,1.0,,1.0,0.2,1.0,2.875,47104,8.491847826086956e-05,1.0,0.5,False,False,0.0,0.3,1,0.6,0.06,0.5,0.1,800,1000,0.6,0.0
204,2026-09-28T11:11:30.043674,ZOOM,0.5772,,,True,4,1,182,0,0,376,229,1.0,0.7,0.6,1.0,,1.0,0.2,1.0,1.6419213973799127,86104,4.6455449224194e-05,1.0,0.5,False,False,0.0,0.3,1,0.6,0.06,0.5,0.1,800,1000,0.6,0.0009
205,2026-09-28T11:11:30.046878,THERE ARE NO ONDOL FLOORS HERE !,0.7893,dialogue,dialogue,False,32,7,183,0,0,259,107,1.0,1.0,1.0,0.7,,1.0,1.0,0.9615384615384616,2.4205607476635516,27713,0.0011546927434777903,0.6666666666666666,1.2166666666666666,True,True,0.0,1.2739130434782608,7,1.0,0.25478260869565217,1.0,0.24333333333333332,800,1000,0.6,1.0
206,2026-09-28T11:11:30.046885,3 14,0.2865,background,background,False,4,2,183,0,0,133,35,0.0,1.0,0.6,0.0,,0.91,0.2,0.0,3.8,4655,0.0008592910848549946,0.0,0.5,False,False,0.09,0.3,2,1.0,0.06,0.6,0.1,800,1000,0.6,0.1375
207,2026-09-28T11:11:30.050324,6,0.1825,background,background,False,1,1,184,0,0,12,24,0.0,0.3,0.2,0.0,,0.91,0.2,0.0,0.5,288,0.003472222222222222,0.0,0.5,False,False,0.09,0.3,1,0.5,0.06,0.5,0.1,800,1000,0.6,0.0
208,2026-09-28T11:11:30.053830,IF I BUILD THEM IN THIS WORLD ...,0.9108,dialogue,dialogue,False,33,8,185,0,0,226,105,1.0,1.0,1.0,1.0,,1.0,1.0,1.0,2.1523809523809523,23730,0.001390644753476612,1.0,2.585714285714286,True,True,0.0,0.7714285714285714,8,1.0,0.15428571428571428,1.0,0.8,800,1000,0.6,1.0
209,2026-09-28T11:11:30.057029,... THEY WOULD DEFINITELY SELL !,0.7506,dialogue,dialogue,False,32,6,186,0,0,282,67,1.0,1.0,1.0,0.7,,1.0,1.0,0.9583333333333334,4.208955223880597,18894,0.0016936593627606647,0.75,1.85,True,True,0.0,0.719047619047619,6,0.5,0.1438095238095238,1.0,0.37,800,1000,0.6,1.0
210,2026-09-28T11:11:30.060200,THE HOOLIGAN LLOYD FRONTERA COULD NEVER DREAM OF THIS STUFF !,0.8026,dialogue,dialogue,False,61,11,187,0,0,422,108,1.0,1.0,1.0,0.7,,1.0,1.0,0.9803921568627451,3.9074074074074074,45576,0.0013384237317886607,0.5,1.85,True,True,0.0,0.8666666666666667,11,1.0,0.17333333333333334,1.0,0.37,800,1000,0.6,0.9993
211,2026-09-28T11:11:30.063329,"BUT THE REAL ME , SUHO KIM , CAN !",0.8702,dialogue,dialogue,False,34,10,188,0,0,259,109,1.0,1.0,1.0,0.7,,1.0,1.0,0.88,2.376146788990826,28231,0.0012043498282030393,0.5714285714285714,2.1714285714285713,True,True,0.0,1.085,10,1.0,0.217,1.0,0.8,800,1000,0.6,1.0
212,2026-09-28T11:11:30.066496,IN SCHOOL I MAJORED IN CIVIL ENGINEERING !,0.816,dialogue,dialogue,False,42,8,190,0,0,339,107,1.0,1.0,1.0,0.4,,1.0,1.0,0.9714285714285714,3.1682242990654204,36273,0.0011578860309320984,0.42857142857142855,2.142857142857143,True,True,0.0,0.425,8,1.0,0.08499999999999999,1.0,0.8,800,1000,0.6,0.9967
213,2026-09-28T11:11:30.070551,20 . 1 -S Mrdr TA El 6 ) BB ' B A . BB ' B ( 935 ) AB El B . 2 2445 . and,0.5311,,,True,73,28,191,0,0,362,342,0.8,0.7,0.4,0.03529411764705882,,1.0,0.6,0.6666666666666666,1.0584795321637428,123804,0.0005896416917062454,0.11764705882352941,0.9705882352941176,True,False,0.0,0.4772727272727273,28,1.0,0.09545454545454546,0.9,0.19411764705882353,800,1000,0.6,0.199
214,2026-09-28T11:11:30.070583,30,0.1825,background,background,False,2,1,191,0,0,16,14,0.0,0.7,0.2,0.0,,0.91,0.2,0.0,1.1428571428571428,224,0.008928571428571428,0.0,0.5,False,False,0.09,0.3,1,0.3,0.06,0.5,0.1,800,1000,0.6,0.0
215,2026-09-28T11:11:30.070607,2445 9.16 ( 8 ) - ( 9 ) ( 1 - ) 2.19 . E,0.5152,,,True,40,16,191,0,0,307,276,1.0,0.7,0.6,0.0,,1.0,0.6,1.0,1.1123188405797102,84732,0.00047207666525043664,0.0,0.5,True,False,0.0,0.3,16,0.6,0.06,0.9,0.1,800,1000,0.6,0.0403
216,2026-09-28T11:11:30.070629,B,0.3852,background,background,False,1,1,191,0,0,15,11,1.0,0.7,0.2,0.0,,1.0,0.2,1.0,1.3636363636363635,165,0.006060606060606061,0.0,0.5,False,False,0.0,0.3,1,0.3,0.06,0.5,0.1,800,1000,0.6,0.0039
217,2026-09-28T11:11:30.070655,"DURING MY TIME AS A MILITARY ENGINEER IN THE ARMY , I CONSTRUCTED A HOUSE ALL BY MYSELF !",0.8453,dialogue,dialogue,False,89,19,191,0,0,430,186,1.0,1.0,0.6,0.7,,1.0,1.0,0.971830985915493,2.3118279569892475,79980,0.0011127781945486372,0.6470588235294118,2.4705882352941178,True,True,0.0,0.6611940298507463,19,1.0,0.13223880597014925,0.9,0.8,800,1000,0.6,1.0
218,2026-09-28T11:11:30.073851,"I'VE WORKED DAY AND NIGHT WORKING AT CONSTRUCTION SITES , TOO !",0.7723,dialogue,dialogue,False,63,12,192,0,0,426,145,1.0,1.0,0.6,0.7,,1.0,1.0,0.9423076923076923,2.9379310344827587,61770,0.0010199125789218067,0.5,1.22,True,True,0.0,0.9106382978723404,12,1.0,0.18212765957446808,1.0,0.244,800,1000,0.6,0.9993
219,2026-09-28T11:11:30.077330,"THIS IS IT ! WITH THIS , I CAN SETTLE ALL OF THE BARON'S DEBTS !",0.8497,dialogue,dialogue,False,64,16,194,0,0,401,145,1.0,1.0,0.6,0.7,,1.0,1.0,0.9183673469387755,2.7655172413793103,58145,0.0011006965345257546,0.7692307692307693,2.8076923076923075,True,True,0.0,0.9767441860465116,16,1.0,0.19534883720930232,0.9,0.8,800,1000,0.6,1.0
220,2026-09-28T11:11:30.080817,JAVIER ! LET'S GO BACK TO THE PUB !,0.8129,dialogue,dialogue,False,35,9,196,0,0,301,105,1.0,1.0,1.0,0.7,,1.0,1.0,0.8888888888888888,2.8666666666666667,31605,0.0011074197120708748,0.5714285714285714,2.257142857142857,True,True,0.0,0.49090909090909085,9,1.0,0.09818181818181818,0.3,0.8,800,1000,0.6,1.0
221,2026-09-28T11:11:30.080825,MA,0.3852,background,background,False,2,1,196,0,0,20,15,1.0,0.7,0.2,0.0,,1.0,0.2,1.0,1.3333333333333333,300,0.006666666666666667,0.0,0.5,False,False,0.0,0.3,1,0.3,0.06,0.5,0.1,800,1000,0.6,0.0014
222,2026-09-28T11:11:30.080850,AND WHY IS THAT ?,0.8514,dialogue,dialogue,False,17,5,196,0,0,161,65,1.0,1.0,1.0,1.0,,1.0,1.0,0.9230769230769231,2.476923076923077,10465,0.0016244624940277114,1.0,2.45,True,True,0.0,1.35,5,0.5,0.27,0.75,0.8,800,1000,0.6,1.0
223,2026-09-28T11:11:30.084087,Tr,0.4202,background,background,False,2,1,197,0,0,42,21,1.0,1.0,0.2,0.0,,1.0,0.2,1.0,2.0,882,0.0022675736961451248,0.0,0.5,False,False,0.0,0.3,1,0.5,0.06,0.5,0.1,800,1000,0.6,0.0215
224,2026-09-28T11:11:30.084113,STRIDE STRIDE,0.4282,background,background,False,13,2,197,0,0,706,442,1.0,0.7,0.4,0.0,,1.0,0.2,1.0,1.5972850678733033,312052,4.1659723379436764e-05,0.0,0.5,False,False,0.0,0.3,2,0.6,0.06,0.6,0.1,800,1000,0.6,0.0075
225,2026-09-28T11:11:30.087327,TO GET MY FIRST ORDER !,0.9042,dialogue,dialogue,False,23,6,198,0,0,304,92,1.0,1.0,1.0,1.0,,1.0,1.0,0.9444444444444444,3.3043478260869565,27968,0.0008223684210526315,0.8,2.58,True,True,0.0,0.3,6,1.0,0.06,1.0,0.8,800,1000,0.6,1.0
226,2026-09-28T11:11:30.090437,DENG,0.4272,background,background,False,4,1,199,0,0,289,174,1.0,0.7,0.6,0.0,,1.0,0.2,1.0,1.660919540229885,50286,7.954500258521259e-05,0.0,0.5,False,False,0.0,0.3,1,0.6,0.06,0.5,0.1,800,1000,0.6,0.0109
227,2026-09-28T11:11:30.093799,NOTIFICATION,0.4729,,,True,12,1,200,0,0,300,33,1.0,0.3,1.0,0.0,,1.0,0.2,1.0,9.090909090909092,9900,0.0012121212121212121,0.0,0.5,False,False,0.0,1.2799999999999998,1,1.0,0.25599999999999995,0.5,0.1,800,1000,0.6,0.1492
228,2026-09-28T11:11:30.093826,YOUR TRUE JOURNEY HAS BEGUN ! DONG,0.5908,,,True,34,7,200,0,0,508,319,1.0,0.7,0.4,0.4,,1.0,0.6,0.9642857142857143,1.5924764890282133,162052,0.0002098091970478612,0.3333333333333333,0.7999999999999999,True,False,0.0,0.7,7,0.6,0.13999999999999999,1.0,0.15999999999999998,800,1000,0.6,0.9362
229,2026-09-28T11:11:30.093835,DING RP SYSTEM HAS BEEN ACTIVATED . ( RP RELATIONSHIP,0.5344,,,True,53,10,200,0,0,471,306,1.0,0.7,0.4,0.075,,1.0,0.6,0.9767441860465116,1.5392156862745099,144126,0.0003677337884906263,0.25,0.5,True,False,0.0,0.7975,10,0.6,0.1595,1.0,0.1,800,1000,0.6,0.7479
230,2026-09-28T11:11:30.097208,POINTS ),0.4392,background,background,False,8,2,201,0,0,132,32,1.0,1.0,0.6,0.0,,1.0,0.2,0.8571428571428571,4.125,4224,0.001893939393939394,0.0,0.5,False,False,0.0,0.3,2,0.5,0.06,0.6,0.1,800,1000,0.6,0.5036
231,2026-09-28T11:11:30.097215,YOU CAN EARN RP BY IMPROVING RELATIONSHIPS WITH KEY CHARACTERS . DONG,0.6172,,,True,69,12,201,0,0,502,377,1.0,0.7,0.4,0.4,,1.0,0.6,0.9827586206896551,1.3315649867374004,189254,0.00036458938780686276,0.36363636363636365,1.5636363636363635,True,False,0.0,0.9527272727272728,12,0.6,0.19054545454545455,1.0,0.3127272727272727,800,1000,0.6,0.9446
232,2026-09-28T11:11:30.097221,DING CURRENT RP 0 TOTAL,0.4453,background,background,False,23,5,201,0,0,413,259,1.0,0.7,0.4,0.0,,1.0,0.2,0.9473684210526315,1.5945945945945945,106967,0.0002150195854796339,0.0,0.5,False,False,0.0,0.7687499999999999,5,0.6,0.15375,0.75,0.1,800,1000,0.6,0.0543
233,2026-09-28T11:11:30.100517,MOTADIRION HV2 BEEM HH2 OSTAVITOA B62121EW CAM LORI,0.4837,,,True,51,8,203,0,0,184,425,1.0,0.3,0.6,0.0,,1.0,0.2,1.0,0.4329411764705882,78200,0.0006521739130434783,0.0,0.5,False,False,0.0,0.4057142857142857,8,1.0,0.08114285714285714,1.0,0.1,800,1000,0.6,0.0373
234,2026-09-28T11:11:30.100542,TO BE CONTINUED .,0.7932,dialogue,dialogue,False,17,4,203,0,0,306,26,1.0,0.3,1.0,0.7,,1.0,1.0,0.9285714285714286,11.76923076923077,7956,0.002136752136752137,0.6666666666666666,3.3333333333333335,True,True,0.0,0.7636363636363637,4,0.5,0.15272727272727274,0.75,1.0,800,1000,0.6,0.4527
235,2026-09-28T11:11:30.103724,Assistance by : Jini Hyeonseok Noh JQ COMICS,0.5797,,,True,44,8,204,0,0,309,159,1.0,0.7,0.4,0.04285714285714285,,1.0,0.6,0.972972972972973,1.9433962264150944,49131,0.0008955649182797013,0.14285714285714285,0.9285714285714286,True,False,0.0,0.6,8,1.0,0.12,1.0,0.18571428571428572,800,315,0.6,0.133
236,2026-09-28T11:11:30.106951,WEAPON !,0.7092,dialogue,dialogue,False,8,2,205,0,0,156,32,1.0,1.0,0.6,0.0,,1.0,2.0,0.8571428571428571,4.875,4992,0.0016025641025641025,0.0,0.5,True,True,0.0,0.3,2,0.5,0.06,0.6,0.1,800,1000,0.6,0.9375
237,2026-09-28T11:11:30.106957,THIS IS NOT SOME KIND OF STUNT !!,0.8644,dialogue,dialogue,False,33,8,205,0,0,244,116,1.0,1.0,1.0,0.7,,1.0,1.0,0.9230769230769231,2.103448275862069,28304,0.001165912945166761,0.7142857142857143,2.2857142857142856,True,True,0.0,0.6727272727272727,8,1.0,0.13454545454545455,1.0,0.8,800,1000,0.6,1.0
238,2026-09-28T11:11:30.110148,"PLEASE , HURRY OUT THROUGH THE FRONT EXITS RIGHT ...",0.7648,dialogue,dialogue,False,52,10,206,0,0,240,210,1.0,0.7,0.6,0.7,,1.0,1.0,0.975,1.1428571428571428,50400,0.0010317460317460319,0.625,1.5375,True,True,0.0,0.7648648648648649,10,1.0,0.152972972972973,1.0,0.3075,800,1000,0.6,0.9998
239,2026-09-28T11:11:30.113285,*** --MON,0.4992,,,True,9,2,207,0,0,146,30,1.0,1.0,0.6,0.0,,1.0,0.6,1.0,4.866666666666666,4380,0.002054794520547945,0.0,0.5,True,False,0.0,0.3,2,0.5,0.06,0.6,0.1,800,1000,0.6,0.3374
240,2026-09-28T11:11:30.116464,SLASH,0.4392,background,background,False,5,1,208,0,0,133,110,1.0,0.7,1.0,0.0,,1.0,0.2,1.0,1.209090909090909,14630,0.0003417634996582365,0.0,0.5,False,False,0.0,0.3,1,0.6,0.06,0.5,0.1,800,1000,0.6,0.0
241,2026-09-28T11:11:30.119668,AH ... AHK ...,0.7012,dialogue,dialogue,False,14,4,209,0,0,207,156,1.0,0.7,1.0,0.7,,1.0,1.0,1.0,1.3269230769230769,32292,0.00043354391180478136,0.5,1.15,True,True,0.0,0.3,4,0.6,0.06,0.75,0.22999999999999998,800,1000,0.6,0.9787
242,2026-09-28T11:11:30.119675,P - PLEASE ...,0.6722,,,True,14,4,209,0,0,201,28,1.0,0.5,0.6,0.7,,1.0,1.0,1.0,7.178571428571429,5628,0.0024875621890547263,0.5,1.25,True,True,0.0,0.3,4,0.5,0.06,0.75,0.25,800,1000,0.6,0.992
243,2026-09-28T11:11:30.122757,HELP ...,1.3872,dialogue,dialogue,False,8,2,210,0,0,121,30,1.0,1.0,0.6,1.0,,1.0,2.0,1.0,4.033333333333333,3630,0.0022038567493112946,1.0,1.9,True,True,0.0,0.3,2,0.5,0.06,3.0,2.5,800,1000,0.6,0.9898
244,2026-09-28T11:11:30.125878,AAHHHHHH !!,0.7062,dialogue,dialogue,False,11,2,211,0,0,284,43,0.8,0.5,1.0,0.0,,1.0,2.0,0.6666666666666666,6.604651162790698,12212,0.0009007533573534229,0.0,0.5,True,True,0.0,0.3,2,1.0,0.06,0.6,0.1,800,1000,0.6,0.9592
245,2026-09-28T11:11:30.129011,HE'S GONNA KILL US ALL !,0.8041,dialogue,dialogue,False,24,6,212,0,0,264,160,1.0,0.7,1.0,1.0,,1.0,1.0,0.8947368421052632,1.65,42240,0.0005681818181818182,1.0,1.0,True,True,0.0,0.6533333333333334,6,1.0,0.13066666666666668,1.0,0.2,800,1000,0.6,0.9981
246,2026-09-28T11:11:30.132349,W - WHAT'S HAPPENING ?,0.7024,dialogue,dialogue,False,22,5,213,0,0,206,74,1.0,1.0,1.0,0.4,,1.0,1.0,0.8823529411764706,2.7837837837837838,15244,0.0014431907635791131,0.3333333333333333,0.5,True,True,0.0,1.0615384615384615,5,1.0,0.2123076923076923,0.75,0.1,800,1000,0.6,0.9927
247,2026-09-28T11:11:30.132357,AAHHHHH,0.4242,background,background,False,7,1,213,0,0,205,182,1.0,0.7,1.0,0.0,,0.5,0.2,1.0,1.1263736263736264,37310,0.0001876172607879925,0.0,0.5,False,False,0.5,0.3,1,0.6,0.06,0.5,0.1,800,1000,0.6,0.0729
248,2026-09-28T11:11:30.132383,TREMBLE,0.4792,,,True,7,1,213,0,0,122,106,1.0,0.7,1.0,0.0,,1.0,0.2,1.0,1.150943396226415,12932,0.0005412929167955459,0.0,0.5,False,False,0.0,0.3,1,1.0,0.06,0.5,0.1,800,1000,0.6,0.007
249,2026-09-28T11:11:30.132404,TREMBLE,0.4792,,,True,7,1,213,0,0,133,80,1.0,0.7,1.0,0.0,,1.0,0.2,1.0,1.6625,10640,0.0006578947368421052,0.0,0.5,False,False,0.0,0.3,1,1.0,0.06,0.5,0.1,800,1000,0.6,0.0082
250,2026-09-28T11:11:30.136160,IS THIS ... REALLY HAPPENING ?,0.7735,dialogue,dialogue,False,30,6,214,0,0,207,120,1.0,0.7,1.0,0.7,,1.0,1.0,0.9545454545454546,1.725,24840,0.0012077294685990338,0.75,1.275,True,True,0.0,1.0894736842105264,6,1.0,0.21789473684210528,1.0,0.255,800,1000,0.6,1.0
251,2026-09-28T11:11:30.136167,SHAKE,0.4672,,,True,5,1,214,0,0,94,56,1.0,0.7,0.6,0.0,,1.0,0.2,1.0,1.6785714285714286,5264,0.0009498480243161094,0.0,0.5,False,False,0.0,0.3,1,1.0,0.06,0.5,0.1,800,1000,0.6,0.0844
252,2026-09-28T11:11:30.136191,QUIVER,0.4981,,,True,6,1,214,0,0,105,66,1.0,0.7,1.0,0.0,,1.0,0.2,1.0,1.5909090909090908,6930,0.0008658008658008658,0.0,0.5,False,False,0.0,1.65,1,1.0,0.32999999999999996,0.5,0.1,800,1000,0.6,0.0174
253,2026-09-28T11:11:30.139495,DID A PERSON JUST DIE RIGHT NOW ?,0.8093,dialogue,dialogue,False,33,8,215,0,0,304,165,1.0,0.7,0.6,1.0,,1.0,1.0,0.9615384615384616,1.8424242424242425,50160,0.0006578947368421052,1.0,1.5857142857142856,True,True,0.0,0.6260869565217392,8,1.0,0.12521739130434784,1.0,0.3171428571428571,800,1000,0.6,0.9968
254,2026-09-28T11:11:30.143106,SHIT ...,0.7092,dialogue,dialogue,False,8,2,216,0,0,109,33,1.0,1.0,0.6,0.0,,1.0,2.0,1.0,3.303030303030303,3597,0.0022240756185710315,0.0,0.5,True,True,0.0,0.3,2,0.5,0.06,0.6,0.1,800,1000,0.6,0.8931
255,2026-09-28T11:11:30.143113,I HAVE TO GET OUT OF HERE ...,0.927,dialogue,dialogue,False,29,8,216,0,0,202,121,1.0,0.7,1.0,1.0,,1.0,1.0,1.0,1.6694214876033058,24442,0.0011864822845920955,1.0,3.3857142857142857,True,True,0.0,0.8588235294117647,8,1.0,0.17176470588235293,1.0,1.0,800,1000,0.6,0.98
256,2026-09-28T11:11:30.143119,AAHHH,0.4522,,,True,5,1,216,0,0,85,58,1.0,0.7,0.6,0.0,,0.5,0.2,1.0,1.4655172413793103,4930,0.0010141987829614604,0.0,0.5,False,False,0.5,0.3,1,1.0,0.06,0.5,0.1,800,1000,0.6,0.2717
257,2026-09-28T11:11:30.143142,SHUDDER,0.4592,,,True,7,1,216,0,0,102,109,1.0,0.3,1.0,0.0,,1.0,0.2,1.0,0.9357798165137615,11118,0.0006296096420219464,0.0,0.5,False,False,0.0,0.3,1,1.0,0.06,0.5,0.1,800,1000,0.6,0.016
258,2026-09-28T11:11:30.143162,SHUDDER,0.4942,,,True,7,1,216,0,0,123,59,1.0,1.0,1.0,0.0,,1.0,0.2,1.0,2.0847457627118646,7257,0.0009645859170456111,0.0,0.5,False,False,0.0,0.3,1,1.0,0.06,0.5,0.1,800,1000,0.6,0.0198
259,2026-09-28T11:11:30.143185,BUT MIHUI ...,0.7547,dialogue,dialogue,False,13,3,216,0,0,204,27,1.0,0.5,0.6,0.7,,1.0,1.0,1.0,7.555555555555555,5508,0.0023602033405954975,0.5,2.05,True,True,0.0,0.3,3,0.5,0.06,0.75,0.8,800,1000,0.6,0.9975
260,2026-09-28T11:11:30.146447,"AH , FOUND IT .",0.8417,dialogue,dialogue,False,15,5,219,0,0,161,73,1.0,1.0,1.0,0.7,,1.0,1.0,0.8181818181818182,2.2054794520547945,11753,0.0012762698885390965,0.6666666666666666,2.1333333333333333,True,True,0.0,0.3,5,1.0,0.06,0.75,0.8,800,1000,0.6,1.0
261,2026-09-28T11:11:30.146454,PREY .,0.6212,,,True,6,2,219,0,0,187,57,1.0,1.0,1.0,0.0,,1.0,1.0,0.8,3.280701754385965,10659,0.0005629045876723895,0.0,0.5,True,True,0.0,0.3,2,1.0,0.06,0.6,0.1,800,1000,0.6,0.8769
262,2026-09-28T11:11:30.149692,CRUSH,0.4212,background,background,False,5,1,224,0,0,515,306,1.0,0.7,0.4,0.0,,1.0,0.2,1.0,1.6830065359477124,157590,3.172790151659369e-05,0.0,0.5,False,False,0.0,0.3,1,0.6,0.06,0.5,0.1,800,1000,0.6,0.0109
263,2026-09-28T11:11:30.149719,TUIC,0.4052,background,background,False,4,1,224,0,0,71,14,1.0,0.7,0.2,0.0,,1.0,0.2,1.0,5.071428571428571,994,0.004024144869215292,0.0,0.5,False,False,0.0,0.3,1,0.5,0.06,0.5,0.1,800,1000,0.6,0.1068
264,2026-09-28T11:11:30.153089,THIS CAN'T BE REAL ...,0.8428,dialogue,dialogue,False,22,5,225,0,0,151,119,1.0,0.7,1.0,0.7,,1.0,1.0,0.9333333333333333,1.26890756302521,17969,0.0012243307919194168,0.75,2.35,True,True,0.0,1.45,5,1.0,0.29,0.75,0.8,800,1000,0.6,1.0
265,2026-09-28T11:11:30.153097,TREMBLE,0.4792,,,True,7,1,225,0,0,133,90,1.0,0.7,1.0,0.0,,1.0,0.2,1.0,1.4777777777777779,11970,0.0005847953216374269,0.0,0.5,False,False,0.0,0.3,1,1.0,0.06,0.5,0.1,800,1000,0.6,0.007
266,2026-09-28T11:11:30.153123,TREMBLE,0.4792,,,True,7,1,225,0,0,134,85,1.0,0.7,1.0,0.0,,1.0,0.2,1.0,1.576470588235294,11390,0.0006145741878841089,0.0,0.5,False,False,0.0,0.3,1,1.0,0.06,0.5,0.1,800,1000,0.6,0.007
267,2026-09-28T11:11:30.153145,YOUR,0.6987,,,True,4,1,225,0,0,92,18,1.0,0.7,0.2,1.0,,1.0,0.2,1.0,5.111111111111111,1656,0.0024154589371980675,1.0,2.3,False,False,0.0,3.05,1,0.5,0.61,0.5,0.8,800,1000,0.6,0.8905
268,2026-09-28T11:11:30.156321,HANDS ...,0.7274,dialogue,dialogue,False,9,2,226,0,0,148,31,1.0,1.0,0.6,0.0,,1.0,2.0,1.0,4.774193548387097,4588,0.001961639058413252,0.0,0.5,True,True,0.0,1.5999999999999999,2,0.5,0.31999999999999995,0.6,0.1,800,1000,0.6,0.9114
269,2026-09-28T11:11:30.156328,ASH,0.4392,background,background,False,3,1,226,0,0,165,110,1.0,0.7,1.0,0.0,,1.0,0.2,1.0,1.5,18150,0.00016528925619834712,0.0,0.5,False,False,0.0,0.3,1,0.6,0.06,0.5,0.1,800,1000,0.6,0.0
270,2026-09-28T11:11:30.159495,WHAT THE FUCK ?,0.8574,dialogue,dialogue,False,15,4,227,0,0,185,75,1.0,1.0,1.0,0.7,,1.0,1.0,0.9166666666666666,2.466666666666667,13875,0.001081081081081081,0.6666666666666666,2.8000000000000003,True,True,0.0,1.4222222222222223,4,1.0,0.28444444444444444,0.75,0.8,800,1000,0.6,1.0
271,2026-09-28T11:11:30.162719,WHAT THE HELL IS GOING ON ?,0.902,dialogue,dialogue,False,27,7,228,0,0,208,119,1.0,0.7,1.0,1.0,,1.0,1.0,0.9523809523809523,1.7478991596638656,24752,0.0010908209437621203,0.8333333333333334,2.216666666666667,True,True,0.0,1.2111111111111112,7,1.0,0.24222222222222226,1.0,0.8,800,1000,0.6,1.0
272,2026-09-28T11:11:30.162726,SHUDDER,0.4542,,,True,7,1,228,0,0,327,139,1.0,1.0,1.0,0.0,,1.0,0.2,1.0,2.352517985611511,45453,0.00015400523617803004,0.0,0.5,False,False,0.0,0.3,1,0.6,0.06,0.5,0.1,800,1000,0.6,0.0
273,2026-09-28T11:11:30.165849,WHAT ...,1.4285,dialogue,dialogue,False,8,2,229,0,0,131,30,1.0,1.0,0.6,1.0,,1.0,2.0,1.0,4.366666666666666,3930,0.002035623409669211,1.0,2.9,True,True,0.0,3.25,2,0.5,0.65,3.0,2.5,800,1000,0.6,0.9933
274,2026-09-28T11:11:30.169564,WHAT KIND OF MONSTER IS THIS ?!,0.871,dialogue,dialogue,False,31,7,230,0,0,268,120,1.0,1.0,1.0,0.7,,1.0,1.0,0.92,2.2333333333333334,32160,0.0009639303482587065,0.6666666666666666,2.1,True,True,0.0,1.1428571428571428,7,1.0,0.22857142857142856,1.0,0.8,800,1000,0.6,1.0
275,2026-09-28T11:11:30.172858,YOU LOOK LIKE YOU'VE JUST SEEN A GHOST . HAVEN'T MET AN INSECT HUMAN LIKE YOURSELF YET ?,0.7119,dialogue,dialogue,False,88,18,231,0,0,533,345,1.0,0.7,0.4,0.7,,1.0,1.0,0.9436619718309859,1.5449275362318842,183885,0.00047855996954618377,0.5625,1.5875,True,True,0.0,0.66,18,0.6,0.132,0.9,0.3175,800,1000,0.6,0.9839
276,2026-09-28T11:11:30.176170,"YOU'RE NOT THE ONLY ONE WHO USED IT , THAT GODDAMN BUG SPRAY .",0.8144,dialogue,dialogue,False,62,14,232,0,0,329,338,1.0,0.3,0.4,0.7,,1.0,1.0,0.9387755102040817,0.9733727810650887,111202,0.000557543929066024,0.5833333333333334,2.308333333333333,True,True,0.0,0.8886363636363637,14,1.0,0.17772727272727273,1.0,0.8,800,1000,0.6,0.979
277,2026-09-28T11:11:30.179692,STEP,0.4672,,,True,4,1,233,0,0,70,43,1.0,0.7,0.6,0.0,,1.0,0.2,1.0,1.627906976744186,3010,0.00132890365448505,0.0,0.5,False,False,0.0,0.3,1,1.0,0.06,0.5,0.1,800,1000,0.6,0.1012
278,2026-09-28T11:11:30.179720,THAT JUNGLE JUICE .,0.7368,dialogue,dialogue,False,19,4,233,0,0,318,82,1.0,1.0,1.0,0.4,,1.0,1.0,0.9375,3.8780487804878048,26076,0.0007286393618653168,0.3333333333333333,1.7666666666666666,True,True,0.0,0.8076923076923077,4,1.0,0.16153846153846155,0.75,0.35333333333333333,800,1000,0.6,0.9734
279,2026-09-28T11:11:30.182872,JUNGLE JUICE ... ?,0.5967,,,True,18,4,234,0,0,413,51,1.0,0.3,1.0,0.0,,1.0,1.0,0.9166666666666666,8.098039215686274,21063,0.0008545791197835066,0.0,0.5,True,True,0.0,0.3,4,1.0,0.06,0.75,0.1,800,1000,0.6,0.906
280,2026-09-28T11:11:30.185990,HE CAN'T BE TALKING ABOUT ...,0.9013,dialogue,dialogue,False,29,6,235,0,0,431,113,1.0,1.0,0.6,1.0,,1.0,1.0,0.9523809523809523,3.814159292035398,48703,0.0005954458657577562,0.8,2.46,True,True,0.0,0.9500000000000001,6,1.0,0.19,1.0,0.8,800,1000,0.6,0.9941
281,2026-09-28T11:11:30.189303,ONCE I TURNED INTO THIS THING AFTER USING THAT SPRAY ...,0.7946,dialogue,dialogue,False,56,11,236,0,0,335,163,1.0,1.0,0.6,0.7,,1.0,1.0,1.0,2.0552147239263805,54605,0.0010255471110704147,0.6,1.89,True,True,0.0,1.0634146341463415,11,1.0,0.21268292682926832,1.0,0.378,800,1000,0.6,0.9998
282,2026-09-28T11:11:30.192502,... I DEVELOPED A SPECIAL KNACK FOR CERTAIN SMELLS .,0.7551,dialogue,dialogue,False,52,10,237,0,0,343,119,1.0,1.0,1.0,0.4,,1.0,1.0,0.975,2.8823529411764706,40817,0.0012739789793468409,0.375,1.9,True,True,0.0,0.5783783783783784,10,1.0,0.11567567567567567,1.0,0.38,800,1000,0.6,0.9983
283,2026-09-28T11:11:30.195674,"THIS SWEET , DELICIOUS SCENT ... IT DRIVES US CARNIVOROUS INSECTS MAD WITH HUNGER .",0.6869,,,True,83,15,238,0,0,351,381,1.0,0.3,0.4,0.4,,1.0,1.0,0.9696969696969697,0.9212598425196851,133731,0.0006206489146121692,0.3333333333333333,1.3416666666666668,True,True,0.0,0.6903225806451613,15,1.0,0.13806451612903226,1.0,0.26833333333333337,800,1000,0.6,0.9554
284,2026-09-28T11:11:30.198807,DO YOU,0.7391,dialogue,dialogue,False,6,2,239,0,0,127,27,1.0,1.0,0.6,1.0,,1.0,0.2,1.0,4.703703703703703,3429,0.0017497812773403325,1.0,3.75,False,False,0.0,1.3666666666666665,2,0.5,0.2733333333333333,0.6,1.0,800,1000,0.6,0.8858
285,2026-09-28T11:11:30.202049,HAVE ANY IDEA HOW SWEET BUGS TASTE TO A FELLOW BUG LIKE ME ?,0.7833,dialogue,dialogue,False,60,14,240,0,0,343,163,1.0,1.0,0.6,0.7,,1.0,1.0,0.9787234042553191,2.104294478527607,55909,0.001073172476703214,0.5384615384615384,1.8461538461538463,True,True,0.0,0.3522727272727273,14,1.0,0.07045454545454546,1.0,0.36923076923076925,800,609,0.6,0.9953
286,2026-09-28T11:11:30.205215,ABSOLUTELY ...,0.7362,dialogue,dialogue,False,14,2,241,0,0,346,39,1.0,0.3,1.0,0.0,,1.0,2.0,1.0,8.871794871794872,13494,0.001037498147324737,0.0,0.5,True,True,0.0,0.3,2,1.0,0.06,0.6,0.1,800,1000,0.6,0.9531
287,2026-09-28T11:11:30.208353,... MOUTHWATERING !!,0.6136,,,True,20,3,242,0,0,546,45,1.0,0.3,1.0,0.0,,1.0,1.0,0.8666666666666667,12.133333333333333,24570,0.000814000814000814,0.0,0.5,True,True,0.0,1.5090909090909093,3,1.0,0.3018181818181819,0.75,0.1,800,1000,0.6,0.9208
288,2026-09-28T11:11:30.211569,SWISH,0.4392,background,background,False,5,1,245,0,0,227,185,1.0,0.7,1.0,0.0,,1.0,0.2,1.0,1.227027027027027,41995,0.00011906179307060365,0.0,0.5,False,False,0.0,0.3,1,0.6,0.06,0.5,0.1,800,1000,0.6,0.0
289,2026-09-28T11:11:30.211598,TUMBLE,0.4792,,,True,6,1,245,0,0,130,81,1.0,0.7,1.0,0.0,,1.0,0.2,1.0,1.6049382716049383,10530,0.0005698005698005698,0.0,0.5,False,False,0.0,0.3,1,1.0,0.06,0.5,0.1,800,1000,0.6,0.007
290,2026-09-28T11:11:30.214727,SUCHAN !!,0.6942,,,True,9,2,246,0,0,179,32,1.0,0.7,0.6,0.0,,1.0,2.0,0.75,5.59375,5728,0.0015712290502793297,0.0,0.5,True,True,0.0,0.3,2,0.5,0.06,0.6,0.1,800,1000,0.6,0.9714
291,2026-09-28T11:11:30.217847,MIHUI ... ? !,0.5347,,,True,13,4,247,0,0,162,27,1.0,0.3,0.6,0.0,,1.0,1.0,0.7142857142857143,6.0,4374,0.002972107910379515,0.0,0.5,True,True,0.0,0.3,4,0.5,0.06,0.75,0.1,800,1000,0.6,0.9428
292,2026-09-28T11:11:30.221192,"I CAME OUT OF THE BATHROOM ,",0.7894,dialogue,dialogue,False,28,7,248,0,0,200,121,1.0,0.7,1.0,0.7,,1.0,0.6,0.9545454545454546,1.6528925619834711,24200,0.0011570247933884298,0.6666666666666666,2.9333333333333336,True,False,0.0,0.6736842105263158,7,1.0,0.13473684210526315,1.0,0.8,800,1000,0.6,1.0
293,2026-09-28T11:11:30.221200,AND THEY TOLD EVERYONE TO EVACUATE ...,0.869,dialogue,dialogue,False,38,7,248,0,0,273,118,1.0,1.0,1.0,0.7,,1.0,1.0,1.0,2.3135593220338984,32214,0.0011796113491028745,0.5,2.35,True,True,0.0,1.0,7,1.0,0.2,1.0,0.8,800,1000,0.6,1.0
294,2026-09-28T11:11:30.221206,TREM,0.4672,,,True,4,1,248,0,0,88,66,1.0,0.7,0.6,0.0,,1.0,0.2,1.0,1.3333333333333333,5808,0.0006887052341597796,0.0,0.5,False,False,0.0,0.3,1,1.0,0.06,0.5,0.1,800,1000,0.6,0.0112
295,2026-09-28T11:11:30.224505,BLE,0.4052,background,background,False,3,1,249,0,0,48,41,1.0,0.7,0.2,0.0,,1.0,0.2,1.0,1.170731707317073,1968,0.001524390243902439,0.0,0.5,False,False,0.0,0.3,1,0.5,0.06,0.5,0.1,800,1000,0.6,0.0139
296,2026-09-28T11:11:30.224529,TREMBLE,0.4792,,,True,7,1,249,0,0,133,97,1.0,0.7,1.0,0.0,,1.0,0.2,1.0,1.3711340206185567,12901,0.0005425935973955507,0.0,0.5,False,False,0.0,0.3,1,1.0,0.06,0.5,0.1,800,1000,0.6,0.007
297,2026-09-28T11:11:30.224551,... BUT I COULDN'T FIND YOU ANYWHERE .,0.9124,dialogue,dialogue,False,38,8,249,0,0,282,118,1.0,1.0,1.0,1.0,,1.0,1.0,0.9285714285714286,2.389830508474576,33276,0.0011419641783868254,0.8333333333333334,2.183333333333333,True,True,0.0,0.8875000000000001,8,1.0,0.17750000000000002,1.0,0.8,800,1000,0.6,1.0
298,2026-09-28T11:11:30.227642,CLENCH,0.4792,,,True,6,1,250,0,0,106,80,1.0,0.7,1.0,0.0,,1.0,0.2,1.0,1.325,8480,0.0007075471698113207,0.0,0.5,False,False,0.0,0.3,1,1.0,0.06,0.5,0.1,800,1000,0.6,0.0082
299,2026-09-28T11:11:30.230968,THUD DD,0.5712,,,True,7,2,251,0,0,84,116,1.0,0.3,1.0,0.7,,1.0,0.2,1.0,0.7241379310344828,9744,0.0007183908045977011,0.5,0.5,False,False,0.0,0.3,2,1.0,0.06,0.6,0.1,800,1000,0.6,0.1557
300,2026-09-28T11:11:30.231074,CLATTER FOOLISH LITTLE BITCH .,0.645,,,True,30,5,251,0,0,352,131,1.0,1.0,1.0,0.075,,1.0,1.0,0.9615384615384616,2.687022900763359,46112,0.0006505898681471201,0.25,0.5,True,True,0.0,0.4434782608695652,5,1.0,0.08869565217391304,0.75,0.1,800,1000,0.6,0.9266
301,2026-09-28T11:11:30.231081,EECH,0.4192,background,background,False,4,1,251,0,0,147,221,1.0,0.3,1.0,0.0,,1.0,0.2,1.0,0.665158371040724,32487,0.00012312617354634162,0.0,0.5,False,False,0.0,0.3,1,0.6,0.06,0.5,0.1,800,1000,0.6,0.0
302,2026-09-28T11:11:30.234367,SCRE,0.4192,background,background,False,4,1,252,0,0,140,228,1.0,0.3,1.0,0.0,,1.0,0.2,1.0,0.6140350877192983,31920,0.00012531328320802005,0.0,0.5,False,False,0.0,0.3,1,0.6,0.06,0.5,0.1,800,1000,0.6,0.0
303,2026-09-28T11:11:30.234390,SCREECH,0.4072,background,background,False,7,1,252,0,0,200,245,1.0,0.3,0.6,0.0,,1.0,0.2,1.0,0.8163265306122449,49000,0.00014285714285714287,0.0,0.5,False,False,0.0,0.3,1,0.6,0.06,0.5,0.1,800,1000,0.6,0.0
304,2026-09-28T11:11:30.234419,NO ONE INTERRUPTS MY PRECIOUS MEALTIME !,0.7209,dialogue,dialogue,False,40,7,252,0,0,306,219,1.0,0.7,0.6,0.4,,1.0,1.0,0.9705882352941176,1.3972602739726028,67014,0.0005968902020473334,0.3333333333333333,1.6666666666666667,True,True,0.0,0.5645161290322581,7,1.0,0.11290322580645162,1.0,0.33333333333333337,800,1000,0.6,0.9841
305,2026-09-28T11:11:30.237529,RUN !!,0.8192,dialogue,dialogue,False,6,2,253,0,0,99,28,0.8,1.0,0.6,1.0,,1.0,2.0,0.6,3.5357142857142856,2772,0.0021645021645021645,1.0,0.5,True,True,0.0,0.3,2,0.5,0.06,0.6,0.1,800,1000,0.6,0.9425
306,2026-09-28T11:11:30.240662,"GET OUT OF HERE , MIHUI !!",0.8981,dialogue,dialogue,False,26,7,254,0,0,157,117,1.0,0.7,1.0,1.0,,1.0,1.0,0.85,1.3418803418803418,18369,0.0014154281670205238,0.8,2.2199999999999998,True,True,0.0,0.9333333333333333,7,1.0,0.18666666666666668,1.0,0.8,800,1000,0.6,1.0
307,2026-09-28T11:11:30.243830,HURRY ...,0.7092,dialogue,dialogue,False,9,2,256,0,0,151,36,1.0,1.0,0.6,0.0,,1.0,2.0,1.0,4.194444444444445,5436,0.0016556291390728477,0.0,0.5,True,True,0.0,0.3,2,0.5,0.06,0.6,0.1,800,1000,0.6,0.9725
308,2026-09-28T11:11:30.247037,"NO , MISS . NO ONE CAN ENTER . WHAT'S THERE'S AN ARMED MAN IN ON ? GOING THAT BUILDING WOW RIGHT NOW ... UNBELIEVABLE WOMAN",0.658,,,True,123,26,257,0,0,776,424,1.0,0.7,0.4,0.7,,1.0,0.6,0.9368421052631579,1.830188679245283,329024,0.0003738329118848473,0.6666666666666666,1.6857142857142857,True,False,0.0,0.8850574712643678,26,0.6,0.17701149425287357,0.9,0.33714285714285713,800,1000,0.6,0.996
309,2026-09-28T11:11:30.250362,TH KEEPS TRYING INSIDE GGV GET HEARTH PHARMACY ....,0.5932,,,True,51,9,258,0,0,548,328,1.0,0.7,0.4,0.0375,,1.0,1.0,1.0,1.670731707317073,179744,0.0002837368702154175,0.125,0.775,True,True,0.0,0.5216216216216216,9,0.6,0.10432432432432433,1.0,0.155,800,1000,0.6,0.5137
310,2026-09-28T11:11:30.250370,CLAMOR,0.4392,background,background,False,6,1,258,0,0,225,211,1.0,0.7,1.0,0.0,,1.0,0.2,1.0,1.066350710900474,47475,0.0001263823064770932,0.0,0.5,False,False,0.0,0.3,1,0.6,0.06,0.5,0.1,800,1000,0.6,0.0
311,2026-09-28T11:11:30.250394,CLAMOR BUT I SAW PEOPLE STILL TRAPPED INSIDE !,0.6848,,,True,46,9,258,0,0,600,254,1.0,1.0,0.4,0.4,,1.0,1.0,0.9736842105263158,2.3622047244094486,152400,0.0003018372703412073,0.375,1.5875,True,True,0.0,0.3685714285714286,9,0.6,0.07371428571428572,1.0,0.3175,800,1000,0.6,0.8994
312,2026-09-28T11:11:30.253533,"IF YOU OFFICERS WON'T GO INSIDE , THEN LET ME GO AND HELP--",0.7164,dialogue,dialogue,False,59,13,259,0,0,281,208,1.0,0.7,0.6,0.7,,1.0,0.6,0.9148936170212766,1.3509615384615385,58448,0.0010094442923624417,0.75,1.9583333333333333,True,False,0.0,0.6926829268292682,13,1.0,0.13853658536585364,1.0,0.39166666666666666,800,1000,0.6,1.0
313,2026-09-28T11:11:30.256635,LOOK ! UP THERE !!,0.8885,dialogue,dialogue,False,18,5,260,0,0,136,123,1.0,0.7,1.0,1.0,,1.0,1.0,0.7857142857142857,1.1056910569105691,16728,0.0010760401721664275,1.0,2.6,True,True,0.0,1.5,5,1.0,0.3,0.75,0.8,800,1000,0.6,0.995
314,2026-09-28T11:11:30.259750,A PERSON JUST ... !! SHATTER,0.6736,,,True,28,6,261,0,0,649,340,1.0,0.7,0.4,0.7,,1.0,0.6,0.9,1.9088235294117648,220660,0.00012689205111936916,0.75,1.975,True,False,0.0,0.88125,6,0.6,0.17625,1.0,0.395,800,1000,0.6,0.9921
315,2026-09-28T11:11:30.263270,KYAAHHHH ! OH NO !!,0.7757,dialogue,dialogue,False,19,5,262,0,0,260,93,1.0,1.0,1.0,0.7,,1.0,1.0,0.7692307692307693,2.795698924731183,24180,0.0007857733664185277,0.6666666666666666,1.8,True,True,0.0,0.3,5,1.0,0.06,0.75,0.36,800,1000,0.6,0.9731
316,2026-09-28T11:11:30.263278,"SO LONG , WORTHLESS PIECE OF HUMAN MEAT .",0.7378,dialogue,dialogue,False,41,9,262,0,0,374,122,1.0,1.0,1.0,0.4,,1.0,1.0,0.9393939393939394,3.0655737704918034,45628,0.0008985710528622775,0.42857142857142855,1.4142857142857141,True,True,0.0,0.38620689655172413,9,1.0,0.07724137931034483,1.0,0.2828571428571428,800,1000,0.6,0.9967
317,2026-09-28T11:11:30.266385,MIHI !!,0.7312,dialogue,dialogue,False,7,2,263,0,0,154,47,0.8,1.0,1.0,0.0,,1.0,2.0,0.6666666666666666,3.276595744680851,7238,0.0009671179883945841,0.0,0.5,True,True,0.0,0.3,2,1.0,0.06,0.6,0.1,800,932,0.6,0.9239
318,2026-09-28T11:11:30.269625,"OH , NO ... !! NO , NO , NO !! SHE'LL DIE !!",0.7374,dialogue,dialogue,False,44,14,264,0,0,215,122,0.8,0.7,1.0,1.0,,1.0,1.0,0.6428571428571429,1.7622950819672132,26230,0.001677468547464735,1.0,1.8714285714285714,True,True,0.0,0.44375,14,0.5,0.08875,1.0,0.3742857142857143,800,1000,0.6,0.9918
319,2026-09-28T11:11:30.269633,WHAT DO I DO ? SHOULD I FLY DOWN AND SAVE HER ?!,0.8842,dialogue,dialogue,False,48,13,264,0,0,242,209,1.0,0.7,0.6,1.0,,1.0,1.0,0.9166666666666666,1.1578947368421053,50578,0.0009490292221914666,0.8181818181818182,2.581818181818182,True,True,0.0,0.8,13,1.0,0.16,1.0,0.8,800,1000,0.6,1.0
320,2026-09-28T11:11:30.272749,BUT,0.7552,dialogue,dialogue,False,3,1,265,0,0,67,30,1.0,1.0,0.2,1.0,,1.0,0.2,1.0,2.2333333333333334,2010,0.0014925373134328358,1.0,3.6,False,False,0.0,0.3,1,1.0,0.06,0.5,1.0,800,1000,0.6,0.6945
321,2026-09-28T11:11:30.275951,I'VE NEVER TRIED FLYING BEFORE ...,0.7485,dialogue,dialogue,False,34,6,266,0,0,220,117,1.0,0.7,1.0,0.7,,1.0,1.0,0.9615384615384616,1.8803418803418803,25740,0.001320901320901321,0.6,0.5,True,True,0.0,0.9608695652173912,6,1.0,0.19217391304347825,1.0,0.1,800,1000,0.6,0.9655
322,2026-09-28T11:11:30.275959,AND WORST OF ALL ...,0.8654,dialogue,dialogue,False,20,5,266,0,0,181,118,1.0,0.7,1.0,0.7,,1.0,1.0,1.0,1.5338983050847457,21358,0.0009364172675344133,0.75,3.15,True,True,0.0,0.9181818181818181,5,1.0,0.18363636363636363,0.75,1.0,800,1000,0.6,0.9875
323,2026-09-28T11:11:30.279049,PPA,0.3902,background,background,False,3,1,268,0,0,50,35,1.0,0.7,0.2,0.0,,0.5,0.2,1.0,1.4285714285714286,1750,0.0017142857142857142,0.0,0.5,False,False,0.5,0.3,1,0.5,0.06,0.5,0.1,800,1000,0.6,0.1626
324,2026-09-28T11:11:30.282295,"IF I WERE TO OPEN MY WINGS RIGHT NOW ,",0.8507,dialogue,dialogue,False,38,10,269,0,0,274,123,1.0,1.0,1.0,1.0,,1.0,0.6,0.9655172413793104,2.227642276422764,33702,0.0011275295234704171,0.8888888888888888,2.1,True,False,0.0,0.7615384615384616,10,1.0,0.1523076923076923,1.0,0.8,800,1000,0.6,1.0
325,2026-09-28T11:11:30.282302,WITH ALL THESE PEOPLE ...,0.8404,dialogue,dialogue,False,25,5,269,0,0,188,121,1.0,0.7,1.0,0.7,,1.0,1.0,1.0,1.5537190082644627,22748,0.0010989977140847546,0.75,2.45,True,True,0.0,1.28125,5,1.0,0.25625,0.75,0.8,800,1000,0.6,1.0
326,2026-09-28T11:11:30.285417,I ...,0.9792,dialogue,dialogue,False,5,2,270,0,0,63,43,1.0,0.7,0.6,1.0,,1.0,2.0,1.0,1.4651162790697674,2709,0.0018456995201181247,1.0,4.2,True,True,0.0,0.3,2,0.5,0.06,0.6,1.0,800,1000,0.6,1.0
327,2026-09-28T11:11:30.288667,MY LIFE WOULD BE ...,0.8896,dialogue,dialogue,False,20,5,271,0,0,214,78,1.0,1.0,1.0,1.0,,1.0,1.0,1.0,2.7435897435897436,16692,0.0011981787682722263,1.0,2.85,True,True,0.0,0.509090909090909,5,1.0,0.10181818181818181,0.75,0.8,800,1000,0.6,1.0
328,2026-09-28T11:11:30.288675,00,0.2645,background,background,False,2,1,271,0,0,77,48,0.0,0.7,0.6,0.0,,0.91,0.2,0.0,1.6041666666666667,3696,0.0005411255411255411,0.0,0.5,False,False,0.09,0.3,1,1.0,0.06,0.5,0.1,800,1000,0.6,0.0072
329,2026-09-28T11:11:30.292132,) HDN31,0.4612,,,True,7,2,273,0,0,171,84,1.0,1.0,1.0,0.0,,1.0,0.2,1.0,2.0357142857142856,14364,0.0004873294346978557,0.0,0.5,False,False,0.0,0.3,2,0.6,0.06,0.6,0.1,800,1000,0.6,0.0
330,2026-09-28T11:11:30.295611,"I'M SO SORRY , MIHUI ...",0.7169,dialogue,dialogue,False,24,6,274,0,0,128,120,1.0,0.7,1.0,0.7,,1.0,1.0,0.875,1.0666666666666667,15360,0.0015625,0.75,1.4249999999999998,True,True,0.0,0.3,6,0.5,0.06,1.0,0.285,800,1000,0.6,0.9867
331,2026-09-28T11:11:30.298963,I JUST CAN'T ...,0.8767,dialogue,dialogue,False,16,4,275,0,0,128,119,1.0,0.7,1.0,1.0,,1.0,1.0,0.9,1.0756302521008403,15232,0.0010504201680672268,1.0,2.3666666666666667,True,True,0.0,0.6571428571428571,4,1.0,0.13142857142857142,0.75,0.8,800,1000,0.6,0.99
332,2026-09-28T11:11:30.302549,WHA ...,0.7456,dialogue,dialogue,False,7,2,279,0,0,113,30,1.0,1.0,0.6,0.0,,1.0,2.0,1.0,3.7666666666666666,3390,0.002064896755162242,0.0,0.5,True,True,0.0,2.9,2,0.5,0.58,0.6,0.1,800,1000,0.6,0.9114
333,2026-09-28T11:11:30.302557,LOOK ... !,0.8247,dialogue,dialogue,False,10,3,279,0,0,138,28,1.0,1.0,0.6,1.0,,1.0,1.0,0.8,4.928571428571429,3864,0.002587991718426501,1.0,2.1,True,True,0.0,0.3,3,0.5,0.06,0.75,0.8,800,1000,0.6,1.0
334,2026-09-28T11:11:30.305723,WHAT ?!,1.4505,dialogue,dialogue,False,7,2,280,0,0,174,43,0.8,1.0,1.0,1.0,,1.0,2.0,0.6666666666666666,4.046511627906977,7482,0.0009355787222667736,1.0,2.9,True,True,0.0,3.25,2,1.0,0.65,3.0,2.5,800,1000,0.6,0.9827
335,2026-09-28T11:11:30.309058,HSOOMS,0.4212,background,background,False,6,1,281,0,0,607,551,1.0,0.7,0.4,0.0,,1.0,0.2,1.0,1.1016333938294012,334457,1.7939525858331565e-05,0.0,0.5,False,False,0.0,0.3,1,0.6,0.06,0.5,0.1,800,1000,0.6,0.0025
336,2026-09-28T11:11:30.312599,GOTCHA !,0.7092,dialogue,dialogue,False,8,2,288,0,0,146,32,1.0,1.0,0.6,0.0,,1.0,2.0,0.8571428571428571,4.5625,4672,0.0017123287671232876,0.0,0.5,True,True,0.0,0.3,2,0.5,0.06,0.6,0.1,800,1000,0.6,0.9375
337,2026-09-28T11:11:30.315855,HAHAHAHA AHAHA !! THAT IDIOT !!,0.6379,,,True,31,6,290,0,0,554,268,1.0,1.0,0.4,0.075,,1.0,1.0,0.8461538461538461,2.0671641791044775,148472,0.00020879357724015303,0.25,1.45,True,True,0.0,0.795,6,0.6,0.159,1.0,0.29,800,1000,0.6,0.8842
338,2026-09-28T11:11:30.319285,EVEN AN INSECT HUMAN CAN'T SURVIVE A FALL FROM THIS HIGH !!,0.7713,dialogue,dialogue,False,59,12,291,0,0,291,210,1.0,0.7,0.6,0.7,,1.0,1.0,0.9375,1.3857142857142857,61110,0.0009654720994927181,0.7272727272727273,1.7727272727272727,True,True,0.0,0.7255813953488371,12,1.0,0.14511627906976743,1.0,0.35454545454545455,800,1000,0.6,0.9993
339,2026-09-28T11:11:30.319292,THIS IS WHAT YOU MADE ME CHASE YOU AROUND FOR ?!,0.8531,dialogue,dialogue,False,48,11,291,0,0,282,165,1.0,0.7,1.0,0.7,,1.0,1.0,0.9473684210526315,1.709090909090909,46530,0.0010315925209542231,0.7,2.27,True,True,0.0,0.9323529411764706,11,1.0,0.1864705882352941,1.0,0.8,800,1000,0.6,1.0
340,2026-09-28T11:11:30.322742,SO THAT YOU COULD KILL YOURSELVES TOGETHER ?!,0.8556,dialogue,dialogue,False,45,8,292,0,0,275,163,1.0,0.7,1.0,0.7,,1.0,1.0,0.9473684210526315,1.687116564417178,44825,0.001003904071388734,0.7142857142857143,2.1,True,True,0.0,1.1117647058823528,8,1.0,0.22235294117647056,1.0,0.8,800,1000,0.6,1.0
341,2026-09-28T11:11:30.326082,WHOOSH,0.5512,,,True,6,1,293,0,0,369,450,1.0,0.3,0.4,1.0,,1.0,0.2,1.0,0.82,166050,3.6133694670280034e-05,1.0,0.5,False,False,0.0,0.3,1,0.6,0.06,0.5,0.1,800,1000,0.6,0.045
342,2026-09-28T11:11:30.326111,EVERYONE WILL BE ABLE TO SEE .,0.8959,dialogue,dialogue,False,30,7,293,0,0,236,119,1.0,0.7,1.0,1.0,,1.0,1.0,0.9583333333333334,1.9831932773109244,28084,0.0010682238997293833,0.8333333333333334,2.6333333333333333,True,True,0.0,0.7809523809523808,7,1.0,0.15619047619047616,1.0,0.8,800,1000,0.6,1.0
343,2026-09-28T11:11:30.326119,H,0.4392,background,background,False,1,1,293,0,0,143,105,1.0,0.7,1.0,0.0,,1.0,0.2,1.0,1.361904761904762,15015,6.66000666000666e-05,0.0,0.5,False,False,0.0,0.3,1,0.6,0.06,0.5,0.1,800,1000,0.6,0.0
344,2026-09-28T11:11:30.329362,WHOOS I COULD LOSE EVERYTHING I HAVE IN MY LIFE .,0.8376,dialogue,dialogue,False,49,11,294,0,0,705,540,1.0,0.7,0.4,1.0,,1.0,1.0,0.9743589743589743,1.3055555555555556,380700,0.00012871027055424218,0.8,2.4400000000000004,True,True,0.0,0.7555555555555555,11,0.6,0.1511111111111111,1.0,0.8,800,1000,0.6,0.9878
345,2026-09-28T11:11:30.332644,BUT ...,0.9942,dialogue,dialogue,False,7,2,295,0,0,101,29,1.0,1.0,0.6,1.0,,1.0,2.0,1.0,3.4827586206896552,2929,0.002389894161829976,1.0,3.6,True,True,0.0,0.3,2,0.5,0.06,0.6,1.0,800,1000,0.6,0.988
346,2026-09-28T11:11:30.332652,"So , IF YOU'RE STILL AS INTERESTED IN ME AS YOU WERE THAT DAY ...",0.8887,dialogue,dialogue,False,65,15,295,0,0,364,211,1.0,0.7,0.6,1.0,,1.0,1.0,0.9583333333333334,1.7251184834123223,76804,0.0008463100880162492,0.9230769230769231,2.3615384615384616,True,True,0.0,1.1204545454545454,15,1.0,0.22409090909090906,1.0,0.8,800,1000,0.6,1.0
347,2026-09-28T11:11:30.335790,... I WANT TO BUTT INTO YOUR LIFE LIKE YOU DID TO MINE .,0.8955,dialogue,dialogue,False,56,14,296,0,0,359,165,1.0,1.0,0.6,1.0,,1.0,1.0,0.975,2.175757575757576,59235,0.0009453870178104161,0.8333333333333334,2.25,True,True,0.0,0.5351351351351351,14,1.0,0.10702702702702702,1.0,0.8,800,1000,0.6,0.9725
348,2026-09-28T11:11:30.338931,THIS MUST BE ...,0.8617,dialogue,dialogue,False,16,4,297,0,0,376,44,1.0,0.3,1.0,1.0,,1.0,1.0,1.0,8.545454545454545,16544,0.0009671179883945841,1.0,2.966666666666667,True,True,0.0,1.0125,4,1.0,0.20249999999999999,0.75,0.8,800,1000,0.6,0.9821
349,2026-09-28T11:11:30.342090,... THE RIGHT THING TO DO .,0.8868,dialogue,dialogue,False,27,7,299,0,0,659,44,1.0,0.3,1.0,1.0,,1.0,1.0,0.9444444444444444,14.977272727272727,28996,0.0009311629190233135,1.0,2.88,True,True,0.0,1.5599999999999998,7,1.0,0.31199999999999994,1.0,0.8,800,1000,0.6,0.743
350,2026-09-28T11:11:30.345314,RIP,0.4392,background,background,False,3,1,300,0,0,185,144,1.0,0.7,1.0,0.0,,1.0,0.2,1.0,1.2847222222222223,26640,0.00011261261261261261,0.0,0.5,False,False,0.0,0.3,1,0.6,0.06,0.5,0.1,800,1000,0.6,0.0
351,2026-09-28T11:11:30.345340,RIP,0.4392,background,background,False,3,1,300,0,0,222,176,1.0,0.7,1.0,0.0,,1.0,0.2,1.0,1.2613636363636365,39072,7.678132678132678e-05,0.0,0.5,False,False,0.0,0.3,1,0.6,0.06,0.5,0.1,800,1000,0.6,0.0
352,2026-09-28T11:11:30.348474,BURST,0.4272,background,background,False,5,1,301,0,0,409,228,1.0,0.7,0.6,0.0,,1.0,0.2,1.0,1.793859649122807,93252,5.361815296186677e-05,0.0,0.5,False,False,0.0,0.3,1,0.6,0.06,0.5,0.1,800,1000,0.6,0.0009
353,2026-09-28T11:11:30.351643,SWOOSH,0.4012,background,background,False,6,1,303,0,0,338,497,1.0,0.3,0.4,0.0,,1.0,0.2,1.0,0.6800804828973843,167986,3.571726215279845e-05,0.0,0.5,False,False,0.0,0.3,1,0.6,0.06,0.5,0.1,800,1000,0.6,0.0
354,2026-09-28T11:11:30.354772,BLAST,0.4012,background,background,False,5,1,304,0,0,341,401,1.0,0.3,0.4,0.0,,1.0,0.2,1.0,0.8503740648379052,136741,3.656547780109843e-05,0.0,0.5,False,False,0.0,0.3,1,0.6,0.06,0.5,0.1,800,1000,0.6,0.0
355,2026-09-28T11:11:30.357925,W - WHAT ?!,0.7232,dialogue,dialogue,False,11,4,305,0,0,178,33,1.0,0.7,0.6,0.7,,1.0,1.0,0.7142857142857143,5.393939393939394,5874,0.0018726591760299626,0.5,1.7,True,True,0.0,2.2666666666666666,4,0.5,0.4533333333333333,0.75,0.33999999999999997,800,1000,0.6,1.0
356,2026-09-28T11:11:30.361080,EVERYONE HAS SECRETS .,0.6984,,,True,22,4,306,0,0,219,71,1.0,1.0,1.0,0.4,,1.0,1.0,0.9473684210526315,3.084507042253521,15549,0.0014148819859798058,0.3333333333333333,0.5,True,True,0.0,0.78125,4,1.0,0.15625,0.75,0.1,800,1000,0.6,0.9876
357,2026-09-28T11:11:30.364199,THINGS THEY DON'T WANT OTHERS TO SEE .,0.8063,dialogue,dialogue,False,38,8,307,0,0,338,116,1.0,1.0,1.0,0.7,,1.0,1.0,0.9354838709677419,2.913793103448276,39208,0.0009691899612324016,0.7142857142857143,1.7571428571428573,True,True,0.0,1.3259259259259257,8,1.0,0.26518518518518513,1.0,0.3514285714285715,800,1000,0.6,1.0
358,2026-09-28T11:11:30.367439,DING,0.4672,,,True,4,1,308,0,0,159,119,1.0,0.7,1.0,0.0,,1.0,0.2,1.0,1.3361344537815125,18921,0.00021140531684371862,0.0,0.5,False,False,0.0,2.3,1,0.6,0.45999999999999996,0.5,0.1,800,1000,0.6,0.0
359,2026-09-28T11:11:30.367465,SHOWING THESE PRIVATE DETAILS TO OTHERS IS RISKY ...,0.7337,dialogue,dialogue,False,52,9,308,0,0,315,116,1.0,1.0,1.0,0.4,,1.0,1.0,1.0,2.7155172413793105,36540,0.0014230979748221127,0.375,1.025,True,True,0.0,0.9230769230769231,9,1.0,0.18461538461538463,1.0,0.205,800,1000,0.6,0.98
360,2026-09-28T11:11:30.370563,IT MEANS REVEALING YOUR WEAKNESSES ...,0.7488,dialogue,dialogue,False,38,6,310,0,0,283,118,1.0,1.0,1.0,0.4,,1.0,1.0,1.0,2.3983050847457625,33394,0.0011379289692759178,0.4,1.5799999999999998,True,True,0.0,0.8107142857142857,6,1.0,0.16214285714285714,1.0,0.31599999999999995,800,1000,0.6,0.9862
361,2026-09-28T11:11:30.373771,... TO THE REST OF THE WORLD .,0.899,dialogue,dialogue,False,30,8,312,0,0,254,71,1.0,1.0,1.0,1.0,,1.0,1.0,0.95,3.5774647887323945,18034,0.001663524453809471,0.8333333333333334,3.3833333333333333,True,True,0.0,1.3588235294117648,8,0.5,0.27176470588235296,1.0,1.0,800,1000,0.6,0.9883
362,2026-09-28T11:11:30.373778,THIS IS THE STORY OF A CERTAIN COLLEGE,0.745,dialogue,dialogue,False,38,8,312,0,0,294,116,1.0,1.0,1.0,0.7,,1.0,0.2,1.0,2.5344827586206895,34104,0.001114238798967863,0.625,2.4625,False,False,0.0,0.7172413793103448,8,1.0,0.14344827586206896,1.0,0.8,800,1000,0.6,0.9942
363,2026-09-28T11:11:30.377064,STUDENT ...,0.704,dialogue,dialogue,False,11,2,313,0,0,171,30,1.0,0.7,0.6,0.0,,1.0,2.0,1.0,5.7,5130,0.0021442495126705653,0.0,0.5,True,True,0.0,1.0,2,0.5,0.2,0.6,0.1,800,1000,0.6,0.8742
364,2026-09-28T11:11:30.377072,... WHO BECOMES PREY IN THE VICIOUS WORLD OF A CONCRETE JUNGLE .,0.8509,dialogue,dialogue,False,64,13,313,0,0,367,162,1.0,1.0,0.6,0.7,,1.0,1.0,0.9795918367346939,2.265432098765432,59454,0.0010764624751909038,0.5454545454545454,2.1999999999999997,True,True,0.0,0.5608695652173913,13,1.0,0.11217391304347826,1.0,0.8,800,1000,0.6,0.9683
365,2026-09-28T11:11:30.380233,THIS IS HIS DESPERATE FIGHT FOR SURVIVAL .,0.7761,dialogue,dialogue,False,42,8,314,0,0,643,127,1.0,0.7,0.6,0.7,,1.0,1.0,0.9714285714285714,5.062992125984252,81661,0.0005143214018931925,0.5714285714285714,1.8714285714285714,True,True,0.0,0.85625,8,1.0,0.17124999999999999,1.0,0.3742857142857143,800,1000,0.6,0.9813
366,2026-09-28T11:11:30.383472,JUNGLE JUICE,0.4492,background,background,False,12,2,316,0,0,706,142,1.0,1.0,0.6,0.0,,1.0,0.2,1.0,4.971830985915493,100252,0.00011969836013246618,0.0,0.5,False,False,0.0,0.3,2,0.6,0.06,0.6,0.1,800,1000,0.6,0.0557
367,2026-09-28T11:11:30.386635,HE PULLED HIS WINGS OUT IN THE MIDDLE OF THE CITY ...,0.8392,dialogue,dialogue,False,53,12,317,0,0,313,164,1.0,0.7,0.6,0.7,,1.0,1.0,1.0,1.9085365853658536,51332,0.0010324943505026106,0.6363636363636364,2.8272727272727276,True,True,0.0,0.7972972972972973,12,1.0,0.15945945945945944,1.0,0.8,800,1000,0.6,0.9962
368,2026-09-28T11:11:30.389893,CLAMOR,0.4542,,,True,6,1,318,0,0,197,97,1.0,1.0,1.0,0.0,,1.0,0.2,1.0,2.0309278350515463,19109,0.0003139881731121461,0.0,0.5,False,False,0.0,0.3,1,0.6,0.06,0.5,0.1,800,1000,0.6,0.0
369,2026-09-28T11:11:30.389918,CLAMOR,0.4542,,,True,6,1,318,0,0,193,85,1.0,1.0,1.0,0.0,,1.0,0.2,1.0,2.2705882352941176,16405,0.000365742151782993,0.0,0.5,False,False,0.0,0.3,1,0.6,0.06,0.5,0.1,800,1000,0.6,0.0
370,2026-09-28T11:11:30.389939,INCREDIBLE .,0.5342,,,True,12,2,318,0,0,201,28,1.0,0.5,0.6,0.0,,1.0,1.0,0.9090909090909091,7.178571428571429,5628,0.0021321961620469083,0.0,0.5,True,True,0.0,0.3,2,0.5,0.06,0.6,0.1,800,1000,0.6,0.9946
371,2026-09-28T11:11:30.393155,WELL ?,0.9173,dialogue,dialogue,False,6,2,319,0,0,112,27,1.0,1.0,0.6,1.0,,1.0,2.0,0.8,4.148148148148148,3024,0.001984126984126984,1.0,1.9,True,True,0.0,1.45,2,0.5,0.29,0.6,0.38,800,1000,0.6,0.9867
372,2026-09-28T11:11:30.393163,WHAT DO WE DO WITH HIM ?,0.9297,dialogue,dialogue,False,24,7,319,0,0,176,118,1.0,0.7,1.0,1.0,,1.0,1.0,0.9444444444444444,1.4915254237288136,20768,0.0011556240369799693,1.0,3.3166666666666664,True,True,0.0,1.0466666666666666,7,1.0,0.20933333333333332,1.0,1.0,800,1000,0.6,0.9583
373,2026-09-28T11:11:30.396353,TEAM UP AND ATTACK ?,0.8309,dialogue,dialogue,False,20,5,320,0,0,144,120,1.0,0.7,1.0,0.7,,1.0,1.0,0.9375,1.2,17280,0.0011574074074074073,0.5,2.075,True,True,0.0,0.6,5,1.0,0.12,0.75,0.8,800,1000,0.6,1.0
374,2026-09-28T11:11:30.396360,WHISH,0.4937,,,True,5,1,320,0,0,117,60,1.0,0.7,1.0,0.0,,1.0,0.2,1.0,1.95,7020,0.0007122507122507123,0.0,0.5,False,False,0.0,1.3333333333333333,1,1.0,0.26666666666666666,0.5,0.1,800,1000,0.6,0.0124
375,2026-09-28T11:11:30.399515,"NO , SOMETHING BETTER .",0.7071,dialogue,dialogue,False,23,5,321,0,0,191,118,1.0,0.7,1.0,0.4,,1.0,1.0,0.8947368421052632,1.61864406779661,22538,0.001020498713284231,0.3333333333333333,1.1333333333333333,True,True,0.0,1.1133333333333333,5,1.0,0.22266666666666665,0.75,0.22666666666666666,800,1000,0.6,1.0
376,2026-09-28T11:11:30.402633,WE SHOULD TAKE HIM WITH US ...,0.8948,dialogue,dialogue,False,30,7,322,0,0,235,168,1.0,0.7,1.0,1.0,,1.0,1.0,1.0,1.3988095238095237,39480,0.0007598784194528875,1.0,2.1666666666666665,True,True,0.0,0.7000000000000001,7,1.0,0.14,1.0,0.8,800,1000,0.6,0.9995
377,2026-09-28T11:11:30.405854,... BACK TO OUR SCHOOL .,0.8127,dialogue,dialogue,False,24,6,324,0,0,307,100,1.0,1.0,1.0,0.7,,1.0,1.0,0.9375,3.07,30700,0.0007817589576547231,0.75,2.275,True,True,0.0,0.47692307692307695,6,1.0,0.09538461538461539,0.3,0.8,800,1000,0.6,0.9775
378,2026-09-28T11:11:30.405862,Based on the mini series Jungle Juice ! ( 2007 ),0.5842,,,True,48,11,324,0,0,323,81,1.0,1.0,1.0,0.075,,1.0,0.6,0.8378378378378378,3.9876543209876543,26163,0.001834651989450751,0.25,1.4875,True,False,0.0,0.593103448275862,11,0.5,0.1186206896551724,1.0,0.2975,800,1000,0.6,0.8945
379,2026-09-28T12:19:19.620107,RP ? IS THAT LIKE EXPERIENCE POINTS ?,0.7733,dialogue,dialogue,False,37,8,0,0,0,206,145,1.0,0.7,1.0,0.7,,1.0,1.0,0.9333333333333333,1.4206896551724137,29870,0.0012387010378305994,0.5,1.4666666666666668,True,True,0.0,0.6615384615384615,8,1.0,0.1323076923076923,1.0,0.29333333333333333,800,1000,0.6,1.0
380,2026-09-28T12:19:19.620149,AUOY ZAH WUD3G 99 M3T2Y2 2AH TAVITOA 99 ) 98,0.4535,,,True,44,10,0,0,0,142,173,1.0,0.3,1.0,0.03333333333333333,,1.0,0.2,0.7931034482758621,0.8208092485549133,24566,0.0017910933810958234,0.1111111111111111,0.6444444444444444,False,False,0.0,0.3,10,0.5,0.06,1.0,0.1288888888888889,800,1000,0.6,0.08
381,2026-09-28T12:19:19.626167,( UOY HTW JATOT,0.4367,background,background,False,15,4,1,0,0,141,239,1.0,0.3,1.0,0.0,,1.0,0.2,1.0,0.5899581589958159,33699,0.0004451170657883023,0.0,0.5,False,False,0.0,0.3,4,0.6,0.06,0.75,0.1,800,1000,0.6,0.0158
382,2026-09-28T12:19:19.626211,THERE'S NOTHING ABOUT HOW YOU USE THEM .,0.8472,dialogue,dialogue,False,40,8,1,0,0,273,145,1.0,0.7,1.0,1.0,,1.0,1.0,0.9393939393939394,1.8827586206896552,39585,0.0010104837691044587,0.8571428571428571,1.957142857142857,True,True,0.0,1.6793103448275863,8,1.0,0.3358620689655173,1.0,0.3914285714285714,800,1000,0.6,1.0
383,2026-09-28T12:19:19.626222,BY IMPROVING RELATIONSHIPS ...,0.6823,,,True,30,4,1,0,0,277,66,1.0,1.0,1.0,0.4,,1.0,1.0,1.0,4.196969696969697,18282,0.0016409583196586807,0.3333333333333333,1.5,True,True,0.0,1.059090909090909,4,0.5,0.21181818181818182,0.75,0.3,800,1000,0.6,0.99
384,2026-09-28T12:19:19.631500,YOU CAN EARN RP BY IMPROVING RELATIONSHIPS WITH KEY CHARACTERS .,0.7416,dialogue,dialogue,False,64,11,2,0,0,427,159,1.0,1.0,0.6,0.4,,1.0,1.0,0.9814814814814815,2.6855345911949686,67893,0.0009426597734670731,0.4,1.67,True,True,0.0,0.9607843137254902,11,1.0,0.19215686274509805,1.0,0.33399999999999996,800,1000,0.6,0.9998
385,2026-09-28T12:19:19.631513,... WITH KEY CHARACTERS MEANS ...,0.6939,,,True,33,6,2,0,0,212,104,1.0,1.0,1.0,0.075,,1.0,1.0,1.0,2.0384615384615383,22048,0.001496734397677794,0.25,1.35,True,True,0.0,0.865,6,1.0,0.173,1.0,0.27,800,1000,0.6,0.969
386,2026-09-28T12:19:19.636381,OH ! I SEE SOMETHING ! THERE IT IS !,0.9187,dialogue,dialogue,False,36,10,3,0,0,320,106,1.0,1.0,1.0,1.0,,1.0,1.0,0.8888888888888888,3.018867924528302,33920,0.0010613207547169811,0.8571428571428571,2.414285714285714,True,True,0.0,1.3363636363636362,10,1.0,0.2672727272727272,1.0,0.8,800,1000,0.6,1.0
387,2026-09-28T12:19:19.641270,DING YOUR APPROVAL RATING -30,0.5298,,,True,29,5,4,0,0,508,269,1.0,0.7,0.4,0.06,,1.0,0.6,0.88,1.8884758364312269,136652,0.0002122178965547522,0.2,0.86,True,False,0.0,1.105,5,0.6,0.221,0.75,0.172,800,1000,0.6,0.5313
388,2026-09-28T12:19:19.646192,"THAT'S LOW , RIGHT ? I BET THAT IS SUPER LOW .",0.7867,dialogue,dialogue,False,46,12,5,0,0,315,147,1.0,1.0,1.0,0.7,,1.0,1.0,0.8857142857142857,2.142857142857143,46305,0.0009934132383111974,0.5555555555555556,1.3333333333333333,True,True,0.0,0.8379310344827586,12,1.0,0.16758620689655174,1.0,0.26666666666666666,800,1000,0.6,1.0
389,2026-09-28T12:19:19.650959,"HEY , JAVIER .",0.6887,,,True,14,4,6,0,0,206,34,1.0,0.5,1.0,0.7,,1.0,1.0,0.8181818181818182,6.0588235294117645,7004,0.0019988577955454027,0.5,1.4,True,True,0.0,0.3,4,0.5,0.06,0.75,0.27999999999999997,800,1000,0.6,1.0
390,2026-09-28T12:19:19.650975,"YES , MASTER LLOYD ?",0.7126,dialogue,dialogue,False,20,5,6,0,0,214,69,1.0,1.0,1.0,0.4,,1.0,1.0,0.875,3.101449275362319,14766,0.0013544629554381688,0.3333333333333333,1.0666666666666667,True,True,0.0,0.5750000000000001,5,1.0,0.11500000000000002,0.75,0.21333333333333332,800,1000,0.6,1.0
391,2026-09-28T12:19:19.655102,I REALLY THINK YOU'RE VERY GOOD LOOKING .,0.8412,dialogue,dialogue,False,41,8,7,0,0,326,109,1.0,1.0,1.0,1.0,,1.0,1.0,0.9411764705882353,2.9908256880733943,35534,0.0011538245061068274,0.8571428571428571,1.5142857142857142,True,True,0.0,1.13,8,1.0,0.22599999999999998,1.0,0.3028571428571428,800,1000,0.6,1.0
392,2026-09-28T12:19:19.659355,LLOYD IS TRYING TO BUY JAVIER'S FAVOR .,0.6805,,,True,39,8,8,0,0,340,71,1.0,1.0,1.0,0.4,,1.0,1.0,0.9375,4.788732394366197,24140,0.0016155758077879038,0.42857142857142855,1.1,True,True,0.0,0.5392857142857143,8,0.5,0.10785714285714285,1.0,0.22000000000000003,800,1000,0.6,1.0
393,2026-09-28T12:19:19.663403,I KNOW THAT ALREADY .,0.8553,dialogue,dialogue,False,21,5,9,0,0,251,66,1.0,1.0,1.0,0.7,,1.0,1.0,0.9411764705882353,3.803030303030303,16566,0.0012676566461427019,0.75,2.85,True,True,0.0,1.2714285714285716,5,1.0,0.25428571428571434,0.75,0.8,800,1000,0.6,1.0
394,2026-09-28T12:19:19.663415,JAVIER'S APPROVAL RATING OF YOU HAS DECREASED BY ONE POINT . DING YOUR APPROVAL RATING -31,0.6055,,,True,90,16,9,0,0,571,359,1.0,0.7,0.4,0.4,,1.0,0.6,0.9333333333333333,1.5905292479108635,204989,0.000439047948914332,0.4,1.48,True,False,0.0,0.7926470588235294,16,0.6,0.15852941176470586,0.9,0.296,800,1000,0.6,0.9759
395,2026-09-28T12:19:19.667231,WHAT ?! WHY DID IT GO DOWN ?!,0.8449,dialogue,dialogue,False,29,8,11,0,0,303,67,1.0,1.0,1.0,1.0,,1.0,1.0,0.8181818181818182,4.522388059701493,20301,0.0014285010590611299,1.0,1.8499999999999999,True,True,0.0,0.66875,8,1.0,0.13374999999999998,1.0,0.37,800,1000,0.6,1.0
396,2026-09-28T12:19:19.667239,LET'S LEAVE THIS FOR LATER .,0.8053,dialogue,dialogue,False,28,6,11,0,0,264,104,1.0,1.0,1.0,0.7,,1.0,1.0,0.9130434782608695,2.5384615384615383,27456,0.0010198135198135198,0.6,1.8199999999999998,True,True,0.0,1.1210526315789473,6,1.0,0.22421052631578947,1.0,0.364,800,1000,0.6,1.0
397,2026-09-28T12:19:19.670963,"IF I RUSH IT , I'LL JUST MAKE IT WORSE .",0.8605,dialogue,dialogue,False,40,11,12,0,0,314,107,1.0,1.0,1.0,0.7,,1.0,1.0,0.9,2.9345794392523366,33598,0.0011905470563724032,0.7777777777777778,2.388888888888889,True,True,0.0,0.396,11,1.0,0.0792,1.0,0.8,800,1000,0.6,0.9983
398,2026-09-28T12:19:19.674848,THE GREATEST ESTATE DEVELOPER,0.5091,,,True,29,4,13,0,0,734,346,1.0,1.0,0.4,0.075,,1.0,0.2,1.0,2.121387283236994,253964,0.00011418941267266226,0.25,1.625,False,False,0.0,1.0416666666666667,4,0.6,0.20833333333333334,0.75,0.325,800,1000,0.6,0.7169
399,2026-09-28T12:19:19.674857,Original Story :,0.4647,,,True,16,3,13,0,0,127,21,1.0,0.5,0.6,0.0,,1.0,0.6,0.9285714285714286,6.0476190476190474,2667,0.005999250093738283,0.0,0.5,True,False,0.0,0.3,3,0.3,0.06,0.75,0.1,800,1000,0.6,0.1203
400,2026-09-28T12:19:19.675087,Art : Kim Hyunsoo,0.4647,,,True,17,4,13,0,0,159,20,1.0,0.5,0.6,0.0,,1.0,0.6,0.9285714285714286,7.95,3180,0.005345911949685534,0.0,0.5,True,False,0.0,0.3,4,0.3,0.06,0.75,0.1,800,1000,0.6,0.1162
401,2026-09-28T12:19:19.675116,Adaptation : Lee hyunmin,0.4604,,,True,24,4,13,0,0,228,19,1.0,0.3,0.6,0.0,,1.0,0.6,0.9523809523809523,12.0,4332,0.00554016620498615,0.0,0.5,True,False,0.0,0.7055555555555555,4,0.3,0.1411111111111111,0.75,0.1,800,1000,0.6,0.1879
402,2026-09-28T12:19:19.678781,PUB,0.4392,background,background,False,3,1,15,0,0,151,86,1.0,0.7,1.0,0.0,,1.0,0.2,1.0,1.755813953488372,12986,0.00023101801940551362,0.0,0.5,False,False,0.0,0.3,1,0.6,0.06,0.5,0.1,800,1000,0.6,0.0
403,2026-09-28T12:19:19.678809,"SO YOU'RE THE PURCHASER , AND I'LL BE THE BUILDER .",0.8673,dialogue,dialogue,False,51,11,15,0,0,356,105,1.0,1.0,1.0,0.7,,1.0,1.0,0.9024390243902439,3.3904761904761904,37380,0.0013643659711075442,0.7777777777777778,2.677777777777778,True,True,0.0,0.8771428571428571,11,1.0,0.17542857142857143,1.0,0.8,800,1000,0.6,1.0
404,2026-09-28T12:19:19.682285,XX,0.4352,background,background,False,2,1,16,0,0,31,69,1.0,0.3,0.2,0.0,,1.0,0.2,1.0,0.4492753623188406,2139,0.0009350163627863488,0.0,0.5,False,False,0.0,0.3,1,1.0,0.06,0.5,0.1,800,1000,0.6,0.0258
405,2026-09-28T12:19:19.685793,WE'LL WRITE OFF ALL CONSTRUCTION FEES AGAINST ALL OF THE PROPERTY I DAMAGED !,0.7924,dialogue,dialogue,False,77,14,17,0,0,398,186,1.0,1.0,0.6,0.7,,1.0,1.0,0.96875,2.139784946236559,74028,0.001040146971416221,0.6153846153846154,1.9384615384615385,True,True,0.0,0.8033333333333333,14,1.0,0.16066666666666668,1.0,0.38769230769230767,800,1000,0.6,0.9998
406,2026-09-28T12:19:19.689128,"NOW , SIGN HERE !",0.6827,,,True,17,5,18,0,0,288,33,1.0,0.3,1.0,0.7,,1.0,1.0,0.8461538461538461,8.727272727272727,9504,0.0017887205387205388,0.6666666666666666,1.0666666666666667,True,True,0.0,1.3,5,0.5,0.26,0.75,0.21333333333333332,800,970,0.6,0.9437
407,2026-09-28T12:19:19.692669,THE PUB OWNER IS LOOKING AT YOU SUSPICIOUSLY .,0.8019,dialogue,dialogue,False,46,9,20,0,0,323,107,1.0,1.0,1.0,0.7,,1.0,1.0,0.9736842105263158,3.0186915887850465,34561,0.0013309800063655566,0.5,1.875,True,True,0.0,0.7628571428571428,9,1.0,0.15257142857142855,1.0,0.375,800,1000,0.6,1.0
408,2026-09-28T12:19:19.696719,"TSK ! THIS IS THE PROBLEM . NO ONE HAS ANY TRUST IN THIS GUY . PUB OWNER USES THE SKILL "" STONE WALL HEART . """,0.6092,,,True,110,27,21,0,0,587,395,1.0,0.7,0.4,0.4,,1.0,0.6,0.9397590361445783,1.4860759493670885,231865,0.0004744139908998771,0.47619047619047616,1.619047619047619,True,False,0.0,0.7592105263157894,27,0.6,0.1518421052631579,0.9,0.3238095238095238,800,1000,0.6,0.9309
409,2026-09-28T12:19:19.700126,MY BIG PLAN CAN'T FAIL FROM THE START !,0.7952,dialogue,dialogue,False,39,9,22,0,0,364,107,1.0,1.0,1.0,0.7,,1.0,1.0,0.9354838709677419,3.4018691588785046,38948,0.0010013351134846463,0.75,1.75,True,True,0.0,0.5481481481481482,9,1.0,0.10962962962962963,1.0,0.35,800,1000,0.6,1.0
410,2026-09-28T12:19:19.703703,"I DIDN'T WANT TO RESORT TO THIS , BUT ...",0.9091,dialogue,dialogue,False,41,10,23,0,0,348,109,1.0,1.0,1.0,1.0,,1.0,1.0,0.9310344827586207,3.1926605504587156,37932,0.001080881577559844,0.875,2.7875,True,True,0.0,0.648,10,1.0,0.1296,1.0,0.8,800,1000,0.6,1.0
411,2026-09-28T12:19:19.707203,... LET'S USE HIS HOOLIGAN IMAGE !,0.7397,dialogue,dialogue,False,34,7,24,0,0,440,101,1.0,1.0,1.0,0.4,,1.0,1.0,0.92,4.356435643564357,44440,0.0007650765076507651,0.4,1.4,True,True,0.0,0.5523809523809524,7,1.0,0.11047619047619048,1.0,0.27999999999999997,800,1000,0.6,0.9807
412,2026-09-28T12:19:19.710498,"COME ON , WE'RE GOING TO SEE EACH OTHER A LOT FROM NOW ON , LET'S TRUST EACH OTHER , HUH ? WELL ? FROWN",0.7082,dialogue,dialogue,False,103,25,25,0,0,695,501,1.0,0.7,0.4,1.0,,1.0,0.6,0.9113924050632911,1.3872255489021956,348195,0.0002958112551874668,0.8,1.935,True,False,0.0,0.7214285714285714,25,0.6,0.1442857142857143,0.9,0.387,800,1000,0.6,0.9925
413,2026-09-28T12:19:19.713809,! IT WORKED !,0.8417,dialogue,dialogue,False,13,4,27,0,0,195,68,1.0,1.0,1.0,0.7,,1.0,1.0,0.8888888888888888,2.8676470588235294,13260,0.000980392156862745,0.5,2.3,True,True,0.0,0.3,4,1.0,0.06,0.75,0.8,800,1000,0.6,1.0
414,2026-09-28T12:19:19.713816,SCRIBBLE,0.4392,background,background,False,8,1,27,0,0,240,161,1.0,0.7,1.0,0.0,,1.0,0.2,1.0,1.4906832298136645,38640,0.00020703933747412008,0.0,0.5,False,False,0.0,0.3,1,0.6,0.06,0.5,0.1,800,1000,0.6,0.0
415,2026-09-28T12:19:19.713846,"WOW , YOU ARE ABSOLUTE GARBAGE ...",0.7864,dialogue,dialogue,False,34,7,27,0,0,253,113,1.0,1.0,1.0,0.7,,1.0,1.0,0.96,2.2389380530973453,28589,0.0011892685998111162,0.6,1.4,True,True,0.0,0.6727272727272727,7,1.0,0.13454545454545455,1.0,0.27999999999999997,800,1000,0.6,1.0
416,2026-09-28T12:19:19.717089,MPH ! SO WHAT ?! WHAT WAS I TO DO ?!,0.9147,dialogue,dialogue,False,36,11,28,0,0,317,101,1.0,1.0,1.0,1.0,,1.0,1.0,0.8076923076923077,3.1386138613861387,32017,0.001124402661086298,0.875,2.775,True,True,0.0,1.0473684210526315,11,1.0,0.2094736842105263,1.0,0.8,800,1000,0.6,1.0
417,2026-09-28T12:19:19.717096,I GOT MY FIRST ORDER !,0.8592,dialogue,dialogue,False,22,6,28,0,0,304,92,1.0,1.0,1.0,0.7,,1.0,1.0,0.9411764705882353,3.3043478260869565,27968,0.0007866132723112128,0.6,2.04,True,True,0.0,0.3,6,1.0,0.06,1.0,0.8,800,1000,0.6,0.973
418,2026-09-28T12:19:19.720359,Sh,0.4392,background,background,False,2,1,30,0,0,191,167,1.0,0.7,1.0,0.0,,1.0,0.2,1.0,1.1437125748502994,31897,6.270182148791423e-05,0.0,0.5,False,False,0.0,0.3,1,0.6,0.06,0.5,0.1,800,1000,0.6,0.0
419,2026-09-28T12:19:19.720386,"YOU'VE MADE THE RIGHT CHOICE , SIR ! I WON'T LET YOU DOWN . .",0.7802,dialogue,dialogue,False,61,15,30,0,0,418,147,1.0,1.0,0.6,0.7,,1.0,1.0,0.8723404255319149,2.8435374149659864,61446,0.0009927415942453536,0.7272727272727273,1.5454545454545454,True,True,0.0,0.7743589743589744,15,1.0,0.15487179487179487,1.0,0.3090909090909091,800,1000,0.6,1.0
420,2026-09-28T12:19:19.723547,"IT'S GOING TO BE PRETTY COZY , SO I DON'T NEED TO BE TOO PRECISE WITH MY MEASUREMENTS ... 10000",0.7636,dialogue,dialogue,False,95,20,34,0,0,397,338,1.0,0.7,0.4,0.7,,1.0,0.6,0.9154929577464789,1.1745562130177514,134186,0.0007079725157617039,0.6666666666666666,2.2,True,False,0.0,0.6142857142857142,20,1.0,0.12285714285714285,0.9,0.8,800,700,0.6,0.99
421,2026-09-28T12:19:19.726792,MASTER LLOYD .,0.5518,,,True,14,3,36,0,0,258,26,1.0,0.3,1.0,0.0,,1.0,1.0,0.9166666666666666,9.923076923076923,6708,0.0020870602265951103,0.0,0.5,True,True,0.0,0.6666666666666666,3,0.5,0.13333333333333333,0.75,0.1,800,1000,0.6,0.988
422,2026-09-28T12:19:19.726799,YES ?,1.3752,dialogue,dialogue,False,5,2,36,0,0,77,28,1.0,1.0,0.2,1.0,,1.0,2.0,0.75,2.75,2156,0.002319109461966605,1.0,2.2,True,True,0.0,0.3,2,0.5,0.06,3.0,2.5,800,1000,0.6,0.9833
423,2026-09-28T12:19:19.729980,YOU THREATENED THE PUB OWNER TO SIGN THAT CONTRACT . ARE YOU COMING UP WITH NEW WAYS TO CAUSE TROUBLE ?,0.7876,dialogue,dialogue,False,103,21,37,0,0,595,387,1.0,0.7,0.4,0.7,,1.0,1.0,0.9759036144578314,1.5374677002583979,230265,0.0004473107072286279,0.5789473684210527,2.026315789473684,True,True,0.0,0.8974683544303799,21,0.6,0.17949367088607598,0.9,0.8,800,1000,0.6,0.991
424,2026-09-28T12:19:19.733202,YOU'RE NOT AS REASONABLE AS YOU SEEM .,0.9136,dialogue,dialogue,False,38,8,40,0,0,266,106,1.0,1.0,1.0,1.0,,1.0,1.0,0.9354838709677419,2.509433962264151,28196,0.0013477088948787063,0.8571428571428571,2.414285714285714,True,True,0.0,0.9740740740740741,8,1.0,0.19481481481481483,1.0,0.8,800,1000,0.6,1.0
425,2026-09-28T12:19:19.733208,HAVE YOU EVER HEARD OF COGNITIVE DISTORTION ?,0.8065,dialogue,dialogue,False,45,8,40,0,0,287,145,1.0,0.7,1.0,0.4,,1.0,1.0,0.9736842105263158,1.9793103448275862,41615,0.0010813408626697105,0.42857142857142855,2.085714285714286,True,True,0.0,0.82,8,1.0,0.16399999999999998,1.0,0.8,800,1000,0.6,1.0
426,2026-09-28T12:19:19.736512,COGNITIVE DISTORTION ... ?,0.5898,,,True,26,4,41,0,0,239,67,1.0,1.0,1.0,0.0,,1.0,1.0,0.95,3.5671641791044775,16013,0.0016236807593830013,0.0,0.5,True,True,0.0,0.8764705882352941,4,0.5,0.17529411764705882,0.75,0.1,800,1000,0.6,0.9612
427,2026-09-28T12:19:19.736519,IT'S WHERE YOU BELIEVE SOMEONE WILL DO THIS AND THAT BECAUSE OF WHAT THEY DID IN THE PAST .,0.8803,dialogue,dialogue,False,91,19,41,0,0,399,226,1.0,0.7,0.6,1.0,,1.0,1.0,0.9726027397260274,1.7654867256637168,90174,0.0010091600683123738,0.8888888888888888,2.6888888888888887,True,True,0.0,1.020289855072464,19,1.0,0.2040579710144928,0.9,0.8,800,1000,0.6,1.0
428,2026-09-28T12:19:19.739688,IT'S THE DISTORTION CAUSED BY PREJUDICE AND NEGATIVE THINKING CLINGING TO YOUR THE BRAIN !,0.8417,dialogue,dialogue,False,90,15,42,0,0,452,228,1.0,0.7,0.6,0.7,,1.0,1.0,0.9736842105263158,1.9824561403508771,103056,0.0008733115975780158,0.5,2.185714285714286,True,True,0.0,0.9791666666666666,15,1.0,0.19583333333333333,1.0,0.8,800,1000,0.6,0.964
429,2026-09-28T12:19:19.742832,IT'S NOT PREJUDICE . IT'S BASED ON EXPERIENCE AND STATISTICS .,0.8514,dialogue,dialogue,False,62,11,43,0,0,370,147,1.0,1.0,0.6,0.7,,1.0,1.0,0.9230769230769231,2.5170068027210886,54390,0.0011399154256297114,0.5555555555555556,2.066666666666667,True,True,0.0,0.6021739130434782,11,1.0,0.12043478260869564,1.0,0.8,800,1000,0.6,0.985
430,2026-09-28T12:19:34.983700,ARE EXPERIENCE AND STATISTICS NOT ALL FROM THE PAST ?,0.8507,dialogue,dialogue,False,53,10,0,0,0,256,186,1.0,0.7,1.0,0.7,,1.0,1.0,0.9772727272727273,1.3763440860215055,47616,0.0011130712365591399,0.6666666666666666,2.433333333333333,True,True,0.0,0.7609756097560976,10,1.0,0.1521951219512195,1.0,0.8,800,1000,0.6,1.0
431,2026-09-28T12:19:34.989185,...,0.4402,background,background,False,3,1,1,0,0,29,9,0.0,1.0,0.2,0.0,,0.0,2.0,0.0,3.2222222222222223,261,0.011494252873563218,0.0,0.5,True,True,1.0,0.3,1,0.3,0.06,0.5,0.1,800,1000,0.6,0.0643
432,2026-09-28T12:19:34.994504,10,0.1625,background,background,False,2,1,2,0,0,10,11,0.0,0.3,0.2,0.0,,0.91,0.2,0.0,0.9090909090909091,110,0.01818181818181818,0.0,0.5,False,False,0.09,0.3,1,0.3,0.06,0.5,0.1,800,1000,0.6,0.0
433,2026-09-28T12:19:34.994545,HUH ? WAS HE ALWAYS THIS SMOOTH OF A TALKER ?,0.8479,dialogue,dialogue,False,45,11,2,0,0,267,144,1.0,0.7,1.0,0.7,,1.0,1.0,0.9428571428571428,1.8541666666666667,38448,0.0011704119850187266,0.7777777777777778,2.2222222222222223,True,True,0.0,0.5612903225806452,11,1.0,0.11225806451612903,1.0,0.8,800,1000,0.6,1.0
434,2026-09-28T12:19:34.994557,I'LL MAKE,0.6009,,,True,9,2,2,0,0,170,26,1.0,0.5,0.6,1.0,,1.0,0.2,0.875,6.538461538461538,4420,0.0020361990950226246,1.0,1.5,False,False,0.0,0.78,2,0.5,0.156,0.6,0.3,800,1000,0.6,0.965
435,2026-09-28T12:19:34.999285,THEM SMILE .,0.7286,dialogue,dialogue,False,12,3,3,0,0,215,28,1.0,0.5,0.6,1.0,,1.0,1.0,0.9,7.678571428571429,6020,0.0019933554817275745,1.0,1.35,True,True,0.0,0.9,3,0.5,0.18,0.75,0.27,800,1000,0.6,1.0
436,2026-09-28T12:19:34.999295,",",0.2355,background,background,False,1,1,3,0,0,21,18,0.0,0.7,0.2,0.0,,0.010000000000000009,0.6,0.0,1.1666666666666667,378,0.0026455026455026454,0.0,0.5,True,False,0.99,0.3,1,0.5,0.06,0.5,0.1,800,1000,0.6,0.0464
437,2026-09-28T12:19:35.003867,"THE PUB OWNER AND HIS MOTHER , I'LL MAKE THEM SMILE FOR SURE .",0.8564,dialogue,dialogue,False,62,14,4,0,0,430,145,1.0,1.0,0.6,0.7,,1.0,1.0,0.9387755102040817,2.9655172413793105,62350,0.0009943865276663994,0.75,2.1750000000000003,True,True,0.0,0.9568181818181819,14,1.0,0.19136363636363637,1.0,0.8,800,1000,0.6,1.0
438,2026-09-28T12:19:35.008077,SHOVE,0.4192,background,background,False,5,1,5,0,0,200,208,1.0,0.3,1.0,0.0,,1.0,0.2,1.0,0.9615384615384616,41600,0.0001201923076923077,0.0,0.5,False,False,0.0,0.3,1,0.6,0.06,0.5,0.1,800,1000,0.6,0.0
439,2026-09-28T12:19:35.012396,BECAUSE THOSE SMILES ...,0.7386,dialogue,dialogue,False,24,4,7,0,0,265,66,1.0,1.0,1.0,0.7,,1.0,1.0,1.0,4.015151515151516,17490,0.0013722126929674098,0.6666666666666666,0.5,True,True,0.0,0.4375,4,1.0,0.0875,0.75,0.1,800,1000,0.6,0.9321
440,2026-09-28T12:19:35.012406,PUSH,0.4392,background,background,False,4,1,7,0,0,194,109,1.0,0.7,1.0,0.0,,1.0,0.2,1.0,1.7798165137614679,21146,0.0001891610706516599,0.0,0.5,False,False,0.0,0.3,1,0.6,0.06,0.5,0.1,800,1000,0.6,0.0
441,2026-09-28T12:19:35.016463,... WILL BE THE FOUNDATION OF MY MONEY - MAKING !,0.8681,dialogue,dialogue,False,49,11,8,0,0,330,106,1.0,1.0,1.0,0.7,,1.0,1.0,0.9714285714285714,3.1132075471698113,34980,0.001400800457404231,0.625,2.7625,True,True,0.0,0.9375,11,1.0,0.1875,1.0,0.8,800,1000,0.6,1.0
442,2026-09-28T12:19:35.020494,"SCOOP OUT THE DIRT , MOVE IT , PACK IT , AND REPEAT !",0.8637,dialogue,dialogue,False,53,14,10,0,0,375,110,1.0,1.0,1.0,0.7,,1.0,1.0,0.9,3.409090909090909,41250,0.0012848484848484848,0.6,2.3,True,True,0.0,0.6235294117647059,14,1.0,0.12470588235294118,1.0,0.8,800,1000,0.6,1.0
443,2026-09-28T12:19:35.024375,PAT,0.4392,background,background,False,3,1,11,0,0,149,110,1.0,0.7,1.0,0.0,,1.0,0.2,1.0,1.3545454545454545,16390,0.0001830384380719951,0.0,0.5,False,False,0.0,0.3,1,0.6,0.06,0.5,0.1,800,1000,0.6,0.0
444,2026-09-28T12:19:35.024411,PAT,0.4392,background,background,False,3,1,11,0,0,172,120,1.0,0.7,1.0,0.0,,1.0,0.2,1.0,1.4333333333333333,20640,0.00014534883720930232,0.0,0.5,False,False,0.0,0.3,1,0.6,0.06,0.5,0.1,800,1000,0.6,0.0
445,2026-09-28T12:19:35.028292,THE TIMBER IS FROM THE WAREHOUSE AT THE BARON'S RESIDENCE !,0.856,dialogue,dialogue,False,59,11,12,0,0,383,147,1.0,1.0,0.6,0.7,,1.0,1.0,0.9591836734693877,2.6054421768707483,56301,0.0010479387577485301,0.6,2.46,True,True,0.0,0.9311111111111111,11,1.0,0.18622222222222223,1.0,0.8,800,1000,0.6,1.0
446,2026-09-28T12:19:35.028301,IT'S GOING TO,0.7287,dialogue,dialogue,False,13,3,12,0,0,161,67,1.0,1.0,1.0,0.7,,1.0,0.2,0.9090909090909091,2.4029850746268657,10787,0.001205154352461296,0.6666666666666666,2.4333333333333336,False,False,0.0,0.7999999999999999,3,1.0,0.15999999999999998,0.75,0.8,800,1000,0.6,0.9457
447,2026-09-28T12:19:35.032388,BE A TRADITIONAL TIMBER FRAME * .,0.7686,dialogue,dialogue,False,33,7,13,0,0,306,65,1.0,1.0,1.0,0.4,,1.0,1.0,0.9615384615384616,4.707692307692308,19890,0.0016591251885369532,0.4,2.16,True,True,0.0,0.6173913043478261,7,0.5,0.12347826086956522,1.0,0.8,800,1000,0.6,1.0
448,2026-09-28T12:19:35.032398,BANG,0.5892,,,True,4,1,13,0,0,219,142,1.0,0.7,1.0,1.0,,1.0,0.2,1.0,1.5422535211267605,31098,0.00012862563508907326,1.0,0.5,False,False,0.0,0.3,1,0.6,0.06,0.5,0.1,800,1000,0.6,0.0
449,2026-09-28T12:19:35.032426,BANG,0.5892,,,True,4,1,13,0,0,217,135,1.0,0.7,1.0,1.0,,1.0,0.2,1.0,1.6074074074074074,29295,0.00013654207202594298,1.0,0.5,False,False,0.0,0.3,1,0.6,0.06,0.5,0.1,800,1000,0.6,0.0
450,2026-09-28T12:19:35.032450,GLING,0.4579,,,True,5,1,13,0,0,211,139,1.0,0.7,1.0,0.0,,1.0,0.2,1.0,1.5179856115107915,29329,0.00017047972996010773,0.0,0.5,False,False,0.0,1.633333333333333,1,0.6,0.3266666666666666,0.5,0.1,800,1000,0.6,0.0
451,2026-09-28T12:19:35.032474,CLANG,0.4392,background,background,False,5,1,13,0,0,220,141,1.0,0.7,1.0,0.0,,1.0,0.2,1.0,1.5602836879432624,31020,0.00016118633139909736,0.0,0.5,False,False,0.0,0.3,1,0.6,0.06,0.5,0.1,800,1000,0.6,0.0
452,2026-09-28T12:19:35.036304,* TRADITIONAL ASIAN CONSTRUCTION METHOD WITH HEAVY WOODEN LOGS,0.4696,,,True,62,9,14,0,0,461,50,1.0,0.3,1.0,0.0375,,1.0,0.2,1.0,9.22,23050,0.002689804772234273,0.125,0.925,False,False,0.0,0.803921568627451,9,0.5,0.1607843137254902,1.0,0.185,800,1000,0.6,0.4307
453,2026-09-28T12:19:35.036313,USE THE CLAY I DUG UP FROM THE RIVER TO COMPLETE THE WALLS !,0.8564,dialogue,dialogue,False,60,14,14,0,0,338,145,1.0,1.0,0.6,0.7,,1.0,1.0,0.9787234042553191,2.331034482758621,49010,0.001224239951030402,0.6153846153846154,2.661538461538462,True,True,0.0,0.9568181818181819,14,1.0,0.19136363636363637,1.0,0.8,800,1000,0.6,1.0
454,2026-09-28T12:19:35.039822,TADAL,0.4212,background,background,False,5,1,15,0,0,597,367,1.0,0.7,0.4,0.0,,1.0,0.2,1.0,1.6267029972752043,219099,2.282073400608857e-05,0.0,0.5,False,False,0.0,0.3,1,0.6,0.06,0.5,0.1,800,1000,0.6,0.005
455,2026-09-28T12:19:35.043394,GASP,0.5702,,,True,4,1,16,0,0,86,27,1.0,1.0,0.2,1.0,,1.0,0.2,1.0,3.185185185185185,2322,0.0017226528854435831,1.0,0.5,False,False,0.0,0.3,1,0.5,0.06,0.5,0.1,800,1000,0.6,0.0766
456,2026-09-28T12:19:35.043422,THIS BODY IS SO WEAK !,0.7423,dialogue,dialogue,False,22,6,16,0,0,206,66,1.0,1.0,1.0,0.7,,1.0,1.0,0.9411764705882353,3.121212121212121,13596,0.0016181229773462784,0.6,1.58,True,True,0.0,0.7071428571428572,6,0.5,0.14142857142857143,1.0,0.316,800,1000,0.6,1.0
457,2026-09-28T12:19:35.046994,XX,0.4192,background,background,False,2,1,17,0,0,89,96,1.0,0.3,1.0,0.0,,1.0,0.2,1.0,0.9270833333333334,8544,0.00023408239700374532,0.0,0.5,False,False,0.0,0.3,1,0.6,0.06,0.5,0.1,800,1000,0.6,0.01
458,2026-09-28T12:19:35.047019,GASP,0.5822,,,True,4,1,17,0,0,86,29,1.0,1.0,0.6,1.0,,1.0,0.2,1.0,2.9655172413793105,2494,0.0016038492381716118,1.0,0.5,False,False,0.0,0.3,1,0.5,0.06,0.5,0.1,800,1000,0.6,0.0448
459,2026-09-28T12:19:35.050554,THAT DIDN'T TAKE LONG .,0.7806,dialogue,dialogue,False,23,5,18,0,0,205,65,1.0,1.0,1.0,1.0,,1.0,1.0,0.8947368421052632,3.1538461538461537,13325,0.001726078799249531,1.0,1.9249999999999998,True,True,0.0,0.74,5,0.5,0.148,0.75,0.38499999999999995,800,1000,0.6,1.0
460,2026-09-28T12:19:35.050562,CUTS ... IN ONLY THREE,0.703,dialogue,dialogue,False,22,5,18,0,0,323,61,1.0,0.7,1.0,0.7,,1.0,0.6,1.0,5.295081967213115,19703,0.0011165812312845759,0.5,1.875,True,False,0.0,0.3,5,1.0,0.06,0.75,0.375,800,1000,0.6,0.9933
461,2026-09-28T12:19:35.050568,IT TOOK A WEEK !,0.7567,dialogue,dialogue,False,16,5,18,0,0,289,26,1.0,0.3,1.0,0.7,,1.0,1.0,0.9166666666666666,11.115384615384615,7514,0.002129358530742614,0.75,2.4,True,True,0.0,0.3,5,0.5,0.06,0.75,0.8,800,1000,0.6,0.9058
462,2026-09-28T12:19:35.053906,HE REALLY IS BUILDING SOMETHING ...,0.7879,dialogue,dialogue,False,35,6,19,0,0,323,108,1.0,1.0,1.0,0.7,,1.0,1.0,1.0,2.990740740740741,34884,0.0010033253067308794,0.6,1.16,True,True,0.0,1.2919999999999998,6,1.0,0.25839999999999996,1.0,0.23199999999999998,800,1000,0.6,1.0
463,2026-09-28T12:19:35.057475,WHER ... THIS ? LEARN HE IS HE REALLY PLANNING ON HONORING HIS CONTRACT WITH THE PUB OWNER ?,0.829,dialogue,dialogue,False,92,19,20,0,0,452,351,1.0,0.7,0.4,0.7,,1.0,1.0,0.971830985915493,1.2877492877492878,158652,0.0005798855356377481,0.625,2.0,True,True,0.0,0.9970149253731343,19,1.0,0.19940298507462687,0.9,0.8,800,1000,0.6,0.9898
464,2026-09-28T12:19:35.057483,"THERE'S NO WAY . THE HOOLIGAN , LLOYD FRONTERA ?",0.7986,dialogue,dialogue,False,48,10,20,0,0,350,105,1.0,1.0,1.0,0.7,,1.0,1.0,0.8974358974358975,3.3333333333333335,36750,0.0013061224489795918,0.5714285714285714,1.6142857142857143,True,True,0.0,1.081818181818182,10,1.0,0.2163636363636364,1.0,0.32285714285714284,800,1000,0.6,1.0
465,2026-09-28T12:19:35.057489,"UGH , I'M SO SORE ...",0.7215,dialogue,dialogue,False,21,6,20,0,0,170,69,1.0,1.0,1.0,0.7,,1.0,1.0,0.8461538461538461,2.463768115942029,11730,0.0017902813299232737,0.75,1.075,True,True,0.0,0.3,6,0.5,0.06,1.0,0.215,800,1000,0.6,1.0
466,2026-09-28T12:19:35.060820,TREMBLE TREMBLE,0.4282,background,background,False,15,2,21,0,0,448,252,1.0,0.7,0.4,0.0,,1.0,0.2,1.0,1.7777777777777777,112896,0.0001328656462585034,0.0,0.5,False,False,0.0,0.3,2,0.6,0.06,0.6,0.1,800,1000,0.6,0.0
467,2026-09-28T12:19:35.060847,... BUT THERE'S NO TIME TO REST .,0.9184,dialogue,dialogue,False,33,8,21,0,0,287,105,1.0,1.0,1.0,1.0,,1.0,1.0,0.9130434782608695,2.7333333333333334,30135,0.001095072175211548,0.8333333333333334,2.3666666666666667,True,True,0.0,1.3157894736842106,8,1.0,0.26315789473684215,1.0,0.8,800,1000,0.6,1.0
468,2026-09-28T12:19:35.064226,... AAAAAH ...,0.5297,,,True,14,3,22,0,0,200,28,1.0,0.5,0.6,0.0,,0.5,1.0,1.0,7.142857142857143,5600,0.0025,0.0,0.5,True,True,0.5,0.3,3,0.5,0.06,0.75,0.1,800,1000,0.6,0.924
469,2026-09-28T12:19:35.064235,TREMBLE,0.4392,background,background,False,7,1,22,0,0,182,100,1.0,0.7,1.0,0.0,,1.0,0.2,1.0,1.82,18200,0.0003846153846153846,0.0,0.5,False,False,0.0,0.3,1,0.6,0.06,0.5,0.1,800,1000,0.6,0.0
470,2026-09-28T12:19:35.064258,TREMBLE,0.4392,background,background,False,7,1,22,0,0,184,93,1.0,0.7,1.0,0.0,,1.0,0.2,1.0,1.978494623655914,17112,0.0004090696587190276,0.0,0.5,False,False,0.0,0.3,1,0.6,0.06,0.5,0.1,800,1000,0.6,0.0
471,2026-09-28T12:19:35.067480,...,0.4452,background,background,False,3,1,23,0,0,27,27,0.0,0.7,0.2,0.0,,0.0,2.0,0.0,1.0,729,0.00411522633744856,0.0,0.5,True,True,1.0,0.3,1,0.5,0.06,0.5,0.1,800,1000,0.6,0.01
472,2026-09-28T12:19:35.070735,SHAKE,0.4392,background,background,False,5,1,24,0,0,174,132,1.0,0.7,1.0,0.0,,1.0,0.2,1.0,1.3181818181818181,22968,0.0002176941832114246,0.0,0.5,False,False,0.0,0.3,1,0.6,0.06,0.5,0.1,800,1000,0.6,0.0
473,2026-09-28T12:19:35.070760,SHAKE,0.4392,background,background,False,5,1,24,0,0,175,134,1.0,0.7,1.0,0.0,,1.0,0.2,1.0,1.3059701492537314,23450,0.00021321961620469082,0.0,0.5,False,False,0.0,0.3,1,0.6,0.06,0.5,0.1,800,1000,0.6,0.0
474,2026-09-28T12:19:35.073979,... AAAAAAH ?!,0.5047,,,True,14,3,25,0,0,220,29,0.8,0.5,0.6,0.0,,1.0,1.0,0.6,7.586206896551724,6380,0.00219435736677116,0.0,0.5,True,True,0.0,0.3,3,0.5,0.06,0.75,0.1,800,1000,0.6,0.9804
475,2026-09-28T12:19:35.073985,STAGGER,0.4542,,,True,7,1,25,0,0,274,110,1.0,1.0,1.0,0.0,,1.0,0.2,1.0,2.4909090909090907,30140,0.00023224950232249503,0.0,0.5,False,False,0.0,0.3,1,0.6,0.06,0.5,0.1,800,1000,0.6,0.0
476,2026-09-28T12:19:35.077070,GRAB,0.4272,background,background,False,4,1,27,0,0,342,177,1.0,0.7,0.6,0.0,,1.0,0.2,1.0,1.9322033898305084,60534,6.60785674166584e-05,0.0,0.5,False,False,0.0,0.3,1,0.6,0.06,0.5,0.1,800,1000,0.6,0.0009
477,2026-09-28T12:19:35.080176,REACH,0.6154,,,True,5,1,30,0,0,277,101,1.0,1.0,1.0,1.0,,1.0,0.2,1.0,2.742574257425743,27977,0.00017871823283411374,1.0,0.5,False,False,0.0,1.1,1,0.6,0.22000000000000003,0.5,0.1,800,1000,0.6,0.0312
478,2026-09-28T12:19:35.083403,"WHAT DO YOU NEED ME TO DO ? UHH ... I NEED THIN LITTLE PIECES OF WOOD ,",0.7391,dialogue,dialogue,False,71,18,31,0,0,592,264,1.0,1.0,0.4,0.7,,1.0,0.6,0.9607843137254902,2.242424242424242,156288,0.0004542895167895168,0.7333333333333333,2.246666666666667,True,False,0.0,0.6468085106382978,18,0.6,0.12936170212765957,0.9,0.8,800,1000,0.6,0.9806
479,2026-09-28T12:19:35.083410,EACH,0.5702,,,True,4,1,31,0,0,85,24,1.0,1.0,0.2,1.0,,1.0,0.2,1.0,3.5416666666666665,2040,0.00196078431372549,1.0,0.5,False,False,0.0,0.3,1,0.5,0.06,0.5,0.1,800,1000,0.6,0.0841
480,2026-09-28T12:19:35.086605,"ONE ABOUT TWO HANDS ' LENGTH TALL , ONE HAND'S LENGTH WIDE , AND ONE FINGER THICK ...",0.6778,,,True,85,18,32,0,0,451,186,1.0,1.0,0.6,0.04285714285714285,,1.0,1.0,0.953125,2.424731182795699,83886,0.0010132799275206828,0.14285714285714285,1.5857142857142856,True,True,0.0,0.911864406779661,18,1.0,0.1823728813559322,0.9,0.3171428571428571,800,1000,0.6,0.6685
481,2026-09-28T12:19:35.089840,SWING,0.4399,background,background,False,5,1,35,0,0,677,375,1.0,0.7,0.4,0.0,,1.0,0.2,1.0,1.8053333333333332,253875,1.9694731659281143e-05,0.0,0.5,False,False,0.0,1.633333333333333,1,0.6,0.3266666666666666,0.5,0.1,800,1000,0.6,0.0025
482,2026-09-28T12:19:35.092968,SLIGE,0.4212,background,background,False,5,1,37,0,0,405,283,1.0,0.7,0.4,0.0,,1.0,0.2,1.0,1.431095406360424,114615,4.3624307464119006e-05,0.0,0.5,False,False,0.0,0.3,1,0.6,0.06,0.5,0.1,800,1000,0.6,0.0
483,2026-09-28T12:19:35.096089,CLATTER CLATTER,0.4359,background,background,False,15,2,40,0,0,699,482,1.0,0.7,0.4,0.0,,1.0,0.2,1.0,1.450207468879668,336918,4.452121881288622e-05,0.0,0.5,False,False,0.0,0.85,2,0.6,0.16999999999999998,0.6,0.1,800,1000,0.6,0.0125
484,2026-09-28T12:19:35.099239,WHOA ... TRULY THIS IS SOMEONE ABOUT TO BECOME A MASTER SWORDSMAN !,0.7702,dialogue,dialogue,False,67,13,43,0,0,340,186,1.0,0.7,0.6,0.7,,1.0,1.0,0.9807692307692307,1.8279569892473118,63240,0.0010594560404807085,0.6363636363636364,1.7272727272727273,True,True,0.0,0.7448979591836735,13,1.0,0.1489795918367347,1.0,0.34545454545454546,800,1000,0.6,0.9998
485,2026-09-28T12:19:47.806020,WHO NEEDS MODERN EQUIPMENT ?!,0.6653,,,True,29,5,0,0,0,256,106,1.0,1.0,1.0,0.075,,1.0,1.0,0.92,2.4150943396226414,27136,0.001068691037735849,0.25,1.05,True,True,0.0,0.7142857142857143,5,1.0,0.14285714285714285,0.75,0.21000000000000002,800,1000,0.6,0.9915
486,2026-09-28T12:19:47.812598,JAVIER ...,0.6942,,,True,10,2,1,0,0,143,27,1.0,0.7,0.6,0.0,,1.0,2.0,1.0,5.296296296296297,3861,0.00259000259000259,0.0,0.5,True,True,0.0,0.3,2,0.5,0.06,0.6,0.1,800,1000,0.6,0.9938
487,2026-09-28T12:19:47.812616,/ //,0.1622,background,background,False,4,2,1,0,0,23,64,0.0,0.3,0.2,0.0,,0.0,0.2,0.0,0.359375,1472,0.002717391304347826,0.0,0.5,False,False,1.0,0.3,2,0.5,0.06,0.6,0.1,800,1000,0.6,0.0374
488,2026-09-28T12:19:47.818427,"WHEN YOU'RE DONE , WHY DON'T YOU HELP ME WITH THE DIGGING ?",0.9029,dialogue,dialogue,False,59,13,3,0,0,323,148,1.0,1.0,0.6,1.0,,1.0,1.0,0.9148936170212766,2.1824324324324325,47804,0.0012342063425654756,0.8181818181818182,2.018181818181818,True,True,0.0,1.0609756097560976,13,1.0,0.21219512195121953,1.0,0.8,800,600,0.6,1.0
489,2026-09-28T12:19:47.823463,"INSTEAD OF THANKING ME , HE GIVES ME MORE WORK TO DO ?!",0.8628,dialogue,dialogue,False,55,13,5,0,0,298,147,1.0,1.0,1.0,0.7,,1.0,1.0,0.9302325581395349,2.0272108843537415,43806,0.001255535771355522,0.7272727272727273,2.3545454545454545,True,True,0.0,0.5578947368421052,13,1.0,0.11157894736842104,1.0,0.8,800,1000,0.6,1.0
490,2026-09-28T12:19:47.828676,THIS MAN TRULY IS HOPELESS !,0.7285,dialogue,dialogue,False,28,6,6,0,0,278,66,1.0,1.0,1.0,0.7,,1.0,1.0,0.9565217391304348,4.212121212121212,18348,0.001526051885764116,0.6,1.1199999999999999,True,True,0.0,0.71,6,0.5,0.142,1.0,0.22399999999999998,800,1000,0.6,1.0
491,2026-09-28T12:19:47.828687,JAVIER REGRETS HIS DECISION .,0.6198,,,True,29,5,6,0,0,269,67,1.0,1.0,1.0,0.075,,1.0,1.0,0.96,4.014925373134329,18023,0.0016090550962658825,0.25,1.25,True,True,0.0,0.6090909090909091,5,0.5,0.12181818181818183,0.75,0.25,800,1000,0.6,0.9975
492,2026-09-28T12:19:47.828696,YOU'RE HELPING BECAUSE,0.6113,,,True,22,3,6,0,0,295,56,1.0,0.7,1.0,0.7,,1.0,0.2,0.95,5.267857142857143,16520,0.0013317191283292978,0.6666666666666666,0.5,False,False,0.0,0.9882352941176471,3,1.0,0.19764705882352943,0.75,0.1,800,1000,0.6,0.5297
493,2026-09-28T12:19:47.833379,"YOU'RE CURIOUS , AREN'T YOU ? "" THIS MAN IS CLEARLY OUT TO CON THEM , HOW WILL HE DO IT ? """,0.8295,dialogue,dialogue,False,91,23,7,0,0,575,264,1.0,1.0,0.4,1.0,,1.0,0.6,0.8970588235294118,2.178030303030303,151800,0.0005994729907773386,0.8235294117647058,2.1941176470588233,True,False,0.0,1.0389830508474576,23,1.0,0.20779661016949152,0.9,0.8,800,1000,0.6,0.9695
494,2026-09-28T12:19:47.837783,"YOU REALLY WANT TO SEE WHAT HAPPENS ? ISN'T THAT RIGHT ? THEN WHAT DO YOU HAVE TO DO ? THE WORK NEEDS TO BE FINISHED FASTER , RIGHT ? AND HOW DO WE DO THAT ?",0.865,dialogue,dialogue,False,157,37,8,0,0,626,462,1.0,0.7,0.4,1.0,,1.0,1.0,0.9421487603305785,1.354978354978355,289212,0.0005428543767201914,0.8709677419354839,2.7580645161290325,True,True,0.0,0.8598214285714285,37,1.0,0.1719642857142857,0.8,0.8,800,1000,0.6,0.9933
495,2026-09-28T12:19:47.842258,BY DOING IT ...,0.7977,dialogue,dialogue,False,15,4,9,0,0,230,26,1.0,0.3,0.6,1.0,,1.0,1.0,1.0,8.846153846153847,5980,0.002508361204013378,1.0,2.6999999999999997,True,True,0.0,0.8714285714285713,4,0.5,0.17428571428571427,0.75,0.8,800,1000,0.6,0.9752
496,2026-09-28T12:19:47.846290,... TOGETHER .,0.5524,,,True,14,3,10,0,0,209,26,1.0,0.3,0.6,0.0,,1.0,1.0,0.8888888888888888,8.038461538461538,5434,0.002576370997423629,0.0,0.5,True,True,0.0,1.5666666666666667,3,0.5,0.31333333333333335,0.75,0.1,800,1000,0.6,0.9374
497,2026-09-28T12:19:47.850357,HE'S NOT WRONG . HE'S COMPLETELY CHANGED SINCE A FEW DAYS AGO . BUT HIS PAST MAKES HIM UTTERLY IMPOSSIBLE TO TRUST .,0.6614,,,True,116,23,12,0,0,554,455,1.0,0.7,0.4,0.4,,1.0,1.0,0.9468085106382979,1.2175824175824175,252070,0.0004601896298647201,0.45,1.4849999999999999,True,True,0.0,0.4919540229885057,23,0.6,0.09839080459770114,0.9,0.297,800,1000,0.6,0.9
498,2026-09-28T12:19:47.854167,ALL I CAN DO IS HURRY THIS UP TO SEE !,0.9126,dialogue,dialogue,False,38,11,13,0,0,295,106,1.0,1.0,1.0,1.0,,1.0,1.0,0.9642857142857143,2.7830188679245285,31270,0.0012152222577550367,0.9,2.77,True,True,0.0,0.9,11,1.0,0.18,1.0,0.8,800,1000,0.6,1.0
499,2026-09-28T12:19:47.858070,Scoo,0.4392,background,background,False,4,1,14,0,0,259,148,1.0,0.7,1.0,0.0,,1.0,0.2,1.0,1.75,38332,0.00010435145570280705,0.0,0.5,False,False,0.0,0.3,1,0.6,0.06,0.5,0.1,800,1000,0.6,0.0
500,2026-09-28T12:19:47.858250,SCOOP,0.4272,background,background,False,5,1,14,0,0,320,185,1.0,0.7,0.6,0.0,,1.0,0.2,1.0,1.7297297297297298,59200,8.445945945945946e-05,0.0,0.5,False,False,0.0,0.3,1,0.6,0.06,0.5,0.1,800,1000,0.6,0.0009
501,2026-09-28T12:19:47.861947,SCOOP SCOOP,0.4282,background,background,False,11,2,15,0,0,734,439,1.0,0.7,0.4,0.0,,1.0,0.2,1.0,1.671981776765376,322226,3.4137530801363016e-05,0.0,0.5,False,False,0.0,0.3,2,0.6,0.06,0.6,0.1,800,1000,0.6,0.0175
502,2026-09-28T12:19:47.865663,SHOVEL,0.4272,background,background,False,6,1,16,0,0,372,237,1.0,0.7,0.6,0.0,,1.0,0.2,1.0,1.5696202531645569,88164,6.805498843065197e-05,0.0,0.5,False,False,0.0,0.3,1,0.6,0.06,0.5,0.1,800,1000,0.6,0.0009
503,2026-09-28T12:19:47.865693,D,0.3652,background,background,False,1,1,16,0,0,11,15,1.0,0.3,0.2,0.0,,1.0,0.2,1.0,0.7333333333333333,165,0.006060606060606061,0.0,0.5,False,False,0.0,0.3,1,0.3,0.06,0.5,0.1,800,1000,0.6,0.0039
504,2026-09-28T12:19:47.869264,FLING,0.4399,background,background,False,5,1,17,0,0,449,242,1.0,0.7,0.4,0.0,,1.0,0.2,1.0,1.8553719008264462,108658,4.6015939921588836e-05,0.0,0.5,False,False,0.0,1.633333333333333,1,0.6,0.3266666666666666,0.5,0.1,800,1000,0.6,0.01
505,2026-09-28T12:19:47.872749,SHOVEL,0.4212,background,background,False,6,1,19,0,0,596,474,1.0,0.7,0.4,0.0,,1.0,0.2,1.0,1.2573839662447257,282504,2.123863732902897e-05,0.0,0.5,False,False,0.0,0.3,1,0.6,0.06,0.5,0.1,800,1000,0.6,0.0025
506,2026-09-28T12:19:47.876224,TWIRL,0.4212,background,background,False,5,1,21,0,0,495,337,1.0,0.7,0.4,0.0,,1.0,0.2,1.0,1.4688427299703264,166815,2.9973323741869737e-05,0.0,0.5,False,False,0.0,0.3,1,0.6,0.06,0.5,0.1,800,1000,0.6,0.0
507,2026-09-28T12:19:47.879660,SIAM,0.4212,background,background,False,4,1,22,0,0,501,356,1.0,0.7,0.4,0.0,,1.0,0.2,1.0,1.4073033707865168,178356,2.2427056000358834e-05,0.0,0.5,False,False,0.0,0.3,1,0.6,0.06,0.5,0.1,800,1000,0.6,0.0
508,2026-09-28T12:19:47.882988,CONSTRUCTION ...,0.7045,dialogue,dialogue,False,16,2,24,0,0,283,26,1.0,0.3,1.0,0.0,,1.0,2.0,1.0,10.884615384615385,7358,0.0021745039412883935,0.0,0.5,True,True,0.0,1.61,2,0.5,0.322,0.6,0.1,800,1000,0.6,0.9521
509,2026-09-28T12:19:47.886299,... COMPLETE !,0.5403,,,True,14,3,26,0,0,217,25,1.0,0.3,0.6,0.0,,1.0,1.0,0.8888888888888888,8.68,5425,0.0025806451612903226,0.0,0.5,True,True,0.0,0.7000000000000001,3,0.5,0.14,0.75,0.1,800,1000,0.6,0.9865
510,2026-09-28T12:19:47.889516,2,0.1825,background,background,False,1,1,27,0,0,20,21,0.0,0.3,0.2,0.0,,0.91,0.2,0.0,0.9523809523809523,420,0.002380952380952381,0.0,0.5,False,False,0.09,0.3,1,0.5,0.06,0.5,0.1,800,1000,0.6,0.0
511,2026-09-28T12:19:47.892879,ARE THOSE LETTERS ?,0.696,,,True,19,4,28,0,0,182,65,1.0,1.0,1.0,0.7,,1.0,1.0,0.9375,2.8,11830,0.001606086221470837,0.6666666666666666,0.5,True,True,0.0,0.9615384615384616,4,0.5,0.19230769230769232,0.75,0.1,800,1000,0.6,0.995
512,2026-09-28T12:19:47.892887,"YEAH , IT'S MY BRAND'S LOGO",0.7172,dialogue,dialogue,False,27,6,28,0,0,203,102,1.0,0.7,1.0,0.7,,1.0,0.6,0.8636363636363636,1.9901960784313726,20706,0.001303969863807592,0.6,1.6600000000000001,True,False,0.0,0.5294117647058824,6,1.0,0.10588235294117647,1.0,0.332,800,1000,0.6,1.0
513,2026-09-28T12:19:47.896186,A LOGO ?,0.7647,dialogue,dialogue,False,8,3,29,0,0,146,26,1.0,0.7,0.6,0.7,,1.0,1.0,0.8333333333333334,5.615384615384615,3796,0.002107481559536354,0.5,2.5,True,True,0.0,0.3,3,0.5,0.06,0.75,0.8,800,1000,0.6,0.9975
514,2026-09-28T12:19:47.896194,IT'S A THING .,0.8175,dialogue,dialogue,False,14,4,29,0,0,219,28,1.0,0.5,0.6,1.0,,1.0,1.0,0.8181818181818182,7.821428571428571,6132,0.00228310502283105,1.0,2.3666666666666667,True,True,0.0,1.5714285714285714,4,0.5,0.3142857142857143,0.75,0.8,800,1000,0.6,1.0
515,2026-09-28T12:19:47.899401,"RIGHT , JAVIER . SHALL WE GO FIND OUT ... ot",0.7149,dialogue,dialogue,False,44,11,30,0,0,448,174,1.0,1.0,0.6,0.7,,1.0,0.6,0.9354838709677419,2.574712643678161,77952,0.0005644499178981937,0.75,1.4,True,False,0.0,0.7037037037037037,11,1.0,0.14074074074074075,1.0,0.27999999999999997,800,1000,0.6,0.9896
516,2026-09-28T12:19:47.902612,... WHAT SORT OF CON I'VE COOKED UP FOR THE PUB OWNER ?,0.8546,dialogue,dialogue,False,55,13,31,0,0,343,147,1.0,1.0,0.6,0.7,,1.0,1.0,0.95,2.3333333333333335,50421,0.001090815334880308,0.5454545454545454,2.0272727272727273,True,True,0.0,0.8305555555555555,13,1.0,0.1661111111111111,1.0,0.8,800,1000,0.6,1.0
517,2026-09-28T12:19:47.905723,0 005H,0.4282,background,background,False,6,2,35,0,0,459,377,1.0,0.7,0.4,0.0,,1.0,0.2,1.0,1.2175066312997347,173043,3.467346266534908e-05,0.0,0.5,False,False,0.0,0.3,2,0.6,0.06,0.6,0.1,800,1000,0.6,0.0
518,2026-09-28T12:19:47.908895,POP,0.4242,background,background,False,3,1,36,0,0,133,98,1.0,0.7,1.0,0.0,,0.5,0.2,1.0,1.3571428571428572,13034,0.00023016725487187356,0.0,0.5,False,False,0.5,0.3,1,0.6,0.06,0.5,0.1,800,1000,0.6,0.0729
519,2026-09-28T12:19:47.908920,CRACKLE,0.4542,,,True,7,1,36,0,0,295,132,1.0,1.0,1.0,0.0,,1.0,0.2,1.0,2.234848484848485,38940,0.000179763739085773,0.0,0.5,False,False,0.0,0.3,1,0.6,0.06,0.5,0.1,800,1000,0.6,0.0
520,2026-09-28T12:19:47.912007,wwww,0.4822,,,True,4,1,37,0,0,93,30,1.0,1.0,0.6,0.0,,1.0,0.2,1.0,3.1,2790,0.0014336917562724014,0.0,0.5,False,False,0.0,0.3,1,1.0,0.06,0.5,0.1,800,1000,0.6,0.0917
521,2026-09-28T12:19:47.915183,DEAR ME !,0.6812,,,True,9,3,39,0,0,163,26,1.0,0.5,0.6,0.7,,1.0,1.0,0.8571428571428571,6.269230769230769,4238,0.0021236432279377066,0.5,1.55,True,True,0.0,0.3,3,0.5,0.06,0.75,0.31,800,1000,0.6,0.9988
522,2026-09-28T12:19:47.915190,STEAM,0.4392,background,background,False,5,1,39,0,0,251,144,1.0,0.7,1.0,0.0,,1.0,0.2,1.0,1.7430555555555556,36144,0.00013833554670208056,0.0,0.5,False,False,0.0,0.3,1,0.6,0.06,0.5,0.1,800,1000,0.6,0.0
523,2026-09-28T12:19:47.918368,AM,0.5892,,,True,2,1,40,0,0,126,95,1.0,0.7,1.0,1.0,,1.0,0.2,1.0,1.3263157894736841,11970,0.0001670843776106934,1.0,0.5,False,False,0.0,0.3,1,0.6,0.06,0.5,0.1,800,1000,0.6,0.01
524,2026-09-28T12:19:47.918391,IT'S LOVELY ... IT'S SO GOOD ...,0.793,dialogue,dialogue,False,32,7,40,0,0,250,66,1.0,1.0,1.0,1.0,,1.0,1.0,0.9,3.787878787878788,16500,0.0019393939393939393,0.8,1.9600000000000002,True,True,0.0,0.3,7,0.5,0.06,1.0,0.392,800,1000,0.6,1.0
525,2026-09-28T12:19:47.921638,ALL MY STIFF JOINTS FEEL SO RELAXED ...,0.7874,dialogue,dialogue,False,39,8,41,0,0,261,105,1.0,1.0,1.0,0.7,,1.0,1.0,1.0,2.4857142857142858,27405,0.0014230979748221127,0.5714285714285714,1.5571428571428572,True,True,0.0,0.4074074074074074,8,1.0,0.08148148148148147,1.0,0.31142857142857144,800,1000,0.6,1.0
526,2026-09-28T12:19:47.921645,STEAM,0.4392,background,background,False,5,1,41,0,0,254,154,1.0,0.7,1.0,0.0,,1.0,0.2,1.0,1.6493506493506493,39116,0.00012782493097453728,0.0,0.5,False,False,0.0,0.3,1,0.6,0.06,0.5,0.1,800,1000,0.6,0.0
527,2026-09-28T12:19:47.921668,STEAM,0.4392,background,background,False,5,1,41,0,0,255,161,1.0,0.7,1.0,0.0,,1.0,0.2,1.0,1.5838509316770186,41055,0.00012178784557301182,0.0,0.5,False,False,0.0,0.3,1,0.6,0.06,0.5,0.1,800,1000,0.6,0.0
528,2026-09-28T12:19:47.924910,WAIT ... HOW CAN THIS BE ?,0.8951,dialogue,dialogue,False,26,7,42,0,0,227,65,1.0,1.0,1.0,1.0,,1.0,1.0,0.9411764705882353,3.4923076923076923,14755,0.001762114537444934,1.0,3.0,True,True,0.0,1.0785714285714285,7,0.5,0.2157142857142857,1.0,1.0,800,1000,0.6,1.0
529,2026-09-28T12:19:47.924917,HEAT,0.4392,background,background,False,4,1,42,0,0,248,172,1.0,0.7,1.0,0.0,,1.0,0.2,1.0,1.441860465116279,42656,9.377344336084021e-05,0.0,0.5,False,False,0.0,0.3,1,0.6,0.06,0.5,0.1,800,1000,0.6,0.0
530,2026-09-28T12:19:47.924939,MEAT,0.4392,background,background,False,4,1,42,0,0,254,144,1.0,0.7,1.0,0.0,,1.0,0.2,1.0,1.7638888888888888,36576,0.00010936132983377078,0.0,0.5,False,False,0.0,0.3,1,0.6,0.06,0.5,0.1,800,1000,0.6,0.0
531,2026-09-28T12:19:59.757929,THIS MUST BE ASTOUNDING TO THE PEOPLE OF THIS WORLD .,0.9291,dialogue,dialogue,False,53,11,0,0,0,342,147,1.0,1.0,0.6,1.0,,1.0,1.0,0.9767441860465116,2.326530612244898,50274,0.001054222858734137,0.8,3.02,True,True,0.0,0.7899999999999999,11,1.0,0.15799999999999997,1.0,1.0,800,1000,0.6,1.0
532,2026-09-28T12:19:59.757951,THIS IS POWERS OF THE ONDOL FLOOR ! IT'S LIKE MAGIC !,0.852,dialogue,dialogue,False,53,12,0,0,0,394,145,1.0,1.0,0.6,0.7,,1.0,1.0,0.9285714285714286,2.717241379310345,57130,0.0009277087344652546,0.6,2.0300000000000002,True,True,0.0,0.6405405405405405,12,1.0,0.1281081081081081,1.0,0.8,800,1000,0.6,1.0
533,2026-09-28T12:19:59.763210,"THANK YOU SO MUCH , YOUNG MASTER .",0.7916,dialogue,dialogue,False,34,8,3,0,0,292,105,1.0,1.0,1.0,0.7,,1.0,1.0,0.9259259259259259,2.780952380952381,30660,0.0011089367253750814,0.6666666666666666,1.4333333333333333,True,True,0.0,0.9695652173913044,8,1.0,0.19391304347826088,1.0,0.2866666666666667,800,1000,0.6,1.0
534,2026-09-28T12:19:59.768245,IT HAS BEEN SO LONG SINCE I'VE SEEN MY MOTHER SMILE LIKE THIS .,0.7819,dialogue,dialogue,False,63,14,4,0,0,337,147,1.0,1.0,0.6,0.7,,1.0,1.0,0.96,2.292517006802721,49539,0.001271725307333616,0.7692307692307693,1.5461538461538462,True,True,0.0,0.8934782608695653,14,1.0,0.17869565217391306,1.0,0.30923076923076925,800,1000,0.6,0.9998
535,2026-09-28T12:19:59.768257,THE PUB OWNER AND HIS MOTHER SMILED .,0.7603,dialogue,dialogue,False,37,8,4,0,0,356,66,1.0,0.7,1.0,0.4,,1.0,1.0,0.9666666666666667,5.393939393939394,23496,0.001574736125297923,0.42857142857142855,2.142857142857143,True,True,0.0,1.0962962962962963,8,0.5,0.21925925925925926,1.0,0.8,800,1000,0.6,1.0
536,2026-09-28T12:19:59.772976,JUST AS HE SAID .,0.7567,dialogue,dialogue,False,17,5,5,0,0,284,27,1.0,0.3,1.0,0.7,,1.0,1.0,0.9230769230769231,10.518518518518519,7668,0.002217005738132499,0.75,2.625,True,True,0.0,0.3,5,0.5,0.06,0.75,0.8,800,1000,0.6,0.99
537,2026-09-28T12:19:59.777495,WHAT IS THIS ? AS IF THE CHANGE IN HIS SPEECH AND MANNERS WEREN'T ENOUGH ...,0.8485,dialogue,dialogue,False,76,16,6,0,0,378,146,1.0,1.0,0.6,0.7,,1.0,1.0,0.9655172413793104,2.589041095890411,55188,0.001377110966152062,0.7857142857142857,2.3857142857142857,True,True,0.0,0.8962962962962963,16,1.0,0.17925925925925926,0.9,0.8,800,1000,0.6,1.0
538,2026-09-28T12:19:59.781730,... NOW HE WORKS HARD AND KEEPS HIS,0.7399,dialogue,dialogue,False,35,8,7,0,0,345,67,1.0,0.7,1.0,0.7,,1.0,0.6,1.0,5.149253731343284,23115,0.0015141682889898333,0.5714285714285714,2.2142857142857144,True,False,0.0,0.7086956521739131,8,0.5,0.14173913043478262,1.0,0.8,800,1000,0.6,0.99
539,2026-09-28T12:19:59.786069,PROMISE TO THE PEOPLE OF THE LAND .,0.8725,dialogue,dialogue,False,35,8,8,0,0,409,62,1.0,0.5,1.0,0.7,,1.0,1.0,0.9642857142857143,6.596774193548387,25358,0.0013802350343086994,0.5714285714285714,3.242857142857143,True,True,0.0,0.8959999999999999,8,1.0,0.17919999999999997,1.0,1.0,800,1000,0.6,0.975
540,2026-09-28T12:19:59.786082,DID HE REALLY DO THIS TO MAKE THOSE TWO PEOPLE SMILE ?,0.8834,dialogue,dialogue,False,54,12,8,0,0,329,185,1.0,0.7,0.6,1.0,,1.0,1.0,0.9767441860465116,1.7783783783783784,60865,0.0008872093978476957,0.8181818181818182,2.2454545454545456,True,True,0.0,0.74,12,1.0,0.148,1.0,0.8,800,1000,0.6,1.0
541,2026-09-28T12:19:59.790099,THERE IS NO WAY . LLOYD FRONTERA WOULD NEVER DO SUCH A THING ...,0.7782,dialogue,dialogue,False,64,14,9,0,0,300,188,1.0,0.7,0.6,0.7,,1.0,1.0,0.9791666666666666,1.5957446808510638,56400,0.0011347517730496454,0.75,1.7833333333333332,True,True,0.0,1.1955555555555555,14,1.0,0.2391111111111111,1.0,0.35666666666666663,800,1000,0.6,0.9998
542,2026-09-28T12:19:59.794073,"... AND YET , SOMEHOW , IT HAS HAPPENED .",0.7995,dialogue,dialogue,False,41,10,11,0,0,299,109,1.0,1.0,1.0,0.7,,1.0,1.0,0.896551724137931,2.743119266055046,32591,0.0012580160166917246,0.5,1.7666666666666666,True,True,0.0,0.8208333333333333,10,1.0,0.16416666666666666,1.0,0.35333333333333333,800,1000,0.6,0.9993
543,2026-09-28T12:19:59.798047,THOSE TWO PEOPLE ARE HAPPY RIGHT NOW .,0.7798,dialogue,dialogue,False,38,8,15,0,0,319,104,1.0,1.0,1.0,0.7,,1.0,1.0,0.967741935483871,3.0673076923076925,33176,0.001145406317820111,0.5714285714285714,1.2285714285714284,True,True,0.0,0.5642857142857143,8,1.0,0.11285714285714285,1.0,0.2457142857142857,800,1000,0.6,1.0
544,2026-09-28T12:19:59.798057,PING NOTIFICATION,0.457,,,True,17,2,15,0,0,524,223,1.0,1.0,0.4,0.0,,1.0,0.2,1.0,2.3497757847533634,116852,0.0001454831752986684,0.0,0.5,False,False,0.0,1.2857142857142858,2,0.6,0.2571428571428572,0.6,0.1,800,1000,0.6,0.002
545,2026-09-28T12:19:59.802050,YOUR APPROVAL RATING BY JAVIER INCREASED BY 2 POINTS .,0.6652,,,True,54,10,16,0,0,521,67,1.0,0.5,1.0,0.4,,1.0,1.0,0.9555555555555556,7.776119402985074,34907,0.0015469676569169507,0.3333333333333333,1.3666666666666667,True,True,0.0,0.6536585365853659,10,0.5,0.13073170731707318,1.0,0.2733333333333333,800,1000,0.6,0.995
546,2026-09-28T12:19:59.802061,DONG,0.4426,background,background,False,4,1,16,0,0,282,178,1.0,0.7,0.6,0.0,,1.0,0.2,1.0,1.5842696629213484,50196,7.96876245119133e-05,0.0,0.5,False,False,0.0,1.4,1,0.6,0.27999999999999997,0.5,0.1,800,1000,0.6,0.0
547,2026-09-28T12:19:59.802095,DING YOUR APPROVAL RATING,0.4897,,,True,25,4,16,0,0,617,233,1.0,1.0,0.4,0.075,,1.0,0.2,1.0,2.648068669527897,143761,0.00017389973636799965,0.25,0.95,False,False,0.0,1.105,4,0.6,0.221,0.75,0.19,800,1000,0.6,0.6772
548,2026-09-28T12:19:59.805888,-29,0.3125,background,background,False,3,1,17,0,0,66,35,0.0,0.7,0.2,0.0,,0.91,0.6,0.0,1.8857142857142857,2310,0.0012987012987012987,0.0,0.5,True,False,0.09,0.3,1,1.0,0.06,0.5,0.1,800,1000,0.6,0.1552
549,2026-09-28T12:19:59.805922,DING YOU EARNED 36 RP FOR IMPROVING YOUR RELATIONSHIPS SLIGHTLY WITH A KEY CHARACTER .,0.6803,,,True,86,15,17,0,0,581,379,1.0,0.7,0.4,0.4,,1.0,1.0,0.9583333333333334,1.5329815303430079,220199,0.0003905558154215051,0.35714285714285715,1.6428571428571428,True,True,0.0,1.0044776119402985,15,0.6,0.2008955223880597,1.0,0.32857142857142857,800,1000,0.6,0.9688
550,2026-09-28T12:19:59.809596,UOY HTIW,0.4262,background,background,False,8,2,18,0,0,133,145,1.0,0.3,1.0,0.0,,1.0,0.2,1.0,0.9172413793103448,19285,0.00041483017889551465,0.0,0.5,False,False,0.0,0.3,2,0.6,0.06,0.6,0.1,800,1000,0.6,0.0
551,2026-09-28T12:19:59.809625,SMILE,0.5892,,,True,5,1,18,0,0,211,108,1.0,0.7,1.0,1.0,,1.0,0.2,1.0,1.9537037037037037,22788,0.00021941372652273125,1.0,0.5,False,False,0.0,0.3,1,0.6,0.06,0.5,0.1,800,1000,0.6,0.0
552,2026-09-28T12:19:59.813398,I KNOW WHAT YOU'RE THINKING .,0.9216,dialogue,dialogue,False,29,6,19,0,0,227,106,1.0,1.0,1.0,1.0,,1.0,1.0,0.9166666666666666,2.141509433962264,24062,0.0012052198487241294,0.8,2.1,True,True,0.0,1.545,6,1.0,0.309,1.0,0.8,800,1000,0.6,1.0
553,2026-09-28T12:19:59.813406,""" WOW , THIS GUY ISN'T TOTAL GARBAGE AFTER ALL . """,0.7155,dialogue,dialogue,False,50,12,19,0,0,272,146,1.0,0.7,1.0,0.7,,1.0,0.6,0.8947368421052632,1.8630136986301369,39712,0.001259065269943594,0.625,1.5375,True,False,0.0,0.671875,12,1.0,0.134375,1.0,0.3075,800,1000,0.6,1.0
554,2026-09-28T12:19:59.817113,NOPE . I THINK YOU ARE .,0.8656,dialogue,dialogue,False,24,7,20,0,0,388,136,1.0,1.0,0.6,1.0,,1.0,1.0,0.8888888888888888,2.8529411764705883,52768,0.00045482110369921165,1.0,2.4,True,True,0.0,1.2571428571428573,7,0.6,0.25142857142857145,1.0,0.8,800,1000,0.6,0.999
555,2026-09-28T12:19:59.817122,I AM NOT .,0.8085,dialogue,dialogue,False,10,4,20,0,0,173,26,1.0,0.5,0.6,1.0,,1.0,1.0,0.8571428571428571,6.653846153846154,4498,0.0022232103156958646,1.0,2.9,True,True,0.0,0.9249999999999999,4,0.5,0.185,0.75,0.8,800,1000,0.6,1.0
556,2026-09-28T12:19:59.817130,"REGARDLESS , WE'VE BROKEN GROUND NOW .",0.7231,dialogue,dialogue,False,38,7,20,0,0,246,108,1.0,1.0,1.0,0.4,,1.0,1.0,0.90625,2.2777777777777777,26568,0.0014302920806985849,0.4,0.8400000000000001,True,True,0.0,0.5666666666666667,7,1.0,0.11333333333333333,1.0,0.168,800,1000,0.6,0.963
557,2026-09-28T12:19:59.820568,"JUST WITH THE COST OF THE TIMBER , IT WAS A TOTAL LOSS . BUT THAT'S NOT IMPORTANT .",0.8259,dialogue,dialogue,False,83,19,21,0,0,480,303,1.0,0.7,0.4,0.7,,1.0,1.0,0.9384615384615385,1.5841584158415842,145440,0.0005706820682068207,0.75,2.5375,True,True,0.0,0.7762711864406779,19,1.0,0.1552542372881356,0.9,0.8,800,1000,0.6,0.9997
558,2026-09-28T12:19:59.824480,"BECAUSE THIS HOUSE IS MERELY MY "" MODEL HOUSE ” THAT I WILL USE FOR SHOW !",0.789,dialogue,dialogue,False,74,17,22,0,0,445,208,1.0,1.0,0.6,0.7,,1.0,1.0,0.9821428571428571,2.139423076923077,92560,0.0007994814174589456,0.7142857142857143,1.9857142857142858,True,True,0.0,0.960377358490566,17,1.0,0.1920754716981132,0.9,0.39714285714285713,800,1000,0.6,0.9956
559,2026-09-28T12:19:59.828988,Kot,0.4472,background,background,False,3,1,23,0,0,36,73,1.0,0.3,0.6,0.0,,1.0,0.2,1.0,0.4931506849315068,2628,0.001141552511415525,0.0,0.5,False,False,0.0,0.3,1,1.0,0.06,0.5,0.1,800,1000,0.6,0.0434
560,2026-09-28T12:19:59.832965,A FEW DAYS LATER !,0.6898,,,True,18,5,24,0,0,342,27,1.0,0.3,1.0,0.7,,1.0,1.0,0.9285714285714286,12.666666666666666,9234,0.001949317738791423,0.5,1.5,True,True,0.0,0.8818181818181817,5,0.5,0.17636363636363633,0.75,0.3,800,1000,0.6,0.7227
561,2026-09-28T12:19:59.836649,LINE,0.4272,background,background,False,4,1,25,0,0,312,290,1.0,0.7,0.6,0.0,,1.0,0.2,1.0,1.0758620689655172,90480,4.420866489832007e-05,0.0,0.5,False,False,0.0,0.3,1,0.6,0.06,0.5,0.1,800,1000,0.6,0.0
562,2026-09-28T12:19:59.836682,Kot,0.4472,background,background,False,3,1,25,0,0,44,69,1.0,0.3,0.6,0.0,,1.0,0.2,1.0,0.6376811594202898,3036,0.0009881422924901185,0.0,0.5,False,False,0.0,0.3,1,1.0,0.06,0.5,0.1,800,1000,0.6,0.0559
563,2026-09-28T12:19:59.840046,WOW ... I THOUGHT I WAS GOING TO MELT .,0.8674,dialogue,dialogue,False,39,10,26,0,0,270,106,1.0,1.0,1.0,0.7,,1.0,1.0,0.9629629629629629,2.547169811320755,28620,0.0013626834381551363,0.625,2.1,True,True,0.0,0.8875000000000001,10,1.0,0.17750000000000002,1.0,0.8,800,1000,0.6,1.0
564,2026-09-28T12:19:59.843587,THAT MUCH ?,0.8051,dialogue,dialogue,False,11,3,27,0,0,212,26,1.0,0.3,0.6,1.0,,1.0,1.0,0.8888888888888888,8.153846153846153,5512,0.0019956458635703917,1.0,2.4,True,True,0.0,1.4000000000000001,3,0.5,0.28,0.75,0.8,800,1000,0.6,1.0
565,2026-09-28T12:19:59.847090,"WOO ! AMAZING , AIN'T IT ?! AND REALLY WARM !",0.7348,dialogue,dialogue,False,45,11,28,0,0,271,145,1.0,0.7,1.0,0.4,,1.0,1.0,0.8285714285714286,1.8689655172413793,39295,0.0011451838656317598,0.42857142857142855,1.5857142857142856,True,True,0.0,0.8703703703703703,11,1.0,0.17407407407407408,1.0,0.3171428571428571,800,1000,0.6,0.995
566,2026-09-28T12:19:59.847099,"I BET YOU PROBABLY WANT A ROOM LIKE THIS AT HOME TOO , DON'T YOU ?!",0.831,dialogue,dialogue,False,67,16,28,0,0,306,188,1.0,0.7,0.6,0.7,,1.0,1.0,0.9230769230769231,1.627659574468085,57528,0.001164650257266027,0.7142857142857143,2.1142857142857143,True,True,0.0,0.7130434782608696,16,1.0,0.1426086956521739,0.9,0.8,800,1000,0.6,0.9993
567,2026-09-28T12:19:59.850398,TAP TAP,0.4342,background,background,False,7,2,29,0,0,274,138,1.0,0.7,0.6,0.0,,1.0,0.2,1.0,1.9855072463768115,37812,0.0001851264148947424,0.0,0.5,False,False,0.0,0.3,2,0.6,0.06,0.6,0.1,800,500,0.6,0.0
568,2026-09-28T12:19:59.854171,STYLE A IS AN ANNEX IN THE YARD !,0.8469,dialogue,dialogue,False,33,9,30,0,0,347,66,1.0,0.7,1.0,0.7,,1.0,1.0,0.96,5.257575757575758,22902,0.001440922190201729,0.625,2.375,True,True,0.0,0.49090909090909085,9,1.0,0.09818181818181818,1.0,0.8,800,1000,0.6,1.0
569,2026-09-28T12:19:59.854182,STYLE B IS REMODELING YOUR CURRENT HOME !,0.6756,,,True,41,8,30,0,0,313,107,1.0,1.0,1.0,0.0857142857142857,,1.0,1.0,0.9705882352941176,2.925233644859813,33491,0.001224209489116479,0.2857142857142857,0.7571428571428571,True,True,0.0,0.7193548387096774,8,1.0,0.14387096774193547,1.0,0.1514285714285714,800,1000,0.6,0.9576
570,2026-09-28T12:19:59.857953,A,0.7002,dialogue,dialogue,False,1,1,31,0,0,50,46,1.0,0.7,0.2,1.0,,1.0,0.2,1.0,1.0869565217391304,2300,0.0004347826086956522,1.0,4.5,False,False,0.0,0.3,1,0.6,0.06,0.5,1.0,800,1000,0.6,0.2182
571,2026-09-28T12:19:59.857979,2 za But za Desi & alection 32,0.5452,,,True,30,8,31,0,0,285,168,1.0,0.7,1.0,0.049999999999999996,,1.0,0.2,0.9047619047619048,1.6964285714285714,47880,0.0006265664160401002,0.16666666666666666,1.0166666666666666,False,False,0.0,0.8705882352941177,8,1.0,0.17411764705882354,1.0,0.2033333333333333,800,1000,0.6,0.5126
572,2026-09-28T12:19:59.857986,B,0.4552,,,True,1,1,31,0,0,38,22,1.0,0.7,0.2,0.0,,1.0,0.2,1.0,1.7272727272727273,836,0.0011961722488038277,0.0,0.5,False,False,0.0,0.3,1,1.0,0.06,0.5,0.1,800,1000,0.6,0.0342
573,2026-09-28T12:19:59.861608,2mm 20 I'LL GIVE YOU 10 % OFF THE COST OF CONSTRUCTION IF YOU ORDER BOTH !,0.7573,dialogue,dialogue,False,74,17,32,0,0,443,243,1.0,0.7,0.4,0.7,,1.0,1.0,0.8928571428571429,1.823045267489712,107649,0.0006874192979033711,0.5333333333333333,1.66,True,True,0.0,0.8958333333333334,17,1.0,0.17916666666666667,0.9,0.33199999999999996,800,1000,0.6,1.0
574,2026-09-28T12:19:59.865263,UH ... NO ... I ... THE VILLAGERS DON'T TRUST YOU .,0.8323,dialogue,dialogue,False,51,12,33,0,0,610,96,1.0,0.5,0.6,0.7,,1.0,1.0,0.9354838709677419,6.354166666666667,58560,0.0008709016393442623,0.75,2.3125,True,True,0.0,1.0222222222222224,12,1.0,0.20444444444444448,1.0,0.8,800,1000,0.6,0.9893
575,2026-09-28T12:19:59.868698,"COME ON , WE'LL SEE EACH OTHER OFTEN , SO LET'S TRUST EACH OTHER . HUH ? WELL ?",0.7759,dialogue,dialogue,False,79,19,34,0,0,412,146,1.0,1.0,0.6,0.7,,1.0,1.0,0.8852459016393442,2.8219178082191783,60152,0.0013133395398324246,0.7857142857142857,1.657142857142857,True,True,0.0,0.7269230769230769,19,1.0,0.1453846153846154,0.9,0.3314285714285714,800,1000,0.6,0.9853
576,2026-09-28T12:19:59.872345,YOU DON'T TRUST ME ? ARE YOU REALLY DOING THIS TO ME ?,0.9158,dialogue,dialogue,False,54,13,35,0,0,316,146,1.0,1.0,1.0,1.0,,1.0,1.0,0.9285714285714286,2.164383561643836,46136,0.001170452574995665,0.9090909090909091,2.1454545454545455,True,True,0.0,1.127027027027027,13,1.0,0.2254054054054054,1.0,0.8,800,1000,0.6,1.0
577,2026-09-28T12:19:59.872363,STEP,0.4542,,,True,4,1,35,0,0,269,125,1.0,1.0,1.0,0.0,,1.0,0.2,1.0,2.152,33625,0.00011895910780669145,0.0,0.5,False,False,0.0,0.3,1,0.6,0.06,0.5,0.1,800,1000,0.6,0.0
578,2026-09-28T12:19:59.872393,"AT THIS PRICE , I'M PRACTICALLY GIVING IT AWAY .",0.7465,dialogue,dialogue,False,48,10,35,0,0,285,110,1.0,1.0,1.0,0.7,,1.0,1.0,0.9230769230769231,2.590909090909091,31350,0.0015311004784688996,0.625,1.7375,True,True,0.0,0.6705882352941177,10,0.5,0.13411764705882354,1.0,0.34750000000000003,800,1000,0.6,1.0
579,2026-09-28T12:19:59.876197,LLOYD .,0.5592,,,True,7,2,36,0,0,107,28,1.0,1.0,0.6,0.0,,1.0,1.0,0.8333333333333334,3.8214285714285716,2996,0.002336448598130841,0.0,0.5,True,True,0.0,0.3,2,0.5,0.06,0.6,0.1,800,1000,0.6,0.9838
580,2026-09-28T12:19:59.879767,WHAT DO YOU THINK YOU ARE DOING ?,0.9055,dialogue,dialogue,False,33,8,38,0,0,387,69,1.0,0.7,1.0,1.0,,1.0,1.0,0.9615384615384616,5.608695652173913,26703,0.0012358162004269184,1.0,2.4714285714285715,True,True,0.0,1.4608695652173913,8,1.0,0.2921739130434783,1.0,0.8,800,1000,0.6,1.0
581,2026-09-28T12:19:59.879776,B,0.3852,background,background,False,1,1,38,0,0,12,17,1.0,0.3,0.2,0.0,,1.0,0.2,1.0,0.7058823529411765,204,0.004901960784313725,0.0,0.5,False,False,0.0,0.3,1,0.5,0.06,0.5,0.1,800,1000,0.6,0.0039
582,2026-09-28T12:19:59.883189,LLOYD'S FATHER ARCOS FRONTERA,0.5196,,,True,29,4,39,0,0,369,107,1.0,1.0,1.0,0.0,,1.0,0.2,0.9615384615384616,3.4485981308411215,39483,0.0007344933262416737,0.0,0.5,False,False,0.0,0.8652173913043477,4,1.0,0.17304347826086955,0.75,0.1,800,1000,0.6,0.0785
583,2026-09-28T12:19:59.886439,DI YOUR APPROVAL RATING -20,0.5429,,,True,27,5,40,0,0,552,238,1.0,1.0,0.4,0.06,,1.0,0.6,0.8695652173913043,2.319327731092437,131376,0.00020551698940445744,0.2,0.86,True,False,0.0,0.9722222222222222,5,0.6,0.19444444444444445,0.75,0.172,800,1000,0.6,0.5467
584,2026-09-28T12:19:59.889713,TO BE CONTINUED .,0.7932,dialogue,dialogue,False,17,4,41,0,0,306,25,1.0,0.3,1.0,0.7,,1.0,1.0,0.9285714285714286,12.24,7650,0.0022222222222222222,0.6666666666666666,3.3333333333333335,True,True,0.0,0.7636363636363637,4,0.5,0.15272727272727274,0.75,1.0,800,1000,0.6,0.4927
585,2026-09-28T12:19:59.889721,Assistance by : Jini Hyeonseok Noh,0.5704,,,True,34,6,41,0,0,303,71,1.0,1.0,1.0,0.06,,1.0,0.6,0.9655172413793104,4.267605633802817,21513,0.0015804397341142565,0.2,1.1,True,False,0.0,0.6,6,0.5,0.12,1.0,0.22000000000000003,800,1000,0.6,0.5969
586,2026-09-28T12:19:59.893157,COMICS,0.4076,background,background,False,6,1,42,0,0,89,13,1.0,0.5,1.0,0.0,,1.0,0.2,1.0,6.846153846153846,1157,0.005185825410544511,0.0,0.5,False,False,0.0,0.9,1,0.3,0.18,0.5,0.1,800,68,0.6,0.1333
587,2026-09-28T12:24:09.752758,RP ? IS THAT LIKE EXPERIENCE POINTS ?,0.7733,dialogue,dialogue,False,37,8,0,0,0,206,145,1.0,0.7,1.0,0.7,,1.0,1.0,0.9333333333333333,1.4206896551724137,29870,0.0012387010378305994,0.5,1.4666666666666668,True,True,0.0,0.6615384615384615,8,1.0,0.1323076923076923,1.0,0.29333333333333333,800,1000,0.6,1.0
588,2026-09-28T12:24:09.752775,AUOY ZAH WUD3G 99 M3T2Y2 2AH TAVITOA 99 ) 98,0.4535,,,True,44,10,0,0,0,142,173,1.0,0.3,1.0,0.03333333333333333,,1.0,0.2,0.7931034482758621,0.8208092485549133,24566,0.0017910933810958234,0.1111111111111111,0.6444444444444444,False,False,0.0,0.3,10,0.5,0.06,1.0,0.1288888888888889,800,1000,0.6,0.08
589,2026-09-28T12:24:09.757156,( UOY HTW JATOT,0.4367,background,background,False,15,4,1,0,0,141,239,1.0,0.3,1.0,0.0,,1.0,0.2,1.0,0.5899581589958159,33699,0.0004451170657883023,0.0,0.5,False,False,0.0,0.3,4,0.6,0.06,0.75,0.1,800,1000,0.6,0.0158
590,2026-09-28T12:24:09.757190,THERE'S NOTHING ABOUT HOW YOU USE THEM .,0.8472,dialogue,dialogue,False,40,8,1,0,0,273,145,1.0,0.7,1.0,1.0,,1.0,1.0,0.9393939393939394,1.8827586206896552,39585,0.0010104837691044587,0.8571428571428571,1.957142857142857,True,True,0.0,1.6793103448275863,8,1.0,0.3358620689655173,1.0,0.3914285714285714,800,1000,0.6,1.0
591,2026-09-28T12:24:09.757199,BY IMPROVING RELATIONSHIPS ...,0.6823,,,True,30,4,1,0,0,277,66,1.0,1.0,1.0,0.4,,1.0,1.0,1.0,4.196969696969697,18282,0.0016409583196586807,0.3333333333333333,1.5,True,True,0.0,1.059090909090909,4,0.5,0.21181818181818182,0.75,0.3,800,1000,0.6,0.99
592,2026-09-28T12:24:09.761250,YOU CAN EARN RP BY IMPROVING RELATIONSHIPS WITH KEY CHARACTERS .,0.7416,dialogue,dialogue,False,64,11,2,0,0,427,159,1.0,1.0,0.6,0.4,,1.0,1.0,0.9814814814814815,2.6855345911949686,67893,0.0009426597734670731,0.4,1.67,True,True,0.0,0.9607843137254902,11,1.0,0.19215686274509805,1.0,0.33399999999999996,800,1000,0.6,0.9998
593,2026-09-28T12:24:09.761261,... WITH KEY CHARACTERS MEANS ...,0.6939,,,True,33,6,2,0,0,212,104,1.0,1.0,1.0,0.075,,1.0,1.0,1.0,2.0384615384615383,22048,0.001496734397677794,0.25,1.35,True,True,0.0,0.865,6,1.0,0.173,1.0,0.27,800,1000,0.6,0.969
594,2026-09-28T12:24:09.765301,OH ! I SEE SOMETHING ! THERE IT IS !,0.9187,dialogue,dialogue,False,36,10,3,0,0,320,106,1.0,1.0,1.0,1.0,,1.0,1.0,0.8888888888888888,3.018867924528302,33920,0.0010613207547169811,0.8571428571428571,2.414285714285714,True,True,0.0,1.3363636363636362,10,1.0,0.2672727272727272,1.0,0.8,800,1000,0.6,1.0
595,2026-09-28T12:24:09.769231,DING YOUR APPROVAL RATING -30,0.5298,,,True,29,5,4,0,0,508,269,1.0,0.7,0.4,0.06,,1.0,0.6,0.88,1.8884758364312269,136652,0.0002122178965547522,0.2,0.86,True,False,0.0,1.105,5,0.6,0.221,0.75,0.172,800,1000,0.6,0.5313
596,2026-09-28T12:24:09.773213,"THAT'S LOW , RIGHT ? I BET THAT IS SUPER LOW .",0.7867,dialogue,dialogue,False,46,12,5,0,0,315,147,1.0,1.0,1.0,0.7,,1.0,1.0,0.8857142857142857,2.142857142857143,46305,0.0009934132383111974,0.5555555555555556,1.3333333333333333,True,True,0.0,0.8379310344827586,12,1.0,0.16758620689655174,1.0,0.26666666666666666,800,1000,0.6,1.0
597,2026-09-28T12:24:09.777420,"HEY , JAVIER .",0.6887,,,True,14,4,6,0,0,206,34,1.0,0.5,1.0,0.7,,1.0,1.0,0.8181818181818182,6.0588235294117645,7004,0.0019988577955454027,0.5,1.4,True,True,0.0,0.3,4,0.5,0.06,0.75,0.27999999999999997,800,1000,0.6,1.0
598,2026-09-28T12:24:09.777436,"YES , MASTER LLOYD ?",0.7126,dialogue,dialogue,False,20,5,6,0,0,214,69,1.0,1.0,1.0,0.4,,1.0,1.0,0.875,3.101449275362319,14766,0.0013544629554381688,0.3333333333333333,1.0666666666666667,True,True,0.0,0.5750000000000001,5,1.0,0.11500000000000002,0.75,0.21333333333333332,800,1000,0.6,1.0
599,2026-09-28T12:24:09.781519,I REALLY THINK YOU'RE VERY GOOD LOOKING .,0.8412,dialogue,dialogue,False,41,8,7,0,0,326,109,1.0,1.0,1.0,1.0,,1.0,1.0,0.9411764705882353,2.9908256880733943,35534,0.0011538245061068274,0.8571428571428571,1.5142857142857142,True,True,0.0,1.13,8,1.0,0.22599999999999998,1.0,0.3028571428571428,800,1000,0.6,1.0
600,2026-09-28T12:24:09.785746,LLOYD IS TRYING TO BUY JAVIER'S FAVOR .,0.6805,,,True,39,8,8,0,0,340,71,1.0,1.0,1.0,0.4,,1.0,1.0,0.9375,4.788732394366197,24140,0.0016155758077879038,0.42857142857142855,1.1,True,True,0.0,0.5392857142857143,8,0.5,0.10785714285714285,1.0,0.22000000000000003,800,1000,0.6,1.0
601,2026-09-28T12:24:09.789977,I KNOW THAT ALREADY .,0.8553,dialogue,dialogue,False,21,5,9,0,0,251,66,1.0,1.0,1.0,0.7,,1.0,1.0,0.9411764705882353,3.803030303030303,16566,0.0012676566461427019,0.75,2.85,True,True,0.0,1.2714285714285716,5,1.0,0.25428571428571434,0.75,0.8,800,1000,0.6,1.0
602,2026-09-28T12:24:09.789989,JAVIER'S APPROVAL RATING OF YOU HAS DECREASED BY ONE POINT . DING YOUR APPROVAL RATING -31,0.6055,,,True,90,16,9,0,0,571,359,1.0,0.7,0.4,0.4,,1.0,0.6,0.9333333333333333,1.5905292479108635,204989,0.000439047948914332,0.4,1.48,True,False,0.0,0.7926470588235294,16,0.6,0.15852941176470586,0.9,0.296,800,1000,0.6,0.9759
603,2026-09-28T12:24:09.793976,WHAT ?! WHY DID IT GO DOWN ?!,0.8449,dialogue,dialogue,False,29,8,11,0,0,303,67,1.0,1.0,1.0,1.0,,1.0,1.0,0.8181818181818182,4.522388059701493,20301,0.0014285010590611299,1.0,1.8499999999999999,True,True,0.0,0.66875,8,1.0,0.13374999999999998,1.0,0.37,800,1000,0.6,1.0
604,2026-09-28T12:24:09.793987,LET'S LEAVE THIS FOR LATER .,0.8053,dialogue,dialogue,False,28,6,11,0,0,264,104,1.0,1.0,1.0,0.7,,1.0,1.0,0.9130434782608695,2.5384615384615383,27456,0.0010198135198135198,0.6,1.8199999999999998,True,True,0.0,1.1210526315789473,6,1.0,0.22421052631578947,1.0,0.364,800,1000,0.6,1.0
605,2026-09-28T12:24:09.797947,"IF I RUSH IT , I'LL JUST MAKE IT WORSE .",0.8605,dialogue,dialogue,False,40,11,12,0,0,314,106,1.0,1.0,1.0,0.7,,1.0,1.0,0.9,2.9622641509433962,33284,0.0012017786323759163,0.7777777777777778,2.388888888888889,True,True,0.0,0.396,11,1.0,0.0792,1.0,0.8,800,1000,0.6,0.9983
606,2026-09-28T12:24:09.802195,THE GREATEST ESTATE DEVELOPER,0.5091,,,True,29,4,13,0,0,734,347,1.0,1.0,0.4,0.075,,1.0,0.2,1.0,2.115273775216138,254698,0.00011386033655544998,0.25,1.625,False,False,0.0,1.0416666666666667,4,0.6,0.20833333333333334,0.75,0.325,800,1000,0.6,0.7269
607,2026-09-28T12:24:09.802205,Original Story :,0.4647,,,True,16,3,13,0,0,127,21,1.0,0.5,0.6,0.0,,1.0,0.6,0.9285714285714286,6.0476190476190474,2667,0.005999250093738283,0.0,0.5,True,False,0.0,0.3,3,0.3,0.06,0.75,0.1,800,1000,0.6,0.1203
608,2026-09-28T12:24:09.802239,Art : Kim Hyunsoo,0.4647,,,True,17,4,13,0,0,159,20,1.0,0.5,0.6,0.0,,1.0,0.6,0.9285714285714286,7.95,3180,0.005345911949685534,0.0,0.5,True,False,0.0,0.3,4,0.3,0.06,0.75,0.1,800,1000,0.6,0.1162
609,2026-09-28T12:24:09.802269,Adaptation : Lee hyunmin,0.4604,,,True,24,4,13,0,0,228,19,1.0,0.3,0.6,0.0,,1.0,0.6,0.9523809523809523,12.0,4332,0.00554016620498615,0.0,0.5,True,False,0.0,0.7055555555555555,4,0.3,0.1411111111111111,0.75,0.1,800,1000,0.6,0.1879
610,2026-09-28T12:24:09.806434,PUB,0.4392,background,background,False,3,1,15,0,0,151,86,1.0,0.7,1.0,0.0,,1.0,0.2,1.0,1.755813953488372,12986,0.00023101801940551362,0.0,0.5,False,False,0.0,0.3,1,0.6,0.06,0.5,0.1,800,1000,0.6,0.0
611,2026-09-28T12:24:09.806478,"SO YOU'RE THE PURCHASER , AND I'LL BE THE BUILDER .",0.8673,dialogue,dialogue,False,51,11,15,0,0,356,105,1.0,1.0,1.0,0.7,,1.0,1.0,0.9024390243902439,3.3904761904761904,37380,0.0013643659711075442,0.7777777777777778,2.677777777777778,True,True,0.0,0.8771428571428571,11,1.0,0.17542857142857143,1.0,0.8,800,1000,0.6,1.0
612,2026-09-28T12:24:09.810313,XX,0.4352,background,background,False,2,1,16,0,0,31,69,1.0,0.3,0.2,0.0,,1.0,0.2,1.0,0.4492753623188406,2139,0.0009350163627863488,0.0,0.5,False,False,0.0,0.3,1,1.0,0.06,0.5,0.1,800,1000,0.6,0.0258
613,2026-09-28T12:24:09.814446,WE'LL WRITE OFF ALL CONSTRUCTION FEES AGAINST ALL OF THE PROPERTY I DAMAGED !,0.7924,dialogue,dialogue,False,77,14,17,0,0,398,186,1.0,1.0,0.6,0.7,,1.0,1.0,0.96875,2.139784946236559,74028,0.001040146971416221,0.6153846153846154,1.9384615384615385,True,True,0.0,0.8033333333333333,14,1.0,0.16066666666666668,1.0,0.38769230769230767,800,1000,0.6,0.9998
614,2026-09-28T12:24:09.818686,"NOW , SIGN HERE !",0.6827,,,True,17,5,18,0,0,288,33,1.0,0.3,1.0,0.7,,1.0,1.0,0.8461538461538461,8.727272727272727,9504,0.0017887205387205388,0.6666666666666666,1.0666666666666667,True,True,0.0,1.3,5,0.5,0.26,0.75,0.21333333333333332,800,970,0.6,0.9437
615,2026-09-28T12:24:09.823344,THE PUB OWNER IS LOOKING AT YOU SUSPICIOUSLY .,0.8019,dialogue,dialogue,False,46,9,20,0,0,323,107,1.0,1.0,1.0,0.7,,1.0,1.0,0.9736842105263158,3.0186915887850465,34561,0.0013309800063655566,0.5,1.875,True,True,0.0,0.7628571428571428,9,1.0,0.15257142857142855,1.0,0.375,800,1000,0.6,1.0
616,2026-09-28T12:24:09.827420,"TSK ! THIS IS THE PROBLEM . NO ONE HAS ANY TRUST IN THIS GUY . PUB OWNER USES THE SKILL "" STONE WALL HEART . """,0.6092,,,True,110,27,21,0,0,587,395,1.0,0.7,0.4,0.4,,1.0,0.6,0.9397590361445783,1.4860759493670885,231865,0.0004744139908998771,0.47619047619047616,1.619047619047619,True,False,0.0,0.7592105263157894,27,0.6,0.1518421052631579,0.9,0.3238095238095238,800,1000,0.6,0.9309
617,2026-09-28T12:24:09.831274,MY BIG PLAN CAN'T FAIL FROM THE START !,0.7952,dialogue,dialogue,False,39,9,22,0,0,364,107,1.0,1.0,1.0,0.7,,1.0,1.0,0.9354838709677419,3.4018691588785046,38948,0.0010013351134846463,0.75,1.75,True,True,0.0,0.5481481481481482,9,1.0,0.10962962962962963,1.0,0.35,800,1000,0.6,1.0
618,2026-09-28T12:24:09.835240,"I DIDN'T WANT TO RESORT TO THIS , BUT ...",0.9091,dialogue,dialogue,False,41,10,23,0,0,348,109,1.0,1.0,1.0,1.0,,1.0,1.0,0.9310344827586207,3.1926605504587156,37932,0.001080881577559844,0.875,2.7875,True,True,0.0,0.648,10,1.0,0.1296,1.0,0.8,800,1000,0.6,1.0
619,2026-09-28T12:24:09.838783,... LET'S USE HIS HOOLIGAN IMAGE !,0.7397,dialogue,dialogue,False,34,7,24,0,0,440,101,1.0,1.0,1.0,0.4,,1.0,1.0,0.92,4.356435643564357,44440,0.0007650765076507651,0.4,1.4,True,True,0.0,0.5523809523809524,7,1.0,0.11047619047619048,1.0,0.27999999999999997,800,1000,0.6,0.9807
620,2026-09-28T12:24:09.842755,"COME ON , WE'RE GOING TO SEE EACH OTHER A LOT FROM NOW ON , LET'S TRUST EACH OTHER , HUH ? WELL ? FROWN",0.7082,dialogue,dialogue,False,103,25,25,0,0,695,501,1.0,0.7,0.4,1.0,,1.0,0.6,0.9113924050632911,1.3872255489021956,348195,0.0002958112551874668,0.8,1.935,True,False,0.0,0.7214285714285714,25,0.6,0.1442857142857143,0.9,0.387,800,1000,0.6,0.9925
621,2026-09-28T12:24:09.846699,! IT WORKED !,0.8417,dialogue,dialogue,False,13,4,27,0,0,195,68,1.0,1.0,1.0,0.7,,1.0,1.0,0.8888888888888888,2.8676470588235294,13260,0.000980392156862745,0.5,2.3,True,True,0.0,0.3,4,1.0,0.06,0.75,0.8,800,1000,0.6,1.0
622,2026-09-28T12:24:09.846713,SCRIBBLE,0.4392,background,background,False,8,1,27,0,0,240,161,1.0,0.7,1.0,0.0,,1.0,0.2,1.0,1.4906832298136645,38640,0.00020703933747412008,0.0,0.5,False,False,0.0,0.3,1,0.6,0.06,0.5,0.1,800,1000,0.6,0.0
623,2026-09-28T12:24:09.846760,"WOW , YOU ARE ABSOLUTE GARBAGE ...",0.7864,dialogue,dialogue,False,34,7,27,0,0,253,113,1.0,1.0,1.0,0.7,,1.0,1.0,0.96,2.2389380530973453,28589,0.0011892685998111162,0.6,1.4,True,True,0.0,0.6727272727272727,7,1.0,0.13454545454545455,1.0,0.27999999999999997,800,1000,0.6,1.0
624,2026-09-28T12:24:09.850409,MPH ! SO WHAT ?! WHAT WAS I TO DO ?!,0.9147,dialogue,dialogue,False,36,11,28,0,0,317,101,1.0,1.0,1.0,1.0,,1.0,1.0,0.8076923076923077,3.1386138613861387,32017,0.001124402661086298,0.875,2.775,True,True,0.0,1.0473684210526315,11,1.0,0.2094736842105263,1.0,0.8,800,1000,0.6,1.0
625,2026-09-28T12:24:09.850418,I GOT MY FIRST ORDER !,0.8592,dialogue,dialogue,False,22,6,28,0,0,304,92,1.0,1.0,1.0,0.7,,1.0,1.0,0.9411764705882353,3.3043478260869565,27968,0.0007866132723112128,0.6,2.04,True,True,0.0,0.3,6,1.0,0.06,1.0,0.8,800,1000,0.6,0.973
626,2026-09-28T12:24:09.854158,Sh,0.4392,background,background,False,2,1,30,0,0,191,167,1.0,0.7,1.0,0.0,,1.0,0.2,1.0,1.1437125748502994,31897,6.270182148791423e-05,0.0,0.5,False,False,0.0,0.3,1,0.6,0.06,0.5,0.1,800,1000,0.6,0.0
627,2026-09-28T12:24:09.854198,"YOU'VE MADE THE RIGHT CHOICE , SIR ! I WON'T LET YOU DOWN . .",0.7802,dialogue,dialogue,False,61,15,30,0,0,418,147,1.0,1.0,0.6,0.7,,1.0,1.0,0.8723404255319149,2.8435374149659864,61446,0.0009927415942453536,0.7272727272727273,1.5454545454545454,True,True,0.0,0.7743589743589744,15,1.0,0.15487179487179487,1.0,0.3090909090909091,800,1000,0.6,1.0
628,2026-09-28T12:24:09.857851,"IT'S GOING TO BE PRETTY COZY , SO I DON'T NEED TO BE TOO PRECISE WITH MY MEASUREMENTS ... 10000",0.7636,dialogue,dialogue,False,95,20,34,0,0,397,338,1.0,0.7,0.4,0.7,,1.0,0.6,0.9154929577464789,1.1745562130177514,134186,0.0007079725157617039,0.6666666666666666,2.2,True,False,0.0,0.6142857142857142,20,1.0,0.12285714285714285,0.9,0.8,800,700,0.6,0.99
629,2026-09-28T12:24:09.861257,MASTER LLOYD .,0.5518,,,True,14,3,36,0,0,258,26,1.0,0.3,1.0,0.0,,1.0,1.0,0.9166666666666666,9.923076923076923,6708,0.0020870602265951103,0.0,0.5,True,True,0.0,0.6666666666666666,3,0.5,0.13333333333333333,0.75,0.1,800,1000,0.6,0.988
630,2026-09-28T12:24:09.861272,YES ?,1.3752,dialogue,dialogue,False,5,2,36,0,0,77,28,1.0,1.0,0.2,1.0,,1.0,2.0,0.75,2.75,2156,0.002319109461966605,1.0,2.2,True,True,0.0,0.3,2,0.5,0.06,3.0,2.5,800,1000,0.6,0.9833
631,2026-09-28T12:24:09.864959,YOU THREATENED THE PUB OWNER TO SIGN THAT CONTRACT . ARE YOU COMING UP WITH NEW WAYS TO CAUSE TROUBLE ?,0.7876,dialogue,dialogue,False,103,21,37,0,0,595,387,1.0,0.7,0.4,0.7,,1.0,1.0,0.9759036144578314,1.5374677002583979,230265,0.0004473107072286279,0.5789473684210527,2.026315789473684,True,True,0.0,0.8974683544303799,21,0.6,0.17949367088607598,0.9,0.8,800,1000,0.6,0.991
632,2026-09-28T12:24:09.868633,YOU'RE NOT AS REASONABLE AS YOU SEEM .,0.9136,dialogue,dialogue,False,38,8,40,0,0,266,106,1.0,1.0,1.0,1.0,,1.0,1.0,0.9354838709677419,2.509433962264151,28196,0.0013477088948787063,0.8571428571428571,2.414285714285714,True,True,0.0,0.9740740740740741,8,1.0,0.19481481481481483,1.0,0.8,800,1000,0.6,1.0
633,2026-09-28T12:24:09.868643,HAVE YOU EVER HEARD OF COGNITIVE DISTORTION ?,0.8065,dialogue,dialogue,False,45,8,40,0,0,287,145,1.0,0.7,1.0,0.4,,1.0,1.0,0.9736842105263158,1.9793103448275862,41615,0.0010813408626697105,0.42857142857142855,2.085714285714286,True,True,0.0,0.82,8,1.0,0.16399999999999998,1.0,0.8,800,1000,0.6,1.0
634,2026-09-28T12:24:09.872277,COGNITIVE DISTORTION ... ?,0.5898,,,True,26,4,41,0,0,239,67,1.0,1.0,1.0,0.0,,1.0,1.0,0.95,3.5671641791044775,16013,0.0016236807593830013,0.0,0.5,True,True,0.0,0.8764705882352941,4,0.5,0.17529411764705882,0.75,0.1,800,1000,0.6,0.9612
635,2026-09-28T12:24:09.872286,IT'S WHERE YOU BELIEVE SOMEONE WILL DO THIS AND THAT BECAUSE OF WHAT THEY DID IN THE PAST .,0.8803,dialogue,dialogue,False,91,19,41,0,0,399,226,1.0,0.7,0.6,1.0,,1.0,1.0,0.9726027397260274,1.7654867256637168,90174,0.0010091600683123738,0.8888888888888888,2.6888888888888887,True,True,0.0,1.020289855072464,19,1.0,0.2040579710144928,0.9,0.8,800,1000,0.6,1.0
636,2026-09-28T12:24:09.875623,IT'S THE DISTORTION CAUSED BY PREJUDICE AND NEGATIVE THINKING CLINGING TO YOUR THE BRAIN !,0.8417,dialogue,dialogue,False,90,15,42,0,0,452,228,1.0,0.7,0.6,0.7,,1.0,1.0,0.9736842105263158,1.9824561403508771,103056,0.0008733115975780158,0.5,2.185714285714286,True,True,0.0,0.9791666666666666,15,1.0,0.19583333333333333,1.0,0.8,800,1000,0.6,0.964
637,2026-09-28T12:24:09.878969,IT'S NOT PREJUDICE . IT'S BASED ON EXPERIENCE AND STATISTICS .,0.8514,dialogue,dialogue,False,62,11,43,0,0,370,147,1.0,1.0,0.6,0.7,,1.0,1.0,0.9230769230769231,2.5170068027210886,54390,0.0011399154256297114,0.5555555555555556,2.066666666666667,True,True,0.0,0.6021739130434782,11,1.0,0.12043478260869564,1.0,0.8,800,1000,0.6,0.985
638,2026-09-28T12:24:36.209655,ARE EXPERIENCE AND STATISTICS NOT ALL FROM THE PAST ?,0.8507,dialogue,dialogue,False,53,10,0,0,0,256,186,1.0,0.7,1.0,0.7,,1.0,1.0,0.9772727272727273,1.3763440860215055,47616,0.0011130712365591399,0.6666666666666666,2.433333333333333,True,True,0.0,0.7609756097560976,10,1.0,0.1521951219512195,1.0,0.8,800,1000,0.6,1.0
639,2026-09-28T12:24:36.213270,...,0.4402,background,background,False,3,1,1,0,0,29,9,0.0,1.0,0.2,0.0,,0.0,2.0,0.0,3.2222222222222223,261,0.011494252873563218,0.0,0.5,True,True,1.0,0.3,1,0.3,0.06,0.5,0.1,800,1000,0.6,0.0643
640,2026-09-28T12:24:36.216967,10,0.1625,background,background,False,2,1,2,0,0,10,11,0.0,0.3,0.2,0.0,,0.91,0.2,0.0,0.9090909090909091,110,0.01818181818181818,0.0,0.5,False,False,0.09,0.3,1,0.3,0.06,0.5,0.1,800,1000,0.6,0.0
641,2026-09-28T12:24:36.216996,HUH ? WAS HE ALWAYS THIS SMOOTH OF A TALKER ?,0.8479,dialogue,dialogue,False,45,11,2,0,0,267,144,1.0,0.7,1.0,0.7,,1.0,1.0,0.9428571428571428,1.8541666666666667,38448,0.0011704119850187266,0.7777777777777778,2.2222222222222223,True,True,0.0,0.5612903225806452,11,1.0,0.11225806451612903,1.0,0.8,800,1000,0.6,1.0
642,2026-09-28T12:24:36.217003,I'LL MAKE,0.6009,,,True,9,2,2,0,0,170,26,1.0,0.5,0.6,1.0,,1.0,0.2,0.875,6.538461538461538,4420,0.0020361990950226246,1.0,1.5,False,False,0.0,0.78,2,0.5,0.156,0.6,0.3,800,1000,0.6,0.965
643,2026-09-28T12:24:36.220809,THEM SMILE .,0.7286,dialogue,dialogue,False,12,3,3,0,0,215,28,1.0,0.5,0.6,1.0,,1.0,1.0,0.9,7.678571428571429,6020,0.0019933554817275745,1.0,1.35,True,True,0.0,0.9,3,0.5,0.18,0.75,0.27,800,1000,0.6,1.0
644,2026-09-28T12:24:36.220823,",",0.2355,background,background,False,1,1,3,0,0,21,18,0.0,0.7,0.2,0.0,,0.010000000000000009,0.6,0.0,1.1666666666666667,378,0.0026455026455026454,0.0,0.5,True,False,0.99,0.3,1,0.5,0.06,0.5,0.1,800,1000,0.6,0.0464
645,2026-09-28T12:24:36.224394,"THE PUB OWNER AND HIS MOTHER , I'LL MAKE THEM SMILE FOR SURE .",0.8564,dialogue,dialogue,False,62,14,4,0,0,430,145,1.0,1.0,0.6,0.7,,1.0,1.0,0.9387755102040817,2.9655172413793105,62350,0.0009943865276663994,0.75,2.1750000000000003,True,True,0.0,0.9568181818181819,14,1.0,0.19136363636363637,1.0,0.8,800,1000,0.6,1.0
646,2026-09-28T12:24:36.227660,SHOVE,0.4192,background,background,False,5,1,5,0,0,200,208,1.0,0.3,1.0,0.0,,1.0,0.2,1.0,0.9615384615384616,41600,0.0001201923076923077,0.0,0.5,False,False,0.0,0.3,1,0.6,0.06,0.5,0.1,800,1000,0.6,0.0
647,2026-09-28T12:24:36.231609,BECAUSE THOSE SMILES ...,0.7386,dialogue,dialogue,False,24,4,7,0,0,265,66,1.0,1.0,1.0,0.7,,1.0,1.0,1.0,4.015151515151516,17490,0.0013722126929674098,0.6666666666666666,0.5,True,True,0.0,0.4375,4,1.0,0.0875,0.75,0.1,800,1000,0.6,0.9321
648,2026-09-28T12:24:36.231624,PUSH,0.4392,background,background,False,4,1,7,0,0,194,109,1.0,0.7,1.0,0.0,,1.0,0.2,1.0,1.7798165137614679,21146,0.0001891610706516599,0.0,0.5,False,False,0.0,0.3,1,0.6,0.06,0.5,0.1,800,1000,0.6,0.0
649,2026-09-28T12:24:36.235333,... WILL BE THE FOUNDATION OF MY MONEY - MAKING !,0.8681,dialogue,dialogue,False,49,11,8,0,0,330,106,1.0,1.0,1.0,0.7,,1.0,1.0,0.9714285714285714,3.1132075471698113,34980,0.001400800457404231,0.625,2.7625,True,True,0.0,0.9375,11,1.0,0.1875,1.0,0.8,800,1000,0.6,1.0
650,2026-09-28T12:24:36.238839,"SCOOP OUT THE DIRT , MOVE IT , PACK IT , AND REPEAT !",0.8637,dialogue,dialogue,False,53,14,10,0,0,375,110,1.0,1.0,1.0,0.7,,1.0,1.0,0.9,3.409090909090909,41250,0.0012848484848484848,0.6,2.3,True,True,0.0,0.6235294117647059,14,1.0,0.12470588235294118,1.0,0.8,800,1000,0.6,1.0
651,2026-09-28T12:24:36.242594,PAT,0.4392,background,background,False,3,1,11,0,0,149,110,1.0,0.7,1.0,0.0,,1.0,0.2,1.0,1.3545454545454545,16390,0.0001830384380719951,0.0,0.5,False,False,0.0,0.3,1,0.6,0.06,0.5,0.1,800,1000,0.6,0.0
652,2026-09-28T12:24:36.242628,PAT,0.4392,background,background,False,3,1,11,0,0,172,120,1.0,0.7,1.0,0.0,,1.0,0.2,1.0,1.4333333333333333,20640,0.00014534883720930232,0.0,0.5,False,False,0.0,0.3,1,0.6,0.06,0.5,0.1,800,1000,0.6,0.0
653,2026-09-28T12:24:36.246470,THE TIMBER IS FROM THE WAREHOUSE AT THE BARON'S RESIDENCE !,0.856,dialogue,dialogue,False,59,11,12,0,0,383,147,1.0,1.0,0.6,0.7,,1.0,1.0,0.9591836734693877,2.6054421768707483,56301,0.0010479387577485301,0.6,2.46,True,True,0.0,0.9311111111111111,11,1.0,0.18622222222222223,1.0,0.8,800,1000,0.6,1.0
654,2026-09-28T12:24:36.246481,IT'S GOING TO,0.7287,dialogue,dialogue,False,13,3,12,0,0,161,67,1.0,1.0,1.0,0.7,,1.0,0.2,0.9090909090909091,2.4029850746268657,10787,0.001205154352461296,0.6666666666666666,2.4333333333333336,False,False,0.0,0.7999999999999999,3,1.0,0.15999999999999998,0.75,0.8,800,1000,0.6,0.9457
655,2026-09-28T12:24:36.250969,BE A TRADITIONAL TIMBER FRAME * .,0.7686,dialogue,dialogue,False,33,7,13,0,0,306,65,1.0,1.0,1.0,0.4,,1.0,1.0,0.9615384615384616,4.707692307692308,19890,0.0016591251885369532,0.4,2.16,True,True,0.0,0.6173913043478261,7,0.5,0.12347826086956522,1.0,0.8,800,1000,0.6,1.0
656,2026-09-28T12:24:36.250983,BANG,0.5892,,,True,4,1,13,0,0,219,142,1.0,0.7,1.0,1.0,,1.0,0.2,1.0,1.5422535211267605,31098,0.00012862563508907326,1.0,0.5,False,False,0.0,0.3,1,0.6,0.06,0.5,0.1,800,1000,0.6,0.0
657,2026-09-28T12:24:36.251016,BANG,0.5892,,,True,4,1,13,0,0,217,135,1.0,0.7,1.0,1.0,,1.0,0.2,1.0,1.6074074074074074,29295,0.00013654207202594298,1.0,0.5,False,False,0.0,0.3,1,0.6,0.06,0.5,0.1,800,1000,0.6,0.0
658,2026-09-28T12:24:36.251043,GLING,0.4579,,,True,5,1,13,0,0,211,139,1.0,0.7,1.0,0.0,,1.0,0.2,1.0,1.5179856115107915,29329,0.00017047972996010773,0.0,0.5,False,False,0.0,1.633333333333333,1,0.6,0.3266666666666666,0.5,0.1,800,1000,0.6,0.0
659,2026-09-28T12:24:36.251068,CLANG,0.4392,background,background,False,5,1,13,0,0,220,141,1.0,0.7,1.0,0.0,,1.0,0.2,1.0,1.5602836879432624,31020,0.00016118633139909736,0.0,0.5,False,False,0.0,0.3,1,0.6,0.06,0.5,0.1,800,1000,0.6,0.0
660,2026-09-28T12:24:36.255021,* TRADITIONAL ASIAN CONSTRUCTION METHOD WITH HEAVY WOODEN LOGS,0.4696,,,True,62,9,14,0,0,461,50,1.0,0.3,1.0,0.0375,,1.0,0.2,1.0,9.22,23050,0.002689804772234273,0.125,0.925,False,False,0.0,0.803921568627451,9,0.5,0.1607843137254902,1.0,0.185,800,1000,0.6,0.4307
661,2026-09-28T12:24:36.255032,USE THE CLAY I DUG UP FROM THE RIVER TO COMPLETE THE WALLS !,0.8564,dialogue,dialogue,False,60,14,14,0,0,338,145,1.0,1.0,0.6,0.7,,1.0,1.0,0.9787234042553191,2.331034482758621,49010,0.001224239951030402,0.6153846153846154,2.661538461538462,True,True,0.0,0.9568181818181819,14,1.0,0.19136363636363637,1.0,0.8,800,1000,0.6,1.0
662,2026-09-28T12:24:36.258714,TADAL,0.4212,background,background,False,5,1,15,0,0,597,367,1.0,0.7,0.4,0.0,,1.0,0.2,1.0,1.6267029972752043,219099,2.282073400608857e-05,0.0,0.5,False,False,0.0,0.3,1,0.6,0.06,0.5,0.1,800,1000,0.6,0.005
663,2026-09-28T12:24:36.262625,GASP,0.5702,,,True,4,1,16,0,0,86,27,1.0,1.0,0.2,1.0,,1.0,0.2,1.0,3.185185185185185,2322,0.0017226528854435831,1.0,0.5,False,False,0.0,0.3,1,0.5,0.06,0.5,0.1,800,1000,0.6,0.0766
664,2026-09-28T12:24:36.262665,THIS BODY IS SO WEAK !,0.7423,dialogue,dialogue,False,22,6,16,0,0,206,66,1.0,1.0,1.0,0.7,,1.0,1.0,0.9411764705882353,3.121212121212121,13596,0.0016181229773462784,0.6,1.58,True,True,0.0,0.7071428571428572,6,0.5,0.14142857142857143,1.0,0.316,800,1000,0.6,1.0
665,2026-09-28T12:24:36.266679,XX,0.4192,background,background,False,2,1,17,0,0,89,96,1.0,0.3,1.0,0.0,,1.0,0.2,1.0,0.9270833333333334,8544,0.00023408239700374532,0.0,0.5,False,False,0.0,0.3,1,0.6,0.06,0.5,0.1,800,1000,0.6,0.01
666,2026-09-28T12:24:36.266715,GASP,0.5822,,,True,4,1,17,0,0,86,29,1.0,1.0,0.6,1.0,,1.0,0.2,1.0,2.9655172413793105,2494,0.0016038492381716118,1.0,0.5,False,False,0.0,0.3,1,0.5,0.06,0.5,0.1,800,1000,0.6,0.0448
667,2026-09-28T12:24:36.270796,THAT DIDN'T TAKE LONG .,0.7806,dialogue,dialogue,False,23,5,18,0,0,205,65,1.0,1.0,1.0,1.0,,1.0,1.0,0.8947368421052632,3.1538461538461537,13325,0.001726078799249531,1.0,1.9249999999999998,True,True,0.0,0.74,5,0.5,0.148,0.75,0.38499999999999995,800,1000,0.6,1.0
668,2026-09-28T12:24:36.270810,CUTS ... IN ONLY THREE,0.703,dialogue,dialogue,False,22,5,18,0,0,323,61,1.0,0.7,1.0,0.7,,1.0,0.6,1.0,5.295081967213115,19703,0.0011165812312845759,0.5,1.875,True,False,0.0,0.3,5,1.0,0.06,0.75,0.375,800,1000,0.6,0.9933
669,2026-09-28T12:24:36.270818,IT TOOK A WEEK !,0.7567,dialogue,dialogue,False,16,5,18,0,0,289,26,1.0,0.3,1.0,0.7,,1.0,1.0,0.9166666666666666,11.115384615384615,7514,0.002129358530742614,0.75,2.4,True,True,0.0,0.3,5,0.5,0.06,0.75,0.8,800,1000,0.6,0.9058
670,2026-09-28T12:24:36.274494,HE REALLY IS BUILDING SOMETHING ...,0.7879,dialogue,dialogue,False,35,6,19,0,0,323,108,1.0,1.0,1.0,0.7,,1.0,1.0,1.0,2.990740740740741,34884,0.0010033253067308794,0.6,1.16,True,True,0.0,1.2919999999999998,6,1.0,0.25839999999999996,1.0,0.23199999999999998,800,1000,0.6,1.0
671,2026-09-28T12:24:36.278361,WHER ... THIS ? LEARN HE IS HE REALLY PLANNING ON HONORING HIS CONTRACT WITH THE PUB OWNER ?,0.829,dialogue,dialogue,False,92,19,20,0,0,452,351,1.0,0.7,0.4,0.7,,1.0,1.0,0.971830985915493,1.2877492877492878,158652,0.0005798855356377481,0.625,2.0,True,True,0.0,0.9970149253731343,19,1.0,0.19940298507462687,0.9,0.8,800,1000,0.6,0.9898
672,2026-09-28T12:24:36.278374,"THERE'S NO WAY . THE HOOLIGAN , LLOYD FRONTERA ?",0.7986,dialogue,dialogue,False,48,10,20,0,0,350,105,1.0,1.0,1.0,0.7,,1.0,1.0,0.8974358974358975,3.3333333333333335,36750,0.0013061224489795918,0.5714285714285714,1.6142857142857143,True,True,0.0,1.081818181818182,10,1.0,0.2163636363636364,1.0,0.32285714285714284,800,1000,0.6,1.0
673,2026-09-28T12:24:36.278389,"UGH , I'M SO SORE ...",0.7215,dialogue,dialogue,False,21,6,20,0,0,170,69,1.0,1.0,1.0,0.7,,1.0,1.0,0.8461538461538461,2.463768115942029,11730,0.0017902813299232737,0.75,1.075,True,True,0.0,0.3,6,0.5,0.06,1.0,0.215,800,1000,0.6,1.0
674,2026-09-28T12:24:36.282444,TREMBLE TREMBLE,0.4282,background,background,False,15,2,21,0,0,448,252,1.0,0.7,0.4,0.0,,1.0,0.2,1.0,1.7777777777777777,112896,0.0001328656462585034,0.0,0.5,False,False,0.0,0.3,2,0.6,0.06,0.6,0.1,800,1000,0.6,0.0
675,2026-09-28T12:24:36.282488,... BUT THERE'S NO TIME TO REST .,0.9184,dialogue,dialogue,False,33,8,21,0,0,287,105,1.0,1.0,1.0,1.0,,1.0,1.0,0.9130434782608695,2.7333333333333334,30135,0.001095072175211548,0.8333333333333334,2.3666666666666667,True,True,0.0,1.3157894736842106,8,1.0,0.26315789473684215,1.0,0.8,800,1000,0.6,1.0
676,2026-09-28T12:24:36.286353,... AAAAAH ...,0.5297,,,True,14,3,22,0,0,200,28,1.0,0.5,0.6,0.0,,0.5,1.0,1.0,7.142857142857143,5600,0.0025,0.0,0.5,True,True,0.5,0.3,3,0.5,0.06,0.75,0.1,800,1000,0.6,0.924
677,2026-09-28T12:24:36.286362,TREMBLE,0.4392,background,background,False,7,1,22,0,0,182,100,1.0,0.7,1.0,0.0,,1.0,0.2,1.0,1.82,18200,0.0003846153846153846,0.0,0.5,False,False,0.0,0.3,1,0.6,0.06,0.5,0.1,800,1000,0.6,0.0
678,2026-09-28T12:24:36.286392,TREMBLE,0.4392,background,background,False,7,1,22,0,0,184,93,1.0,0.7,1.0,0.0,,1.0,0.2,1.0,1.978494623655914,17112,0.0004090696587190276,0.0,0.5,False,False,0.0,0.3,1,0.6,0.06,0.5,0.1,800,1000,0.6,0.0
679,2026-09-28T12:24:36.289784,...,0.4452,background,background,False,3,1,23,0,0,27,27,0.0,0.7,0.2,0.0,,0.0,2.0,0.0,1.0,729,0.00411522633744856,0.0,0.5,True,True,1.0,0.3,1,0.5,0.06,0.5,0.1,800,1000,0.6,0.01
680,2026-09-28T12:24:36.293638,SHAKE,0.4392,background,background,False,5,1,24,0,0,174,132,1.0,0.7,1.0,0.0,,1.0,0.2,1.0,1.3181818181818181,22968,0.0002176941832114246,0.0,0.5,False,False,0.0,0.3,1,0.6,0.06,0.5,0.1,800,1000,0.6,0.0
681,2026-09-28T12:24:36.293692,SHAKE,0.4392,background,background,False,5,1,24,0,0,174,134,1.0,0.7,1.0,0.0,,1.0,0.2,1.0,1.2985074626865671,23316,0.00021444501629782123,0.0,0.5,False,False,0.0,0.3,1,0.6,0.06,0.5,0.1,800,1000,0.6,0.0
682,2026-09-28T12:24:36.297675,... AAAAAAH ?!,0.5047,,,True,14,3,25,0,0,220,29,0.8,0.5,0.6,0.0,,1.0,1.0,0.6,7.586206896551724,6380,0.00219435736677116,0.0,0.5,True,True,0.0,0.3,3,0.5,0.06,0.75,0.1,800,1000,0.6,0.9804
683,2026-09-28T12:24:36.297687,STAGGER,0.4542,,,True,7,1,25,0,0,274,110,1.0,1.0,1.0,0.0,,1.0,0.2,1.0,2.4909090909090907,30140,0.00023224950232249503,0.0,0.5,False,False,0.0,0.3,1,0.6,0.06,0.5,0.1,800,1000,0.6,0.0
684,2026-09-28T12:24:36.301169,GRAB,0.4272,background,background,False,4,1,27,0,0,342,177,1.0,0.7,0.6,0.0,,1.0,0.2,1.0,1.9322033898305084,60534,6.60785674166584e-05,0.0,0.5,False,False,0.0,0.3,1,0.6,0.06,0.5,0.1,800,1000,0.6,0.0009
685,2026-09-28T12:24:36.304645,REACH,0.6154,,,True,5,1,30,0,0,277,101,1.0,1.0,1.0,1.0,,1.0,0.2,1.0,2.742574257425743,27977,0.00017871823283411374,1.0,0.5,False,False,0.0,1.1,1,0.6,0.22000000000000003,0.5,0.1,800,1000,0.6,0.0312
686,2026-09-28T12:24:36.308301,"WHAT DO YOU NEED ME TO DO ? UHH ... I NEED THIN LITTLE PIECES OF WOOD ,",0.7391,dialogue,dialogue,False,71,18,31,0,0,592,264,1.0,1.0,0.4,0.7,,1.0,0.6,0.9607843137254902,2.242424242424242,156288,0.0004542895167895168,0.7333333333333333,2.246666666666667,True,False,0.0,0.6468085106382978,18,0.6,0.12936170212765957,0.9,0.8,800,1000,0.6,0.9806
687,2026-09-28T12:24:36.308311,EACH,0.5702,,,True,4,1,31,0,0,85,24,1.0,1.0,0.2,1.0,,1.0,0.2,1.0,3.5416666666666665,2040,0.00196078431372549,1.0,0.5,False,False,0.0,0.3,1,0.5,0.06,0.5,0.1,800,1000,0.6,0.0841
688,2026-09-28T12:24:36.311654,"ONE ABOUT TWO HANDS ' LENGTH TALL , ONE HAND'S LENGTH WIDE , AND ONE FINGER THICK ...",0.6778,,,True,85,18,32,0,0,451,186,1.0,1.0,0.6,0.04285714285714285,,1.0,1.0,0.953125,2.424731182795699,83886,0.0010132799275206828,0.14285714285714285,1.5857142857142856,True,True,0.0,0.911864406779661,18,1.0,0.1823728813559322,0.9,0.3171428571428571,800,1000,0.6,0.6685
689,2026-09-28T12:24:36.315340,SWING,0.4399,background,background,False,5,1,35,0,0,677,375,1.0,0.7,0.4,0.0,,1.0,0.2,1.0,1.8053333333333332,253875,1.9694731659281143e-05,0.0,0.5,False,False,0.0,1.633333333333333,1,0.6,0.3266666666666666,0.5,0.1,800,1000,0.6,0.0025
690,2026-09-28T12:24:36.318704,SLIGE,0.4212,background,background,False,5,1,37,0,0,405,283,1.0,0.7,0.4,0.0,,1.0,0.2,1.0,1.431095406360424,114615,4.3624307464119006e-05,0.0,0.5,False,False,0.0,0.3,1,0.6,0.06,0.5,0.1,800,1000,0.6,0.0
691,2026-09-28T12:24:36.322268,CLATTER CLATTER,0.4359,background,background,False,15,2,40,0,0,699,482,1.0,0.7,0.4,0.0,,1.0,0.2,1.0,1.450207468879668,336918,4.452121881288622e-05,0.0,0.5,False,False,0.0,0.85,2,0.6,0.16999999999999998,0.6,0.1,800,1000,0.6,0.0125
692,2026-09-28T12:24:36.326462,WHOA ... TRULY THIS IS SOMEONE ABOUT TO BECOME A MASTER SWORDSMAN !,0.7702,dialogue,dialogue,False,67,13,43,0,0,340,186,1.0,0.7,0.6,0.7,,1.0,1.0,0.9807692307692307,1.8279569892473118,63240,0.0010594560404807085,0.6363636363636364,1.7272727272727273,True,True,0.0,0.7448979591836735,13,1.0,0.1489795918367347,1.0,0.34545454545454546,800,1000,0.6,0.9998
693,2026-09-28T12:24:55.119151,WHO NEEDS MODERN EQUIPMENT ?!,0.6653,,,True,29,5,0,0,0,256,106,1.0,1.0,1.0,0.075,,1.0,1.0,0.92,2.4150943396226414,27136,0.001068691037735849,0.25,1.05,True,True,0.0,0.7142857142857143,5,1.0,0.14285714285714285,0.75,0.21000000000000002,800,1000,0.6,0.9915
694,2026-09-28T12:24:55.124824,JAVIER ...,0.6942,,,True,10,2,1,0,0,143,27,1.0,0.7,0.6,0.0,,1.0,2.0,1.0,5.296296296296297,3861,0.00259000259000259,0.0,0.5,True,True,0.0,0.3,2,0.5,0.06,0.6,0.1,800,1000,0.6,0.9938
695,2026-09-28T12:24:55.124841,/ //,0.1622,background,background,False,4,2,1,0,0,23,64,0.0,0.3,0.2,0.0,,0.0,0.2,0.0,0.359375,1472,0.002717391304347826,0.0,0.5,False,False,1.0,0.3,2,0.5,0.06,0.6,0.1,800,1000,0.6,0.0374
696,2026-09-28T12:24:55.129969,"WHEN YOU'RE DONE , WHY DON'T YOU HELP ME WITH THE DIGGING ?",0.9029,dialogue,dialogue,False,59,13,3,0,0,323,148,1.0,1.0,0.6,1.0,,1.0,1.0,0.9148936170212766,2.1824324324324325,47804,0.0012342063425654756,0.8181818181818182,2.018181818181818,True,True,0.0,1.0609756097560976,13,1.0,0.21219512195121953,1.0,0.8,800,600,0.6,1.0
697,2026-09-28T12:24:55.134832,"INSTEAD OF THANKING ME , HE GIVES ME MORE WORK TO DO ?!",0.8628,dialogue,dialogue,False,55,13,5,0,0,298,147,1.0,1.0,1.0,0.7,,1.0,1.0,0.9302325581395349,2.0272108843537415,43806,0.001255535771355522,0.7272727272727273,2.3545454545454545,True,True,0.0,0.5578947368421052,13,1.0,0.11157894736842104,1.0,0.8,800,1000,0.6,1.0
698,2026-09-28T12:24:55.139693,THIS MAN TRULY IS HOPELESS !,0.7285,dialogue,dialogue,False,28,6,6,0,0,278,66,1.0,1.0,1.0,0.7,,1.0,1.0,0.9565217391304348,4.212121212121212,18348,0.001526051885764116,0.6,1.1199999999999999,True,True,0.0,0.71,6,0.5,0.142,1.0,0.22399999999999998,800,1000,0.6,1.0
699,2026-09-28T12:24:55.139705,JAVIER REGRETS HIS DECISION .,0.6198,,,True,29,5,6,0,0,269,67,1.0,1.0,1.0,0.075,,1.0,1.0,0.96,4.014925373134329,18023,0.0016090550962658825,0.25,1.25,True,True,0.0,0.6090909090909091,5,0.5,0.12181818181818183,0.75,0.25,800,1000,0.6,0.9975
700,2026-09-28T12:24:55.139974,YOU'RE HELPING BECAUSE,0.6113,,,True,22,3,6,0,0,295,56,1.0,0.7,1.0,0.7,,1.0,0.2,0.95,5.267857142857143,16520,0.0013317191283292978,0.6666666666666666,0.5,False,False,0.0,0.9882352941176471,3,1.0,0.19764705882352943,0.75,0.1,800,1000,0.6,0.5297
701,2026-09-28T12:24:55.144358,"YOU'RE CURIOUS , AREN'T YOU ? "" THIS MAN IS CLEARLY OUT TO CON THEM , HOW WILL HE DO IT ? """,0.8295,dialogue,dialogue,False,91,23,7,0,0,575,264,1.0,1.0,0.4,1.0,,1.0,0.6,0.8970588235294118,2.178030303030303,151800,0.0005994729907773386,0.8235294117647058,2.1941176470588233,True,False,0.0,1.0389830508474576,23,1.0,0.20779661016949152,0.9,0.8,800,1000,0.6,0.9695
702,2026-09-28T12:24:55.148624,"YOU REALLY WANT TO SEE WHAT HAPPENS ? ISN'T THAT RIGHT ? THEN WHAT DO YOU HAVE TO DO ? THE WORK NEEDS TO BE FINISHED FASTER , RIGHT ? AND HOW DO WE DO THAT ?",0.865,dialogue,dialogue,False,157,37,8,0,0,626,462,1.0,0.7,0.4,1.0,,1.0,1.0,0.9421487603305785,1.354978354978355,289212,0.0005428543767201914,0.8709677419354839,2.7580645161290325,True,True,0.0,0.8598214285714285,37,1.0,0.1719642857142857,0.8,0.8,800,1000,0.6,0.9933
703,2026-09-28T12:24:55.152876,BY DOING IT ...,0.7977,dialogue,dialogue,False,15,4,9,0,0,230,26,1.0,0.3,0.6,1.0,,1.0,1.0,1.0,8.846153846153847,5980,0.002508361204013378,1.0,2.6999999999999997,True,True,0.0,0.8714285714285713,4,0.5,0.17428571428571427,0.75,0.8,800,1000,0.6,0.9752
704,2026-09-28T12:24:55.156839,... TOGETHER .,0.5524,,,True,14,3,10,0,0,209,26,1.0,0.3,0.6,0.0,,1.0,1.0,0.8888888888888888,8.038461538461538,5434,0.002576370997423629,0.0,0.5,True,True,0.0,1.5666666666666667,3,0.5,0.31333333333333335,0.75,0.1,800,1000,0.6,0.9374
705,2026-09-28T12:24:55.160746,HE'S NOT WRONG . HE'S COMPLETELY CHANGED SINCE A FEW DAYS AGO . BUT HIS PAST MAKES HIM UTTERLY IMPOSSIBLE TO TRUST .,0.6614,,,True,116,23,12,0,0,554,455,1.0,0.7,0.4,0.4,,1.0,1.0,0.9468085106382979,1.2175824175824175,252070,0.0004601896298647201,0.45,1.4849999999999999,True,True,0.0,0.4919540229885057,23,0.6,0.09839080459770114,0.9,0.297,800,1000,0.6,0.9
706,2026-09-28T12:24:55.164480,ALL I CAN DO IS HURRY THIS UP TO SEE !,0.9126,dialogue,dialogue,False,38,11,13,0,0,295,106,1.0,1.0,1.0,1.0,,1.0,1.0,0.9642857142857143,2.7830188679245285,31270,0.0012152222577550367,0.9,2.77,True,True,0.0,0.9,11,1.0,0.18,1.0,0.8,800,1000,0.6,1.0
707,2026-09-28T12:24:55.168202,Scoo,0.4392,background,background,False,4,1,14,0,0,259,148,1.0,0.7,1.0,0.0,,1.0,0.2,1.0,1.75,38332,0.00010435145570280705,0.0,0.5,False,False,0.0,0.3,1,0.6,0.06,0.5,0.1,800,1000,0.6,0.0
708,2026-09-28T12:24:55.168236,SCOOP,0.4272,background,background,False,5,1,14,0,0,320,185,1.0,0.7,0.6,0.0,,1.0,0.2,1.0,1.7297297297297298,59200,8.445945945945946e-05,0.0,0.5,False,False,0.0,0.3,1,0.6,0.06,0.5,0.1,800,1000,0.6,0.0009
709,2026-09-28T12:24:55.171901,SCOOP SCOOP,0.4282,background,background,False,11,2,15,0,0,734,439,1.0,0.7,0.4,0.0,,1.0,0.2,1.0,1.671981776765376,322226,3.4137530801363016e-05,0.0,0.5,False,False,0.0,0.3,2,0.6,0.06,0.6,0.1,800,1000,0.6,0.0175
710,2026-09-28T12:24:55.175582,SHOVEL,0.4272,background,background,False,6,1,16,0,0,371,236,1.0,0.7,0.6,0.0,,1.0,0.2,1.0,1.5720338983050848,87556,6.85275709260359e-05,0.0,0.5,False,False,0.0,0.3,1,0.6,0.06,0.5,0.1,800,1000,0.6,0.0009
711,2026-09-28T12:24:55.175610,D,0.3652,background,background,False,1,1,16,0,0,11,15,1.0,0.3,0.2,0.0,,1.0,0.2,1.0,0.7333333333333333,165,0.006060606060606061,0.0,0.5,False,False,0.0,0.3,1,0.3,0.06,0.5,0.1,800,1000,0.6,0.0039
712,2026-09-28T12:24:55.179121,FLING,0.4399,background,background,False,5,1,17,0,0,449,242,1.0,0.7,0.4,0.0,,1.0,0.2,1.0,1.8553719008264462,108658,4.6015939921588836e-05,0.0,0.5,False,False,0.0,1.633333333333333,1,0.6,0.3266666666666666,0.5,0.1,800,1000,0.6,0.01
713,2026-09-28T12:24:55.182565,SHOVEL,0.4212,background,background,False,6,1,19,0,0,596,474,1.0,0.7,0.4,0.0,,1.0,0.2,1.0,1.2573839662447257,282504,2.123863732902897e-05,0.0,0.5,False,False,0.0,0.3,1,0.6,0.06,0.5,0.1,800,1000,0.6,0.0025
714,2026-09-28T12:24:55.185884,TWIRL,0.4212,background,background,False,5,1,21,0,0,494,336,1.0,0.7,0.4,0.0,,1.0,0.2,1.0,1.4702380952380953,165984,3.012338538654328e-05,0.0,0.5,False,False,0.0,0.3,1,0.6,0.06,0.5,0.1,800,1000,0.6,0.0
715,2026-09-28T12:24:55.189226,SIAM,0.4212,background,background,False,4,1,22,0,0,501,356,1.0,0.7,0.4,0.0,,1.0,0.2,1.0,1.4073033707865168,178356,2.2427056000358834e-05,0.0,0.5,False,False,0.0,0.3,1,0.6,0.06,0.5,0.1,800,1000,0.6,0.0
716,2026-09-28T12:24:55.192554,CONSTRUCTION ...,0.7045,dialogue,dialogue,False,16,2,24,0,0,283,26,1.0,0.3,1.0,0.0,,1.0,2.0,1.0,10.884615384615385,7358,0.0021745039412883935,0.0,0.5,True,True,0.0,1.61,2,0.5,0.322,0.6,0.1,800,1000,0.6,0.9521
717,2026-09-28T12:24:55.195768,... COMPLETE !,0.5403,,,True,14,3,26,0,0,217,25,1.0,0.3,0.6,0.0,,1.0,1.0,0.8888888888888888,8.68,5425,0.0025806451612903226,0.0,0.5,True,True,0.0,0.7000000000000001,3,0.5,0.14,0.75,0.1,800,1000,0.6,0.9865
718,2026-09-28T12:24:55.198989,2,0.1825,background,background,False,1,1,27,0,0,20,21,0.0,0.3,0.2,0.0,,0.91,0.2,0.0,0.9523809523809523,420,0.002380952380952381,0.0,0.5,False,False,0.09,0.3,1,0.5,0.06,0.5,0.1,800,1000,0.6,0.0
719,2026-09-28T12:24:55.202311,ARE THOSE LETTERS ?,0.696,,,True,19,4,28,0,0,182,65,1.0,1.0,1.0,0.7,,1.0,1.0,0.9375,2.8,11830,0.001606086221470837,0.6666666666666666,0.5,True,True,0.0,0.9615384615384616,4,0.5,0.19230769230769232,0.75,0.1,800,1000,0.6,0.995
720,2026-09-28T12:24:55.202320,"YEAH , IT'S MY BRAND'S LOGO",0.7172,dialogue,dialogue,False,27,6,28,0,0,203,102,1.0,0.7,1.0,0.7,,1.0,0.6,0.8636363636363636,1.9901960784313726,20706,0.001303969863807592,0.6,1.6600000000000001,True,False,0.0,0.5294117647058824,6,1.0,0.10588235294117647,1.0,0.332,800,1000,0.6,1.0
721,2026-09-28T12:24:55.205596,A LOGO ?,0.7647,dialogue,dialogue,False,8,3,29,0,0,146,26,1.0,0.7,0.6,0.7,,1.0,1.0,0.8333333333333334,5.615384615384615,3796,0.002107481559536354,0.5,2.5,True,True,0.0,0.3,3,0.5,0.06,0.75,0.8,800,1000,0.6,0.9975
722,2026-09-28T12:24:55.205604,IT'S A THING .,0.8175,dialogue,dialogue,False,14,4,29,0,0,219,28,1.0,0.5,0.6,1.0,,1.0,1.0,0.8181818181818182,7.821428571428571,6132,0.00228310502283105,1.0,2.3666666666666667,True,True,0.0,1.5714285714285714,4,0.5,0.3142857142857143,0.75,0.8,800,1000,0.6,1.0
723,2026-09-28T12:24:55.208798,"RIGHT , JAVIER . SHALL WE GO FIND OUT ... ot",0.7149,dialogue,dialogue,False,44,11,30,0,0,448,174,1.0,1.0,0.6,0.7,,1.0,0.6,0.9354838709677419,2.574712643678161,77952,0.0005644499178981937,0.75,1.4,True,False,0.0,0.7037037037037037,11,1.0,0.14074074074074075,1.0,0.27999999999999997,800,1000,0.6,0.9896
724,2026-09-28T12:24:55.211996,... WHAT SORT OF CON I'VE COOKED UP FOR THE PUB OWNER ?,0.8546,dialogue,dialogue,False,55,13,31,0,0,343,147,1.0,1.0,0.6,0.7,,1.0,1.0,0.95,2.3333333333333335,50421,0.001090815334880308,0.5454545454545454,2.0272727272727273,True,True,0.0,0.8305555555555555,13,1.0,0.1661111111111111,1.0,0.8,800,1000,0.6,1.0
725,2026-09-28T12:24:55.215247,0 005H,0.4282,background,background,False,6,2,35,0,0,459,377,1.0,0.7,0.4,0.0,,1.0,0.2,1.0,1.2175066312997347,173043,3.467346266534908e-05,0.0,0.5,False,False,0.0,0.3,2,0.6,0.06,0.6,0.1,800,1000,0.6,0.0
726,2026-09-28T12:24:55.218623,POP,0.4242,background,background,False,3,1,36,0,0,133,98,1.0,0.7,1.0,0.0,,0.5,0.2,1.0,1.3571428571428572,13034,0.00023016725487187356,0.0,0.5,False,False,0.5,0.3,1,0.6,0.06,0.5,0.1,800,1000,0.6,0.0729
727,2026-09-28T12:24:55.218649,CRACKLE,0.4542,,,True,7,1,36,0,0,295,133,1.0,1.0,1.0,0.0,,1.0,0.2,1.0,2.218045112781955,39235,0.0001784121320249777,0.0,0.5,False,False,0.0,0.3,1,0.6,0.06,0.5,0.1,800,1000,0.6,0.0
728,2026-09-28T12:24:55.221861,wwww,0.4822,,,True,4,1,37,0,0,93,30,1.0,1.0,0.6,0.0,,1.0,0.2,1.0,3.1,2790,0.0014336917562724014,0.0,0.5,False,False,0.0,0.3,1,1.0,0.06,0.5,0.1,800,1000,0.6,0.0917
729,2026-09-28T12:24:55.225145,DEAR ME !,0.6812,,,True,9,3,39,0,0,163,26,1.0,0.5,0.6,0.7,,1.0,1.0,0.8571428571428571,6.269230769230769,4238,0.0021236432279377066,0.5,1.55,True,True,0.0,0.3,3,0.5,0.06,0.75,0.31,800,1000,0.6,0.9988
730,2026-09-28T12:24:55.225152,STEAM,0.4392,background,background,False,5,1,39,0,0,251,144,1.0,0.7,1.0,0.0,,1.0,0.2,1.0,1.7430555555555556,36144,0.00013833554670208056,0.0,0.5,False,False,0.0,0.3,1,0.6,0.06,0.5,0.1,800,1000,0.6,0.0
731,2026-09-28T12:24:55.228418,AM,0.5892,,,True,2,1,40,0,0,126,95,1.0,0.7,1.0,1.0,,1.0,0.2,1.0,1.3263157894736841,11970,0.0001670843776106934,1.0,0.5,False,False,0.0,0.3,1,0.6,0.06,0.5,0.1,800,1000,0.6,0.01
732,2026-09-28T12:24:55.228443,IT'S LOVELY ... IT'S SO GOOD ...,0.793,dialogue,dialogue,False,32,7,40,0,0,250,66,1.0,1.0,1.0,1.0,,1.0,1.0,0.9,3.787878787878788,16500,0.0019393939393939393,0.8,1.9600000000000002,True,True,0.0,0.3,7,0.5,0.06,1.0,0.392,800,1000,0.6,1.0
733,2026-09-28T12:24:55.231778,ALL MY STIFF JOINTS FEEL SO RELAXED ...,0.7874,dialogue,dialogue,False,39,8,41,0,0,261,105,1.0,1.0,1.0,0.7,,1.0,1.0,1.0,2.4857142857142858,27405,0.0014230979748221127,0.5714285714285714,1.5571428571428572,True,True,0.0,0.4074074074074074,8,1.0,0.08148148148148147,1.0,0.31142857142857144,800,1000,0.6,1.0
734,2026-09-28T12:24:55.231786,STEAM,0.4392,background,background,False,5,1,41,0,0,254,154,1.0,0.7,1.0,0.0,,1.0,0.2,1.0,1.6493506493506493,39116,0.00012782493097453728,0.0,0.5,False,False,0.0,0.3,1,0.6,0.06,0.5,0.1,800,1000,0.6,0.0
735,2026-09-28T12:24:55.231817,STEAM,0.4392,background,background,False,5,1,41,0,0,255,161,1.0,0.7,1.0,0.0,,1.0,0.2,1.0,1.5838509316770186,41055,0.00012178784557301182,0.0,0.5,False,False,0.0,0.3,1,0.6,0.06,0.5,0.1,800,1000,0.6,0.0
736,2026-09-28T12:24:55.235171,WAIT ... HOW CAN THIS BE ?,0.8951,dialogue,dialogue,False,26,7,42,0,0,227,65,1.0,1.0,1.0,1.0,,1.0,1.0,0.9411764705882353,3.4923076923076923,14755,0.001762114537444934,1.0,3.0,True,True,0.0,1.0785714285714285,7,0.5,0.2157142857142857,1.0,1.0,800,1000,0.6,1.0
737,2026-09-28T12:24:55.235178,HEAT,0.4392,background,background,False,4,1,42,0,0,248,172,1.0,0.7,1.0,0.0,,1.0,0.2,1.0,1.441860465116279,42656,9.377344336084021e-05,0.0,0.5,False,False,0.0,0.3,1,0.6,0.06,0.5,0.1,800,1000,0.6,0.0
738,2026-09-28T12:24:55.235206,MEAT,0.4392,background,background,False,4,1,42,0,0,255,144,1.0,0.7,1.0,0.0,,1.0,0.2,1.0,1.7708333333333333,36720,0.00010893246187363834,0.0,0.5,False,False,0.0,0.3,1,0.6,0.06,0.5,0.1,800,1000,0.6,0.0
739,2026-09-28T12:25:14.652577,THIS MUST BE ASTOUNDING TO THE PEOPLE OF THIS WORLD .,0.9291,dialogue,dialogue,False,53,11,0,0,0,342,147,1.0,1.0,0.6,1.0,,1.0,1.0,0.9767441860465116,2.326530612244898,50274,0.001054222858734137,0.8,3.02,True,True,0.0,0.7899999999999999,11,1.0,0.15799999999999997,1.0,1.0,800,1000,0.6,1.0
740,2026-09-28T12:25:14.652613,THIS IS POWERS OF THE ONDOL FLOOR ! IT'S LIKE MAGIC !,0.852,dialogue,dialogue,False,53,12,0,0,0,394,145,1.0,1.0,0.6,0.7,,1.0,1.0,0.9285714285714286,2.717241379310345,57130,0.0009277087344652546,0.6,2.0300000000000002,True,True,0.0,0.6405405405405405,12,1.0,0.1281081081081081,1.0,0.8,800,1000,0.6,1.0
741,2026-09-28T12:25:14.658422,"THANK YOU SO MUCH , YOUNG MASTER .",0.7916,dialogue,dialogue,False,34,8,3,0,0,292,105,1.0,1.0,1.0,0.7,,1.0,1.0,0.9259259259259259,2.780952380952381,30660,0.0011089367253750814,0.6666666666666666,1.4333333333333333,True,True,0.0,0.9695652173913044,8,1.0,0.19391304347826088,1.0,0.2866666666666667,800,1000,0.6,1.0
742,2026-09-28T12:25:14.663919,IT HAS BEEN SO LONG SINCE I'VE SEEN MY MOTHER SMILE LIKE THIS .,0.7819,dialogue,dialogue,False,63,14,4,0,0,337,147,1.0,1.0,0.6,0.7,,1.0,1.0,0.96,2.292517006802721,49539,0.001271725307333616,0.7692307692307693,1.5461538461538462,True,True,0.0,0.8934782608695653,14,1.0,0.17869565217391306,1.0,0.30923076923076925,800,1000,0.6,0.9998
743,2026-09-28T12:25:14.663932,THE PUB OWNER AND HIS MOTHER SMILED .,0.7603,dialogue,dialogue,False,37,8,4,0,0,356,66,1.0,0.7,1.0,0.4,,1.0,1.0,0.9666666666666667,5.393939393939394,23496,0.001574736125297923,0.42857142857142855,2.142857142857143,True,True,0.0,1.0962962962962963,8,0.5,0.21925925925925926,1.0,0.8,800,1000,0.6,1.0
744,2026-09-28T12:25:14.668900,JUST AS HE SAID .,0.7567,dialogue,dialogue,False,17,5,5,0,0,284,27,1.0,0.3,1.0,0.7,,1.0,1.0,0.9230769230769231,10.518518518518519,7668,0.002217005738132499,0.75,2.625,True,True,0.0,0.3,5,0.5,0.06,0.75,0.8,800,1000,0.6,0.99
745,2026-09-28T12:25:14.673702,WHAT IS THIS ? AS IF THE CHANGE IN HIS SPEECH AND MANNERS WEREN'T ENOUGH ...,0.8485,dialogue,dialogue,False,76,16,6,0,0,378,146,1.0,1.0,0.6,0.7,,1.0,1.0,0.9655172413793104,2.589041095890411,55188,0.001377110966152062,0.7857142857142857,2.3857142857142857,True,True,0.0,0.8962962962962963,16,1.0,0.17925925925925926,0.9,0.8,800,1000,0.6,1.0
746,2026-09-28T12:25:14.678231,... NOW HE WORKS HARD AND KEEPS HIS,0.7399,dialogue,dialogue,False,35,8,7,0,0,345,67,1.0,0.7,1.0,0.7,,1.0,0.6,1.0,5.149253731343284,23115,0.0015141682889898333,0.5714285714285714,2.2142857142857144,True,False,0.0,0.7086956521739131,8,0.5,0.14173913043478262,1.0,0.8,800,1000,0.6,0.99
747,2026-09-28T12:25:14.682689,PROMISE TO THE PEOPLE OF THE LAND .,0.8725,dialogue,dialogue,False,35,8,8,0,0,409,62,1.0,0.5,1.0,0.7,,1.0,1.0,0.9642857142857143,6.596774193548387,25358,0.0013802350343086994,0.5714285714285714,3.242857142857143,True,True,0.0,0.8959999999999999,8,1.0,0.17919999999999997,1.0,1.0,800,1000,0.6,0.975
748,2026-09-28T12:25:14.682700,DID HE REALLY DO THIS TO MAKE THOSE TWO PEOPLE SMILE ?,0.8834,dialogue,dialogue,False,54,12,8,0,0,329,185,1.0,0.7,0.6,1.0,,1.0,1.0,0.9767441860465116,1.7783783783783784,60865,0.0008872093978476957,0.8181818181818182,2.2454545454545456,True,True,0.0,0.74,12,1.0,0.148,1.0,0.8,800,1000,0.6,1.0
749,2026-09-28T12:25:14.686885,THERE IS NO WAY . LLOYD FRONTERA WOULD NEVER DO SUCH A THING ...,0.7782,dialogue,dialogue,False,64,14,9,0,0,300,188,1.0,0.7,0.6,0.7,,1.0,1.0,0.9791666666666666,1.5957446808510638,56400,0.0011347517730496454,0.75,1.7833333333333332,True,True,0.0,1.1955555555555555,14,1.0,0.2391111111111111,1.0,0.35666666666666663,800,1000,0.6,0.9998
750,2026-09-28T12:25:14.690934,"... AND YET , SOMEHOW , IT HAS HAPPENED .",0.7995,dialogue,dialogue,False,41,10,11,0,0,299,109,1.0,1.0,1.0,0.7,,1.0,1.0,0.896551724137931,2.743119266055046,32591,0.0012580160166917246,0.5,1.7666666666666666,True,True,0.0,0.8208333333333333,10,1.0,0.16416666666666666,1.0,0.35333333333333333,800,1000,0.6,0.9993
751,2026-09-28T12:25:14.695008,THOSE TWO PEOPLE ARE HAPPY RIGHT NOW .,0.7798,dialogue,dialogue,False,38,8,15,0,0,319,104,1.0,1.0,1.0,0.7,,1.0,1.0,0.967741935483871,3.0673076923076925,33176,0.001145406317820111,0.5714285714285714,1.2285714285714284,True,True,0.0,0.5642857142857143,8,1.0,0.11285714285714285,1.0,0.2457142857142857,800,1000,0.6,1.0
752,2026-09-28T12:25:14.695018,PING NOTIFICATION,0.457,,,True,17,2,15,0,0,524,223,1.0,1.0,0.4,0.0,,1.0,0.2,1.0,2.3497757847533634,116852,0.0001454831752986684,0.0,0.5,False,False,0.0,1.2857142857142858,2,0.6,0.2571428571428572,0.6,0.1,800,1000,0.6,0.002
753,2026-09-28T12:25:14.699094,YOUR APPROVAL RATING BY JAVIER INCREASED BY 2 POINTS .,0.6652,,,True,54,10,16,0,0,521,67,1.0,0.5,1.0,0.4,,1.0,1.0,0.9555555555555556,7.776119402985074,34907,0.0015469676569169507,0.3333333333333333,1.3666666666666667,True,True,0.0,0.6536585365853659,10,0.5,0.13073170731707318,1.0,0.2733333333333333,800,1000,0.6,0.995
754,2026-09-28T12:25:14.699103,DONG,0.4426,background,background,False,4,1,16,0,0,282,178,1.0,0.7,0.6,0.0,,1.0,0.2,1.0,1.5842696629213484,50196,7.96876245119133e-05,0.0,0.5,False,False,0.0,1.4,1,0.6,0.27999999999999997,0.5,0.1,800,1000,0.6,0.0
755,2026-09-28T12:25:14.699133,DING YOUR APPROVAL RATING,0.4897,,,True,25,4,16,0,0,617,233,1.0,1.0,0.4,0.075,,1.0,0.2,1.0,2.648068669527897,143761,0.00017389973636799965,0.25,0.95,False,False,0.0,1.105,4,0.6,0.221,0.75,0.19,800,1000,0.6,0.6772
756,2026-09-28T12:25:14.703064,-29,0.3125,background,background,False,3,1,17,0,0,66,35,0.0,0.7,0.2,0.0,,0.91,0.6,0.0,1.8857142857142857,2310,0.0012987012987012987,0.0,0.5,True,False,0.09,0.3,1,1.0,0.06,0.5,0.1,800,1000,0.6,0.1552
757,2026-09-28T12:25:14.703094,DING YOU EARNED 36 RP FOR IMPROVING YOUR RELATIONSHIPS SLIGHTLY WITH A KEY CHARACTER .,0.6803,,,True,86,15,17,0,0,581,379,1.0,0.7,0.4,0.4,,1.0,1.0,0.9583333333333334,1.5329815303430079,220199,0.0003905558154215051,0.35714285714285715,1.6428571428571428,True,True,0.0,1.0044776119402985,15,0.6,0.2008955223880597,1.0,0.32857142857142857,800,1000,0.6,0.9688
758,2026-09-28T12:25:14.706827,UOY HTIW,0.4262,background,background,False,8,2,18,0,0,133,145,1.0,0.3,1.0,0.0,,1.0,0.2,1.0,0.9172413793103448,19285,0.00041483017889551465,0.0,0.5,False,False,0.0,0.3,2,0.6,0.06,0.6,0.1,800,1000,0.6,0.0
759,2026-09-28T12:25:14.706857,SMILE,0.5892,,,True,5,1,18,0,0,211,108,1.0,0.7,1.0,1.0,,1.0,0.2,1.0,1.9537037037037037,22788,0.00021941372652273125,1.0,0.5,False,False,0.0,0.3,1,0.6,0.06,0.5,0.1,800,1000,0.6,0.0
760,2026-09-28T12:25:14.710629,I KNOW WHAT YOU'RE THINKING .,0.9216,dialogue,dialogue,False,29,6,19,0,0,227,106,1.0,1.0,1.0,1.0,,1.0,1.0,0.9166666666666666,2.141509433962264,24062,0.0012052198487241294,0.8,2.1,True,True,0.0,1.545,6,1.0,0.309,1.0,0.8,800,1000,0.6,1.0
761,2026-09-28T12:25:14.710641,""" WOW , THIS GUY ISN'T TOTAL GARBAGE AFTER ALL . """,0.7155,dialogue,dialogue,False,50,12,19,0,0,272,146,1.0,0.7,1.0,0.7,,1.0,0.6,0.8947368421052632,1.8630136986301369,39712,0.001259065269943594,0.625,1.5375,True,False,0.0,0.671875,12,1.0,0.134375,1.0,0.3075,800,1000,0.6,1.0
762,2026-09-28T12:25:14.714328,NOPE . I THINK YOU ARE .,0.8656,dialogue,dialogue,False,24,7,20,0,0,388,136,1.0,1.0,0.6,1.0,,1.0,1.0,0.8888888888888888,2.8529411764705883,52768,0.00045482110369921165,1.0,2.4,True,True,0.0,1.2571428571428573,7,0.6,0.25142857142857145,1.0,0.8,800,1000,0.6,0.999
763,2026-09-28T12:25:14.714336,I AM NOT .,0.8085,dialogue,dialogue,False,10,4,20,0,0,173,26,1.0,0.5,0.6,1.0,,1.0,1.0,0.8571428571428571,6.653846153846154,4498,0.0022232103156958646,1.0,2.9,True,True,0.0,0.9249999999999999,4,0.5,0.185,0.75,0.8,800,1000,0.6,1.0
764,2026-09-28T12:25:14.714343,"REGARDLESS , WE'VE BROKEN GROUND NOW .",0.7231,dialogue,dialogue,False,38,7,20,0,0,246,108,1.0,1.0,1.0,0.4,,1.0,1.0,0.90625,2.2777777777777777,26568,0.0014302920806985849,0.4,0.8400000000000001,True,True,0.0,0.5666666666666667,7,1.0,0.11333333333333333,1.0,0.168,800,1000,0.6,0.963
765,2026-09-28T12:25:14.717925,"JUST WITH THE COST OF THE TIMBER , IT WAS A TOTAL LOSS . BUT THAT'S NOT IMPORTANT .",0.8259,dialogue,dialogue,False,83,19,21,0,0,480,303,1.0,0.7,0.4,0.7,,1.0,1.0,0.9384615384615385,1.5841584158415842,145440,0.0005706820682068207,0.75,2.5375,True,True,0.0,0.7762711864406779,19,1.0,0.1552542372881356,0.9,0.8,800,1000,0.6,0.9997
766,2026-09-28T12:25:14.721435,"BECAUSE THIS HOUSE IS MERELY MY "" MODEL HOUSE ” THAT I WILL USE FOR SHOW !",0.789,dialogue,dialogue,False,74,17,22,0,0,445,208,1.0,1.0,0.6,0.7,,1.0,1.0,0.9821428571428571,2.139423076923077,92560,0.0007994814174589456,0.7142857142857143,1.9857142857142858,True,True,0.0,0.960377358490566,17,1.0,0.1920754716981132,0.9,0.39714285714285713,800,1000,0.6,0.9956
767,2026-09-28T12:25:14.724770,Kot,0.4472,background,background,False,3,1,23,0,0,36,73,1.0,0.3,0.6,0.0,,1.0,0.2,1.0,0.4931506849315068,2628,0.001141552511415525,0.0,0.5,False,False,0.0,0.3,1,1.0,0.06,0.5,0.1,800,1000,0.6,0.0434
768,2026-09-28T12:25:14.728149,A FEW DAYS LATER !,0.6898,,,True,18,5,24,0,0,342,27,1.0,0.3,1.0,0.7,,1.0,1.0,0.9285714285714286,12.666666666666666,9234,0.001949317738791423,0.5,1.5,True,True,0.0,0.8818181818181817,5,0.5,0.17636363636363633,0.75,0.3,800,1000,0.6,0.7227
769,2026-09-28T12:25:14.731785,LINE,0.4272,background,background,False,4,1,25,0,0,312,290,1.0,0.7,0.6,0.0,,1.0,0.2,1.0,1.0758620689655172,90480,4.420866489832007e-05,0.0,0.5,False,False,0.0,0.3,1,0.6,0.06,0.5,0.1,800,1000,0.6,0.0
770,2026-09-28T12:25:14.731814,Kot,0.4472,background,background,False,3,1,25,0,0,44,69,1.0,0.3,0.6,0.0,,1.0,0.2,1.0,0.6376811594202898,3036,0.0009881422924901185,0.0,0.5,False,False,0.0,0.3,1,1.0,0.06,0.5,0.1,800,1000,0.6,0.0559
771,2026-09-28T12:25:14.735114,WOW ... I THOUGHT I WAS GOING TO MELT .,0.8674,dialogue,dialogue,False,39,10,26,0,0,270,106,1.0,1.0,1.0,0.7,,1.0,1.0,0.9629629629629629,2.547169811320755,28620,0.0013626834381551363,0.625,2.1,True,True,0.0,0.8875000000000001,10,1.0,0.17750000000000002,1.0,0.8,800,1000,0.6,1.0
772,2026-09-28T12:25:14.738369,THAT MUCH ?,0.8051,dialogue,dialogue,False,11,3,27,0,0,212,26,1.0,0.3,0.6,1.0,,1.0,1.0,0.8888888888888888,8.153846153846153,5512,0.0019956458635703917,1.0,2.4,True,True,0.0,1.4000000000000001,3,0.5,0.28,0.75,0.8,800,1000,0.6,1.0
773,2026-09-28T12:25:14.741717,"WOO ! AMAZING , AIN'T IT ?! AND REALLY WARM !",0.7348,dialogue,dialogue,False,45,11,28,0,0,271,145,1.0,0.7,1.0,0.4,,1.0,1.0,0.8285714285714286,1.8689655172413793,39295,0.0011451838656317598,0.42857142857142855,1.5857142857142856,True,True,0.0,0.8703703703703703,11,1.0,0.17407407407407408,1.0,0.3171428571428571,800,1000,0.6,0.995
774,2026-09-28T12:25:14.741725,"I BET YOU PROBABLY WANT A ROOM LIKE THIS AT HOME TOO , DON'T YOU ?!",0.831,dialogue,dialogue,False,67,16,28,0,0,306,188,1.0,0.7,0.6,0.7,,1.0,1.0,0.9230769230769231,1.627659574468085,57528,0.001164650257266027,0.7142857142857143,2.1142857142857143,True,True,0.0,0.7130434782608696,16,1.0,0.1426086956521739,0.9,0.8,800,1000,0.6,0.9993
775,2026-09-28T12:25:14.744932,TAP TAP,0.4342,background,background,False,7,2,29,0,0,274,138,1.0,0.7,0.6,0.0,,1.0,0.2,1.0,1.9855072463768115,37812,0.0001851264148947424,0.0,0.5,False,False,0.0,0.3,2,0.6,0.06,0.6,0.1,800,500,0.6,0.0
776,2026-09-28T12:25:14.748201,STYLE A IS AN ANNEX IN THE YARD !,0.8469,dialogue,dialogue,False,33,9,30,0,0,347,66,1.0,0.7,1.0,0.7,,1.0,1.0,0.96,5.257575757575758,22902,0.001440922190201729,0.625,2.375,True,True,0.0,0.49090909090909085,9,1.0,0.09818181818181818,1.0,0.8,800,1000,0.6,1.0
777,2026-09-28T12:25:14.748208,STYLE B IS REMODELING YOUR CURRENT HOME !,0.6756,,,True,41,8,30,0,0,313,107,1.0,1.0,1.0,0.0857142857142857,,1.0,1.0,0.9705882352941176,2.925233644859813,33491,0.001224209489116479,0.2857142857142857,0.7571428571428571,True,True,0.0,0.7193548387096774,8,1.0,0.14387096774193547,1.0,0.1514285714285714,800,1000,0.6,0.9576
778,2026-09-28T12:25:14.751487,A,0.7002,dialogue,dialogue,False,1,1,31,0,0,50,46,1.0,0.7,0.2,1.0,,1.0,0.2,1.0,1.0869565217391304,2300,0.0004347826086956522,1.0,4.5,False,False,0.0,0.3,1,0.6,0.06,0.5,1.0,800,1000,0.6,0.2182
779,2026-09-28T12:25:14.751513,2 za But za Desi & alection 32,0.5452,,,True,30,8,31,0,0,285,168,1.0,0.7,1.0,0.049999999999999996,,1.0,0.2,0.9047619047619048,1.6964285714285714,47880,0.0006265664160401002,0.16666666666666666,1.0166666666666666,False,False,0.0,0.8705882352941177,8,1.0,0.17411764705882354,1.0,0.2033333333333333,800,1000,0.6,0.5126
780,2026-09-28T12:25:14.751519,B,0.4552,,,True,1,1,31,0,0,38,22,1.0,0.7,0.2,0.0,,1.0,0.2,1.0,1.7272727272727273,836,0.0011961722488038277,0.0,0.5,False,False,0.0,0.3,1,1.0,0.06,0.5,0.1,800,1000,0.6,0.0342
781,2026-09-28T12:25:14.754686,2mm 20 I'LL GIVE YOU 10 % OFF THE COST OF CONSTRUCTION IF YOU ORDER BOTH !,0.7573,dialogue,dialogue,False,74,17,32,0,0,443,243,1.0,0.7,0.4,0.7,,1.0,1.0,0.8928571428571429,1.823045267489712,107649,0.0006874192979033711,0.5333333333333333,1.66,True,True,0.0,0.8958333333333334,17,1.0,0.17916666666666667,0.9,0.33199999999999996,800,1000,0.6,1.0
782,2026-09-28T12:25:14.757837,UH ... NO ... I ... THE VILLAGERS DON'T TRUST YOU .,0.8323,dialogue,dialogue,False,51,12,33,0,0,610,96,1.0,0.5,0.6,0.7,,1.0,1.0,0.9354838709677419,6.354166666666667,58560,0.0008709016393442623,0.75,2.3125,True,True,0.0,1.0222222222222224,12,1.0,0.20444444444444448,1.0,0.8,800,1000,0.6,0.9893
783,2026-09-28T12:25:14.761020,"COME ON , WE'LL SEE EACH OTHER OFTEN , SO LET'S TRUST EACH OTHER . HUH ? WELL ?",0.7759,dialogue,dialogue,False,79,19,34,0,0,412,146,1.0,1.0,0.6,0.7,,1.0,1.0,0.8852459016393442,2.8219178082191783,60152,0.0013133395398324246,0.7857142857142857,1.657142857142857,True,True,0.0,0.7269230769230769,19,1.0,0.1453846153846154,0.9,0.3314285714285714,800,1000,0.6,0.9853
784,2026-09-28T12:25:14.764314,YOU DON'T TRUST ME ? ARE YOU REALLY DOING THIS TO ME ?,0.9158,dialogue,dialogue,False,54,13,35,0,0,316,146,1.0,1.0,1.0,1.0,,1.0,1.0,0.9285714285714286,2.164383561643836,46136,0.001170452574995665,0.9090909090909091,2.1454545454545455,True,True,0.0,1.127027027027027,13,1.0,0.2254054054054054,1.0,0.8,800,1000,0.6,1.0
785,2026-09-28T12:25:14.764322,STEP,0.4542,,,True,4,1,35,0,0,269,125,1.0,1.0,1.0,0.0,,1.0,0.2,1.0,2.152,33625,0.00011895910780669145,0.0,0.5,False,False,0.0,0.3,1,0.6,0.06,0.5,0.1,800,1000,0.6,0.0
786,2026-09-28T12:25:14.764346,"AT THIS PRICE , I'M PRACTICALLY GIVING IT AWAY .",0.7465,dialogue,dialogue,False,48,10,35,0,0,285,110,1.0,1.0,1.0,0.7,,1.0,1.0,0.9230769230769231,2.590909090909091,31350,0.0015311004784688996,0.625,1.7375,True,True,0.0,0.6705882352941177,10,0.5,0.13411764705882354,1.0,0.34750000000000003,800,1000,0.6,1.0
787,2026-09-28T12:25:14.767461,LLOYD .,0.5592,,,True,7,2,36,0,0,107,28,1.0,1.0,0.6,0.0,,1.0,1.0,0.8333333333333334,3.8214285714285716,2996,0.002336448598130841,0.0,0.5,True,True,0.0,0.3,2,0.5,0.06,0.6,0.1,800,1000,0.6,0.9838
788,2026-09-28T12:25:14.770650,WHAT DO YOU THINK YOU ARE DOING ?,0.9055,dialogue,dialogue,False,33,8,38,0,0,387,69,1.0,0.7,1.0,1.0,,1.0,1.0,0.9615384615384616,5.608695652173913,26703,0.0012358162004269184,1.0,2.4714285714285715,True,True,0.0,1.4608695652173913,8,1.0,0.2921739130434783,1.0,0.8,800,1000,0.6,1.0
789,2026-09-28T12:25:14.770657,B,0.3852,background,background,False,1,1,38,0,0,12,17,1.0,0.3,0.2,0.0,,1.0,0.2,1.0,0.7058823529411765,204,0.004901960784313725,0.0,0.5,False,False,0.0,0.3,1,0.5,0.06,0.5,0.1,800,1000,0.6,0.0039
790,2026-09-28T12:25:14.773773,LLOYD'S FATHER ARCOS FRONTERA,0.5196,,,True,29,4,39,0,0,369,107,1.0,1.0,1.0,0.0,,1.0,0.2,0.9615384615384616,3.4485981308411215,39483,0.0007344933262416737,0.0,0.5,False,False,0.0,0.8652173913043477,4,1.0,0.17304347826086955,0.75,0.1,800,1000,0.6,0.0785
791,2026-09-28T12:25:14.776898,DI YOUR APPROVAL RATING -20,0.5429,,,True,27,5,40,0,0,552,238,1.0,1.0,0.4,0.06,,1.0,0.6,0.8695652173913043,2.319327731092437,131376,0.00020551698940445744,0.2,0.86,True,False,0.0,0.9722222222222222,5,0.6,0.19444444444444445,0.75,0.172,800,1000,0.6,0.5467
792,2026-09-28T12:25:14.780081,TO BE CONTINUED .,0.7932,dialogue,dialogue,False,17,4,41,0,0,306,25,1.0,0.3,1.0,0.7,,1.0,1.0,0.9285714285714286,12.24,7650,0.0022222222222222222,0.6666666666666666,3.3333333333333335,True,True,0.0,0.7636363636363637,4,0.5,0.15272727272727274,0.75,1.0,800,1000,0.6,0.4927
793,2026-09-28T12:25:14.780088,Assistance by : Jini Hyeonseok Noh,0.5704,,,True,34,6,41,0,0,303,71,1.0,1.0,1.0,0.06,,1.0,0.6,0.9655172413793104,4.267605633802817,21513,0.0015804397341142565,0.2,1.1,True,False,0.0,0.6,6,0.5,0.12,1.0,0.22000000000000003,800,1000,0.6,0.5969
794,2026-09-28T12:25:14.783215,COMICS,0.4076,background,background,False,6,1,42,0,0,89,13,1.0,0.5,1.0,0.0,,1.0,0.2,1.0,6.846153846153846,1157,0.005185825410544511,0.0,0.5,False,False,0.0,0.9,1,0.3,0.18,0.5,0.1,800,68,0.6,0.1333
