sample_id,timestamp,text,score,auto_label,label,needs_review,text_length,word_count_raw,panel_id,bbox_x,bbox_y,bbox_width,bbox_height,feature_alphabet_ratio,feature_aspect_ratio,feature_bbox_area,feature_dictionary_ratio,feature_is_timestamp,feature_ocr_noise,feature_punctuation,feature_raw_alpha_ratio,feature_raw_aspect_ratio,feature_raw_bbox_area,feature_raw_density,feature_raw_dict_ratio,feature_raw_freq_score,feature_raw_has_any_punct,feature_raw_has_punctuation,feature_raw_noise,feature_raw_trigram,feature_raw_word_count,feature_text_density,feature_trigram_score,feature_word_count,feature_word_frequency,image_width,image_height,threshold_used
0,2026-09-28T10:53:47.472182,WHOO,0.4212,background,background,False,4,1,0,0,0,497,420,1.0,0.7,0.4,0.0,,1.0,0.2,1.0,1.1833333333333333,208740,1.916259461531091e-05,0.0,0.5,False,False,0.0,0.3,1,0.6,0.06,0.5,0.1,800,1000,0.6
1,2026-09-28T10:53:47.472376,129,0.2175,background,background,False,3,1,1,0,0,51,23,0.0,1.0,0.2,0.0,,0.91,0.2,0.0,2.217391304347826,1173,0.0025575447570332483,0.0,0.5,False,False,0.09,0.3,1,0.5,0.06,0.5,0.1,800,1000,0.6
2,2026-09-28T10:53:47.472547,FLAP,0.4212,background,background,False,4,1,2,0,0,697,476,1.0,0.7,0.4,0.0,,1.0,0.2,1.0,1.4642857142857142,331772,1.2056472517270897e-05,0.0,0.5,False,False,0.0,0.3,1,0.6,0.06,0.5,0.1,800,1000,0.6
3,2026-09-28T10:53:47.472728,MY NAME IS SUHO KIM .,0.6398,,,True,21,6,4,0,0,391,26,1.0,0.3,1.0,0.4,,1.0,1.0,0.9375,15.038461538461538,10166,0.0020657092268345466,0.4,1.02,True,True,0.0,0.3,6,0.5,0.06,1.0,0.20400000000000001,800,1000,0.6
4,2026-09-28T10:53:47.472888,BBO ! BANG !,0.7217,dialogue,dialogue,False,12,4,7,0,0,302,53,1.0,0.7,1.0,0.7,,1.0,1.0,0.7777777777777778,5.69811320754717,16006,0.000749718855429214,0.5,0.5,True,True,0.0,0.3,4,1.0,0.06,0.75,0.1,800,1000,0.6
5,2026-09-28T10:53:47.472972,GGO !,0.6972,,,True,5,2,7,0,0,86,26,1.0,1.0,0.2,0.0,,1.0,2.0,0.75,3.3076923076923075,2236,0.0022361359570661895,0.0,0.5,True,True,0.0,0.3,2,0.5,0.06,0.6,0.1,800,1000,0.6
6,2026-09-28T10:53:47.473053,HA !,0.6572,,,True,4,2,7,0,0,57,27,0.8,1.0,0.2,0.0,,1.0,2.0,0.6666666666666666,2.111111111111111,1539,0.002599090318388564,0.0,0.5,True,True,0.0,0.3,2,0.5,0.06,0.6,0.1,800,1000,0.6
7,2026-09-28T10:53:47.473230,"NO , IN THIS WORLD , MY NAME IS LLOYD FRONTERA !",0.7974,dialogue,dialogue,False,48,12,8,0,0,326,144,1.0,1.0,1.0,0.7,,1.0,1.0,0.918918918918919,2.263888888888889,46944,0.0010224948875255625,0.6666666666666666,1.7777777777777777,True,True,0.0,0.646875,12,1.0,0.129375,1.0,0.3555555555555555,800,1000,0.6
8,2026-09-28T10:53:47.473392,AND THIS IS THE STORY ...,0.8671,dialogue,dialogue,False,25,6,9,0,0,208,66,1.0,1.0,1.0,1.0,,1.0,1.0,1.0,3.1515151515151514,13728,0.001821095571095571,0.8,2.82,True,True,0.0,1.22,6,0.5,0.244,1.0,0.8,800,1000,0.6
9,2026-09-28T10:53:47.473478,TWIRL,0.4272,background,background,False,5,1,9,0,0,317,308,1.0,0.7,0.6,0.0,,1.0,0.2,1.0,1.0292207792207793,97636,5.121061903396288e-05,0.0,0.5,False,False,0.0,0.3,1,0.6,0.06,0.5,0.1,800,1000,0.6
10,2026-09-28T10:53:47.473625,SLAM,0.5712,,,True,4,1,12,0,0,479,290,1.0,0.7,0.4,1.0,,1.0,0.2,1.0,1.6517241379310346,138910,2.8795623065294076e-05,1.0,0.5,False,False,0.0,0.3,1,0.6,0.06,0.5,0.1,800,1000,0.6
11,2026-09-28T10:53:47.473777,822222227,0.2185,background,background,False,9,1,16,0,0,607,374,0.0,0.7,0.4,0.0,,0.91,0.2,0.0,1.6229946524064172,227018,3.9644433481045555e-05,0.0,0.5,False,False,0.09,0.3,1,0.6,0.06,0.5,0.1,800,1000,0.6
12,2026-09-28T10:53:47.473916,"i """,0.6707,,,True,3,2,17,0,0,41,57,0.8,0.3,0.2,1.0,,0.44999999999999996,0.2,0.5,0.7192982456140351,2337,0.0012836970474967907,1.0,4.2,False,False,0.55,0.3,2,1.0,0.06,0.6,1.0,800,1000,0.6
13,2026-09-28T10:53:47.474084,... OF HOW YOUR AVERAGE CIVIL ENGINEERING STUDENT ...,0.7349,dialogue,dialogue,False,53,9,18,0,0,356,144,1.0,1.0,0.6,0.4,,1.0,1.0,1.0,2.4722222222222223,51264,0.001033863920099875,0.42857142857142855,1.557142857142857,True,True,0.0,0.7297297297297297,9,1.0,0.14594594594594595,1.0,0.3114285714285714,800,1000,0.6
14,2026-09-28T10:53:47.474238,... TURNED AN ENTIRE WORLD UPSIDE DOWN !,0.719,dialogue,dialogue,False,40,8,20,0,0,245,105,1.0,1.0,1.0,0.7,,1.0,1.0,0.9666666666666667,2.3333333333333335,25725,0.001554907677356657,0.5,0.9333333333333332,True,True,0.0,0.42962962962962964,8,0.5,0.08592592592592593,1.0,0.18666666666666665,800,1000,0.6
15,2026-09-28T10:53:47.474373,WHOOOOSH,0.5862,,,True,8,1,21,0,0,506,247,1.0,1.0,0.4,1.0,,1.0,0.2,1.0,2.048582995951417,124982,6.400921732729513e-05,1.0,0.5,False,False,0.0,0.3,1,0.6,0.06,0.5,0.1,800,1000,0.6
16,2026-09-28T10:53:47.474532,JAVIER .,0.5592,,,True,8,2,23,0,0,123,28,1.0,1.0,0.6,0.0,,1.0,1.0,0.8571428571428571,4.392857142857143,3444,0.0023228803716608595,0.0,0.5,True,True,0.0,0.3,2,0.5,0.06,0.6,0.1,800,1000,0.6
17,2026-09-28T10:53:47.474644,"YES , MASTER LLOYD ?",0.7126,dialogue,dialogue,False,20,5,23,0,0,216,68,1.0,1.0,1.0,0.4,,1.0,1.0,0.875,3.176470588235294,14688,0.0013616557734204794,0.3333333333333333,1.0666666666666667,True,True,0.0,0.5750000000000001,5,1.0,0.11500000000000002,0.75,0.21333333333333332,800,1000,0.6
18,2026-09-28T10:53:47.474775,THIS IS ...,0.8196,dialogue,dialogue,False,11,3,24,0,0,146,23,1.0,0.5,0.6,1.0,,1.0,1.0,1.0,6.3478260869565215,3358,0.003275759380583681,1.0,2.05,True,True,0.0,1.7249999999999999,3,0.5,0.345,0.75,0.8,800,1000,0.6
19,2026-09-28T10:53:47.474908,... ALL MONEY !,0.7018,dialogue,dialogue,False,15,4,25,0,0,235,29,1.0,0.3,1.0,0.7,,1.0,1.0,0.8888888888888888,8.10344827586207,6815,0.0022010271460014674,0.5,1.75,True,True,0.0,1.2,4,0.5,0.24,0.75,0.35,800,1000,0.6
20,2026-09-28T10:53:47.475040,BWA,0.4542,,,True,3,1,26,0,0,338,125,1.0,1.0,1.0,0.0,,1.0,0.2,1.0,2.704,42250,7.100591715976331e-05,0.0,0.5,False,False,0.0,0.3,1,0.6,0.06,0.5,0.1,800,1000,0.6
21,2026-09-28T10:53:47.475138,HA HA,0.3992,background,background,False,5,2,26,0,0,265,303,1.0,0.3,0.6,0.0,,0.5,0.2,1.0,0.8745874587458746,80295,6.227037798119434e-05,0.0,0.5,False,False,0.5,0.3,2,0.6,0.06,0.6,0.1,800,1000,0.6
22,2026-09-28T10:53:47.475219,129,0.2175,background,background,False,3,1,26,0,0,51,18,0.0,1.0,0.2,0.0,,0.91,0.2,0.0,2.8333333333333335,918,0.0032679738562091504,0.0,0.5,False,False,0.09,0.3,1,0.5,0.06,0.5,0.1,800,1000,0.6
23,2026-09-28T10:53:47.475394,"HAVE YOU FINALLY LOST IT , SIR ?",0.8633,dialogue,dialogue,False,32,8,27,0,0,282,106,1.0,1.0,1.0,0.7,,1.0,1.0,0.92,2.660377358490566,29892,0.001070520540612873,0.5,2.2666666666666666,True,True,0.0,0.5904761904761905,8,1.0,0.1180952380952381,1.0,0.8,800,1000,0.6
24,2026-09-28T10:53:47.475534,THE GREATEST TCTATT,0.6278,,,True,19,3,28,0,0,732,166,1.0,1.0,0.4,0.4,,1.0,0.2,1.0,4.409638554216867,121512,0.00015636315754822568,0.3333333333333333,2.0,False,False,0.0,0.9466666666666667,3,0.6,0.18933333333333333,0.75,0.8,800,1000,0.6
25,2026-09-28T10:53:47.475685,ES AIE DEVELOPER,0.4564,,,True,16,3,29,0,0,642,179,1.0,1.0,0.4,0.0,,1.0,0.2,1.0,3.5865921787709496,114918,0.00013922971162045982,0.0,0.5,False,False,0.0,0.4916666666666667,3,0.6,0.09833333333333334,0.75,0.1,800,1000,0.6
26,2026-09-28T10:53:47.475795,V Adaptation : Lee hyunmin,0.5271,,,True,26,5,29,0,0,228,47,1.0,1.0,1.0,0.0,,1.0,0.6,0.9545454545454546,4.851063829787234,10716,0.0024262784621127288,0.0,0.5,True,False,0.0,0.6842105263157895,5,0.5,0.1368421052631579,0.75,0.1,800,1000,0.6
27,2026-09-28T10:53:47.475895,Original Story :,0.4647,,,True,16,3,29,0,0,126,20,1.0,0.5,0.6,0.0,,1.0,0.6,0.9285714285714286,6.3,2520,0.006349206349206349,0.0,0.5,True,False,0.0,0.3,3,0.3,0.06,0.75,0.1,800,1000,0.6
28,2026-09-28T10:53:47.475995,Art : Kim Hyunsoo,0.4547,,,True,17,4,29,0,0,160,19,1.0,0.3,0.6,0.0,,1.0,0.6,0.9285714285714286,8.421052631578947,3040,0.005592105263157895,0.0,0.5,True,False,0.0,0.3,4,0.3,0.06,0.75,0.1,800,1000,0.6
29,2026-09-28T10:53:47.476137,XX,0.3852,background,background,False,2,1,31,0,0,18,15,1.0,0.7,0.2,0.0,,1.0,0.2,1.0,1.2,270,0.007407407407407408,0.0,0.5,False,False,0.0,0.3,1,0.3,0.06,0.5,0.1,800,1000,0.6
30,2026-09-28T10:53:47.476238,A FEW YEARS AGO ...,0.7667,dialogue,dialogue,False,19,5,31,0,0,209,63,1.0,1.0,1.0,0.7,,1.0,1.0,1.0,3.3174603174603177,13167,0.001443001443001443,0.5,1.5,True,True,0.0,0.3,5,1.0,0.06,0.75,0.3,800,1000,0.6
31,2026-09-28T10:53:47.476462,"DING ALARM YOU HAVE BEEN CHOSEN TO HAVE A RANDOM WISH GRANTED BY THE "" ABSOLUTE "" !",0.7841,dialogue,dialogue,False,83,18,32,0,0,583,467,1.0,0.7,0.4,0.7,,1.0,1.0,0.984375,1.2483940042826553,272261,0.00030485453296652846,0.5333333333333333,2.26,True,True,0.0,0.6524590163934426,18,0.6,0.13049180327868853,0.9,0.8,800,1000,0.6
32,2026-09-28T10:53:47.476548,DONG,0.4546,,,True,4,1,32,0,0,262,145,1.0,0.7,1.0,0.0,,1.0,0.2,1.0,1.806896551724138,37990,0.000105290866017373,0.0,0.5,False,False,0.0,1.4,1,0.6,0.27999999999999997,0.5,0.1,800,1000,0.6
33,2026-09-28T10:53:47.476714,DING CONGRATS :) CLAP CLAP CLAP DONG,0.5212,,,True,36,7,33,0,0,708,492,1.0,0.7,0.4,0.0,,1.0,0.6,0.9333333333333333,1.4390243902439024,348336,0.00010334849111202976,0.0,0.5,True,False,0.0,0.6538461538461539,7,0.6,0.13076923076923078,1.0,0.1,800,1000,0.6
34,2026-09-28T10:53:47.476872,CLAP CONGRATS CLAP CLAP,0.429,background,background,False,23,4,34,0,0,77,149,1.0,0.3,1.0,0.0,,1.0,0.2,1.0,0.5167785234899329,11473,0.00200470670269328,0.0,0.5,False,False,0.0,0.4666666666666667,4,0.5,0.09333333333333334,0.75,0.1,800,974,0.6
35,2026-09-28T10:53:47.477303,"YOU ARE NOW A CHARACTER OF "" KNIGHT OF BLOOD AND IRON . """,0.7936,dialogue,dialogue,False,57,14,35,0,0,330,133,1.0,1.0,0.6,0.7,,1.0,0.6,0.9534883720930233,2.481203007518797,43890,0.0012987012987012987,0.6363636363636364,2.4272727272727272,True,False,0.0,0.7564102564102564,14,1.0,0.15128205128205127,1.0,0.8,800,600,0.6
36,2026-09-28T10:53:47.477534,KNIGHT OF BLOOD AND IRON ... ? THE BOOK I READ LAST NIGHT ... ?,0.7929,dialogue,dialogue,False,63,15,36,0,0,399,144,1.0,1.0,0.6,0.7,,1.0,1.0,0.9534883720930233,2.7708333333333335,57456,0.0010964912280701754,0.5454545454545454,1.981818181818182,True,True,0.0,0.7461538461538462,15,1.0,0.14923076923076922,1.0,0.39636363636363636,800,1000,0.6
37,2026-09-28T10:53:47.477662,"OF NOW YOU "" A KNIGHT CHARACTER ARE AND OF IRON BLOOD",0.6615,,,True,53,12,36,0,0,124,147,1.0,0.3,1.0,0.7,,1.0,0.2,1.0,0.8435374149659864,18228,0.0029076146587667323,0.6363636363636364,2.4272727272727272,False,False,0.0,0.8179487179487179,12,0.5,0.1635897435897436,1.0,0.8,800,1000,0.6
38,2026-09-28T10:53:47.477834,GOOD LUCK ! YOU'VE GOT THIS ! YEAH ! POR,0.669,,,True,40,10,37,0,0,508,227,1.0,1.0,0.4,0.7,,1.0,0.6,0.8709677419354839,2.237885462555066,115316,0.00034687294044191615,0.5714285714285714,1.4285714285714286,True,False,0.0,0.6559999999999999,10,0.6,0.13119999999999998,1.0,0.2857142857142857,800,1000,0.6
39,2026-09-28T10:53:47.477998,A WISH ? GOOD LUCK WITH WHAT ?,0.8675,dialogue,dialogue,False,30,8,38,0,0,293,105,1.0,1.0,1.0,0.7,,1.0,1.0,0.9130434782608695,2.7904761904761903,30765,0.0009751340809361287,0.6666666666666666,2.433333333333333,True,True,0.0,0.8894736842105262,8,1.0,0.17789473684210524,1.0,0.8,800,1000,0.6
40,2026-09-28T10:53:47.478102,I HAVEN'T EVEN HAD ANYTHING TO DRINK ...,0.7367,dialogue,dialogue,False,40,8,38,0,0,375,66,1.0,0.7,1.0,0.7,,1.0,1.0,0.9666666666666667,5.681818181818182,24750,0.0016161616161616162,0.7142857142857143,1.8285714285714287,True,True,0.0,0.8444444444444444,8,0.5,0.1688888888888889,1.0,0.36571428571428577,800,1000,0.6
41,2026-09-28T10:53:47.478307,OH ! IS THIS ONE OF THOSE WEB NOVELS WHERE I'VE POSSESSED SOMEONE FROM A DIFFERENT WORLD ?,0.7617,dialogue,dialogue,False,90,18,39,0,0,398,227,1.0,0.7,0.6,0.7,,1.0,1.0,0.958904109589041,1.7533039647577093,90346,0.000996170278706307,0.6875,1.6625,True,True,0.0,0.7720588235294118,18,1.0,0.15441176470588236,0.9,0.3325,800,1000,0.6
42,2026-09-28T10:53:47.478453,AM I IN A DIFFERENT WORLD ?!,0.9094,dialogue,dialogue,False,28,7,40,0,0,263,106,1.0,1.0,1.0,1.0,,1.0,1.0,0.9090909090909091,2.481132075471698,27878,0.0010043762106320396,1.0,2.4333333333333336,True,True,0.0,0.6722222222222222,7,1.0,0.13444444444444442,1.0,0.8,800,1000,0.6
43,2026-09-28T10:53:47.478587,SO THEN ...,0.8144,dialogue,dialogue,False,11,3,41,0,0,176,25,1.0,0.5,0.6,1.0,,1.0,1.0,1.0,7.04,4400,0.0025,1.0,2.5,True,True,0.0,1.35,3,0.5,0.27,0.75,0.8,800,1000,0.6
44,2026-09-28T10:53:47.478691,... WHY AM I WAKING UP FACE DOWN ON A DIRT,0.7365,dialogue,dialogue,False,42,11,41,0,0,288,108,1.0,1.0,1.0,0.7,,1.0,0.6,1.0,2.6666666666666665,31104,0.0013503086419753086,0.7,1.8399999999999999,True,False,0.0,0.44814814814814813,11,1.0,0.08962962962962963,1.0,0.368,800,1000,0.6
45,2026-09-28T10:53:47.478849,ROAD ?!,0.6542,,,True,7,2,42,0,0,117,22,0.8,0.7,0.6,0.0,,1.0,2.0,0.6666666666666666,5.318181818181818,2574,0.0027195027195027195,0.0,0.5,True,True,0.0,0.3,2,0.5,0.06,0.6,0.1,800,1000,0.6
46,2026-09-28T10:53:47.478986,UGH ... IT'S FREEZING ...,0.7074,dialogue,dialogue,False,25,5,43,0,0,193,65,1.0,1.0,1.0,0.7,,1.0,1.0,0.9333333333333333,2.9692307692307693,12545,0.0019928258270227183,0.6666666666666666,1.0333333333333334,True,True,0.0,0.6333333333333333,5,0.5,0.12666666666666665,0.75,0.2066666666666667,800,1000,0.6
47,2026-09-28T10:53:47.479069,SHIVER,0.4581,,,True,6,1,43,0,0,229,152,1.0,0.7,1.0,0.0,,1.0,0.2,1.0,1.506578947368421,34808,0.0001723741668581935,0.0,0.5,False,False,0.0,1.65,1,0.6,0.32999999999999996,0.5,0.1,800,1000,0.6
48,2026-09-28T10:53:47.479262,ACK ! WHAT'S WRONG WITH MY LIPS ?!,0.7917,dialogue,dialogue,False,34,8,44,0,0,262,106,1.0,1.0,1.0,0.7,,1.0,1.0,0.8518518518518519,2.4716981132075473,27772,0.0012242546449661529,0.5,1.5,True,True,0.0,0.8333333333333334,8,1.0,0.16666666666666669,1.0,0.3,800,1000,0.6
49,2026-09-28T10:53:47.479399,DING,0.4672,,,True,4,1,45,0,0,234,165,1.0,0.7,1.0,0.0,,1.0,0.2,1.0,1.4181818181818182,38610,0.0001036001036001036,0.0,0.5,False,False,0.0,2.3,1,0.6,0.45999999999999996,0.5,0.1,800,1000,0.6
50,2026-09-28T10:53:47.479615,HEALTH ALERT ! YOUR JAW HAS GONE OUT OF PLACE FROM SLEEPING ON THE GROUND ! ( LAUGH ) DONG,0.6561,,,True,90,20,46,0,0,525,465,1.0,0.7,0.4,0.7,,1.0,0.6,0.9710144927536232,1.1290322580645162,244125,0.0003686635944700461,0.5625,1.6875,True,False,0.0,0.7507692307692307,20,0.6,0.15015384615384614,0.9,0.3375,800,1000,0.6
51,2026-09-28T10:53:47.479798,I KNOW THAT ! THESE ALERTS ARE TICKING ME OFF !,0.7899,dialogue,dialogue,False,47,11,47,0,0,341,147,1.0,1.0,0.6,0.7,,1.0,1.0,0.9459459459459459,2.3197278911564627,50127,0.0009376184491391864,0.7777777777777778,1.7777777777777777,True,True,0.0,0.9666666666666667,11,1.0,0.19333333333333333,1.0,0.3555555555555555,800,1000,0.6
52,2026-09-28T10:53:47.479882,www.rck KYAA !,0.5387,,,True,14,3,47,0,0,334,410,1.0,0.3,0.4,0.0,,1.0,1.0,0.9,0.8146341463414634,136940,0.00010223455527968454,0.0,0.5,True,True,0.0,0.3,3,0.6,0.06,0.75,0.1,800,1000,0.6
53,2026-09-28T10:53:47.480082,SO I GET THAT I'VE TAKEN OVER SOME CHARACTER IN THIS STORY ...,0.8547,dialogue,dialogue,False,62,13,48,0,0,408,148,1.0,1.0,0.6,0.7,,1.0,1.0,0.9787234042553191,2.7567567567567566,60384,0.0010267620561738209,0.75,2.3666666666666667,True,True,0.0,0.8386363636363636,13,1.0,0.16772727272727272,1.0,0.8,800,1000,0.6
54,2026-09-28T10:53:47.480260,A THIS THIS IS IS ? DREAM REAL ... ? FOR,0.7962,dialogue,dialogue,False,40,11,49,0,0,213,153,1.0,0.7,1.0,0.7,,1.0,0.6,0.9259259259259259,1.392156862745098,32589,0.0012274080211114179,0.75,2.2125,True,False,0.0,1.1565217391304348,11,1.0,0.23130434782608694,1.0,0.8,800,1000,0.6
55,2026-09-28T10:53:47.480352,WHO HAVE I TAKEN OVER ? IN,0.8766,dialogue,dialogue,False,26,7,49,0,0,303,66,1.0,1.0,1.0,1.0,,1.0,0.6,0.95,4.590909090909091,19998,0.0013001300130013002,0.8333333333333334,3.016666666666667,True,False,0.0,0.47058823529411764,7,1.0,0.09411764705882353,1.0,1.0,800,1000,0.6
56,2026-09-28T10:53:47.480579,""" KNIGHT OF BLOOD AND IRON "" ... THE ONLY PERSON WHO LIVED IN THE MIDDLE OF NOWHERE AND FELL ASLEEP ON THE GROUND WAS ...",0.8421,dialogue,dialogue,False,121,26,50,0,0,658,314,1.0,1.0,0.4,0.7,,1.0,1.0,1.0,2.0955414012738856,206612,0.0005856387818713337,0.5909090909090909,2.3545454545454545,True,True,0.0,0.8616279069767441,26,1.0,0.17232558139534881,0.9,0.8,800,1000,0.6
57,2026-09-28T10:53:47.480675,MASTER LLOYD .,0.5518,,,True,14,3,50,0,0,257,25,1.0,0.3,1.0,0.0,,1.0,1.0,0.9166666666666666,10.28,6425,0.002178988326848249,0.0,0.5,True,True,0.0,0.6666666666666666,3,0.5,0.13333333333333333,0.75,0.1,800,1000,0.6
58,2026-09-28T10:53:47.480832,THERE YOU ARE .,0.8275,dialogue,dialogue,False,15,4,51,0,0,270,26,1.0,0.3,1.0,1.0,,1.0,1.0,0.9166666666666666,10.384615384615385,7020,0.002136752136752137,1.0,2.4,True,True,0.0,2.1444444444444444,4,0.5,0.4288888888888889,0.75,0.8,800,1000,0.6
59,2026-09-28T10:53:47.480985,I'VE BEEN LOOKING EVERYWHERE FOR YOU . STEP,0.6623,,,True,43,8,52,0,0,595,395,1.0,0.7,0.4,0.7,,1.0,0.6,0.9444444444444444,1.5063291139240507,235025,0.00018295925965322837,0.5714285714285714,1.4714285714285715,True,False,0.0,1.15625,8,0.6,0.23125,1.0,0.2942857142857143,800,1000,0.6
60,2026-09-28T10:53:47.481069,1:25,0.0,background,background,False,4,1,53,0,0,356,152,,0.0,0.0,,True,,0.0,,0.0,0,0.0,,,False,False,,,0,0.0,,0.0,,800,1000,0.6
61,2026-09-28T10:53:47.481223,LET US RETURN TO THE MANOR .,0.8008,dialogue,dialogue,False,28,7,55,0,0,261,104,1.0,1.0,1.0,0.7,,1.0,1.0,0.9545454545454546,2.5096153846153846,27144,0.001031535514294135,0.6666666666666666,1.95,True,True,0.0,0.5210526315789474,7,1.0,0.10421052631578949,1.0,0.39,800,1000,0.6
62,2026-09-28T10:53:47.481399,"THE PROTAGONIST OF "" KNIGHT OF BLOOD AND IRON "" JAVIER ASRAHAN",0.6861,,,True,62,12,57,0,0,451,194,1.0,1.0,0.6,0.4,,1.0,0.2,1.0,2.3247422680412373,87494,0.0007086200196584908,0.4,2.17,False,False,0.0,0.5787234042553191,12,1.0,0.11574468085106382,1.0,0.8,800,1000,0.6
63,2026-09-28T10:53:47.481471,HE,0.7052,dialogue,dialogue,False,2,1,57,0,0,42,20,1.0,1.0,0.2,1.0,,1.0,0.2,1.0,2.1,840,0.002380952380952381,1.0,3.8,False,False,0.0,0.3,1,0.5,0.06,0.5,1.0,800,1000,0.6
64,2026-09-28T10:53:47.481619,LOOKS JUST LIKE IN THE BOOK ...,0.8121,dialogue,dialogue,False,31,7,58,0,0,282,66,1.0,1.0,1.0,0.7,,1.0,1.0,1.0,4.2727272727272725,18612,0.001665592091124006,0.6666666666666666,2.5500000000000003,True,True,0.0,0.51,7,0.5,0.10200000000000001,1.0,0.8,800,1000,0.6
65,2026-09-28T10:53:47.481763,DID HE JUST CALL ME LLOYD ?,0.8277,dialogue,dialogue,False,27,7,59,0,0,282,66,1.0,1.0,0.6,1.0,,1.0,1.0,0.9523809523809523,4.2727272727272725,18612,0.0014506769825918763,0.8333333333333334,1.7166666666666668,True,True,0.0,0.5888888888888889,7,1.0,0.11777777777777779,1.0,0.3433333333333334,800,348,0.6
66,2026-09-28T10:53:47.481925,"IN THE BOOK , HE IS JAVIER , THE RENOWNED SWORDSMAN !",0.8538,dialogue,dialogue,False,53,12,60,0,0,334,147,1.0,1.0,0.6,0.7,,1.0,1.0,0.9285714285714286,2.272108843537415,49098,0.0010794737056499246,0.5555555555555556,2.3,True,True,0.0,0.7702702702702703,12,1.0,0.15405405405405406,1.0,0.8,800,1000,0.6
67,2026-09-28T10:53:47.482116,"BUT HE STARTS OFF AS AN UNKNOWN KNIGHT WORKING FOR THE COUNTRY LORD , ARCOS FRONTERA .",0.7368,dialogue,dialogue,False,86,17,62,0,0,487,151,1.0,1.0,0.6,0.4,,1.0,1.0,0.9714285714285714,3.225165562913907,73537,0.0011694793097352353,0.4666666666666667,1.8533333333333333,True,True,0.0,0.7287878787878788,17,1.0,0.14575757575757575,0.9,0.37066666666666664,800,1000,0.6
68,2026-09-28T10:53:47.482243,XXXX,0.4002,background,background,False,4,1,63,0,0,34,16,1.0,1.0,0.2,0.0,,1.0,0.2,1.0,2.125,544,0.007352941176470588,0.0,0.5,False,False,0.0,0.3,1,0.3,0.06,0.5,0.1,800,1000,0.6
69,2026-09-28T10:53:47.482368,AND THE ELDEST SON OF BARON FRONTERA IS--,0.7605,dialogue,dialogue,False,41,8,63,0,0,385,109,1.0,1.0,1.0,0.4,,1.0,0.6,0.9411764705882353,3.532110091743119,41965,0.0009770046467294173,0.375,2.075,True,False,0.0,0.75,8,1.0,0.15,1.0,0.8,800,1000,0.6
70,2026-09-28T10:53:47.482525,"I'M THE HOOLIGAN , LLOYD FRONTERA ?!",0.6898,,,True,36,7,64,0,0,478,173,1.0,1.0,0.6,0.4,,1.0,1.0,0.8666666666666667,2.7630057803468207,82694,0.0004353399279270564,0.4,1.4,True,True,0.0,0.7000000000000001,7,0.6,0.14,1.0,0.27999999999999997,800,1000,0.6
71,2026-09-28T10:53:47.482700,"I CALLED YOUR NAME , BUT I HAVE NEVER CALLED YOU A HOOLIGAN .",0.8655,dialogue,dialogue,False,61,14,67,0,0,324,147,1.0,1.0,1.0,0.7,,1.0,1.0,0.9583333333333334,2.204081632653061,47628,0.0012807592172671537,0.6666666666666666,2.441666666666667,True,True,0.0,0.7477272727272727,14,1.0,0.14954545454545454,1.0,0.8,800,1000,0.6
72,2026-09-28T10:53:47.482868,"WELL , IT'S GOOD THAT YOU ARE SELF - AWARE AT LEAST .",0.8563,dialogue,dialogue,False,53,13,68,0,0,348,145,1.0,1.0,0.6,0.7,,1.0,1.0,0.925,2.4,50460,0.0010503369005152596,0.7,2.0100000000000002,True,True,0.0,0.9485714285714286,13,1.0,0.18971428571428572,1.0,0.8,800,1000,0.6
73,2026-09-28T10:53:47.483002,SHIRK,0.4542,,,True,5,1,69,0,0,157,74,1.0,1.0,1.0,0.0,,1.0,0.2,1.0,2.1216216216216215,11618,0.000430366672404889,0.0,0.5,False,False,0.0,0.3,1,0.6,0.06,0.5,0.1,800,1000,0.6
74,2026-09-28T10:53:47.483161,JAVIER SEEMS TO BE IN A GOOD MOOD . HEH . I CAN SEE THAT ! SHUT UP ALREADY !,0.7981,dialogue,dialogue,False,76,20,69,0,0,586,280,1.0,1.0,0.4,0.7,,1.0,1.0,0.9298245614035088,2.092857142857143,164080,0.00046318868844466115,0.625,2.48125,True,True,0.0,0.5784313725490197,20,0.6,0.11568627450980393,0.9,0.8,800,1000,0.6
75,2026-09-28T10:53:47.483285,H,0.3852,background,background,False,1,1,71,0,0,14,17,1.0,0.3,0.2,0.0,,1.0,0.2,1.0,0.8235294117647058,238,0.004201680672268907,0.0,0.5,False,False,0.0,0.3,1,0.5,0.06,0.5,0.1,800,1000,0.6
76,2026-09-28T10:53:47.483474,SO YOU HAVE NO IDEA HOW YOU ENDED UP LIKE THAT ?,0.9105,dialogue,dialogue,False,48,12,73,0,0,416,106,1.0,1.0,1.0,1.0,,1.0,1.0,0.972972972972973,3.9245283018867925,44096,0.0010885341074020319,0.8181818181818182,2.690909090909091,True,True,0.0,0.7470588235294118,12,1.0,0.14941176470588236,1.0,0.8,800,1000,0.6
77,2026-09-28T10:53:47.483636,"YOU STARTED DRINKING IN THE AFTERNOON , GOT DRUNK , DESTROYED THE PUB FURNITURE , AND THEN YOU PASSED OUT ON YOUR WAY BACK",0.7391,dialogue,dialogue,False,122,24,73,0,0,698,322,1.0,1.0,0.4,0.7,,1.0,0.6,0.9696969696969697,2.1677018633540373,224756,0.0005428108704550713,0.5714285714285714,2.1952380952380954,True,False,0.0,0.7904255319148936,24,1.0,0.15808510638297874,0.3,0.8,800,1000,0.6
78,2026-09-28T10:53:47.483774,TO THE MANOR .,0.7941,dialogue,dialogue,False,14,4,74,0,0,260,26,1.0,0.3,1.0,0.7,,1.0,1.0,0.9090909090909091,10.0,6760,0.0020710059171597634,0.6666666666666666,3.4,True,True,0.0,0.825,4,0.5,0.16499999999999998,0.75,1.0,800,1000,0.6
79,2026-09-28T10:53:47.483846,THAT,0.7514,dialogue,dialogue,False,4,1,74,0,0,82,26,1.0,1.0,0.2,1.0,,1.0,0.2,1.0,3.1538461538461537,2132,0.001876172607879925,1.0,4.3,False,False,0.0,3.6,1,0.5,0.72,0.5,1.0,800,1000,0.6
80,2026-09-28T10:53:47.484009,REALLY IS THE DAY IN THE LIFE OF A HOOLIGAN .,0.9102,dialogue,dialogue,False,45,11,75,0,0,324,106,1.0,1.0,1.0,1.0,,1.0,1.0,0.9714285714285714,3.056603773584906,34344,0.001310272536687631,0.9,2.6,True,True,0.0,0.728125,11,1.0,0.145625,1.0,0.8,800,1000,0.6
81,2026-09-28T10:53:47.484116,HIS LORDSHIP WAS WORRIED AND HE SENT ME .,0.8652,dialogue,dialogue,False,41,9,75,0,0,317,105,1.0,1.0,1.0,0.7,,1.0,1.0,0.9696969696969697,3.019047619047619,33285,0.0012317860898302538,0.625,2.05,True,True,0.0,0.73,9,1.0,0.146,1.0,0.8,800,1000,0.6
82,2026-09-28T10:53:47.484197,"YOU MAY BE A HOOLIGAN ,",0.8472,dialogue,dialogue,False,23,6,75,0,0,272,69,1.0,1.0,1.0,1.0,,1.0,0.6,0.9444444444444444,3.9420289855072466,18768,0.0012254901960784314,0.8,2.82,True,False,0.0,0.5133333333333333,6,1.0,0.10266666666666666,1.0,0.8,800,1000,0.6
83,2026-09-28T10:53:47.484390,"BUT YOU ARE HIS SON . IF YOU DIE ON THE ROAD WITH YOUR JAW OUT OF PLACE , HE WILL BE SAD .",0.8938,dialogue,dialogue,False,90,24,76,0,0,479,148,1.0,1.0,0.6,1.0,,1.0,1.0,0.9552238805970149,3.2364864864864864,70892,0.001269536760142188,0.8095238095238095,2.623809523809524,True,True,0.0,0.9112903225806451,24,1.0,0.18225806451612903,0.9,0.8,800,1000,0.6
84,2026-09-28T10:53:47.484491,HE REALLY SNEAKS THOSE ATTACKS IN THERE .,0.8056,dialogue,dialogue,False,41,8,76,0,0,311,141,1.0,1.0,1.0,0.7,,1.0,1.0,0.9705882352941176,2.2056737588652484,43851,0.000934984378919523,0.7142857142857143,1.8714285714285714,True,True,0.0,1.032258064516129,8,1.0,0.2064516129032258,1.0,0.3742857142857143,800,1000,0.6
85,2026-09-28T10:53:47.484751,"BRR ... IT'S COLD ... IF THE FLOOR COULD JUST BE A HEATED ONDOL ... * TRADITIONAL KOREAN DIDN'T YEAH , I UNDERFLOOR HEATING SYSTEM THINK SO . THIS IS A MEDIEVAL FANTASY NOVEL . SHIVER",0.6904,,,True,183,36,77,0,0,707,491,1.0,0.7,0.4,0.7,,1.0,0.6,0.9637681159420289,1.439918533604888,347137,0.0005271693884547023,0.5172413793103449,1.7620689655172415,True,False,0.0,0.683969465648855,36,1.0,0.136793893129771,0.8,0.3524137931034483,800,1000,0.6
86,2026-09-28T10:53:47.484826,SHIVER,0.4981,,,True,6,1,77,0,0,129,68,1.0,0.7,1.0,0.0,,1.0,0.2,1.0,1.8970588235294117,8772,0.0006839945280437756,0.0,0.5,False,False,0.0,1.65,1,1.0,0.32999999999999996,0.5,0.1,800,1000,0.6
87,2026-09-28T10:53:47.484973,COLD,0.4392,background,background,False,4,1,78,0,0,121,81,1.0,0.7,1.0,0.0,,1.0,0.2,1.0,1.4938271604938271,9801,0.00040812162024283236,0.0,0.5,False,False,0.0,0.3,1,0.6,0.06,0.5,0.1,800,1000,0.6
88,2026-09-28T10:53:47.485130,"I WILL LEAVE YOU TO REST , SIR . I WILL REPORT WHAT HAPPENED TO HIS LORDSHIP TOMORROW .",0.8309,dialogue,dialogue,False,87,19,78,0,0,416,224,1.0,0.7,0.6,0.7,,1.0,1.0,0.9565217391304348,1.8571428571428572,93184,0.0009336366758241759,0.6875,2.35625,True,True,0.0,0.709375,19,1.0,0.141875,0.9,0.8,800,1000,0.6
89,2026-09-28T10:53:47.485272,DO YOU HAVE TO ?,0.8717,dialogue,dialogue,False,16,5,79,0,0,159,65,1.0,1.0,1.0,1.0,,1.0,1.0,0.9166666666666666,2.4461538461538463,10335,0.001548137397194001,1.0,4.1,True,True,0.0,0.6555555555555556,5,0.5,0.13111111111111112,0.75,1.0,800,1000,0.6
90,2026-09-28T10:53:47.485359,YES . HE'S SO UPTIGHT ..,0.7225,dialogue,dialogue,False,24,6,79,0,0,306,168,1.0,0.7,0.6,0.7,,1.0,1.0,0.7894736842105263,1.8214285714285714,51408,0.00046685340802987864,0.75,1.5,True,True,0.0,0.676923076923077,6,0.6,0.13538461538461538,1.0,0.3,800,1000,0.6
91,2026-09-28T10:53:47.485484,WAIT ... JAVIER .,0.6637,,,True,17,4,80,0,0,248,25,1.0,0.3,0.6,0.7,,1.0,1.0,0.9090909090909091,9.92,6200,0.0027419354838709676,0.5,1.3,True,True,0.0,0.3,4,0.5,0.06,0.75,0.26,800,1000,0.6
92,2026-09-28T10:53:47.485616,"YES , MASTER LLOYD ?",0.7126,dialogue,dialogue,False,20,5,81,0,0,220,70,1.0,1.0,1.0,0.4,,1.0,1.0,0.875,3.142857142857143,15400,0.0012987012987012987,0.3333333333333333,1.0666666666666667,True,True,0.0,0.5750000000000001,5,1.0,0.11500000000000002,0.75,0.21333333333333332,800,1000,0.6
93,2026-09-28T10:53:47.485716,"OUR FAMILY ... HAS A LOT OF DEBT , DON'T WE ?",0.7988,dialogue,dialogue,False,45,12,81,0,0,340,105,1.0,1.0,1.0,0.7,,1.0,1.0,0.9032258064516129,3.238095238095238,35700,0.0012605042016806723,0.6666666666666666,1.8666666666666667,True,True,0.0,0.5538461538461539,12,1.0,0.11076923076923077,1.0,0.37333333333333335,800,1000,0.6
94,2026-09-28T10:53:47.485855,WHAT A STRANGE THING TO SAY ...,0.8196,dialogue,dialogue,False,31,7,83,0,0,293,66,1.0,1.0,1.0,0.7,,1.0,1.0,1.0,4.4393939393939394,19338,0.0016030613300237874,0.6666666666666666,2.733333333333333,True,True,0.0,1.04,7,0.5,0.20800000000000002,1.0,0.8,800,512,0.6
95,2026-09-28T10:53:47.485976,CLACK,0.4542,,,True,5,1,84,0,0,171,79,1.0,1.0,1.0,0.0,,1.0,0.2,1.0,2.1645569620253164,13509,0.0003701236212895107,0.0,0.5,False,False,0.0,0.3,1,0.6,0.06,0.5,0.1,800,1000,0.6
96,2026-09-28T10:53:47.486146,I KNOW EVERYTHING THAT HAPPENS IN THIS STORY .,0.8729,dialogue,dialogue,False,46,9,86,0,0,306,147,1.0,1.0,1.0,0.7,,1.0,1.0,0.9736842105263158,2.0816326530612246,44982,0.001022631274732115,0.625,2.55,True,True,0.0,1.28,9,1.0,0.256,1.0,0.8,800,1000,0.6
97,2026-09-28T10:53:47.486368,"JUST LAST NIGHT , IN MY MICROSCOPIC BOARDING HOUSE ROOM ... I READ THE LAST CHAPTER .",0.7545,dialogue,dialogue,False,85,17,87,0,0,531,278,1.0,0.7,0.4,0.7,,1.0,1.0,0.9696969696969697,1.910071942446043,147618,0.0005758105380102697,0.5714285714285714,1.6857142857142857,True,True,0.0,0.6370967741935484,17,1.0,0.12741935483870967,0.9,0.33714285714285713,800,1000,0.6
98,2026-09-28T10:53:47.486531,E,0.3852,background,background,False,1,1,88,0,0,16,17,1.0,0.3,0.2,0.0,,1.0,0.2,1.0,0.9411764705882353,272,0.003676470588235294,0.0,0.5,False,False,0.0,0.3,1,0.5,0.06,0.5,0.1,800,1000,0.6
99,2026-09-28T10:53:47.486685,AND OF COURSE I KNOW WHAT HAPPENS TO LLOYD .,0.868,dialogue,dialogue,False,44,10,88,0,0,372,106,1.0,1.0,1.0,0.7,,1.0,1.0,0.9714285714285714,3.509433962264151,39432,0.0011158449989855954,0.6666666666666666,2.7555555555555555,True,True,0.0,0.925,10,1.0,0.185,1.0,0.8,800,1000,0.6
100,2026-09-28T10:53:47.486965,"PART ONE ! THE BARON AND BARONESS FALL PREY TO AN EVIL CONMAN , LOSE ALL OF THEIR LAND AND FORTUNE , AND COMMIT SUICIDE !",0.8264,dialogue,dialogue,False,121,26,89,0,0,453,267,1.0,0.7,0.4,0.7,,1.0,1.0,0.9583333333333334,1.696629213483146,120951,0.0010004051227356532,0.5454545454545454,2.0818181818181816,True,True,0.0,0.8133333333333334,26,1.0,0.16266666666666668,0.9,0.8,800,1000,0.6
101,2026-09-28T10:53:47.487045,DUM DU -,0.4987,,,True,8,3,89,0,0,417,250,1.0,0.7,0.4,0.0,,1.0,0.6,0.8333333333333334,1.668,104250,7.673860911270984e-05,0.0,0.5,True,False,0.0,0.3,3,0.6,0.06,0.75,0.1,800,1000,0.6
102,2026-09-28T10:53:47.487699,"THEN BECOMES A BEGGAR , DRINKING ALL DAY LONG , AND THEN HE ...",0.8392,dialogue,dialogue,False,63,14,91,0,0,344,186,1.0,0.7,0.6,0.7,,1.0,1.0,0.9574468085106383,1.8494623655913978,63984,0.0009846211552888221,0.7272727272727273,2.0636363636363635,True,True,0.0,0.8023255813953488,14,1.0,0.16046511627906976,1.0,0.8,800,1000,0.6
103,2026-09-28T10:53:47.487781,TUD,0.4272,background,background,False,3,1,91,0,0,345,262,1.0,0.7,0.6,0.0,,1.0,0.2,1.0,1.316793893129771,90390,3.318951211417192e-05,0.0,0.5,False,False,0.0,0.3,1,0.6,0.06,0.5,0.1,800,1000,0.6
104,2026-09-28T10:53:47.487902,BEER ! BRING ME MORE BEER !,0.7701,dialogue,dialogue,False,27,7,91,0,0,272,106,1.0,1.0,1.0,0.7,,1.0,1.0,0.9047619047619048,2.5660377358490565,28832,0.0009364594894561598,0.6,0.9199999999999999,True,True,0.0,0.5352941176470588,7,1.0,0.10705882352941176,1.0,0.184,800,1000,0.6
105,2026-09-28T10:53:47.488078,... COUGHS UP BLOOD AND DIES !,0.75,dialogue,dialogue,False,30,7,92,0,0,249,105,1.0,1.0,1.0,0.4,,1.0,1.0,0.9523809523809523,2.3714285714285714,26145,0.0011474469305794606,0.4,1.7600000000000002,True,True,0.0,0.5166666666666667,7,1.0,0.10333333333333335,1.0,0.35200000000000004,800,1000,0.6
106,2026-09-28T10:53:47.488159,LATTER,0.4537,,,True,6,1,92,0,0,528,195,1.0,1.0,0.6,0.0,,1.0,0.2,1.0,2.707692307692308,102960,5.8275058275058275e-05,0.0,0.5,False,False,0.0,1.125,1,0.6,0.225,0.5,0.1,800,1000,0.6
107,2026-09-28T10:53:47.488312,GLURGH !,0.7592,dialogue,dialogue,False,8,2,93,0,0,147,43,1.0,1.0,0.6,0.0,,1.0,2.0,0.8571428571428571,3.4186046511627906,6321,0.0012656225280809998,0.0,0.5,True,True,0.0,0.3,2,1.0,0.06,0.6,0.1,800,1000,0.6
108,2026-09-28T10:53:47.488482,GAH ! WHAT'S THE POINT OF BEING AN ARISTOCRAT THEN ?!,0.7771,dialogue,dialogue,False,53,11,94,0,0,325,185,1.0,0.7,0.6,0.7,,1.0,1.0,0.9069767441860465,1.7567567567567568,60125,0.0008814968814968815,0.7777777777777778,1.9333333333333331,True,True,0.0,0.7945945945945946,11,1.0,0.1589189189189189,1.0,0.3866666666666666,800,1000,0.6
109,2026-09-28T10:53:47.488554,SPRING,0.4352,background,background,False,6,1,94,0,0,441,324,1.0,0.7,0.4,0.0,,1.0,0.2,1.0,1.3611111111111112,142884,4.1992105484168974e-05,0.0,0.5,False,False,0.0,1.3,1,0.6,0.26,0.5,0.1,800,1000,0.6
110,2026-09-28T10:53:47.488736,"IT'S THE SAME MISERABLE LIFE , LIKE IT WAS IN KOREA !",0.8926,dialogue,dialogue,False,53,12,95,0,0,286,145,1.0,0.7,1.0,1.0,,1.0,1.0,0.9285714285714286,1.9724137931034482,41470,0.0012780323125150712,0.8,2.06,True,True,0.0,0.5432432432432432,12,1.0,0.10864864864864865,1.0,0.8,800,1000,0.6
111,2026-09-28T10:53:47.488894,WHAT THE HECK KIND OF GUY IS THIS ABSOLUTE ?!,0.8661,dialogue,dialogue,False,45,10,96,0,0,347,105,1.0,1.0,1.0,0.7,,1.0,1.0,0.9444444444444444,3.3047619047619046,36435,0.0012350761630300535,0.5555555555555556,2.066666666666667,True,True,0.0,0.79375,10,1.0,0.15875,1.0,0.8,800,1000,0.6
112,2026-09-28T10:53:47.488968,ALARM,0.4822,,,True,5,1,96,0,0,166,36,1.0,1.0,0.6,0.0,,1.0,0.2,1.0,4.611111111111111,5976,0.0008366800535475234,0.0,0.5,False,False,0.0,0.3,1,1.0,0.06,0.5,0.1,800,1000,0.6
113,2026-09-28T10:53:47.489096,YOU HAVE BEEN CHOSEN TO HAVE A RANDOM WISH GRANTED BY THE,0.7328,dialogue,dialogue,False,57,12,96,0,0,461,107,1.0,1.0,0.6,0.7,,1.0,0.2,1.0,4.308411214953271,49327,0.0011555537535224117,0.6666666666666666,2.6999999999999997,False,False,0.0,0.6977272727272728,12,1.0,0.13954545454545456,1.0,0.8,800,1000,0.6
114,2026-09-28T10:53:47.489231,""" ABSOLUTE "" !",0.5347,,,True,14,4,97,0,0,222,25,1.0,0.3,0.6,0.0,,1.0,1.0,0.8888888888888888,8.88,5550,0.0025225225225225223,0.0,0.5,True,True,0.0,0.3,4,0.5,0.06,0.75,0.1,800,1000,0.6
115,2026-09-28T10:53:47.489394,WHAT DID I WISH FOR THAT WOULD PUT ME IN THE BODY OF SOMEONE WITH SUCH AN ENDING ?!,0.8331,dialogue,dialogue,False,83,19,97,0,0,406,228,1.0,0.7,0.6,0.7,,1.0,1.0,0.9692307692307692,1.780701754385965,92568,0.0008966381470918676,0.7222222222222222,2.5277777777777777,True,True,0.0,0.8622950819672132,19,1.0,0.17245901639344263,0.9,0.8,800,1000,0.6
116,2026-09-28T10:53:47.489502,0,0.2025,background,background,False,1,1,100,0,0,21,19,0.0,0.7,0.2,0.0,,0.91,0.2,0.0,1.105263157894737,399,0.002506265664160401,0.0,0.5,False,False,0.09,0.3,1,0.5,0.06,0.5,0.1,800,1000,0.6
117,2026-09-28T10:53:47.489678,YOU BROKE THINGS AT THE PUB LAST NIGHT ... ?,0.8045,dialogue,dialogue,False,44,10,101,0,0,293,146,1.0,1.0,1.0,0.7,,1.0,1.0,0.96875,2.006849315068493,42778,0.001028566085370985,0.5,1.875,True,True,0.0,0.9448275862068966,10,1.0,0.1889655172413793,1.0,0.375,800,1000,0.6
118,2026-09-28T10:53:47.489812,LLOYD'S MOTHER MARBELLA FRONTERA,0.5199,,,True,32,4,102,0,0,439,99,1.0,1.0,1.0,0.0,,1.0,0.2,0.9655172413793104,4.434343434343434,43461,0.0007362923080462944,0.0,0.5,False,False,0.0,0.8884615384615385,4,1.0,0.1776923076923077,0.75,0.1,800,1000,0.6
119,2026-09-28T10:53:47.489982,"NO . LAST NIGHT , I WAS READING A BOOK .",0.7978,dialogue,dialogue,False,40,11,103,0,0,299,108,1.0,1.0,1.0,0.7,,1.0,1.0,0.9,2.7685185185185186,32292,0.0012386968908708038,0.625,1.7,True,True,0.0,0.84,11,1.0,0.16799999999999998,1.0,0.33999999999999997,800,1000,0.6
120,2026-09-28T10:53:47.490147,"I BEG YOU , LLOYD , THIS TIME , GO TO THE PUB AND APOLOGIZE ...",0.832,dialogue,dialogue,False,63,16,104,0,0,292,186,1.0,0.7,0.6,0.7,,1.0,1.0,0.9333333333333333,1.5698924731182795,54312,0.0011599646486964207,0.6666666666666666,2.7416666666666667,True,True,0.0,0.7825,16,1.0,0.1565,0.9,0.8,800,1000,0.6
121,2026-09-28T10:53:47.490324,TSK ... I GUESS IT'S A MESS THAT THIS BODY MADE SO I'LL HAVE TO CLEAN IT UP ...,0.8456,dialogue,dialogue,False,79,19,106,0,0,390,147,1.0,1.0,0.6,0.7,,1.0,1.0,0.9636363636363636,2.6530612244897958,57330,0.0013779870922728066,0.6470588235294118,2.4,True,True,0.0,0.6862745098039216,19,1.0,0.13725490196078433,0.9,0.8,800,741,0.6
122,2026-09-28T10:53:47.490450,SCRATCH,0.4542,,,True,7,1,107,0,0,224,80,1.0,1.0,1.0,0.0,,1.0,0.2,1.0,2.8,17920,0.000390625,0.0,0.5,False,False,0.0,0.3,1,0.6,0.06,0.5,0.1,800,1000,0.6
123,2026-09-28T10:53:47.490558,YES ... OKAY ... I'LL DO IT .,0.892,dialogue,dialogue,False,29,8,107,0,0,191,105,1.0,0.7,1.0,1.0,,1.0,1.0,0.875,1.819047619047619,20055,0.0014460234355522313,1.0,2.5,True,True,0.0,0.5,8,1.0,0.1,1.0,0.8,800,1000,0.6
124,2026-09-28T10:53:47.490733,THESE TWO PEOPLE ARE HIGHLY CONFUSED BY YOUR RESPONSE .,0.6691,,,True,55,10,108,0,0,527,68,1.0,0.5,1.0,0.4,,1.0,1.0,0.9782608695652174,7.75,35836,0.0015347695055251702,0.4444444444444444,1.411111111111111,True,True,0.0,0.8418604651162791,10,0.5,0.16837209302325581,1.0,0.2822222222222222,800,1000,0.6
125,2026-09-28T10:53:47.490894,COULD THEY NOT GIVE ME AT LEAST A LITTLE CREDIT ?!,0.9087,dialogue,dialogue,False,50,11,109,0,0,321,146,1.0,1.0,1.0,1.0,,1.0,1.0,0.95,2.1986301369863015,46866,0.0010668715059958178,0.8,2.25,True,True,0.0,0.6194444444444445,11,1.0,0.1238888888888889,1.0,0.8,800,1000,0.6
126,2026-09-28T10:53:47.491019,OOF ...,0.6942,,,True,7,2,111,0,0,97,28,1.0,1.0,0.6,0.0,,0.5,2.0,1.0,3.4642857142857144,2716,0.002577319587628866,0.0,0.5,True,True,0.5,0.3,2,0.5,0.06,0.6,0.1,800,1000,0.6
127,2026-09-28T10:53:47.491147,HUH ?!,0.8492,dialogue,dialogue,False,6,2,114,0,0,96,25,0.8,1.0,0.6,1.0,,1.0,2.0,0.6,3.84,2400,0.0025,1.0,1.5,True,True,0.0,0.3,2,0.5,0.06,0.6,0.3,800,1000,0.6
128,2026-09-28T10:53:47.491266,SCRAMBLE,0.4542,,,True,8,1,115,0,0,253,117,1.0,1.0,1.0,0.0,,1.0,0.2,1.0,2.1623931623931623,29601,0.0002702611398263572,0.0,0.5,False,False,0.0,0.3,1,0.6,0.06,0.5,0.1,800,1000,0.6
129,2026-09-28T10:53:47.491403,"6 ,,",0.2305,background,background,False,4,2,116,0,0,29,32,0.0,0.3,0.2,0.0,,0.2766666666666667,0.6,0.0,0.90625,928,0.004310344827586207,0.0,0.5,True,False,0.7233333333333333,0.3,2,0.5,0.06,0.6,0.1,800,1000,0.6
130,2026-09-28T10:53:47.491566,SHUFFLE,0.4272,background,background,False,7,1,119,0,0,301,172,1.0,0.7,0.6,0.0,,1.0,0.2,1.0,1.75,51772,0.00013520822065981613,0.0,0.5,False,False,0.0,0.3,1,0.6,0.06,0.5,0.1,800,1000,0.6
131,2026-09-28T10:53:47.491658,DASH 201,0.4062,background,background,False,8,2,119,0,0,198,182,0.8,0.7,1.0,0.0,,1.0,0.2,0.5714285714285714,1.0879120879120878,36036,0.000222000222000222,0.0,0.5,False,False,0.0,0.3,2,0.6,0.06,0.6,0.1,800,1000,0.6
132,2026-09-28T10:53:47.491734,:,0.2355,background,background,False,1,1,119,0,0,25,15,0.0,0.7,0.2,0.0,,0.010000000000000009,0.6,0.0,1.6666666666666667,375,0.0026666666666666666,0.0,0.5,True,False,0.99,0.3,1,0.5,0.06,0.5,0.1,800,1000,0.6
133,2026-09-28T10:53:47.491900,DON'T MAKE EYE CONTACT !,0.7599,dialogue,dialogue,False,24,5,122,0,0,286,67,1.0,1.0,1.0,0.7,,1.0,1.0,0.9,4.268656716417911,19162,0.001252478864419163,0.75,1.0,True,True,0.0,0.8875,5,1.0,0.1775,0.75,0.2,800,1000,0.6
134,2026-09-28T10:53:47.491971,W,0.3852,background,background,False,1,1,122,0,0,9,8,1.0,0.7,0.2,0.0,,1.0,0.2,1.0,1.125,72,0.013888888888888888,0.0,0.5,False,False,0.0,0.3,1,0.3,0.06,0.5,0.1,800,1000,0.6
135,2026-09-28T10:53:47.492098,St,0.4392,background,background,False,2,1,124,0,0,218,190,1.0,0.7,1.0,0.0,,1.0,0.2,1.0,1.1473684210526316,41420,4.828585224529213e-05,0.0,0.5,False,False,0.0,0.3,1,0.6,0.06,0.5,0.1,800,1000,0.6
136,2026-09-28T10:53:47.492265,DING THE VILLAGERS ABSOLUTELY DETEST YOU .,0.6822,,,True,42,7,125,0,0,569,297,1.0,0.7,0.4,0.4,,1.0,1.0,0.9722222222222222,1.9158249158249159,168993,0.0002485310042427793,0.3333333333333333,1.8,True,True,0.0,0.7999999999999999,7,0.6,0.15999999999999998,1.0,0.36,800,1000,0.6
137,2026-09-28T10:53:47.492346,"YEAH , I GOT THAT .",0.8684,dialogue,dialogue,False,19,6,125,0,0,211,70,1.0,1.0,1.0,0.7,,1.0,1.0,0.8571428571428571,3.0142857142857142,14770,0.0012863913337846987,0.75,2.775,True,True,0.0,0.96,6,1.0,0.192,1.0,0.8,800,1000,0.6
138,2026-09-28T10:53:47.492501,"BY THE WAY , JAVIER , WHY ARE YOU FOLLOWING ME ?",0.8163,dialogue,dialogue,False,48,12,126,0,0,373,107,1.0,1.0,1.0,0.7,,1.0,1.0,0.918918918918919,3.485981308411215,39911,0.0012026759539976448,0.7777777777777778,2.088888888888889,True,True,0.0,0.7374999999999999,12,1.0,0.1475,0.3,0.8,800,1000,0.6
139,2026-09-28T10:53:47.492689,HIS LORDSHIP ORDERED ME TO ESCORT YOU SO THAT WHAT HAPPENED YESTERDAY DOES NOT RECUR .,0.8411,dialogue,dialogue,False,86,16,127,0,0,483,225,1.0,1.0,0.4,0.7,,1.0,1.0,0.9859154929577465,2.1466666666666665,108675,0.0007913503565677479,0.6,2.14,True,True,0.0,0.7926470588235294,16,1.0,0.15852941176470586,0.9,0.8,800,1000,0.6
140,2026-09-28T10:53:47.492767,ESCORT FOR ME ?,0.8471,dialogue,dialogue,False,15,4,127,0,0,205,66,1.0,1.0,1.0,0.7,,1.0,1.0,0.9166666666666666,3.106060606060606,13530,0.0011086474501108647,0.6666666666666666,2.3666666666666667,True,True,0.0,0.6888888888888888,4,1.0,0.13777777777777775,0.75,0.8,800,1000,0.6
141,2026-09-28T10:53:47.492954,"HARDLY . IT'S FOR THE VILLAGERS . I'M PROTECTING THEM FROM YOU . AH , SO I'M LIKE A GANGSTER .",0.8413,dialogue,dialogue,False,94,21,128,0,0,583,284,1.0,1.0,0.4,0.7,,1.0,1.0,0.8918918918918919,2.0528169014084505,165572,0.000567728843041094,0.75,2.19375,True,True,0.0,0.8078125,21,1.0,0.1615625,0.9,0.8,800,1000,0.6
142,2026-09-28T10:53:47.493196,I GUESS THE FIRST THING I NEED TO DO IS TO GET RID OF THIS SCUMBAG IMAGE I HAVE ... THAT WAY I CAN AT LEAST GET MYSELF SOME FOOD WHEN I'M A BEGGAR .,0.8162,dialogue,dialogue,False,148,35,129,0,0,590,455,1.0,0.7,0.4,0.7,,1.0,1.0,0.9819819819819819,1.2967032967032968,268450,0.000551313093685975,0.7575757575757576,2.4939393939393937,True,True,0.0,0.5841121495327103,35,1.0,0.11682242990654206,0.8,0.8,800,1000,0.6
143,2026-09-28T10:53:47.493322,"NO , IF I CAN",0.7575,dialogue,dialogue,False,13,5,130,0,0,212,35,1.0,0.5,1.0,1.0,,1.0,0.6,0.8888888888888888,6.057142857142857,7420,0.001752021563342318,1.0,2.95,True,False,0.0,0.7166666666666667,5,0.5,0.14333333333333334,0.75,0.8,800,1000,0.6
144,2026-09-28T10:53:47.493468,SORT OUT MY FAMILY'S DEBT BEFORE THAT HAPPENS ...,0.7813,dialogue,dialogue,False,49,9,131,0,0,385,105,1.0,1.0,0.6,0.7,,1.0,1.0,0.9736842105263158,3.6666666666666665,40425,0.0012121212121212121,0.5,1.5875,True,True,0.0,0.7657142857142857,9,1.0,0.15314285714285714,1.0,0.3175,800,459,0.6
145,2026-09-28T10:53:47.493625,... I CAN LIVE PEACEFULLY AS THE HEIR TO A COUNTRY BARON ...,0.8504,dialogue,dialogue,False,60,13,132,0,0,328,146,1.0,1.0,0.6,0.7,,1.0,1.0,1.0,2.2465753424657535,47888,0.001252923488138991,0.6363636363636364,2.4727272727272727,True,True,0.0,0.53,13,1.0,0.10600000000000001,1.0,0.8,800,900,0.6
146,2026-09-28T10:53:47.493787,"... AND LIVE A SWEET , COMFORTABLE LIFE TO A RIPE OLD AGE !",0.8028,dialogue,dialogue,False,59,14,133,0,0,416,109,1.0,1.0,1.0,0.7,,1.0,1.0,0.9534883720930233,3.81651376146789,45344,0.001301164431898377,0.6363636363636364,1.9727272727272727,True,True,0.0,0.6153846153846154,14,1.0,0.12307692307692308,1.0,0.39454545454545453,800,1000,0.6
147,2026-09-28T10:53:47.493942,IS THERE NO CHEAT CODE OR SKILL I CAN USE ... ? Oood DING,0.665,,,True,57,14,134,0,0,470,336,1.0,0.7,0.4,0.7,,1.0,0.6,0.975,1.3988095238095237,157920,0.0003609422492401216,0.5833333333333334,1.6833333333333333,True,False,0.0,0.8918918918918919,14,0.6,0.1783783783783784,1.0,0.33666666666666667,800,1000,0.6
148,2026-09-28T10:53:47.494030,HUH ? SO I DO HAVE A SKILL !,0.8863,dialogue,dialogue,False,28,9,134,0,0,240,67,1.0,1.0,1.0,1.0,,1.0,1.0,0.9,3.582089552238806,16080,0.0017412935323383085,0.8571428571428571,3.057142857142857,True,True,0.0,0.45,9,0.5,0.09,1.0,1.0,800,1000,0.6
149,2026-09-28T10:53:47.494163,LLOYD'S SKILLS,0.4696,,,True,14,2,135,0,0,362,35,1.0,0.3,1.0,0.0,,1.0,0.2,0.9230769230769231,10.342857142857143,12670,0.0011049723756906078,0.0,0.5,False,False,0.0,0.54,2,1.0,0.10800000000000001,0.6,0.1,800,1000,0.6
150,2026-09-28T10:53:47.494300,-HUMAN SCUM- A PASSIVE SKILL . IT CAUSES OTHERS TO FURROW THEIR BROWS .,0.7235,dialogue,dialogue,False,71,14,135,0,0,355,234,1.0,0.7,0.6,0.4,,1.0,1.0,0.9473684210526315,1.517094017094017,83070,0.0008547008547008547,0.3333333333333333,1.6833333333333333,True,True,0.0,0.7153846153846154,14,1.0,0.14307692307692307,1.0,0.33666666666666667,800,1000,0.6
151,2026-09-28T10:53:47.494392,-ROWDY DRUNKARD- WHEN THIS SKILL IS,0.7259,dialogue,dialogue,False,35,6,135,0,0,337,99,1.0,1.0,1.0,0.7,,1.0,0.6,0.9655172413793104,3.404040404040404,33363,0.0010490663309654408,0.5,1.3499999999999999,True,False,0.0,0.7461538461538461,6,1.0,0.14923076923076922,1.0,0.26999999999999996,800,1000,0.6
152,2026-09-28T10:53:47.494543,"USED , YOU BECOME AN ABSOLUTE ASS .",0.7732,dialogue,dialogue,False,35,8,136,0,0,366,70,1.0,0.7,1.0,0.7,,1.0,1.0,0.9285714285714286,5.228571428571429,25620,0.001366120218579235,0.5,1.4833333333333334,True,True,0.0,0.625,8,1.0,0.125,1.0,0.2966666666666667,800,1000,0.6
153,2026-09-28T10:53:47.494614,WAVE ?,0.7312,dialogue,dialogue,False,6,2,136,0,0,283,131,1.0,1.0,1.0,0.0,,1.0,2.0,0.8,2.1603053435114505,37073,0.0001618428505920751,0.0,0.5,True,True,0.0,0.3,2,0.6,0.06,0.6,0.1,800,1000,0.6
154,2026-09-28T10:53:47.494678,WAVE,0.4392,background,background,False,4,1,136,0,0,185,117,1.0,0.7,1.0,0.0,,1.0,0.2,1.0,1.5811965811965811,21645,0.0001848001848001848,0.0,0.5,False,False,0.0,0.3,1,0.6,0.06,0.5,0.1,800,1000,0.6
155,2026-09-28T10:53:47.494834,"MASTER LLOYD , WHERE ARE YOU GOING ?",0.7831,dialogue,dialogue,False,36,8,137,0,0,277,110,1.0,1.0,1.0,0.7,,1.0,1.0,0.9310344827586207,2.518181818181818,30470,0.00118148999015425,0.5,1.05,True,True,0.0,1.1840000000000002,8,1.0,0.23680000000000004,1.0,0.21000000000000002,800,1000,0.6
156,2026-09-28T10:53:47.494957,HUH ?! WHAT ?,0.8382,dialogue,dialogue,False,13,4,138,0,0,119,67,1.0,0.7,1.0,1.0,,1.0,1.0,0.7,1.7761194029850746,7973,0.0016305029474476358,1.0,2.2,True,True,0.0,1.48,4,0.5,0.296,0.75,0.8,800,1000,0.6
157,2026-09-28T10:53:47.495039,THE PUB IS OVER HERE,0.712,dialogue,dialogue,False,20,5,138,0,0,210,101,1.0,1.0,1.0,1.0,,1.0,0.2,1.0,2.0792079207920793,21210,0.000942951438000943,0.8,1.72,False,False,0.0,1.2785714285714285,5,1.0,0.25571428571428567,0.75,0.344,800,1000,0.6
158,2026-09-28T10:53:47.495195,WERE YOU LYING WHEN YOU SAID YOU WOULD APOLOGIZE ?,0.856,dialogue,dialogue,False,50,10,139,0,0,370,146,1.0,1.0,0.6,0.7,,1.0,1.0,0.975609756097561,2.5342465753424657,54020,0.0009255831173639393,0.6666666666666666,2.0999999999999996,True,True,0.0,0.9263157894736843,10,1.0,0.18526315789473685,1.0,0.8,800,1000,0.6
159,2026-09-28T10:53:47.495298,HUH ?! NO ! NO ! I WAS THINKING ABOUT SOMETHING !,0.7908,dialogue,dialogue,False,49,12,139,0,0,285,147,1.0,0.7,1.0,0.7,,1.0,1.0,0.868421052631579,1.9387755102040816,41895,0.0011695906432748538,0.75,1.8375,True,True,0.0,1.1193548387096774,12,1.0,0.2238709677419355,1.0,0.3675,800,1000,0.6
160,2026-09-28T10:53:47.495426,HM ? WHAT ? WHAT'S WRONG ?,0.784,dialogue,dialogue,False,26,7,141,0,0,257,105,1.0,1.0,1.0,0.7,,1.0,1.0,0.8,2.447619047619048,26985,0.0009634982397628312,0.5,1.1,True,True,0.0,1.1428571428571428,7,1.0,0.22857142857142856,1.0,0.22000000000000003,800,1000,0.6
161,2026-09-28T10:53:47.495548,WHAT ? HUH ?,0.8062,dialogue,dialogue,False,12,4,142,0,0,213,25,1.0,0.3,0.6,1.0,,1.0,1.0,0.7777777777777778,8.52,5325,0.0022535211267605635,1.0,2.2,True,True,0.0,1.48,4,0.5,0.296,0.75,0.8,800,1000,0.6
162,2026-09-28T10:53:47.495626,IT'S NOTHING .,0.6957,,,True,14,3,142,0,0,230,28,1.0,0.3,1.0,0.7,,1.0,1.0,0.8333333333333334,8.214285714285714,6440,0.002173913043478261,0.5,1.3,True,True,0.0,1.7249999999999999,3,0.5,0.345,0.75,0.26,800,1000,0.6
163,2026-09-28T10:53:47.495748,LET US GO IN .,0.7897,dialogue,dialogue,False,14,5,143,0,0,231,26,1.0,0.3,0.6,1.0,,1.0,1.0,0.9,8.884615384615385,6006,0.002331002331002331,1.0,2.0,True,True,0.0,0.3,5,0.5,0.06,0.75,0.8,800,1000,0.6
164,2026-09-28T10:53:47.495831,"HELLO , EXCUSE ME ! BREAK",0.5492,,,True,25,6,143,0,0,433,281,1.0,0.7,0.4,0.075,,1.0,0.6,0.9,1.5409252669039146,121673,0.00020546875642089865,0.25,1.025,True,False,0.0,0.73125,6,0.6,0.14625,1.0,0.205,800,1000,0.6
165,2026-09-28T10:53:47.495989,SOMETHING HAS SEEMED OFF SINCE LAST NIGHT ...,0.7152,dialogue,dialogue,False,45,8,145,0,0,389,108,1.0,1.0,1.0,0.4,,1.0,1.0,1.0,3.6018518518518516,42012,0.0010711225364181663,0.42857142857142855,0.5,True,True,0.0,0.7272727272727273,8,1.0,0.14545454545454545,1.0,0.1,800,1000,0.6
166,2026-09-28T10:53:47.496133,IT'S AS IF ... HE IS A COMPLETELY DIFFERENT PERSON ...,0.8819,dialogue,dialogue,False,54,11,146,0,0,379,218,1.0,0.7,0.6,1.0,,1.0,1.0,0.9736842105263158,1.738532110091743,82622,0.0006535789499164871,0.8888888888888888,2.0999999999999996,True,True,0.0,0.6371428571428571,11,1.0,0.12742857142857142,1.0,0.8,800,1000,0.6
167,2026-09-28T10:53:47.496291,FORGIVE ME ! EVERYTHING THAT HAPPENED LAST NIGHT WAS MY FAULT !,0.7628,dialogue,dialogue,False,63,12,149,0,0,299,185,1.0,0.7,0.6,0.7,,1.0,1.0,0.9615384615384616,1.6162162162162161,55315,0.0011389315737141824,0.5,1.35,True,True,0.0,1.0250000000000001,12,1.0,0.20500000000000002,1.0,0.27,800,1000,0.6
168,2026-09-28T10:53:47.496528,THE PUB OWNER HAS ASSUMED THE POSITION OF EXTREME HIGH ALERT .,0.7375,dialogue,dialogue,False,62,12,151,0,0,372,149,1.0,1.0,0.6,0.4,,1.0,1.0,0.9803921568627451,2.4966442953020134,55428,0.0011185682326621924,0.45454545454545453,1.6909090909090911,True,True,0.0,0.6270833333333333,12,1.0,0.12541666666666668,1.0,0.33818181818181825,800,1000,0.6
169,2026-09-28T10:53:47.496714,"M - MASTER LLOYD ... PLEASE , I BEG YOU . DO NOT DO THIS .",0.8092,dialogue,dialogue,False,58,16,152,0,0,334,106,1.0,1.0,1.0,0.7,,1.0,1.0,0.9230769230769231,3.150943396226415,35404,0.0016382329680262118,0.6363636363636364,2.4545454545454546,True,True,0.0,0.7970588235294117,16,0.5,0.15941176470588234,0.9,0.8,800,1000,0.6
170,2026-09-28T10:53:47.496781,2,0.1825,background,background,False,1,1,152,0,0,14,13,0.0,0.7,0.2,0.0,,0.91,0.2,0.0,1.0769230769230769,182,0.005494505494505495,0.0,0.5,False,False,0.09,0.3,1,0.3,0.06,0.5,0.1,800,1000,0.6
171,2026-09-28T10:53:47.496879,"OH , IS THAT",0.7843,dialogue,dialogue,False,12,4,152,0,0,197,33,1.0,0.7,1.0,1.0,,1.0,0.6,0.8888888888888888,5.96969696969697,6501,0.0018458698661744347,1.0,2.433333333333333,True,False,0.0,1.9166666666666667,4,0.5,0.38333333333333336,0.75,0.8,800,1000,0.6
172,2026-09-28T10:53:47.497087,WHAT'S HAPPENING ? HE'S EVEN MORE TERRIFIED BECAUSE THIS SCUMBAG IS SUDDENLY BEING POLITE ?,0.758,dialogue,dialogue,False,91,15,153,0,0,463,183,1.0,1.0,0.6,0.7,,1.0,1.0,0.948051948051948,2.530054644808743,84729,0.001074012439660565,0.6153846153846154,0.8461538461538461,True,True,0.0,0.6859154929577465,15,1.0,0.13718309859154929,1.0,0.16923076923076924,800,1000,0.6
173,2026-09-28T10:53:47.497187,THEN I'LL BE A LITTLE RUDER .,0.8941,dialogue,dialogue,False,29,7,153,0,0,201,106,1.0,0.7,1.0,1.0,,1.0,1.0,0.9130434782608695,1.8962264150943395,21306,0.0013611189336337182,0.8333333333333334,2.1666666666666665,True,True,0.0,0.6473684210526316,7,1.0,0.12947368421052632,1.0,0.8,800,1000,0.6
174,2026-09-28T10:53:47.497272,"WELL , I GUESS I'M SORRY .",0.8277,dialogue,dialogue,False,26,7,153,0,0,207,107,1.0,0.7,1.0,1.0,,1.0,1.0,0.85,1.9345794392523366,22149,0.0011738678947130795,0.8,1.8,True,True,0.0,0.6199999999999999,7,1.0,0.12399999999999997,1.0,0.36,800,1000,0.6
175,2026-09-28T10:53:47.497403,SW,0.4392,background,background,False,2,1,154,0,0,82,65,1.0,0.7,1.0,0.0,,1.0,0.2,1.0,1.2615384615384615,5330,0.000375234521575985,0.0,0.5,False,False,0.0,0.3,1,0.6,0.06,0.5,0.1,800,812,0.6
176,2026-09-28T10:53:47.497565,"YOUR APOLOGY DOES NOT SEEM VERY GENUINE . COME ON , WHAT AM I SUPPOSED TO DO ?!",0.829,dialogue,dialogue,False,79,18,154,0,0,561,307,1.0,0.7,0.4,1.0,,1.0,1.0,0.9354838709677419,1.8273615635179152,172227,0.0004586969522780981,0.8,2.086666666666667,True,True,0.0,0.6428571428571429,18,0.6,0.1285714285714286,0.9,0.8,800,812,0.6
177,2026-09-28T10:53:47.497715,I - IT'S FINE ... YOU DON'T HAVE TO APOLOGIZE ...,0.8976,dialogue,dialogue,False,49,11,155,0,0,490,186,1.0,1.0,0.6,1.0,,1.0,1.0,0.9375,2.6344086021505375,91140,0.0005376344086021505,0.875,2.5625,True,True,0.0,0.6857142857142857,11,1.0,0.13714285714285715,1.0,0.8,800,1000,0.6
178,2026-09-28T10:53:47.497877,"EVEN WHEN I APOLOGIZED , HE DIDN'T SEEM ALL THAT HAPPY ...",0.8945,dialogue,dialogue,False,58,12,159,0,0,289,147,1.0,0.7,1.0,1.0,,1.0,1.0,0.9545454545454546,1.965986394557823,42483,0.0013652519831461997,0.8,2.17,True,True,0.0,0.6775,12,1.0,0.1355,1.0,0.8,800,1000,0.6
179,2026-09-28T10:53:47.497966,THAT'S TO BE EXPECTED .,0.8026,dialogue,dialogue,False,23,5,159,0,0,225,65,1.0,1.0,1.0,0.7,,1.0,1.0,0.8947368421052632,3.4615384615384617,14625,0.0015726495726495727,0.75,2.625,True,True,0.0,1.0799999999999998,5,0.5,0.21599999999999997,0.75,0.8,800,1000,0.6
180,2026-09-28T10:53:47.498183,"EVERYTHING YOU DESTROYED YESTERDAY , HIS FURNITURE AND DECORATIONS ... THEY WERE ALL PURCHASED WITH THE PUB OWNER'S HARD - EARNED MONEY .",0.7304,dialogue,dialogue,False,137,23,160,0,0,689,341,1.0,1.0,0.4,0.4,,1.0,1.0,0.972972972972973,2.0205278592375366,234949,0.0005831052696542654,0.42105263157894735,1.7421052631578948,True,True,0.0,0.9367924528301886,23,1.0,0.18735849056603773,0.9,0.34842105263157896,800,1000,0.6
181,2026-09-28T10:53:47.498346,HE LIKELY WON'T BE SATISFIED UNTIL HE IS COMPENSATED .,0.7941,dialogue,dialogue,False,54,10,161,0,0,372,107,1.0,1.0,1.0,0.7,,1.0,1.0,0.9555555555555556,3.4766355140186915,39804,0.0013566475731082302,0.6666666666666666,1.711111111111111,True,True,0.0,0.5512195121951219,10,1.0,0.11024390243902438,1.0,0.3422222222222222,800,1000,0.6
182,2026-09-28T10:53:47.498443,COMPENSATING HIM WHEN WE HAVE SO MUCH DEBT ...,0.8619,dialogue,dialogue,False,46,9,161,0,0,342,106,1.0,1.0,1.0,0.7,,1.0,1.0,1.0,3.2264150943396226,36252,0.0012688955092132847,0.75,2.0875,True,True,0.0,0.49393939393939396,9,1.0,0.09878787878787879,1.0,0.8,800,1000,0.6
183,2026-09-28T10:53:47.498609,... IS IT SO HARD TO GET BROWNIE POINTS WITH THE VILLAGERS ?,0.8641,dialogue,dialogue,False,60,13,162,0,0,298,145,1.0,1.0,1.0,0.7,,1.0,1.0,0.9777777777777777,2.0551724137931036,43210,0.001388567461235825,0.6363636363636364,2.3363636363636364,True,True,0.0,0.6476190476190476,13,1.0,0.12952380952380954,1.0,0.8,800,1000,0.6
184,2026-09-28T10:53:47.498726,"SO IF WE DON'T REPAY THE DEBT , NOTHING IS GOING TO CHANGE",0.7152,dialogue,dialogue,False,58,13,162,0,0,291,174,1.0,0.7,0.6,0.7,,1.0,0.6,0.9565217391304348,1.6724137931034482,50634,0.001145475372279496,0.6666666666666666,1.8333333333333333,True,False,0.0,0.8690476190476191,13,1.0,0.1738095238095238,1.0,0.36666666666666664,800,1000,0.6
185,2026-09-28T10:53:47.498853,BUT HOW ?,0.7997,dialogue,dialogue,False,9,3,163,0,0,174,25,1.0,0.5,0.6,1.0,,1.0,1.0,0.8571428571428571,6.96,4350,0.0020689655172413794,1.0,2.8,True,True,0.0,0.3,3,0.5,0.06,0.75,0.8,800,1000,0.6
186,2026-09-28T10:53:47.498961,"NOT ONLY THAT , THE PUB OWNER'S MOTHER IS SICK AFTER THE",0.7978,dialogue,dialogue,False,56,12,163,0,0,534,174,1.0,1.0,0.6,0.7,,1.0,0.6,0.9555555555555556,3.0689655172413794,92916,0.0006026949072280339,0.6363636363636364,2.2636363636363637,True,False,0.0,1.0585365853658537,12,1.0,0.21170731707317075,1.0,0.8,800,1000,0.6
187,2026-09-28T10:53:47.499090,LATE WINTER COLD .,0.6392,,,True,18,4,164,0,0,217,67,1.0,1.0,1.0,0.0,,1.0,1.0,0.9333333333333333,3.2388059701492535,14539,0.0012380493844143339,0.0,0.5,True,True,0.0,0.8333333333333334,4,1.0,0.16666666666666669,0.75,0.1,800,1000,0.6
188,2026-09-28T10:53:47.499237,"COMBINE THAT WITH YOUR MISCONDUCT , AND YOU CAN IMAGINE JUST HOW HARD THINGS MUST BE FOR HIM .",0.8344,dialogue,dialogue,False,94,19,164,0,0,416,228,1.0,0.7,0.6,0.7,,1.0,1.0,0.9736842105263158,1.8245614035087718,94848,0.000991059379217274,0.7058823529411765,2.347058823529412,True,True,0.0,0.9583333333333334,19,1.0,0.19166666666666668,0.9,0.8,800,1000,0.6
189,2026-09-28T10:53:47.499388,THE INSIDE OF THE PUB WAS RATHER CHILLY .,0.8539,dialogue,dialogue,False,41,9,165,0,0,211,146,1.0,0.7,1.0,0.7,,1.0,1.0,0.9696969696969697,1.4452054794520548,30806,0.0013309095630721288,0.5,2.1375,True,True,0.0,0.9933333333333334,9,1.0,0.19866666666666669,1.0,0.8,800,1000,0.6
190,2026-09-28T10:53:47.499503,A SINGLE FIREPLACE ISN'T ENOUGH TO HEAT AN ENTIRE BUILDING ...,0.7188,dialogue,dialogue,False,62,11,165,0,0,296,185,1.0,0.7,0.6,0.4,,1.0,1.0,0.9795918367346939,1.6,54760,0.0011322132943754565,0.4,1.58,True,True,0.0,0.6021739130434782,11,1.0,0.12043478260869564,1.0,0.316,800,1000,0.6
191,2026-09-28T10:53:47.499660,THE ELDERLY CAN'T HANDLE THAT KIND OF COLD FOR VERY LONG .,0.7943,dialogue,dialogue,False,58,12,166,0,0,339,145,1.0,1.0,0.6,0.7,,1.0,1.0,0.9574468085106383,2.3379310344827586,49155,0.0011799410029498525,0.6363636363636364,1.9454545454545453,True,True,0.0,0.9255813953488371,12,1.0,0.1851162790697674,1.0,0.38909090909090904,800,1000,0.6
192,2026-09-28T10:53:47.499779,STEP,0.4392,background,background,False,4,1,167,0,0,191,115,1.0,0.7,1.0,0.0,,1.0,0.2,1.0,1.6608695652173913,21965,0.0001821078989301161,0.0,0.5,False,False,0.0,0.3,1,0.6,0.06,0.5,0.1,800,1000,0.6
193,2026-09-28T10:53:47.499894,STEP UNLESS THEY HAVE ONDOL FLOORS ...,0.6787,,,True,38,7,167,0,0,347,271,1.0,0.7,0.6,0.4,,1.0,1.0,1.0,1.2804428044280443,94037,0.0004040962599827727,0.3333333333333333,1.5999999999999999,True,True,0.0,0.5481481481481482,7,0.6,0.10962962962962963,1.0,0.31999999999999995,800,1000,0.6
194,2026-09-28T10:53:47.500010,PAUSE,0.4495,background,background,False,5,1,168,0,0,217,112,1.0,0.7,1.0,0.0,,1.0,0.2,1.0,1.9375,24304,0.00020572745227123108,0.0,0.5,False,False,0.0,1.0333333333333334,1,0.6,0.2066666666666667,0.5,0.1,800,1000,0.6
195,2026-09-28T10:53:47.500132,0,0.2525,background,background,False,1,1,170,0,0,54,36,0.0,0.7,0.2,0.0,,0.91,0.2,0.0,1.5,1944,0.00051440329218107,0.0,0.5,False,False,0.09,0.3,1,1.0,0.06,0.5,0.1,800,1000,0.6
196,2026-09-28T10:53:47.500268,FLICKER,0.4272,background,background,False,7,1,172,0,0,303,159,1.0,0.7,0.6,0.0,,1.0,0.2,1.0,1.9056603773584906,48177,0.0001452975486227868,0.0,0.5,False,False,0.0,0.3,1,0.6,0.06,0.5,0.1,800,1000,0.6
197,2026-09-28T10:53:47.500413,I'VE GOT IT .,0.6815,,,True,13,4,173,0,0,203,23,1.0,0.3,0.6,0.7,,1.0,1.0,0.8,8.826086956521738,4669,0.00278432212465196,0.6666666666666666,1.7,True,True,0.0,0.7166666666666667,4,0.5,0.14333333333333334,0.75,0.33999999999999997,800,1000,0.6
198,2026-09-28T10:53:47.500540,IT'S ...,0.9522,dialogue,dialogue,False,8,2,174,0,0,88,25,1.0,1.0,0.2,1.0,,1.0,2.0,0.75,3.52,2200,0.0036363636363636364,1.0,2.1,True,True,0.0,0.3,2,0.5,0.06,0.6,0.8,800,1000,0.6
199,2026-09-28T10:53:47.500615,... IT'S LIKE ...,0.7897,dialogue,dialogue,False,17,4,174,0,0,203,25,1.0,0.3,0.6,1.0,,1.0,1.0,0.875,8.12,5075,0.003349753694581281,1.0,2.3,True,True,0.0,0.3,4,0.5,0.06,0.75,0.8,800,1000,0.6
200,2026-09-28T10:53:47.500790,JOLT,0.4212,background,background,False,4,1,175,0,0,661,446,1.0,0.7,0.4,0.0,,1.0,0.2,1.0,1.4820627802690582,294806,1.356824487968359e-05,0.0,0.5,False,False,0.0,0.3,1,0.6,0.06,0.5,0.1,800,1000,0.6
201,2026-09-28T10:53:47.500946,... A LIGHTBULB I WENT OFF IN MY HEAD !,0.8626,dialogue,dialogue,False,39,10,178,0,0,296,106,1.0,1.0,1.0,0.7,,1.0,1.0,0.9629629629629629,2.792452830188679,31376,0.001242988271290158,0.625,2.275,True,True,0.0,0.5458333333333333,10,1.0,0.10916666666666666,1.0,0.8,800,1000,0.6
202,2026-09-28T10:53:47.501062,ZOOM,0.5772,,,True,4,1,180,0,0,373,212,1.0,0.7,0.6,1.0,,1.0,0.2,1.0,1.759433962264151,79076,5.0584248065152515e-05,1.0,0.5,False,False,0.0,0.3,1,0.6,0.06,0.5,0.1,800,1000,0.6
203,2026-09-28T10:53:47.501196,ZOOM,0.6042,,,True,4,1,181,0,0,368,128,1.0,1.0,1.0,1.0,,1.0,0.2,1.0,2.875,47104,8.491847826086956e-05,1.0,0.5,False,False,0.0,0.3,1,0.6,0.06,0.5,0.1,800,1000,0.6
204,2026-09-28T10:53:47.501304,ZOOM,0.5772,,,True,4,1,182,0,0,376,229,1.0,0.7,0.6,1.0,,1.0,0.2,1.0,1.6419213973799127,86104,4.6455449224194e-05,1.0,0.5,False,False,0.0,0.3,1,0.6,0.06,0.5,0.1,800,1000,0.6
205,2026-09-28T10:53:47.501454,THERE ARE NO ONDOL FLOORS HERE !,0.7893,dialogue,dialogue,False,32,7,183,0,0,259,107,1.0,1.0,1.0,0.7,,1.0,1.0,0.9615384615384616,2.4205607476635516,27713,0.0011546927434777903,0.6666666666666666,1.2166666666666666,True,True,0.0,1.2739130434782608,7,1.0,0.25478260869565217,1.0,0.24333333333333332,800,1000,0.6
206,2026-09-28T10:53:47.501512,3 14,0.2865,background,background,False,4,2,183,0,0,133,35,0.0,1.0,0.6,0.0,,0.91,0.2,0.0,3.8,4655,0.0008592910848549946,0.0,0.5,False,False,0.09,0.3,2,1.0,0.06,0.6,0.1,800,1000,0.6
207,2026-09-28T10:53:47.501640,6,0.1825,background,background,False,1,1,184,0,0,12,24,0.0,0.3,0.2,0.0,,0.91,0.2,0.0,0.5,288,0.003472222222222222,0.0,0.5,False,False,0.09,0.3,1,0.5,0.06,0.5,0.1,800,1000,0.6
208,2026-09-28T10:53:47.501794,IF I BUILD THEM IN THIS WORLD ...,0.9108,dialogue,dialogue,False,33,8,185,0,0,226,105,1.0,1.0,1.0,1.0,,1.0,1.0,1.0,2.1523809523809523,23730,0.001390644753476612,1.0,2.585714285714286,True,True,0.0,0.7714285714285714,8,1.0,0.15428571428571428,1.0,0.8,800,1000,0.6
209,2026-09-28T10:53:47.501938,... THEY WOULD DEFINITELY SELL !,0.7506,dialogue,dialogue,False,32,6,186,0,0,282,67,1.0,1.0,1.0,0.7,,1.0,1.0,0.9583333333333334,4.208955223880597,18894,0.0016936593627606647,0.75,1.85,True,True,0.0,0.719047619047619,6,0.5,0.1438095238095238,1.0,0.37,800,1000,0.6
210,2026-09-28T10:53:47.502100,THE HOOLIGAN LLOYD FRONTERA COULD NEVER DREAM OF THIS STUFF !,0.8026,dialogue,dialogue,False,61,11,187,0,0,422,108,1.0,1.0,1.0,0.7,,1.0,1.0,0.9803921568627451,3.9074074074074074,45576,0.0013384237317886607,0.5,1.85,True,True,0.0,0.8666666666666667,11,1.0,0.17333333333333334,1.0,0.37,800,1000,0.6
211,2026-09-28T10:53:47.502233,"BUT THE REAL ME , SUHO KIM , CAN !",0.8702,dialogue,dialogue,False,34,10,188,0,0,259,109,1.0,1.0,1.0,0.7,,1.0,1.0,0.88,2.376146788990826,28231,0.0012043498282030393,0.5714285714285714,2.1714285714285713,True,True,0.0,1.085,10,1.0,0.217,1.0,0.8,800,1000,0.6
212,2026-09-28T10:53:47.502380,IN SCHOOL I MAJORED IN CIVIL ENGINEERING !,0.816,dialogue,dialogue,False,42,8,190,0,0,339,107,1.0,1.0,1.0,0.4,,1.0,1.0,0.9714285714285714,3.1682242990654204,36273,0.0011578860309320984,0.42857142857142855,2.142857142857143,True,True,0.0,0.425,8,1.0,0.08499999999999999,1.0,0.8,800,1000,0.6
213,2026-09-28T10:53:47.502571,20 . 1 -S Mrdr TA El 6 ) BB ' B A . BB ' B ( 935 ) AB El B . 2 2445 . and,0.5311,,,True,73,28,191,0,0,362,342,0.8,0.7,0.4,0.03529411764705882,,1.0,0.6,0.6666666666666666,1.0584795321637428,123804,0.0005896416917062454,0.11764705882352941,0.9705882352941176,True,False,0.0,0.4772727272727273,28,1.0,0.09545454545454546,0.9,0.19411764705882353,800,1000,0.6
214,2026-09-28T10:53:47.502645,30,0.1825,background,background,False,2,1,191,0,0,16,14,0.0,0.7,0.2,0.0,,0.91,0.2,0.0,1.1428571428571428,224,0.008928571428571428,0.0,0.5,False,False,0.09,0.3,1,0.3,0.06,0.5,0.1,800,1000,0.6
215,2026-09-28T10:53:47.502742,2445 9.16 ( 8 ) - ( 9 ) ( 1 - ) 2.19 . E,0.5152,,,True,40,16,191,0,0,307,276,1.0,0.7,0.6,0.0,,1.0,0.6,1.0,1.1123188405797102,84732,0.00047207666525043664,0.0,0.5,True,False,0.0,0.3,16,0.6,0.06,0.9,0.1,800,1000,0.6
216,2026-09-28T10:53:47.502822,B,0.3852,background,background,False,1,1,191,0,0,15,11,1.0,0.7,0.2,0.0,,1.0,0.2,1.0,1.3636363636363635,165,0.006060606060606061,0.0,0.5,False,False,0.0,0.3,1,0.3,0.06,0.5,0.1,800,1000,0.6
217,2026-09-28T10:53:47.502977,"DURING MY TIME AS A MILITARY ENGINEER IN THE ARMY , I CONSTRUCTED A HOUSE ALL BY MYSELF !",0.8453,dialogue,dialogue,False,89,19,191,0,0,430,186,1.0,1.0,0.6,0.7,,1.0,1.0,0.971830985915493,2.3118279569892475,79980,0.0011127781945486372,0.6470588235294118,2.4705882352941178,True,True,0.0,0.6611940298507463,19,1.0,0.13223880597014925,0.9,0.8,800,1000,0.6
218,2026-09-28T10:53:47.503143,"I'VE WORKED DAY AND NIGHT WORKING AT CONSTRUCTION SITES , TOO !",0.7723,dialogue,dialogue,False,63,12,192,0,0,426,145,1.0,1.0,0.6,0.7,,1.0,1.0,0.9423076923076923,2.9379310344827587,61770,0.0010199125789218067,0.5,1.22,True,True,0.0,0.9106382978723404,12,1.0,0.18212765957446808,1.0,0.244,800,1000,0.6
219,2026-09-28T10:53:47.503301,"THIS IS IT ! WITH THIS , I CAN SETTLE ALL OF THE BARON'S DEBTS !",0.8497,dialogue,dialogue,False,64,16,194,0,0,401,145,1.0,1.0,0.6,0.7,,1.0,1.0,0.9183673469387755,2.7655172413793103,58145,0.0011006965345257546,0.7692307692307693,2.8076923076923075,True,True,0.0,0.9767441860465116,16,1.0,0.19534883720930232,0.9,0.8,800,1000,0.6
220,2026-09-28T10:53:47.503444,JAVIER ! LET'S GO BACK TO THE PUB !,0.8129,dialogue,dialogue,False,35,9,196,0,0,301,105,1.0,1.0,1.0,0.7,,1.0,1.0,0.8888888888888888,2.8666666666666667,31605,0.0011074197120708748,0.5714285714285714,2.257142857142857,True,True,0.0,0.49090909090909085,9,1.0,0.09818181818181818,0.3,0.8,800,1000,0.6
221,2026-09-28T10:53:47.503507,MA,0.3852,background,background,False,2,1,196,0,0,20,15,1.0,0.7,0.2,0.0,,1.0,0.2,1.0,1.3333333333333333,300,0.006666666666666667,0.0,0.5,False,False,0.0,0.3,1,0.3,0.06,0.5,0.1,800,1000,0.6
222,2026-09-28T10:53:47.503598,AND WHY IS THAT ?,0.8514,dialogue,dialogue,False,17,5,196,0,0,161,65,1.0,1.0,1.0,1.0,,1.0,1.0,0.9230769230769231,2.476923076923077,10465,0.0016244624940277114,1.0,2.45,True,True,0.0,1.35,5,0.5,0.27,0.75,0.8,800,1000,0.6
223,2026-09-28T10:53:47.503714,Tr,0.4202,background,background,False,2,1,197,0,0,42,21,1.0,1.0,0.2,0.0,,1.0,0.2,1.0,2.0,882,0.0022675736961451248,0.0,0.5,False,False,0.0,0.3,1,0.5,0.06,0.5,0.1,800,1000,0.6
224,2026-09-28T10:53:47.503807,STRIDE STRIDE,0.4282,background,background,False,13,2,197,0,0,706,442,1.0,0.7,0.4,0.0,,1.0,0.2,1.0,1.5972850678733033,312052,4.1659723379436764e-05,0.0,0.5,False,False,0.0,0.3,2,0.6,0.06,0.6,0.1,800,1000,0.6
225,2026-09-28T10:53:47.503949,TO GET MY FIRST ORDER !,0.9042,dialogue,dialogue,False,23,6,198,0,0,304,92,1.0,1.0,1.0,1.0,,1.0,1.0,0.9444444444444444,3.3043478260869565,27968,0.0008223684210526315,0.8,2.58,True,True,0.0,0.3,6,1.0,0.06,1.0,0.8,800,1000,0.6
226,2026-09-28T10:53:47.504056,DENG,0.4272,background,background,False,4,1,199,0,0,289,174,1.0,0.7,0.6,0.0,,1.0,0.2,1.0,1.660919540229885,50286,7.954500258521259e-05,0.0,0.5,False,False,0.0,0.3,1,0.6,0.06,0.5,0.1,800,1000,0.6
227,2026-09-28T10:53:47.504193,NOTIFICATION,0.4729,,,True,12,1,200,0,0,300,33,1.0,0.3,1.0,0.0,,1.0,0.2,1.0,9.090909090909092,9900,0.0012121212121212121,0.0,0.5,False,False,0.0,1.2799999999999998,1,1.0,0.25599999999999995,0.5,0.1,800,1000,0.6
228,2026-09-28T10:53:47.504297,YOUR TRUE JOURNEY HAS BEGUN ! DONG,0.5908,,,True,34,7,200,0,0,508,319,1.0,0.7,0.4,0.4,,1.0,0.6,0.9642857142857143,1.5924764890282133,162052,0.0002098091970478612,0.3333333333333333,0.7999999999999999,True,False,0.0,0.7,7,0.6,0.13999999999999999,1.0,0.15999999999999998,800,1000,0.6
229,2026-09-28T10:53:47.504411,DING RP SYSTEM HAS BEEN ACTIVATED . ( RP RELATIONSHIP,0.5344,,,True,53,10,200,0,0,471,306,1.0,0.7,0.4,0.075,,1.0,0.6,0.9767441860465116,1.5392156862745099,144126,0.0003677337884906263,0.25,0.5,True,False,0.0,0.7975,10,0.6,0.1595,1.0,0.1,800,1000,0.6
230,2026-09-28T10:53:47.504552,POINTS ),0.4392,background,background,False,8,2,201,0,0,132,32,1.0,1.0,0.6,0.0,,1.0,0.2,0.8571428571428571,4.125,4224,0.001893939393939394,0.0,0.5,False,False,0.0,0.3,2,0.5,0.06,0.6,0.1,800,1000,0.6
231,2026-09-28T10:53:47.504676,YOU CAN EARN RP BY IMPROVING RELATIONSHIPS WITH KEY CHARACTERS . DONG,0.6172,,,True,69,12,201,0,0,502,377,1.0,0.7,0.4,0.4,,1.0,0.6,0.9827586206896551,1.3315649867374004,189254,0.00036458938780686276,0.36363636363636365,1.5636363636363635,True,False,0.0,0.9527272727272728,12,0.6,0.19054545454545455,1.0,0.3127272727272727,800,1000,0.6
232,2026-09-28T10:53:47.504754,DING CURRENT RP 0 TOTAL,0.4453,background,background,False,23,5,201,0,0,413,259,1.0,0.7,0.4,0.0,,1.0,0.2,0.9473684210526315,1.5945945945945945,106967,0.0002150195854796339,0.0,0.5,False,False,0.0,0.7687499999999999,5,0.6,0.15375,0.75,0.1,800,1000,0.6
233,2026-09-28T10:53:47.504916,MOTADIRION HV2 BEEM HH2 OSTAVITOA B62121EW CAM LORI,0.4837,,,True,51,8,203,0,0,185,425,1.0,0.3,0.6,0.0,,1.0,0.2,1.0,0.43529411764705883,78625,0.0006486486486486486,0.0,0.5,False,False,0.0,0.4057142857142857,8,1.0,0.08114285714285714,1.0,0.1,800,1000,0.6
234,2026-09-28T10:53:47.505008,TO BE CONTINUED .,0.7932,dialogue,dialogue,False,17,4,203,0,0,306,26,1.0,0.3,1.0,0.7,,1.0,1.0,0.9285714285714286,11.76923076923077,7956,0.002136752136752137,0.6666666666666666,3.3333333333333335,True,True,0.0,0.7636363636363637,4,0.5,0.15272727272727274,0.75,1.0,800,1000,0.6
235,2026-09-28T10:53:47.505152,Assistance by : Jini Hyeonseok Noh JQ COMICS,0.5797,,,True,44,8,204,0,0,309,159,1.0,0.7,0.4,0.04285714285714285,,1.0,0.6,0.972972972972973,1.9433962264150944,49131,0.0008955649182797013,0.14285714285714285,0.9285714285714286,True,False,0.0,0.6,8,1.0,0.12,1.0,0.18571428571428572,800,315,0.6
236,2026-09-28T10:53:47.505293,WEAPON !,0.7092,dialogue,dialogue,False,8,2,205,0,0,156,32,1.0,1.0,0.6,0.0,,1.0,2.0,0.8571428571428571,4.875,4992,0.0016025641025641025,0.0,0.5,True,True,0.0,0.3,2,0.5,0.06,0.6,0.1,800,1000,0.6
237,2026-09-28T10:53:47.505378,THIS IS NOT SOME KIND OF STUNT !!,0.8644,dialogue,dialogue,False,33,8,205,0,0,244,116,1.0,1.0,1.0,0.7,,1.0,1.0,0.9230769230769231,2.103448275862069,28304,0.001165912945166761,0.7142857142857143,2.2857142857142856,True,True,0.0,0.6727272727272727,8,1.0,0.13454545454545455,1.0,0.8,800,1000,0.6
238,2026-09-28T10:53:47.505517,"PLEASE , HURRY OUT THROUGH THE FRONT EXITS RIGHT ...",0.7648,dialogue,dialogue,False,52,10,206,0,0,240,210,1.0,0.7,0.6,0.7,,1.0,1.0,0.975,1.1428571428571428,50400,0.0010317460317460319,0.625,1.5375,True,True,0.0,0.7648648648648649,10,1.0,0.152972972972973,1.0,0.3075,800,1000,0.6
239,2026-09-28T10:53:47.505626,*** --MON,0.4992,,,True,9,2,207,0,0,146,30,1.0,1.0,0.6,0.0,,1.0,0.6,1.0,4.866666666666666,4380,0.002054794520547945,0.0,0.5,True,False,0.0,0.3,2,0.5,0.06,0.6,0.1,800,1000,0.6
240,2026-09-28T10:53:47.505744,SLASH,0.4392,background,background,False,5,1,208,0,0,133,110,1.0,0.7,1.0,0.0,,1.0,0.2,1.0,1.209090909090909,14630,0.0003417634996582365,0.0,0.5,False,False,0.0,0.3,1,0.6,0.06,0.5,0.1,800,1000,0.6
241,2026-09-28T10:53:47.505883,AH ... AHK ...,0.7012,dialogue,dialogue,False,14,4,209,0,0,207,156,1.0,0.7,1.0,0.7,,1.0,1.0,1.0,1.3269230769230769,32292,0.00043354391180478136,0.5,1.15,True,True,0.0,0.3,4,0.6,0.06,0.75,0.22999999999999998,800,1000,0.6
242,2026-09-28T10:53:47.505955,P - PLEASE ...,0.6722,,,True,14,4,209,0,0,201,28,1.0,0.5,0.6,0.7,,1.0,1.0,1.0,7.178571428571429,5628,0.0024875621890547263,0.5,1.25,True,True,0.0,0.3,4,0.5,0.06,0.75,0.25,800,1000,0.6
243,2026-09-28T10:53:47.506071,HELP ...,1.3872,dialogue,dialogue,False,8,2,210,0,0,121,30,1.0,1.0,0.6,1.0,,1.0,2.0,1.0,4.033333333333333,3630,0.0022038567493112946,1.0,1.9,True,True,0.0,0.3,2,0.5,0.06,3.0,2.5,800,1000,0.6
244,2026-09-28T10:53:47.506190,AAHHHHHH !!,0.7062,dialogue,dialogue,False,11,2,211,0,0,284,43,0.8,0.5,1.0,0.0,,1.0,2.0,0.6666666666666666,6.604651162790698,12212,0.0009007533573534229,0.0,0.5,True,True,0.0,0.3,2,1.0,0.06,0.6,0.1,800,1000,0.6
245,2026-09-28T10:53:47.506309,HE'S GONNA KILL US ALL !,0.8041,dialogue,dialogue,False,24,6,212,0,0,264,160,1.0,0.7,1.0,1.0,,1.0,1.0,0.8947368421052632,1.65,42240,0.0005681818181818182,1.0,1.0,True,True,0.0,0.6533333333333334,6,1.0,0.13066666666666668,1.0,0.2,800,1000,0.6
246,2026-09-28T10:53:47.506448,W - WHAT'S HAPPENING ?,0.7024,dialogue,dialogue,False,22,5,213,0,0,206,74,1.0,1.0,1.0,0.4,,1.0,1.0,0.8823529411764706,2.7837837837837838,15244,0.0014431907635791131,0.3333333333333333,0.5,True,True,0.0,1.0615384615384615,5,1.0,0.2123076923076923,0.75,0.1,800,1000,0.6
247,2026-09-28T10:53:47.506514,AAHHHHH,0.4242,background,background,False,7,1,213,0,0,205,182,1.0,0.7,1.0,0.0,,0.5,0.2,1.0,1.1263736263736264,37310,0.0001876172607879925,0.0,0.5,False,False,0.5,0.3,1,0.6,0.06,0.5,0.1,800,1000,0.6
248,2026-09-28T10:53:47.506598,TREMBLE,0.4792,,,True,7,1,213,0,0,122,106,1.0,0.7,1.0,0.0,,1.0,0.2,1.0,1.150943396226415,12932,0.0005412929167955459,0.0,0.5,False,False,0.0,0.3,1,1.0,0.06,0.5,0.1,800,1000,0.6
249,2026-09-28T10:53:47.506678,TREMBLE,0.4792,,,True,7,1,213,0,0,133,80,1.0,0.7,1.0,0.0,,1.0,0.2,1.0,1.6625,10640,0.0006578947368421052,0.0,0.5,False,False,0.0,0.3,1,1.0,0.06,0.5,0.1,800,1000,0.6
250,2026-09-28T10:53:47.506825,IS THIS ... REALLY HAPPENING ?,0.7735,dialogue,dialogue,False,30,6,214,0,0,207,120,1.0,0.7,1.0,0.7,,1.0,1.0,0.9545454545454546,1.725,24840,0.0012077294685990338,0.75,1.275,True,True,0.0,1.0894736842105264,6,1.0,0.21789473684210528,1.0,0.255,800,1000,0.6
251,2026-09-28T10:53:47.506890,SHAKE,0.4672,,,True,5,1,214,0,0,94,56,1.0,0.7,0.6,0.0,,1.0,0.2,1.0,1.6785714285714286,5264,0.0009498480243161094,0.0,0.5,False,False,0.0,0.3,1,1.0,0.06,0.5,0.1,800,1000,0.6
252,2026-09-28T10:53:47.506969,QUIVER,0.4981,,,True,6,1,214,0,0,105,66,1.0,0.7,1.0,0.0,,1.0,0.2,1.0,1.5909090909090908,6930,0.0008658008658008658,0.0,0.5,False,False,0.0,1.65,1,1.0,0.32999999999999996,0.5,0.1,800,1000,0.6
253,2026-09-28T10:53:47.507121,DID A PERSON JUST DIE RIGHT NOW ?,0.8093,dialogue,dialogue,False,33,8,215,0,0,304,165,1.0,0.7,0.6,1.0,,1.0,1.0,0.9615384615384616,1.8424242424242425,50160,0.0006578947368421052,1.0,1.5857142857142856,True,True,0.0,0.6260869565217392,8,1.0,0.12521739130434784,1.0,0.3171428571428571,800,1000,0.6
254,2026-09-28T10:53:47.507255,SHIT ...,0.7092,dialogue,dialogue,False,8,2,216,0,0,109,33,1.0,1.0,0.6,0.0,,1.0,2.0,1.0,3.303030303030303,3597,0.0022240756185710315,0.0,0.5,True,True,0.0,0.3,2,0.5,0.06,0.6,0.1,800,1000,0.6
255,2026-09-28T10:53:47.507334,I HAVE TO GET OUT OF HERE ...,0.927,dialogue,dialogue,False,29,8,216,0,0,202,121,1.0,0.7,1.0,1.0,,1.0,1.0,1.0,1.6694214876033058,24442,0.0011864822845920955,1.0,3.3857142857142857,True,True,0.0,0.8588235294117647,8,1.0,0.17176470588235293,1.0,1.0,800,1000,0.6
256,2026-09-28T10:53:47.507400,AAHHH,0.4522,,,True,5,1,216,0,0,85,58,1.0,0.7,0.6,0.0,,0.5,0.2,1.0,1.4655172413793103,4930,0.0010141987829614604,0.0,0.5,False,False,0.5,0.3,1,1.0,0.06,0.5,0.1,800,1000,0.6
257,2026-09-28T10:53:47.507480,SHUDDER,0.4592,,,True,7,1,216,0,0,102,109,1.0,0.3,1.0,0.0,,1.0,0.2,1.0,0.9357798165137615,11118,0.0006296096420219464,0.0,0.5,False,False,0.0,0.3,1,1.0,0.06,0.5,0.1,800,1000,0.6
258,2026-09-28T10:53:47.507558,SHUDDER,0.4942,,,True,7,1,216,0,0,123,59,1.0,1.0,1.0,0.0,,1.0,0.2,1.0,2.0847457627118646,7257,0.0009645859170456111,0.0,0.5,False,False,0.0,0.3,1,1.0,0.06,0.5,0.1,800,1000,0.6
259,2026-09-28T10:53:47.507639,BUT MIHUI ...,0.7547,dialogue,dialogue,False,13,3,216,0,0,204,27,1.0,0.5,0.6,0.7,,1.0,1.0,1.0,7.555555555555555,5508,0.0023602033405954975,0.5,2.05,True,True,0.0,0.3,3,0.5,0.06,0.75,0.8,800,1000,0.6
260,2026-09-28T10:53:47.507766,"AH , FOUND IT .",0.8417,dialogue,dialogue,False,15,5,219,0,0,161,73,1.0,1.0,1.0,0.7,,1.0,1.0,0.8181818181818182,2.2054794520547945,11753,0.0012762698885390965,0.6666666666666666,2.1333333333333333,True,True,0.0,0.3,5,1.0,0.06,0.75,0.8,800,1000,0.6
261,2026-09-28T10:53:47.507832,PREY .,0.6212,,,True,6,2,219,0,0,187,57,1.0,1.0,1.0,0.0,,1.0,1.0,0.8,3.280701754385965,10659,0.0005629045876723895,0.0,0.5,True,True,0.0,0.3,2,1.0,0.06,0.6,0.1,800,1000,0.6
262,2026-09-28T10:53:47.507946,CRUSH,0.4212,background,background,False,5,1,224,0,0,515,306,1.0,0.7,0.4,0.0,,1.0,0.2,1.0,1.6830065359477124,157590,3.172790151659369e-05,0.0,0.5,False,False,0.0,0.3,1,0.6,0.06,0.5,0.1,800,1000,0.6
263,2026-09-28T10:53:47.508026,TUIC,0.4052,background,background,False,4,1,224,0,0,71,14,1.0,0.7,0.2,0.0,,1.0,0.2,1.0,5.071428571428571,994,0.004024144869215292,0.0,0.5,False,False,0.0,0.3,1,0.5,0.06,0.5,0.1,800,1000,0.6
264,2026-09-28T10:53:47.508170,THIS CAN'T BE REAL ...,0.8428,dialogue,dialogue,False,22,5,225,0,0,151,119,1.0,0.7,1.0,0.7,,1.0,1.0,0.9333333333333333,1.26890756302521,17969,0.0012243307919194168,0.75,2.35,True,True,0.0,1.45,5,1.0,0.29,0.75,0.8,800,1000,0.6
265,2026-09-28T10:53:47.508235,TREMBLE,0.4792,,,True,7,1,225,0,0,133,90,1.0,0.7,1.0,0.0,,1.0,0.2,1.0,1.4777777777777779,11970,0.0005847953216374269,0.0,0.5,False,False,0.0,0.3,1,1.0,0.06,0.5,0.1,800,1000,0.6
266,2026-09-28T10:53:47.508314,TREMBLE,0.4792,,,True,7,1,225,0,0,134,85,1.0,0.7,1.0,0.0,,1.0,0.2,1.0,1.576470588235294,11390,0.0006145741878841089,0.0,0.5,False,False,0.0,0.3,1,1.0,0.06,0.5,0.1,800,1000,0.6
267,2026-09-28T10:53:47.508391,YOUR,0.6987,,,True,4,1,225,0,0,92,18,1.0,0.7,0.2,1.0,,1.0,0.2,1.0,5.111111111111111,1656,0.0024154589371980675,1.0,2.3,False,False,0.0,3.05,1,0.5,0.61,0.5,0.8,800,1000,0.6
268,2026-09-28T10:53:47.508505,HANDS ...,0.7274,dialogue,dialogue,False,9,2,226,0,0,148,31,1.0,1.0,0.6,0.0,,1.0,2.0,1.0,4.774193548387097,4588,0.001961639058413252,0.0,0.5,True,True,0.0,1.5999999999999999,2,0.5,0.31999999999999995,0.6,0.1,800,1000,0.6
269,2026-09-28T10:53:47.508567,ASH,0.4392,background,background,False,3,1,226,0,0,165,110,1.0,0.7,1.0,0.0,,1.0,0.2,1.0,1.5,18150,0.00016528925619834712,0.0,0.5,False,False,0.0,0.3,1,0.6,0.06,0.5,0.1,800,1000,0.6
270,2026-09-28T10:53:47.508701,WHAT THE FUCK ?,0.8574,dialogue,dialogue,False,15,4,227,0,0,185,75,1.0,1.0,1.0,0.7,,1.0,1.0,0.9166666666666666,2.466666666666667,13875,0.001081081081081081,0.6666666666666666,2.8000000000000003,True,True,0.0,1.4222222222222223,4,1.0,0.28444444444444444,0.75,0.8,800,1000,0.6
271,2026-09-28T10:53:47.508836,WHAT THE HELL IS GOING ON ?,0.902,dialogue,dialogue,False,27,7,228,0,0,208,119,1.0,0.7,1.0,1.0,,1.0,1.0,0.9523809523809523,1.7478991596638656,24752,0.0010908209437621203,0.8333333333333334,2.216666666666667,True,True,0.0,1.2111111111111112,7,1.0,0.24222222222222226,1.0,0.8,800,1000,0.6
272,2026-09-28T10:53:47.508902,SHUDDER,0.4542,,,True,7,1,228,0,0,327,139,1.0,1.0,1.0,0.0,,1.0,0.2,1.0,2.352517985611511,45453,0.00015400523617803004,0.0,0.5,False,False,0.0,0.3,1,0.6,0.06,0.5,0.1,800,1000,0.6
273,2026-09-28T10:53:47.509032,WHAT ...,1.4285,dialogue,dialogue,False,8,2,229,0,0,131,30,1.0,1.0,0.6,1.0,,1.0,2.0,1.0,4.366666666666666,3930,0.002035623409669211,1.0,2.9,True,True,0.0,3.25,2,0.5,0.65,3.0,2.5,800,1000,0.6
274,2026-09-28T10:53:47.509160,WHAT KIND OF MONSTER IS THIS ?!,0.871,dialogue,dialogue,False,31,7,230,0,0,268,120,1.0,1.0,1.0,0.7,,1.0,1.0,0.92,2.2333333333333334,32160,0.0009639303482587065,0.6666666666666666,2.1,True,True,0.0,1.1428571428571428,7,1.0,0.22857142857142856,1.0,0.8,800,1000,0.6
275,2026-09-28T10:53:47.509329,YOU LOOK LIKE YOU'VE JUST SEEN A GHOST . HAVEN'T MET AN INSECT HUMAN LIKE YOURSELF YET ?,0.7119,dialogue,dialogue,False,88,18,231,0,0,533,345,1.0,0.7,0.4,0.7,,1.0,1.0,0.9436619718309859,1.5449275362318842,183885,0.00047855996954618377,0.5625,1.5875,True,True,0.0,0.66,18,0.6,0.132,0.9,0.3175,800,1000,0.6
276,2026-09-28T10:53:47.509483,"YOU'RE NOT THE ONLY ONE WHO USED IT , THAT GODDAMN BUG SPRAY .",0.8144,dialogue,dialogue,False,62,14,232,0,0,329,338,1.0,0.3,0.4,0.7,,1.0,1.0,0.9387755102040817,0.9733727810650887,111202,0.000557543929066024,0.5833333333333334,2.308333333333333,True,True,0.0,0.8886363636363637,14,1.0,0.17772727272727273,1.0,0.8,800,1000,0.6
277,2026-09-28T10:53:47.509598,STEP,0.4672,,,True,4,1,233,0,0,70,43,1.0,0.7,0.6,0.0,,1.0,0.2,1.0,1.627906976744186,3010,0.00132890365448505,0.0,0.5,False,False,0.0,0.3,1,1.0,0.06,0.5,0.1,800,1000,0.6
278,2026-09-28T10:53:47.509687,THAT JUNGLE JUICE .,0.7368,dialogue,dialogue,False,19,4,233,0,0,318,82,1.0,1.0,1.0,0.4,,1.0,1.0,0.9375,3.8780487804878048,26076,0.0007286393618653168,0.3333333333333333,1.7666666666666666,True,True,0.0,0.8076923076923077,4,1.0,0.16153846153846155,0.75,0.35333333333333333,800,1000,0.6
279,2026-09-28T10:53:47.509809,JUNGLE JUICE ... ?,0.5967,,,True,18,4,234,0,0,413,51,1.0,0.3,1.0,0.0,,1.0,1.0,0.9166666666666666,8.098039215686274,21063,0.0008545791197835066,0.0,0.5,True,True,0.0,0.3,4,1.0,0.06,0.75,0.1,800,1000,0.6
280,2026-09-28T10:53:47.509945,HE CAN'T BE TALKING ABOUT ...,0.9013,dialogue,dialogue,False,29,6,235,0,0,430,113,1.0,1.0,0.6,1.0,,1.0,1.0,0.9523809523809523,3.8053097345132745,48590,0.0005968306235850998,0.8,2.46,True,True,0.0,0.9500000000000001,6,1.0,0.19,1.0,0.8,800,1000,0.6
281,2026-09-28T10:53:47.510089,ONCE I TURNED INTO THIS THING AFTER USING THAT SPRAY ...,0.7946,dialogue,dialogue,False,56,11,236,0,0,335,163,1.0,1.0,0.6,0.7,,1.0,1.0,1.0,2.0552147239263805,54605,0.0010255471110704147,0.6,1.89,True,True,0.0,1.0634146341463415,11,1.0,0.21268292682926832,1.0,0.378,800,1000,0.6
282,2026-09-28T10:53:47.510232,... I DEVELOPED A SPECIAL KNACK FOR CERTAIN SMELLS .,0.7551,dialogue,dialogue,False,52,10,237,0,0,343,119,1.0,1.0,1.0,0.4,,1.0,1.0,0.975,2.8823529411764706,40817,0.0012739789793468409,0.375,1.9,True,True,0.0,0.5783783783783784,10,1.0,0.11567567567567567,1.0,0.38,800,1000,0.6
283,2026-09-28T10:53:47.510398,"THIS SWEET , DELICIOUS SCENT ... IT DRIVES US CARNIVOROUS INSECTS MAD WITH HUNGER .",0.6869,,,True,83,15,238,0,0,351,381,1.0,0.3,0.4,0.4,,1.0,1.0,0.9696969696969697,0.9212598425196851,133731,0.0006206489146121692,0.3333333333333333,1.3416666666666668,True,True,0.0,0.6903225806451613,15,1.0,0.13806451612903226,1.0,0.26833333333333337,800,1000,0.6
284,2026-09-28T10:53:47.510508,DO YOU,0.7391,dialogue,dialogue,False,6,2,239,0,0,127,27,1.0,1.0,0.6,1.0,,1.0,0.2,1.0,4.703703703703703,3429,0.0017497812773403325,1.0,3.75,False,False,0.0,1.3666666666666665,2,0.5,0.2733333333333333,0.6,1.0,800,1000,0.6
285,2026-09-28T10:53:47.510662,HAVE ANY IDEA HOW SWEET BUGS TASTE TO A FELLOW BUG LIKE ME ?,0.7833,dialogue,dialogue,False,60,14,240,0,0,343,163,1.0,1.0,0.6,0.7,,1.0,1.0,0.9787234042553191,2.104294478527607,55909,0.001073172476703214,0.5384615384615384,1.8461538461538463,True,True,0.0,0.3522727272727273,14,1.0,0.07045454545454546,1.0,0.36923076923076925,800,609,0.6
286,2026-09-28T10:53:47.510785,ABSOLUTELY ...,0.7362,dialogue,dialogue,False,14,2,241,0,0,346,40,1.0,0.3,1.0,0.0,,1.0,2.0,1.0,8.65,13840,0.0010115606936416184,0.0,0.5,True,True,0.0,0.3,2,1.0,0.06,0.6,0.1,800,1000,0.6
287,2026-09-28T10:53:47.510900,... MOUTHWATERING !!,0.6136,,,True,20,3,242,0,0,546,45,1.0,0.3,1.0,0.0,,1.0,1.0,0.8666666666666667,12.133333333333333,24570,0.000814000814000814,0.0,0.5,True,True,0.0,1.5090909090909093,3,1.0,0.3018181818181819,0.75,0.1,800,1000,0.6
288,2026-09-28T10:53:47.511011,SWISH,0.4392,background,background,False,5,1,245,0,0,227,185,1.0,0.7,1.0,0.0,,1.0,0.2,1.0,1.227027027027027,41995,0.00011906179307060365,0.0,0.5,False,False,0.0,0.3,1,0.6,0.06,0.5,0.1,800,1000,0.6
289,2026-09-28T10:53:47.511092,TUMBLE,0.4792,,,True,6,1,245,0,0,130,81,1.0,0.7,1.0,0.0,,1.0,0.2,1.0,1.6049382716049383,10530,0.0005698005698005698,0.0,0.5,False,False,0.0,0.3,1,1.0,0.06,0.5,0.1,800,1000,0.6
290,2026-09-28T10:53:47.511227,SUCHAN !!,0.6942,,,True,9,2,246,0,0,179,32,1.0,0.7,0.6,0.0,,1.0,2.0,0.75,5.59375,5728,0.0015712290502793297,0.0,0.5,True,True,0.0,0.3,2,0.5,0.06,0.6,0.1,800,1000,0.6
291,2026-09-28T10:53:47.511341,MIHUI ... ? !,0.5347,,,True,13,4,247,0,0,162,27,1.0,0.3,0.6,0.0,,1.0,1.0,0.7142857142857143,6.0,4374,0.002972107910379515,0.0,0.5,True,True,0.0,0.3,4,0.5,0.06,0.75,0.1,800,1000,0.6
292,2026-09-28T10:53:47.511487,"I CAME OUT OF THE BATHROOM ,",0.7894,dialogue,dialogue,False,28,7,248,0,0,201,121,1.0,0.7,1.0,0.7,,1.0,0.6,0.9545454545454546,1.6611570247933884,24321,0.001151268451132766,0.6666666666666666,2.9333333333333336,True,False,0.0,0.6736842105263158,7,1.0,0.13473684210526315,1.0,0.8,800,1000,0.6
293,2026-09-28T10:53:47.511573,AND THEY TOLD EVERYONE TO EVACUATE ...,0.869,dialogue,dialogue,False,38,7,248,0,0,273,118,1.0,1.0,1.0,0.7,,1.0,1.0,1.0,2.3135593220338984,32214,0.0011796113491028745,0.5,2.35,True,True,0.0,1.0,7,1.0,0.2,1.0,0.8,800,1000,0.6
294,2026-09-28T10:53:47.511636,TREM,0.4672,,,True,4,1,248,0,0,87,66,1.0,0.7,0.6,0.0,,1.0,0.2,1.0,1.3181818181818181,5742,0.0006966213862765587,0.0,0.5,False,False,0.0,0.3,1,1.0,0.06,0.5,0.1,800,1000,0.6
295,2026-09-28T10:53:47.511761,BLE,0.4052,background,background,False,3,1,249,0,0,48,41,1.0,0.7,0.2,0.0,,1.0,0.2,1.0,1.170731707317073,1968,0.001524390243902439,0.0,0.5,False,False,0.0,0.3,1,0.5,0.06,0.5,0.1,800,1000,0.6
296,2026-09-28T10:53:47.511842,TREMBLE,0.4792,,,True,7,1,249,0,0,133,97,1.0,0.7,1.0,0.0,,1.0,0.2,1.0,1.3711340206185567,12901,0.0005425935973955507,0.0,0.5,False,False,0.0,0.3,1,1.0,0.06,0.5,0.1,800,1000,0.6
297,2026-09-28T10:53:47.511943,... BUT I COULDN'T FIND YOU ANYWHERE .,0.9124,dialogue,dialogue,False,38,8,249,0,0,282,118,1.0,1.0,1.0,1.0,,1.0,1.0,0.9285714285714286,2.389830508474576,33276,0.0011419641783868254,0.8333333333333334,2.183333333333333,True,True,0.0,0.8875000000000001,8,1.0,0.17750000000000002,1.0,0.8,800,1000,0.6
298,2026-09-28T10:53:47.512052,CLENCH,0.4792,,,True,6,1,250,0,0,106,80,1.0,0.7,1.0,0.0,,1.0,0.2,1.0,1.325,8480,0.0007075471698113207,0.0,0.5,False,False,0.0,0.3,1,1.0,0.06,0.5,0.1,800,1000,0.6
299,2026-09-28T10:53:47.512185,THUD DD,0.5712,,,True,7,2,251,0,0,84,116,1.0,0.3,1.0,0.7,,1.0,0.2,1.0,0.7241379310344828,9744,0.0007183908045977011,0.5,0.5,False,False,0.0,0.3,2,1.0,0.06,0.6,0.1,800,1000,0.6
300,2026-09-28T10:53:47.512337,CLATTER FOOLISH LITTLE BITCH .,0.645,,,True,30,5,251,0,0,352,131,1.0,1.0,1.0,0.075,,1.0,1.0,0.9615384615384616,2.687022900763359,46112,0.0006505898681471201,0.25,0.5,True,True,0.0,0.4434782608695652,5,1.0,0.08869565217391304,0.75,0.1,800,1000,0.6
301,2026-09-28T10:53:47.512400,EECH,0.4192,background,background,False,4,1,251,0,0,147,221,1.0,0.3,1.0,0.0,,1.0,0.2,1.0,0.665158371040724,32487,0.00012312617354634162,0.0,0.5,False,False,0.0,0.3,1,0.6,0.06,0.5,0.1,800,1000,0.6
302,2026-09-28T10:53:47.512530,SCRE,0.4192,background,background,False,4,1,252,0,0,140,228,1.0,0.3,1.0,0.0,,1.0,0.2,1.0,0.6140350877192983,31920,0.00012531328320802005,0.0,0.5,False,False,0.0,0.3,1,0.6,0.06,0.5,0.1,800,1000,0.6
303,2026-09-28T10:53:47.512610,SCREECH,0.4072,background,background,False,7,1,252,0,0,200,245,1.0,0.3,0.6,0.0,,1.0,0.2,1.0,0.8163265306122449,49000,0.00014285714285714287,0.0,0.5,False,False,0.0,0.3,1,0.6,0.06,0.5,0.1,800,1000,0.6
304,2026-09-28T10:53:47.512717,NO ONE INTERRUPTS MY PRECIOUS MEALTIME !,0.7209,dialogue,dialogue,False,40,7,252,0,0,306,219,1.0,0.7,0.6,0.4,,1.0,1.0,0.9705882352941176,1.3972602739726028,67014,0.0005968902020473334,0.3333333333333333,1.6666666666666667,True,True,0.0,0.5645161290322581,7,1.0,0.11290322580645162,1.0,0.33333333333333337,800,1000,0.6
305,2026-09-28T10:53:47.512829,RUN !!,0.8192,dialogue,dialogue,False,6,2,253,0,0,99,28,0.8,1.0,0.6,1.0,,1.0,2.0,0.6,3.5357142857142856,2772,0.0021645021645021645,1.0,0.5,True,True,0.0,0.3,2,0.5,0.06,0.6,0.1,800,1000,0.6
306,2026-09-28T10:53:47.512954,"GET OUT OF HERE , MIHUI !!",0.8981,dialogue,dialogue,False,26,7,254,0,0,157,117,1.0,0.7,1.0,1.0,,1.0,1.0,0.85,1.3418803418803418,18369,0.0014154281670205238,0.8,2.2199999999999998,True,True,0.0,0.9333333333333333,7,1.0,0.18666666666666668,1.0,0.8,800,1000,0.6
307,2026-09-28T10:53:47.513069,HURRY ...,0.7092,dialogue,dialogue,False,9,2,256,0,0,151,36,1.0,1.0,0.6,0.0,,1.0,2.0,1.0,4.194444444444445,5436,0.0016556291390728477,0.0,0.5,True,True,0.0,0.3,2,0.5,0.06,0.6,0.1,800,1000,0.6
308,2026-09-28T10:53:47.513264,"NO , MISS . NO ONE CAN ENTER . WHAT'S THERE'S AN ARMED MAN IN ON ? GOING THAT BUILDING WOW RIGHT NOW ... UNBELIEVABLE WOMAN",0.658,,,True,123,26,257,0,0,776,424,1.0,0.7,0.4,0.7,,1.0,0.6,0.9368421052631579,1.830188679245283,329024,0.0003738329118848473,0.6666666666666666,1.6857142857142857,True,False,0.0,0.8850574712643678,26,0.6,0.17701149425287357,0.9,0.33714285714285713,800,1000,0.6
309,2026-09-28T10:53:47.513412,TH KEEPS TRYING INSIDE GGV GET HEARTH PHARMACY ....,0.5932,,,True,51,9,258,0,0,548,327,1.0,0.7,0.4,0.0375,,1.0,1.0,1.0,1.6758409785932722,179196,0.00028460456706622914,0.125,0.775,True,True,0.0,0.5216216216216216,9,0.6,0.10432432432432433,1.0,0.155,800,1000,0.6
310,2026-09-28T10:53:47.513499,CLAMOR,0.4392,background,background,False,6,1,258,0,0,225,211,1.0,0.7,1.0,0.0,,1.0,0.2,1.0,1.066350710900474,47475,0.0001263823064770932,0.0,0.5,False,False,0.0,0.3,1,0.6,0.06,0.5,0.1,800,1000,0.6
311,2026-09-28T10:53:47.513612,CLAMOR BUT I SAW PEOPLE STILL TRAPPED INSIDE !,0.6848,,,True,46,9,258,0,0,600,254,1.0,1.0,0.4,0.4,,1.0,1.0,0.9736842105263158,2.3622047244094486,152400,0.0003018372703412073,0.375,1.5875,True,True,0.0,0.3685714285714286,9,0.6,0.07371428571428572,1.0,0.3175,800,1000,0.6
312,2026-09-28T10:53:47.513770,"IF YOU OFFICERS WON'T GO INSIDE , THEN LET ME GO AND HELP--",0.7164,dialogue,dialogue,False,59,13,259,0,0,281,208,1.0,0.7,0.6,0.7,,1.0,0.6,0.9148936170212766,1.3509615384615385,58448,0.0010094442923624417,0.75,1.9583333333333333,True,False,0.0,0.6926829268292682,13,1.0,0.13853658536585364,1.0,0.39166666666666666,800,1000,0.6
313,2026-09-28T10:53:47.513893,LOOK ! UP THERE !!,0.8885,dialogue,dialogue,False,18,5,260,0,0,136,123,1.0,0.7,1.0,1.0,,1.0,1.0,0.7857142857142857,1.1056910569105691,16728,0.0010760401721664275,1.0,2.6,True,True,0.0,1.5,5,1.0,0.3,0.75,0.8,800,1000,0.6
314,2026-09-28T10:53:47.514014,A PERSON JUST ... !! SHATTER,0.6736,,,True,28,6,261,0,0,649,340,1.0,0.7,0.4,0.7,,1.0,0.6,0.9,1.9088235294117648,220660,0.00012689205111936916,0.75,1.975,True,False,0.0,0.88125,6,0.6,0.17625,1.0,0.395,800,1000,0.6
315,2026-09-28T10:53:47.514131,KYAAHHHH ! OH NO !!,0.7757,dialogue,dialogue,False,19,5,262,0,0,260,93,1.0,1.0,1.0,0.7,,1.0,1.0,0.7692307692307693,2.795698924731183,24180,0.0007857733664185277,0.6666666666666666,1.8,True,True,0.0,0.3,5,1.0,0.06,0.75,0.36,800,1000,0.6
316,2026-09-28T10:53:47.514218,"SO LONG , WORTHLESS PIECE OF HUMAN MEAT .",0.7378,dialogue,dialogue,False,41,9,262,0,0,374,122,1.0,1.0,1.0,0.4,,1.0,1.0,0.9393939393939394,3.0655737704918034,45628,0.0008985710528622775,0.42857142857142855,1.4142857142857141,True,True,0.0,0.38620689655172413,9,1.0,0.07724137931034483,1.0,0.2828571428571428,800,1000,0.6
317,2026-09-28T10:53:47.514333,MIHI !!,0.7312,dialogue,dialogue,False,7,2,263,0,0,154,47,0.8,1.0,1.0,0.0,,1.0,2.0,0.6666666666666666,3.276595744680851,7238,0.0009671179883945841,0.0,0.5,True,True,0.0,0.3,2,1.0,0.06,0.6,0.1,800,932,0.6
318,2026-09-28T10:53:47.514473,"OH , NO ... !! NO , NO , NO !! SHE'LL DIE !!",0.7374,dialogue,dialogue,False,44,14,264,0,0,215,122,0.8,0.7,1.0,1.0,,1.0,1.0,0.6428571428571429,1.7622950819672132,26230,0.001677468547464735,1.0,1.8714285714285714,True,True,0.0,0.44375,14,0.5,0.08875,1.0,0.3742857142857143,800,1000,0.6
319,2026-09-28T10:53:47.514571,WHAT DO I DO ? SHOULD I FLY DOWN AND SAVE HER ?!,0.8842,dialogue,dialogue,False,48,13,264,0,0,242,209,1.0,0.7,0.6,1.0,,1.0,1.0,0.9166666666666666,1.1578947368421053,50578,0.0009490292221914666,0.8181818181818182,2.581818181818182,True,True,0.0,0.8,13,1.0,0.16,1.0,0.8,800,1000,0.6
320,2026-09-28T10:53:47.514676,BUT,0.7552,dialogue,dialogue,False,3,1,265,0,0,67,30,1.0,1.0,0.2,1.0,,1.0,0.2,1.0,2.2333333333333334,2010,0.0014925373134328358,1.0,3.6,False,False,0.0,0.3,1,1.0,0.06,0.5,1.0,800,1000,0.6
321,2026-09-28T10:53:47.514801,I'VE NEVER TRIED FLYING BEFORE ...,0.7485,dialogue,dialogue,False,34,6,266,0,0,220,117,1.0,0.7,1.0,0.7,,1.0,1.0,0.9615384615384616,1.8803418803418803,25740,0.001320901320901321,0.6,0.5,True,True,0.0,0.9608695652173912,6,1.0,0.19217391304347825,1.0,0.1,800,1000,0.6
322,2026-09-28T10:53:47.514872,AND WORST OF ALL ...,0.8654,dialogue,dialogue,False,20,5,266,0,0,181,118,1.0,0.7,1.0,0.7,,1.0,1.0,1.0,1.5338983050847457,21358,0.0009364172675344133,0.75,3.15,True,True,0.0,0.9181818181818181,5,1.0,0.18363636363636363,0.75,1.0,800,1000,0.6
323,2026-09-28T10:53:47.514982,PPA,0.3902,background,background,False,3,1,268,0,0,50,35,1.0,0.7,0.2,0.0,,0.5,0.2,1.0,1.4285714285714286,1750,0.0017142857142857142,0.0,0.5,False,False,0.5,0.3,1,0.5,0.06,0.5,0.1,800,1000,0.6
324,2026-09-28T10:53:47.515128,"IF I WERE TO OPEN MY WINGS RIGHT NOW ,",0.8507,dialogue,dialogue,False,38,10,269,0,0,274,123,1.0,1.0,1.0,1.0,,1.0,0.6,0.9655172413793104,2.227642276422764,33702,0.0011275295234704171,0.8888888888888888,2.1,True,False,0.0,0.7615384615384616,10,1.0,0.1523076923076923,1.0,0.8,800,1000,0.6
325,2026-09-28T10:53:47.515207,WITH ALL THESE PEOPLE ...,0.8404,dialogue,dialogue,False,25,5,269,0,0,188,121,1.0,0.7,1.0,0.7,,1.0,1.0,1.0,1.5537190082644627,22748,0.0010989977140847546,0.75,2.45,True,True,0.0,1.28125,5,1.0,0.25625,0.75,0.8,800,1000,0.6
326,2026-09-28T10:53:47.515317,I ...,0.9792,dialogue,dialogue,False,5,2,270,0,0,63,43,1.0,0.7,0.6,1.0,,1.0,2.0,1.0,1.4651162790697674,2709,0.0018456995201181247,1.0,4.2,True,True,0.0,0.3,2,0.5,0.06,0.6,1.0,800,1000,0.6
327,2026-09-28T10:53:47.515441,MY LIFE WOULD BE ...,0.8896,dialogue,dialogue,False,20,5,271,0,0,214,78,1.0,1.0,1.0,1.0,,1.0,1.0,1.0,2.7435897435897436,16692,0.0011981787682722263,1.0,2.85,True,True,0.0,0.509090909090909,5,1.0,0.10181818181818181,0.75,0.8,800,1000,0.6
328,2026-09-28T10:53:47.515492,00,0.2645,background,background,False,2,1,271,0,0,77,48,0.0,0.7,0.6,0.0,,0.91,0.2,0.0,1.6041666666666667,3696,0.0005411255411255411,0.0,0.5,False,False,0.09,0.3,1,1.0,0.06,0.5,0.1,800,1000,0.6
329,2026-09-28T10:53:47.515617,) HDN31,0.4612,,,True,7,2,273,0,0,171,84,1.0,1.0,1.0,0.0,,1.0,0.2,1.0,2.0357142857142856,14364,0.0004873294346978557,0.0,0.5,False,False,0.0,0.3,2,0.6,0.06,0.6,0.1,800,1000,0.6
330,2026-09-28T10:53:47.515751,"I'M SO SORRY , MIHUI ...",0.7169,dialogue,dialogue,False,24,6,274,0,0,128,120,1.0,0.7,1.0,0.7,,1.0,1.0,0.875,1.0666666666666667,15360,0.0015625,0.75,1.4249999999999998,True,True,0.0,0.3,6,0.5,0.06,1.0,0.285,800,1000,0.6
331,2026-09-28T10:53:47.515860,I JUST CAN'T ...,0.8767,dialogue,dialogue,False,16,4,275,0,0,128,119,1.0,0.7,1.0,1.0,,1.0,1.0,0.9,1.0756302521008403,15232,0.0010504201680672268,1.0,2.3666666666666667,True,True,0.0,0.6571428571428571,4,1.0,0.13142857142857142,0.75,0.8,800,1000,0.6
332,2026-09-28T10:53:47.515981,WHA ...,0.7456,dialogue,dialogue,False,7,2,279,0,0,113,30,1.0,1.0,0.6,0.0,,1.0,2.0,1.0,3.7666666666666666,3390,0.002064896755162242,0.0,0.5,True,True,0.0,2.9,2,0.5,0.58,0.6,0.1,800,1000,0.6
333,2026-09-28T10:53:47.516044,LOOK ... !,0.8247,dialogue,dialogue,False,10,3,279,0,0,138,28,1.0,1.0,0.6,1.0,,1.0,1.0,0.8,4.928571428571429,3864,0.002587991718426501,1.0,2.1,True,True,0.0,0.3,3,0.5,0.06,0.75,0.8,800,1000,0.6
334,2026-09-28T10:53:47.516152,WHAT ?!,1.4505,dialogue,dialogue,False,7,2,280,0,0,174,43,0.8,1.0,1.0,1.0,,1.0,2.0,0.6666666666666666,4.046511627906977,7482,0.0009355787222667736,1.0,2.9,True,True,0.0,3.25,2,1.0,0.65,3.0,2.5,800,1000,0.6
335,2026-09-28T10:53:47.516254,HSOOMS,0.4212,background,background,False,6,1,281,0,0,607,551,1.0,0.7,0.4,0.0,,1.0,0.2,1.0,1.1016333938294012,334457,1.7939525858331565e-05,0.0,0.5,False,False,0.0,0.3,1,0.6,0.06,0.5,0.1,800,1000,0.6
336,2026-09-28T10:53:47.516382,GOTCHA !,0.7092,dialogue,dialogue,False,8,2,288,0,0,146,32,1.0,1.0,0.6,0.0,,1.0,2.0,0.8571428571428571,4.5625,4672,0.0017123287671232876,0.0,0.5,True,True,0.0,0.3,2,0.5,0.06,0.6,0.1,800,1000,0.6
337,2026-09-28T10:53:47.516504,HAHAHAHA AHAHA !! THAT IDIOT !!,0.6379,,,True,31,6,290,0,0,554,268,1.0,1.0,0.4,0.075,,1.0,1.0,0.8461538461538461,2.0671641791044775,148472,0.00020879357724015303,0.25,1.45,True,True,0.0,0.795,6,0.6,0.159,1.0,0.29,800,1000,0.6
338,2026-09-28T10:53:47.516658,EVEN AN INSECT HUMAN CAN'T SURVIVE A FALL FROM THIS HIGH !!,0.7713,dialogue,dialogue,False,59,12,291,0,0,291,210,1.0,0.7,0.6,0.7,,1.0,1.0,0.9375,1.3857142857142857,61110,0.0009654720994927181,0.7272727272727273,1.7727272727272727,True,True,0.0,0.7255813953488371,12,1.0,0.14511627906976743,1.0,0.35454545454545455,800,1000,0.6
339,2026-09-28T10:53:47.516752,THIS IS WHAT YOU MADE ME CHASE YOU AROUND FOR ?!,0.8531,dialogue,dialogue,False,48,11,291,0,0,282,165,1.0,0.7,1.0,0.7,,1.0,1.0,0.9473684210526315,1.709090909090909,46530,0.0010315925209542231,0.7,2.27,True,True,0.0,0.9323529411764706,11,1.0,0.1864705882352941,1.0,0.8,800,1000,0.6
340,2026-09-28T10:53:47.516885,SO THAT YOU COULD KILL YOURSELVES TOGETHER ?!,0.8556,dialogue,dialogue,False,45,8,292,0,0,275,163,1.0,0.7,1.0,0.7,,1.0,1.0,0.9473684210526315,1.687116564417178,44825,0.001003904071388734,0.7142857142857143,2.1,True,True,0.0,1.1117647058823528,8,1.0,0.22235294117647056,1.0,0.8,800,1000,0.6
341,2026-09-28T10:53:47.517000,WHOOSH,0.5512,,,True,6,1,293,0,0,369,450,1.0,0.3,0.4,1.0,,1.0,0.2,1.0,0.82,166050,3.6133694670280034e-05,1.0,0.5,False,False,0.0,0.3,1,0.6,0.06,0.5,0.1,800,1000,0.6
342,2026-09-28T10:53:47.517093,EVERYONE WILL BE ABLE TO SEE .,0.8959,dialogue,dialogue,False,30,7,293,0,0,236,119,1.0,0.7,1.0,1.0,,1.0,1.0,0.9583333333333334,1.9831932773109244,28084,0.0010682238997293833,0.8333333333333334,2.6333333333333333,True,True,0.0,0.7809523809523808,7,1.0,0.15619047619047616,1.0,0.8,800,1000,0.6
343,2026-09-28T10:53:47.517157,H,0.4392,background,background,False,1,1,293,0,0,143,105,1.0,0.7,1.0,0.0,,1.0,0.2,1.0,1.361904761904762,15015,6.66000666000666e-05,0.0,0.5,False,False,0.0,0.3,1,0.6,0.06,0.5,0.1,800,1000,0.6
344,2026-09-28T10:53:47.517312,WHOOS I COULD LOSE EVERYTHING I HAVE IN MY LIFE .,0.8376,dialogue,dialogue,False,49,11,294,0,0,705,540,1.0,0.7,0.4,1.0,,1.0,1.0,0.9743589743589743,1.3055555555555556,380700,0.00012871027055424218,0.8,2.4400000000000004,True,True,0.0,0.7555555555555555,11,0.6,0.1511111111111111,1.0,0.8,800,1000,0.6
345,2026-09-28T10:53:47.517424,BUT ...,0.9942,dialogue,dialogue,False,7,2,295,0,0,101,29,1.0,1.0,0.6,1.0,,1.0,2.0,1.0,3.4827586206896552,2929,0.002389894161829976,1.0,3.6,True,True,0.0,0.3,2,0.5,0.06,0.6,1.0,800,1000,0.6
346,2026-09-28T10:53:47.517537,"So , IF YOU'RE STILL AS INTERESTED IN ME AS YOU WERE THAT DAY ...",0.8887,dialogue,dialogue,False,65,15,295,0,0,364,211,1.0,0.7,0.6,1.0,,1.0,1.0,0.9583333333333334,1.7251184834123223,76804,0.0008463100880162492,0.9230769230769231,2.3615384615384616,True,True,0.0,1.1204545454545454,15,1.0,0.22409090909090906,1.0,0.8,800,1000,0.6
347,2026-09-28T10:53:47.517682,... I WANT TO BUTT INTO YOUR LIFE LIKE YOU DID TO MINE .,0.8955,dialogue,dialogue,False,56,14,296,0,0,359,165,1.0,1.0,0.6,1.0,,1.0,1.0,0.975,2.175757575757576,59235,0.0009453870178104161,0.8333333333333334,2.25,True,True,0.0,0.5351351351351351,14,1.0,0.10702702702702702,1.0,0.8,800,1000,0.6
348,2026-09-28T10:53:47.517795,THIS MUST BE ...,0.8617,dialogue,dialogue,False,16,4,297,0,0,376,44,1.0,0.3,1.0,1.0,,1.0,1.0,1.0,8.545454545454545,16544,0.0009671179883945841,1.0,2.966666666666667,True,True,0.0,1.0125,4,1.0,0.20249999999999999,0.75,0.8,800,1000,0.6
349,2026-09-28T10:53:47.517924,... THE RIGHT THING TO DO .,0.8868,dialogue,dialogue,False,27,7,299,0,0,659,44,1.0,0.3,1.0,1.0,,1.0,1.0,0.9444444444444444,14.977272727272727,28996,0.0009311629190233135,1.0,2.88,True,True,0.0,1.5599999999999998,7,1.0,0.31199999999999994,1.0,0.8,800,1000,0.6
350,2026-09-28T10:53:47.518034,RIP,0.4392,background,background,False,3,1,300,0,0,185,144,1.0,0.7,1.0,0.0,,1.0,0.2,1.0,1.2847222222222223,26640,0.00011261261261261261,0.0,0.5,False,False,0.0,0.3,1,0.6,0.06,0.5,0.1,800,1000,0.6
351,2026-09-28T10:53:47.518111,RIP,0.4392,background,background,False,3,1,300,0,0,222,176,1.0,0.7,1.0,0.0,,1.0,0.2,1.0,1.2613636363636365,39072,7.678132678132678e-05,0.0,0.5,False,False,0.0,0.3,1,0.6,0.06,0.5,0.1,800,1000,0.6
352,2026-09-28T10:53:47.518233,BURST,0.4272,background,background,False,5,1,301,0,0,409,228,1.0,0.7,0.6,0.0,,1.0,0.2,1.0,1.793859649122807,93252,5.361815296186677e-05,0.0,0.5,False,False,0.0,0.3,1,0.6,0.06,0.5,0.1,800,1000,0.6
353,2026-09-28T10:53:47.518353,SWOOSH,0.4012,background,background,False,6,1,303,0,0,338,497,1.0,0.3,0.4,0.0,,1.0,0.2,1.0,0.6800804828973843,167986,3.571726215279845e-05,0.0,0.5,False,False,0.0,0.3,1,0.6,0.06,0.5,0.1,800,1000,0.6
354,2026-09-28T10:53:47.518475,BLAST,0.4012,background,background,False,5,1,304,0,0,341,401,1.0,0.3,0.4,0.0,,1.0,0.2,1.0,0.8503740648379052,136741,3.656547780109843e-05,0.0,0.5,False,False,0.0,0.3,1,0.6,0.06,0.5,0.1,800,1000,0.6
355,2026-09-28T10:53:47.518600,W - WHAT ?!,0.7232,dialogue,dialogue,False,11,4,305,0,0,178,33,1.0,0.7,0.6,0.7,,1.0,1.0,0.7142857142857143,5.393939393939394,5874,0.0018726591760299626,0.5,1.7,True,True,0.0,2.2666666666666666,4,0.5,0.4533333333333333,0.75,0.33999999999999997,800,1000,0.6
356,2026-09-28T10:53:47.518720,EVERYONE HAS SECRETS .,0.6984,,,True,22,4,306,0,0,219,71,1.0,1.0,1.0,0.4,,1.0,1.0,0.9473684210526315,3.084507042253521,15549,0.0014148819859798058,0.3333333333333333,0.5,True,True,0.0,0.78125,4,1.0,0.15625,0.75,0.1,800,1000,0.6
357,2026-09-28T10:53:47.518849,THINGS THEY DON'T WANT OTHERS TO SEE .,0.8063,dialogue,dialogue,False,38,8,307,0,0,338,116,1.0,1.0,1.0,0.7,,1.0,1.0,0.9354838709677419,2.913793103448276,39208,0.0009691899612324016,0.7142857142857143,1.7571428571428573,True,True,0.0,1.3259259259259257,8,1.0,0.26518518518518513,1.0,0.3514285714285715,800,1000,0.6
358,2026-09-28T10:53:47.518958,DING,0.4672,,,True,4,1,308,0,0,159,119,1.0,0.7,1.0,0.0,,1.0,0.2,1.0,1.3361344537815125,18921,0.00021140531684371862,0.0,0.5,False,False,0.0,2.3,1,0.6,0.45999999999999996,0.5,0.1,800,1000,0.6
359,2026-09-28T10:53:47.519066,SHOWING THESE PRIVATE DETAILS TO OTHERS IS RISKY ...,0.7337,dialogue,dialogue,False,52,9,308,0,0,315,116,1.0,1.0,1.0,0.4,,1.0,1.0,1.0,2.7155172413793105,36540,0.0014230979748221127,0.375,1.025,True,True,0.0,0.9230769230769231,9,1.0,0.18461538461538463,1.0,0.205,800,1000,0.6
360,2026-09-28T10:53:47.519205,IT MEANS REVEALING YOUR WEAKNESSES ...,0.7488,dialogue,dialogue,False,38,6,310,0,0,283,118,1.0,1.0,1.0,0.4,,1.0,1.0,1.0,2.3983050847457625,33394,0.0011379289692759178,0.4,1.5799999999999998,True,True,0.0,0.8107142857142857,6,1.0,0.16214285714285714,1.0,0.31599999999999995,800,1000,0.6
361,2026-09-28T10:53:47.519331,... TO THE REST OF THE WORLD .,0.899,dialogue,dialogue,False,30,8,312,0,0,254,71,1.0,1.0,1.0,1.0,,1.0,1.0,0.95,3.5774647887323945,18034,0.001663524453809471,0.8333333333333334,3.3833333333333333,True,True,0.0,1.3588235294117648,8,0.5,0.27176470588235296,1.0,1.0,800,1000,0.6
362,2026-09-28T10:53:47.519417,THIS IS THE STORY OF A CERTAIN COLLEGE,0.745,dialogue,dialogue,False,38,8,312,0,0,294,116,1.0,1.0,1.0,0.7,,1.0,0.2,1.0,2.5344827586206895,34104,0.001114238798967863,0.625,2.4625,False,False,0.0,0.7172413793103448,8,1.0,0.14344827586206896,1.0,0.8,800,1000,0.6
363,2026-09-28T10:53:47.519536,STUDENT ...,0.704,dialogue,dialogue,False,11,2,313,0,0,171,30,1.0,0.7,0.6,0.0,,1.0,2.0,1.0,5.7,5130,0.0021442495126705653,0.0,0.5,True,True,0.0,1.0,2,0.5,0.2,0.6,0.1,800,1000,0.6
364,2026-09-28T10:53:47.519637,... WHO BECOMES PREY IN THE VICIOUS WORLD OF A CONCRETE JUNGLE .,0.8509,dialogue,dialogue,False,64,13,313,0,0,367,162,1.0,1.0,0.6,0.7,,1.0,1.0,0.9795918367346939,2.265432098765432,59454,0.0010764624751909038,0.5454545454545454,2.1999999999999997,True,True,0.0,0.5608695652173913,13,1.0,0.11217391304347826,1.0,0.8,800,1000,0.6
365,2026-09-28T10:53:47.519766,THIS IS HIS DESPERATE FIGHT FOR SURVIVAL .,0.7761,dialogue,dialogue,False,42,8,314,0,0,643,127,1.0,0.7,0.6,0.7,,1.0,1.0,0.9714285714285714,5.062992125984252,81661,0.0005143214018931925,0.5714285714285714,1.8714285714285714,True,True,0.0,0.85625,8,1.0,0.17124999999999999,1.0,0.3742857142857143,800,1000,0.6
366,2026-09-28T10:53:47.519880,JUNGLE JUICE,0.4492,background,background,False,12,2,316,0,0,706,142,1.0,1.0,0.6,0.0,,1.0,0.2,1.0,4.971830985915493,100252,0.00011969836013246618,0.0,0.5,False,False,0.0,0.3,2,0.6,0.06,0.6,0.1,800,1000,0.6
367,2026-09-28T10:53:47.520036,HE PULLED HIS WINGS OUT IN THE MIDDLE OF THE CITY ...,0.8392,dialogue,dialogue,False,53,12,317,0,0,313,164,1.0,0.7,0.6,0.7,,1.0,1.0,1.0,1.9085365853658536,51332,0.0010324943505026106,0.6363636363636364,2.8272727272727276,True,True,0.0,0.7972972972972973,12,1.0,0.15945945945945944,1.0,0.8,800,1000,0.6
368,2026-09-28T10:53:47.520149,CLAMOR,0.4542,,,True,6,1,318,0,0,197,97,1.0,1.0,1.0,0.0,,1.0,0.2,1.0,2.0309278350515463,19109,0.0003139881731121461,0.0,0.5,False,False,0.0,0.3,1,0.6,0.06,0.5,0.1,800,1000,0.6
369,2026-09-28T10:53:47.520226,CLAMOR,0.4542,,,True,6,1,318,0,0,193,85,1.0,1.0,1.0,0.0,,1.0,0.2,1.0,2.2705882352941176,16405,0.000365742151782993,0.0,0.5,False,False,0.0,0.3,1,0.6,0.06,0.5,0.1,800,1000,0.6
370,2026-09-28T10:53:47.520307,INCREDIBLE .,0.5342,,,True,12,2,318,0,0,201,28,1.0,0.5,0.6,0.0,,1.0,1.0,0.9090909090909091,7.178571428571429,5628,0.0021321961620469083,0.0,0.5,True,True,0.0,0.3,2,0.5,0.06,0.6,0.1,800,1000,0.6
371,2026-09-28T10:53:47.520432,WELL ?,0.9173,dialogue,dialogue,False,6,2,319,0,0,112,27,1.0,1.0,0.6,1.0,,1.0,2.0,0.8,4.148148148148148,3024,0.001984126984126984,1.0,1.9,True,True,0.0,1.45,2,0.5,0.29,0.6,0.38,800,1000,0.6
372,2026-09-28T10:53:47.520508,WHAT DO WE DO WITH HIM ?,0.9297,dialogue,dialogue,False,24,7,319,0,0,176,118,1.0,0.7,1.0,1.0,,1.0,1.0,0.9444444444444444,1.4915254237288136,20768,0.0011556240369799693,1.0,3.3166666666666664,True,True,0.0,1.0466666666666666,7,1.0,0.20933333333333332,1.0,1.0,800,1000,0.6
373,2026-09-28T10:53:47.520625,TEAM UP AND ATTACK ?,0.8309,dialogue,dialogue,False,20,5,320,0,0,144,120,1.0,0.7,1.0,0.7,,1.0,1.0,0.9375,1.2,17280,0.0011574074074074073,0.5,2.075,True,True,0.0,0.6,5,1.0,0.12,0.75,0.8,800,1000,0.6
374,2026-09-28T10:53:47.520692,WHISH,0.4937,,,True,5,1,320,0,0,117,60,1.0,0.7,1.0,0.0,,1.0,0.2,1.0,1.95,7020,0.0007122507122507123,0.0,0.5,False,False,0.0,1.3333333333333333,1,1.0,0.26666666666666666,0.5,0.1,800,1000,0.6
375,2026-09-28T10:53:47.520822,"NO , SOMETHING BETTER .",0.7071,dialogue,dialogue,False,23,5,321,0,0,191,118,1.0,0.7,1.0,0.4,,1.0,1.0,0.8947368421052632,1.61864406779661,22538,0.001020498713284231,0.3333333333333333,1.1333333333333333,True,True,0.0,1.1133333333333333,5,1.0,0.22266666666666665,0.75,0.22666666666666666,800,1000,0.6
376,2026-09-28T10:53:47.520944,WE SHOULD TAKE HIM WITH US ...,0.8948,dialogue,dialogue,False,30,7,322,0,0,235,169,1.0,0.7,1.0,1.0,,1.0,1.0,1.0,1.3905325443786982,39715,0.0007553820974442906,1.0,2.1666666666666665,True,True,0.0,0.7000000000000001,7,1.0,0.14,1.0,0.8,800,1000,0.6
377,2026-09-28T10:53:47.521065,... BACK TO OUR SCHOOL .,0.8127,dialogue,dialogue,False,24,6,324,0,0,307,100,1.0,1.0,1.0,0.7,,1.0,1.0,0.9375,3.07,30700,0.0007817589576547231,0.75,2.275,True,True,0.0,0.47692307692307695,6,1.0,0.09538461538461539,0.3,0.8,800,1000,0.6
378,2026-09-28T10:53:47.521158,Based on the mini series Jungle Juice ! ( 2007 ),0.5842,,,True,48,11,324,0,0,323,81,1.0,1.0,1.0,0.075,,1.0,0.6,0.8378378378378378,3.9876543209876543,26163,0.001834651989450751,0.25,1.4875,True,False,0.0,0.593103448275862,11,0.5,0.1186206896551724,1.0,0.2975,800,1000,0.6
379,2026-09-28T10:59:08.346654,WHOO,0.4212,background,background,False,4,1,0,0,0,497,420,1.0,0.7,0.4,0.0,,1.0,0.2,1.0,1.1833333333333333,208740,1.916259461531091e-05,0.0,0.5,False,False,0.0,0.3,1,0.6,0.06,0.5,0.1,800,1000,0.6
380,2026-09-28T10:59:08.346853,129,0.2175,background,background,False,3,1,1,0,0,51,23,0.0,1.0,0.2,0.0,,0.91,0.2,0.0,2.217391304347826,1173,0.0025575447570332483,0.0,0.5,False,False,0.09,0.3,1,0.5,0.06,0.5,0.1,800,1000,0.6
381,2026-09-28T10:59:08.347024,FLAP,0.4212,background,background,False,4,1,2,0,0,698,477,1.0,0.7,0.4,0.0,,1.0,0.2,1.0,1.4633123689727463,332946,1.2013960221777706e-05,0.0,0.5,False,False,0.0,0.3,1,0.6,0.06,0.5,0.1,800,1000,0.6
382,2026-09-28T10:59:08.347212,MY NAME IS SUHO KIM .,0.6398,,,True,21,6,4,0,0,391,26,1.0,0.3,1.0,0.4,,1.0,1.0,0.9375,15.038461538461538,10166,0.0020657092268345466,0.4,1.02,True,True,0.0,0.3,6,0.5,0.06,1.0,0.20400000000000001,800,1000,0.6
383,2026-09-28T10:59:08.347373,BBO ! BANG !,0.7217,dialogue,dialogue,False,12,4,7,0,0,302,53,1.0,0.7,1.0,0.7,,1.0,1.0,0.7777777777777778,5.69811320754717,16006,0.000749718855429214,0.5,0.5,True,True,0.0,0.3,4,1.0,0.06,0.75,0.1,800,1000,0.6
384,2026-09-28T10:59:08.347462,GGO !,0.6972,,,True,5,2,7,0,0,86,26,1.0,1.0,0.2,0.0,,1.0,2.0,0.75,3.3076923076923075,2236,0.0022361359570661895,0.0,0.5,True,True,0.0,0.3,2,0.5,0.06,0.6,0.1,800,1000,0.6
385,2026-09-28T10:59:08.347549,HA !,0.6572,,,True,4,2,7,0,0,57,27,0.8,1.0,0.2,0.0,,1.0,2.0,0.6666666666666666,2.111111111111111,1539,0.002599090318388564,0.0,0.5,True,True,0.0,0.3,2,0.5,0.06,0.6,0.1,800,1000,0.6
386,2026-09-28T10:59:08.347736,"NO , IN THIS WORLD , MY NAME IS LLOYD FRONTERA !",0.7974,dialogue,dialogue,False,48,12,8,0,0,326,144,1.0,1.0,1.0,0.7,,1.0,1.0,0.918918918918919,2.263888888888889,46944,0.0010224948875255625,0.6666666666666666,1.7777777777777777,True,True,0.0,0.646875,12,1.0,0.129375,1.0,0.3555555555555555,800,1000,0.6
387,2026-09-28T10:59:08.347897,AND THIS IS THE STORY ...,0.8671,dialogue,dialogue,False,25,6,9,0,0,208,66,1.0,1.0,1.0,1.0,,1.0,1.0,1.0,3.1515151515151514,13728,0.001821095571095571,0.8,2.82,True,True,0.0,1.22,6,0.5,0.244,1.0,0.8,800,1000,0.6
388,2026-09-28T10:59:08.347980,TWIRL,0.4272,background,background,False,5,1,9,0,0,317,308,1.0,0.7,0.6,0.0,,1.0,0.2,1.0,1.0292207792207793,97636,5.121061903396288e-05,0.0,0.5,False,False,0.0,0.3,1,0.6,0.06,0.5,0.1,800,1000,0.6
389,2026-09-28T10:59:08.348144,SLAM,0.5712,,,True,4,1,12,0,0,479,290,1.0,0.7,0.4,1.0,,1.0,0.2,1.0,1.6517241379310346,138910,2.8795623065294076e-05,1.0,0.5,False,False,0.0,0.3,1,0.6,0.06,0.5,0.1,800,1000,0.6
390,2026-09-28T10:59:08.348297,822222227,0.2185,background,background,False,9,1,16,0,0,607,374,0.0,0.7,0.4,0.0,,0.91,0.2,0.0,1.6229946524064172,227018,3.9644433481045555e-05,0.0,0.5,False,False,0.09,0.3,1,0.6,0.06,0.5,0.1,800,1000,0.6
391,2026-09-28T10:59:08.348435,"i """,0.6707,,,True,3,2,17,0,0,41,57,0.8,0.3,0.2,1.0,,0.44999999999999996,0.2,0.5,0.7192982456140351,2337,0.0012836970474967907,1.0,4.2,False,False,0.55,0.3,2,1.0,0.06,0.6,1.0,800,1000,0.6
392,2026-09-28T10:59:08.348605,... OF HOW YOUR AVERAGE CIVIL ENGINEERING STUDENT ...,0.7349,dialogue,dialogue,False,53,9,18,0,0,356,144,1.0,1.0,0.6,0.4,,1.0,1.0,1.0,2.4722222222222223,51264,0.001033863920099875,0.42857142857142855,1.557142857142857,True,True,0.0,0.7297297297297297,9,1.0,0.14594594594594595,1.0,0.3114285714285714,800,1000,0.6
393,2026-09-28T10:59:08.348766,... TURNED AN ENTIRE WORLD UPSIDE DOWN !,0.719,dialogue,dialogue,False,40,8,20,0,0,245,105,1.0,1.0,1.0,0.7,,1.0,1.0,0.9666666666666667,2.3333333333333335,25725,0.001554907677356657,0.5,0.9333333333333332,True,True,0.0,0.42962962962962964,8,0.5,0.08592592592592593,1.0,0.18666666666666665,800,1000,0.6
394,2026-09-28T10:59:08.348900,WHOOOOSH,0.5862,,,True,8,1,21,0,0,506,247,1.0,1.0,0.4,1.0,,1.0,0.2,1.0,2.048582995951417,124982,6.400921732729513e-05,1.0,0.5,False,False,0.0,0.3,1,0.6,0.06,0.5,0.1,800,1000,0.6
395,2026-09-28T10:59:08.349059,JAVIER .,0.5592,,,True,8,2,23,0,0,123,28,1.0,1.0,0.6,0.0,,1.0,1.0,0.8571428571428571,4.392857142857143,3444,0.0023228803716608595,0.0,0.5,True,True,0.0,0.3,2,0.5,0.06,0.6,0.1,800,1000,0.6
396,2026-09-28T10:59:08.349180,"YES , MASTER LLOYD ?",0.7126,dialogue,dialogue,False,20,5,23,0,0,216,68,1.0,1.0,1.0,0.4,,1.0,1.0,0.875,3.176470588235294,14688,0.0013616557734204794,0.3333333333333333,1.0666666666666667,True,True,0.0,0.5750000000000001,5,1.0,0.11500000000000002,0.75,0.21333333333333332,800,1000,0.6
397,2026-09-28T10:59:08.349332,THIS IS ...,0.8196,dialogue,dialogue,False,11,3,24,0,0,146,23,1.0,0.5,0.6,1.0,,1.0,1.0,1.0,6.3478260869565215,3358,0.003275759380583681,1.0,2.05,True,True,0.0,1.7249999999999999,3,0.5,0.345,0.75,0.8,800,1000,0.6
398,2026-09-28T10:59:08.349473,... ALL MONEY !,0.7018,dialogue,dialogue,False,15,4,25,0,0,235,29,1.0,0.3,1.0,0.7,,1.0,1.0,0.8888888888888888,8.10344827586207,6815,0.0022010271460014674,0.5,1.75,True,True,0.0,1.2,4,0.5,0.24,0.75,0.35,800,1000,0.6
399,2026-09-28T10:59:08.349603,BWA,0.4542,,,True,3,1,26,0,0,338,125,1.0,1.0,1.0,0.0,,1.0,0.2,1.0,2.704,42250,7.100591715976331e-05,0.0,0.5,False,False,0.0,0.3,1,0.6,0.06,0.5,0.1,800,1000,0.6
400,2026-09-28T10:59:08.349877,HA HA,0.3992,background,background,False,5,2,26,0,0,265,303,1.0,0.3,0.6,0.0,,0.5,0.2,1.0,0.8745874587458746,80295,6.227037798119434e-05,0.0,0.5,False,False,0.5,0.3,2,0.6,0.06,0.6,0.1,800,1000,0.6
401,2026-09-28T10:59:08.349957,129,0.2175,background,background,False,3,1,26,0,0,51,18,0.0,1.0,0.2,0.0,,0.91,0.2,0.0,2.8333333333333335,918,0.0032679738562091504,0.0,0.5,False,False,0.09,0.3,1,0.5,0.06,0.5,0.1,800,1000,0.6
402,2026-09-28T10:59:08.350128,"HAVE YOU FINALLY LOST IT , SIR ?",0.8633,dialogue,dialogue,False,32,8,27,0,0,282,106,1.0,1.0,1.0,0.7,,1.0,1.0,0.92,2.660377358490566,29892,0.001070520540612873,0.5,2.2666666666666666,True,True,0.0,0.5904761904761905,8,1.0,0.1180952380952381,1.0,0.8,800,1000,0.6
403,2026-09-28T10:59:08.350292,THE GREATEST TCTATT,0.6278,,,True,19,3,28,0,0,732,166,1.0,1.0,0.4,0.4,,1.0,0.2,1.0,4.409638554216867,121512,0.00015636315754822568,0.3333333333333333,2.0,False,False,0.0,0.9466666666666667,3,0.6,0.18933333333333333,0.75,0.8,800,1000,0.6
404,2026-09-28T10:59:08.350447,ES AIE DEVELOPER,0.4564,,,True,16,3,29,0,0,642,179,1.0,1.0,0.4,0.0,,1.0,0.2,1.0,3.5865921787709496,114918,0.00013922971162045982,0.0,0.5,False,False,0.0,0.4916666666666667,3,0.6,0.09833333333333334,0.75,0.1,800,1000,0.6
405,2026-09-28T10:59:08.350563,V Adaptation : Lee hyunmin,0.5271,,,True,26,5,29,0,0,228,47,1.0,1.0,1.0,0.0,,1.0,0.6,0.9545454545454546,4.851063829787234,10716,0.0024262784621127288,0.0,0.5,True,False,0.0,0.6842105263157895,5,0.5,0.1368421052631579,0.75,0.1,800,1000,0.6
406,2026-09-28T10:59:08.350666,Original Story :,0.4647,,,True,16,3,29,0,0,126,20,1.0,0.5,0.6,0.0,,1.0,0.6,0.9285714285714286,6.3,2520,0.006349206349206349,0.0,0.5,True,False,0.0,0.3,3,0.3,0.06,0.75,0.1,800,1000,0.6
407,2026-09-28T10:59:08.350781,Art : Kim Hyunsoo,0.4547,,,True,17,4,29,0,0,160,19,1.0,0.3,0.6,0.0,,1.0,0.6,0.9285714285714286,8.421052631578947,3040,0.005592105263157895,0.0,0.5,True,False,0.0,0.3,4,0.3,0.06,0.75,0.1,800,1000,0.6
408,2026-09-28T10:59:08.350929,XX,0.3852,background,background,False,2,1,31,0,0,18,15,1.0,0.7,0.2,0.0,,1.0,0.2,1.0,1.2,270,0.007407407407407408,0.0,0.5,False,False,0.0,0.3,1,0.3,0.06,0.5,0.1,800,1000,0.6
409,2026-09-28T10:59:08.351037,A FEW YEARS AGO ...,0.7667,dialogue,dialogue,False,19,5,31,0,0,209,63,1.0,1.0,1.0,0.7,,1.0,1.0,1.0,3.3174603174603177,13167,0.001443001443001443,0.5,1.5,True,True,0.0,0.3,5,1.0,0.06,0.75,0.3,800,1000,0.6
410,2026-09-28T10:59:08.351241,"DING ALARM YOU HAVE BEEN CHOSEN TO HAVE A RANDOM WISH GRANTED BY THE "" ABSOLUTE "" !",0.7841,dialogue,dialogue,False,83,18,32,0,0,583,467,1.0,0.7,0.4,0.7,,1.0,1.0,0.984375,1.2483940042826553,272261,0.00030485453296652846,0.5333333333333333,2.26,True,True,0.0,0.6524590163934426,18,0.6,0.13049180327868853,0.9,0.8,800,1000,0.6
411,2026-09-28T10:59:08.351318,DONG,0.4546,,,True,4,1,32,0,0,261,145,1.0,0.7,1.0,0.0,,1.0,0.2,1.0,1.8,37845,0.00010569427929713304,0.0,0.5,False,False,0.0,1.4,1,0.6,0.27999999999999997,0.5,0.1,800,1000,0.6
412,2026-09-28T10:59:08.351497,DING CONGRATS :) CLAP CLAP CLAP DONG,0.5212,,,True,36,7,33,0,0,708,492,1.0,0.7,0.4,0.0,,1.0,0.6,0.9333333333333333,1.4390243902439024,348336,0.00010334849111202976,0.0,0.5,True,False,0.0,0.6538461538461539,7,0.6,0.13076923076923078,1.0,0.1,800,1000,0.6
413,2026-09-28T10:59:08.351661,CLAP CONGRATS CLAP CLAP,0.429,background,background,False,23,4,34,0,0,74,150,1.0,0.3,1.0,0.0,,1.0,0.2,1.0,0.49333333333333335,11100,0.002072072072072072,0.0,0.5,False,False,0.0,0.4666666666666667,4,0.5,0.09333333333333334,0.75,0.1,800,974,0.6
414,2026-09-28T10:59:08.351861,"YOU ARE NOW A CHARACTER OF "" KNIGHT OF BLOOD AND IRON . """,0.7936,dialogue,dialogue,False,57,14,35,0,0,330,133,1.0,1.0,0.6,0.7,,1.0,0.6,0.9534883720930233,2.481203007518797,43890,0.0012987012987012987,0.6363636363636364,2.4272727272727272,True,False,0.0,0.7564102564102564,14,1.0,0.15128205128205127,1.0,0.8,800,600,0.6
415,2026-09-28T10:59:08.352059,KNIGHT OF BLOOD AND IRON ... ? THE BOOK I READ LAST NIGHT ... ?,0.7929,dialogue,dialogue,False,63,15,36,0,0,399,144,1.0,1.0,0.6,0.7,,1.0,1.0,0.9534883720930233,2.7708333333333335,57456,0.0010964912280701754,0.5454545454545454,1.981818181818182,True,True,0.0,0.7461538461538462,15,1.0,0.14923076923076922,1.0,0.39636363636363636,800,1000,0.6
416,2026-09-28T10:59:08.352178,"OF NOW YOU "" A KNIGHT CHARACTER ARE AND OF IRON BLOOD",0.6615,,,True,53,12,36,0,0,124,147,1.0,0.3,1.0,0.7,,1.0,0.2,1.0,0.8435374149659864,18228,0.0029076146587667323,0.6363636363636364,2.4272727272727272,False,False,0.0,0.8179487179487179,12,0.5,0.1635897435897436,1.0,0.8,800,1000,0.6
417,2026-09-28T10:59:08.352353,GOOD LUCK ! YOU'VE GOT THIS ! YEAH ! POR,0.669,,,True,40,10,37,0,0,508,227,1.0,1.0,0.4,0.7,,1.0,0.6,0.8709677419354839,2.237885462555066,115316,0.00034687294044191615,0.5714285714285714,1.4285714285714286,True,False,0.0,0.6559999999999999,10,0.6,0.13119999999999998,1.0,0.2857142857142857,800,1000,0.6
418,2026-09-28T10:59:08.352503,A WISH ? GOOD LUCK WITH WHAT ?,0.8675,dialogue,dialogue,False,30,8,38,0,0,293,105,1.0,1.0,1.0,0.7,,1.0,1.0,0.9130434782608695,2.7904761904761903,30765,0.0009751340809361287,0.6666666666666666,2.433333333333333,True,True,0.0,0.8894736842105262,8,1.0,0.17789473684210524,1.0,0.8,800,1000,0.6
419,2026-09-28T10:59:08.352611,I HAVEN'T EVEN HAD ANYTHING TO DRINK ...,0.7367,dialogue,dialogue,False,40,8,38,0,0,375,66,1.0,0.7,1.0,0.7,,1.0,1.0,0.9666666666666667,5.681818181818182,24750,0.0016161616161616162,0.7142857142857143,1.8285714285714287,True,True,0.0,0.8444444444444444,8,0.5,0.1688888888888889,1.0,0.36571428571428577,800,1000,0.6
420,2026-09-28T10:59:08.352837,OH ! IS THIS ONE OF THOSE WEB NOVELS WHERE I'VE POSSESSED SOMEONE FROM A DIFFERENT WORLD ?,0.7617,dialogue,dialogue,False,90,18,39,0,0,398,227,1.0,0.7,0.6,0.7,,1.0,1.0,0.958904109589041,1.7533039647577093,90346,0.000996170278706307,0.6875,1.6625,True,True,0.0,0.7720588235294118,18,1.0,0.15441176470588236,0.9,0.3325,800,1000,0.6
421,2026-09-28T10:59:08.352985,AM I IN A DIFFERENT WORLD ?!,0.9094,dialogue,dialogue,False,28,7,40,0,0,263,106,1.0,1.0,1.0,1.0,,1.0,1.0,0.9090909090909091,2.481132075471698,27878,0.0010043762106320396,1.0,2.4333333333333336,True,True,0.0,0.6722222222222222,7,1.0,0.13444444444444442,1.0,0.8,800,1000,0.6
422,2026-09-28T10:59:08.353121,SO THEN ...,0.8144,dialogue,dialogue,False,11,3,41,0,0,176,25,1.0,0.5,0.6,1.0,,1.0,1.0,1.0,7.04,4400,0.0025,1.0,2.5,True,True,0.0,1.35,3,0.5,0.27,0.75,0.8,800,1000,0.6
423,2026-09-28T10:59:08.353225,... WHY AM I WAKING UP FACE DOWN ON A DIRT,0.7365,dialogue,dialogue,False,42,11,41,0,0,288,108,1.0,1.0,1.0,0.7,,1.0,0.6,1.0,2.6666666666666665,31104,0.0013503086419753086,0.7,1.8399999999999999,True,False,0.0,0.44814814814814813,11,1.0,0.08962962962962963,1.0,0.368,800,1000,0.6
424,2026-09-28T10:59:08.353354,ROAD ?!,0.6542,,,True,7,2,42,0,0,117,22,0.8,0.7,0.6,0.0,,1.0,2.0,0.6666666666666666,5.318181818181818,2574,0.0027195027195027195,0.0,0.5,True,True,0.0,0.3,2,0.5,0.06,0.6,0.1,800,1000,0.6
425,2026-09-28T10:59:08.353492,UGH ... IT'S FREEZING ...,0.7074,dialogue,dialogue,False,25,5,43,0,0,192,65,1.0,1.0,1.0,0.7,,1.0,1.0,0.9333333333333333,2.953846153846154,12480,0.002003205128205128,0.6666666666666666,1.0333333333333334,True,True,0.0,0.6333333333333333,5,0.5,0.12666666666666665,0.75,0.2066666666666667,800,1000,0.6
426,2026-09-28T10:59:08.353570,SHIVER,0.4581,,,True,6,1,43,0,0,229,152,1.0,0.7,1.0,0.0,,1.0,0.2,1.0,1.506578947368421,34808,0.0001723741668581935,0.0,0.5,False,False,0.0,1.65,1,0.6,0.32999999999999996,0.5,0.1,800,1000,0.6
427,2026-09-28T10:59:08.353746,ACK ! WHAT'S WRONG WITH MY LIPS ?!,0.7917,dialogue,dialogue,False,34,8,44,0,0,262,106,1.0,1.0,1.0,0.7,,1.0,1.0,0.8518518518518519,2.4716981132075473,27772,0.0012242546449661529,0.5,1.5,True,True,0.0,0.8333333333333334,8,1.0,0.16666666666666669,1.0,0.3,800,1000,0.6
428,2026-09-28T10:59:08.353869,DING,0.4672,,,True,4,1,45,0,0,234,165,1.0,0.7,1.0,0.0,,1.0,0.2,1.0,1.4181818181818182,38610,0.0001036001036001036,0.0,0.5,False,False,0.0,2.3,1,0.6,0.45999999999999996,0.5,0.1,800,1000,0.6
429,2026-09-28T10:59:08.354079,HEALTH ALERT ! YOUR JAW HAS GONE OUT OF PLACE FROM SLEEPING ON THE GROUND ! ( LAUGH ) DONG,0.6561,,,True,90,20,46,0,0,525,465,1.0,0.7,0.4,0.7,,1.0,0.6,0.9710144927536232,1.1290322580645162,244125,0.0003686635944700461,0.5625,1.6875,True,False,0.0,0.7507692307692307,20,0.6,0.15015384615384614,0.9,0.3375,800,1000,0.6
430,2026-09-28T10:59:08.354247,I KNOW THAT ! THESE ALERTS ARE TICKING ME OFF !,0.7899,dialogue,dialogue,False,47,11,47,0,0,341,147,1.0,1.0,0.6,0.7,,1.0,1.0,0.9459459459459459,2.3197278911564627,50127,0.0009376184491391864,0.7777777777777778,1.7777777777777777,True,True,0.0,0.9666666666666667,11,1.0,0.19333333333333333,1.0,0.3555555555555555,800,1000,0.6
431,2026-09-28T10:59:08.354330,www.rck KYAA !,0.5387,,,True,14,3,47,0,0,335,410,1.0,0.3,0.4,0.0,,1.0,1.0,0.9,0.8170731707317073,137350,0.00010192937750273025,0.0,0.5,True,True,0.0,0.3,3,0.6,0.06,0.75,0.1,800,1000,0.6
432,2026-09-28T10:59:08.354523,SO I GET THAT I'VE TAKEN OVER SOME CHARACTER IN THIS STORY ...,0.8547,dialogue,dialogue,False,62,13,48,0,0,408,148,1.0,1.0,0.6,0.7,,1.0,1.0,0.9787234042553191,2.7567567567567566,60384,0.0010267620561738209,0.75,2.3666666666666667,True,True,0.0,0.8386363636363636,13,1.0,0.16772727272727272,1.0,0.8,800,1000,0.6
433,2026-09-28T10:59:08.354681,A THIS THIS IS IS ? DREAM REAL ... ? FOR,0.7962,dialogue,dialogue,False,40,11,49,0,0,213,153,1.0,0.7,1.0,0.7,,1.0,0.6,0.9259259259259259,1.392156862745098,32589,0.0012274080211114179,0.75,2.2125,True,False,0.0,1.1565217391304348,11,1.0,0.23130434782608694,1.0,0.8,800,1000,0.6
434,2026-09-28T10:59:08.354775,WHO HAVE I TAKEN OVER ? IN,0.8766,dialogue,dialogue,False,26,7,49,0,0,303,66,1.0,1.0,1.0,1.0,,1.0,0.6,0.95,4.590909090909091,19998,0.0013001300130013002,0.8333333333333334,3.016666666666667,True,False,0.0,0.47058823529411764,7,1.0,0.09411764705882353,1.0,1.0,800,1000,0.6
435,2026-09-28T10:59:08.354995,""" KNIGHT OF BLOOD AND IRON "" ... THE ONLY PERSON WHO LIVED IN THE MIDDLE OF NOWHERE AND FELL ASLEEP ON THE GROUND WAS ...",0.8421,dialogue,dialogue,False,121,26,50,0,0,658,314,1.0,1.0,0.4,0.7,,1.0,1.0,1.0,2.0955414012738856,206612,0.0005856387818713337,0.5909090909090909,2.3545454545454545,True,True,0.0,0.8616279069767441,26,1.0,0.17232558139534881,0.9,0.8,800,1000,0.6
436,2026-09-28T10:59:08.355079,MASTER LLOYD .,0.5518,,,True,14,3,50,0,0,257,25,1.0,0.3,1.0,0.0,,1.0,1.0,0.9166666666666666,10.28,6425,0.002178988326848249,0.0,0.5,True,True,0.0,0.6666666666666666,3,0.5,0.13333333333333333,0.75,0.1,800,1000,0.6
437,2026-09-28T10:59:08.355236,THERE YOU ARE .,0.8275,dialogue,dialogue,False,15,4,51,0,0,270,26,1.0,0.3,1.0,1.0,,1.0,1.0,0.9166666666666666,10.384615384615385,7020,0.002136752136752137,1.0,2.4,True,True,0.0,2.1444444444444444,4,0.5,0.4288888888888889,0.75,0.8,800,1000,0.6
438,2026-09-28T10:59:08.355399,I'VE BEEN LOOKING EVERYWHERE FOR YOU . STEP,0.6623,,,True,43,8,52,0,0,596,395,1.0,0.7,0.4,0.7,,1.0,0.6,0.9444444444444444,1.508860759493671,235420,0.00018265228102964915,0.5714285714285714,1.4714285714285715,True,False,0.0,1.15625,8,0.6,0.23125,1.0,0.2942857142857143,800,1000,0.6
439,2026-09-28T10:59:08.355485,1:25,0.0,background,background,False,4,1,53,0,0,356,152,,0.0,0.0,,True,,0.0,,0.0,0,0.0,,,False,False,,,0,0.0,,0.0,,800,1000,0.6
440,2026-09-28T10:59:08.355658,LET US RETURN TO THE MANOR .,0.8008,dialogue,dialogue,False,28,7,55,0,0,261,104,1.0,1.0,1.0,0.7,,1.0,1.0,0.9545454545454546,2.5096153846153846,27144,0.001031535514294135,0.6666666666666666,1.95,True,True,0.0,0.5210526315789474,7,1.0,0.10421052631578949,1.0,0.39,800,1000,0.6
441,2026-09-28T10:59:08.355832,"THE PROTAGONIST OF "" KNIGHT OF BLOOD AND IRON "" JAVIER ASRAHAN",0.6861,,,True,62,12,57,0,0,451,194,1.0,1.0,0.6,0.4,,1.0,0.2,1.0,2.3247422680412373,87494,0.0007086200196584908,0.4,2.17,False,False,0.0,0.5787234042553191,12,1.0,0.11574468085106382,1.0,0.8,800,1000,0.6
442,2026-09-28T10:59:08.355905,HE,0.7052,dialogue,dialogue,False,2,1,57,0,0,42,20,1.0,1.0,0.2,1.0,,1.0,0.2,1.0,2.1,840,0.002380952380952381,1.0,3.8,False,False,0.0,0.3,1,0.5,0.06,0.5,1.0,800,1000,0.6
443,2026-09-28T10:59:08.356052,LOOKS JUST LIKE IN THE BOOK ...,0.8121,dialogue,dialogue,False,31,7,58,0,0,282,66,1.0,1.0,1.0,0.7,,1.0,1.0,1.0,4.2727272727272725,18612,0.001665592091124006,0.6666666666666666,2.5500000000000003,True,True,0.0,0.51,7,0.5,0.10200000000000001,1.0,0.8,800,1000,0.6
444,2026-09-28T10:59:08.356202,DID HE JUST CALL ME LLOYD ?,0.8277,dialogue,dialogue,False,27,7,59,0,0,282,66,1.0,1.0,0.6,1.0,,1.0,1.0,0.9523809523809523,4.2727272727272725,18612,0.0014506769825918763,0.8333333333333334,1.7166666666666668,True,True,0.0,0.5888888888888889,7,1.0,0.11777777777777779,1.0,0.3433333333333334,800,348,0.6
445,2026-09-28T10:59:08.356366,"IN THE BOOK , HE IS JAVIER , THE RENOWNED SWORDSMAN !",0.8538,dialogue,dialogue,False,53,12,60,0,0,334,147,1.0,1.0,0.6,0.7,,1.0,1.0,0.9285714285714286,2.272108843537415,49098,0.0010794737056499246,0.5555555555555556,2.3,True,True,0.0,0.7702702702702703,12,1.0,0.15405405405405406,1.0,0.8,800,1000,0.6
446,2026-09-28T10:59:08.356560,"BUT HE STARTS OFF AS AN UNKNOWN KNIGHT WORKING FOR THE COUNTRY LORD , ARCOS FRONTERA .",0.7368,dialogue,dialogue,False,86,17,62,0,0,487,151,1.0,1.0,0.6,0.4,,1.0,1.0,0.9714285714285714,3.225165562913907,73537,0.0011694793097352353,0.4666666666666667,1.8533333333333333,True,True,0.0,0.7287878787878788,17,1.0,0.14575757575757575,0.9,0.37066666666666664,800,1000,0.6
447,2026-09-28T10:59:08.356697,XXXX,0.4002,background,background,False,4,1,63,0,0,34,16,1.0,1.0,0.2,0.0,,1.0,0.2,1.0,2.125,544,0.007352941176470588,0.0,0.5,False,False,0.0,0.3,1,0.3,0.06,0.5,0.1,800,1000,0.6
448,2026-09-28T10:59:08.356822,AND THE ELDEST SON OF BARON FRONTERA IS--,0.7605,dialogue,dialogue,False,41,8,63,0,0,385,109,1.0,1.0,1.0,0.4,,1.0,0.6,0.9411764705882353,3.532110091743119,41965,0.0009770046467294173,0.375,2.075,True,False,0.0,0.75,8,1.0,0.15,1.0,0.8,800,1000,0.6
449,2026-09-28T10:59:08.356979,"I'M THE HOOLIGAN , LLOYD FRONTERA ?!",0.6898,,,True,36,7,64,0,0,478,173,1.0,1.0,0.6,0.4,,1.0,1.0,0.8666666666666667,2.7630057803468207,82694,0.0004353399279270564,0.4,1.4,True,True,0.0,0.7000000000000001,7,0.6,0.14,1.0,0.27999999999999997,800,1000,0.6
450,2026-09-28T10:59:08.357161,"I CALLED YOUR NAME , BUT I HAVE NEVER CALLED YOU A HOOLIGAN .",0.8655,dialogue,dialogue,False,61,14,67,0,0,324,147,1.0,1.0,1.0,0.7,,1.0,1.0,0.9583333333333334,2.204081632653061,47628,0.0012807592172671537,0.6666666666666666,2.441666666666667,True,True,0.0,0.7477272727272727,14,1.0,0.14954545454545454,1.0,0.8,800,1000,0.6
451,2026-09-28T10:59:08.357321,"WELL , IT'S GOOD THAT YOU ARE SELF - AWARE AT LEAST .",0.8563,dialogue,dialogue,False,53,13,68,0,0,348,145,1.0,1.0,0.6,0.7,,1.0,1.0,0.925,2.4,50460,0.0010503369005152596,0.7,2.0100000000000002,True,True,0.0,0.9485714285714286,13,1.0,0.18971428571428572,1.0,0.8,800,1000,0.6
452,2026-09-28T10:59:08.357448,SHIRK,0.4542,,,True,5,1,69,0,0,157,74,1.0,1.0,1.0,0.0,,1.0,0.2,1.0,2.1216216216216215,11618,0.000430366672404889,0.0,0.5,False,False,0.0,0.3,1,0.6,0.06,0.5,0.1,800,1000,0.6
453,2026-09-28T10:59:08.357595,JAVIER SEEMS TO BE IN A GOOD MOOD . HEH . I CAN SEE THAT ! SHUT UP ALREADY !,0.7981,dialogue,dialogue,False,76,20,69,0,0,586,280,1.0,1.0,0.4,0.7,,1.0,1.0,0.9298245614035088,2.092857142857143,164080,0.00046318868844466115,0.625,2.48125,True,True,0.0,0.5784313725490197,20,0.6,0.11568627450980393,0.9,0.8,800,1000,0.6
454,2026-09-28T10:59:08.357715,H,0.3852,background,background,False,1,1,71,0,0,14,17,1.0,0.3,0.2,0.0,,1.0,0.2,1.0,0.8235294117647058,238,0.004201680672268907,0.0,0.5,False,False,0.0,0.3,1,0.5,0.06,0.5,0.1,800,1000,0.6
455,2026-09-28T10:59:08.357892,SO YOU HAVE NO IDEA HOW YOU ENDED UP LIKE THAT ?,0.9105,dialogue,dialogue,False,48,12,73,0,0,416,106,1.0,1.0,1.0,1.0,,1.0,1.0,0.972972972972973,3.9245283018867925,44096,0.0010885341074020319,0.8181818181818182,2.690909090909091,True,True,0.0,0.7470588235294118,12,1.0,0.14941176470588236,1.0,0.8,800,1000,0.6
456,2026-09-28T10:59:08.358058,"YOU STARTED DRINKING IN THE AFTERNOON , GOT DRUNK , DESTROYED THE PUB FURNITURE , AND THEN YOU PASSED OUT ON YOUR WAY BACK",0.7391,dialogue,dialogue,False,122,24,73,0,0,698,322,1.0,1.0,0.4,0.7,,1.0,0.6,0.9696969696969697,2.1677018633540373,224756,0.0005428108704550713,0.5714285714285714,2.1952380952380954,True,False,0.0,0.7904255319148936,24,1.0,0.15808510638297874,0.3,0.8,800,1000,0.6
457,2026-09-28T10:59:08.358195,TO THE MANOR .,0.7941,dialogue,dialogue,False,14,4,74,0,0,260,26,1.0,0.3,1.0,0.7,,1.0,1.0,0.9090909090909091,10.0,6760,0.0020710059171597634,0.6666666666666666,3.4,True,True,0.0,0.825,4,0.5,0.16499999999999998,0.75,1.0,800,1000,0.6
458,2026-09-28T10:59:08.358322,THAT,0.7514,dialogue,dialogue,False,4,1,74,0,0,82,26,1.0,1.0,0.2,1.0,,1.0,0.2,1.0,3.1538461538461537,2132,0.001876172607879925,1.0,4.3,False,False,0.0,3.6,1,0.5,0.72,0.5,1.0,800,1000,0.6
459,2026-09-28T10:59:08.358532,REALLY IS THE DAY IN THE LIFE OF A HOOLIGAN .,0.9102,dialogue,dialogue,False,45,11,75,0,0,324,106,1.0,1.0,1.0,1.0,,1.0,1.0,0.9714285714285714,3.056603773584906,34344,0.001310272536687631,0.9,2.6,True,True,0.0,0.728125,11,1.0,0.145625,1.0,0.8,800,1000,0.6
460,2026-09-28T10:59:08.358641,HIS LORDSHIP WAS WORRIED AND HE SENT ME .,0.8652,dialogue,dialogue,False,41,9,75,0,0,317,105,1.0,1.0,1.0,0.7,,1.0,1.0,0.9696969696969697,3.019047619047619,33285,0.0012317860898302538,0.625,2.05,True,True,0.0,0.73,9,1.0,0.146,1.0,0.8,800,1000,0.6
461,2026-09-28T10:59:08.358730,"YOU MAY BE A HOOLIGAN ,",0.8472,dialogue,dialogue,False,23,6,75,0,0,272,69,1.0,1.0,1.0,1.0,,1.0,0.6,0.9444444444444444,3.9420289855072466,18768,0.0012254901960784314,0.8,2.82,True,False,0.0,0.5133333333333333,6,1.0,0.10266666666666666,1.0,0.8,800,1000,0.6
462,2026-09-28T10:59:08.358939,"BUT YOU ARE HIS SON . IF YOU DIE ON THE ROAD WITH YOUR JAW OUT OF PLACE , HE WILL BE SAD .",0.8938,dialogue,dialogue,False,90,24,76,0,0,479,148,1.0,1.0,0.6,1.0,,1.0,1.0,0.9552238805970149,3.2364864864864864,70892,0.001269536760142188,0.8095238095238095,2.623809523809524,True,True,0.0,0.9112903225806451,24,1.0,0.18225806451612903,0.9,0.8,800,1000,0.6
463,2026-09-28T10:59:08.359045,HE REALLY SNEAKS THOSE ATTACKS IN THERE .,0.8056,dialogue,dialogue,False,41,8,76,0,0,311,141,1.0,1.0,1.0,0.7,,1.0,1.0,0.9705882352941176,2.2056737588652484,43851,0.000934984378919523,0.7142857142857143,1.8714285714285714,True,True,0.0,1.032258064516129,8,1.0,0.2064516129032258,1.0,0.3742857142857143,800,1000,0.6
464,2026-09-28T10:59:08.359330,"BRR ... IT'S COLD ... IF THE FLOOR COULD JUST BE A HEATED ONDOL ... * TRADITIONAL KOREAN DIDN'T YEAH , I UNDERFLOOR HEATING SYSTEM THINK SO . THIS IS A MEDIEVAL FANTASY NOVEL . SHIVER",0.6904,,,True,183,36,77,0,0,707,491,1.0,0.7,0.4,0.7,,1.0,0.6,0.9637681159420289,1.439918533604888,347137,0.0005271693884547023,0.5172413793103449,1.7620689655172415,True,False,0.0,0.683969465648855,36,1.0,0.136793893129771,0.8,0.3524137931034483,800,1000,0.6
465,2026-09-28T10:59:08.359414,SHIVER,0.4981,,,True,6,1,77,0,0,129,68,1.0,0.7,1.0,0.0,,1.0,0.2,1.0,1.8970588235294117,8772,0.0006839945280437756,0.0,0.5,False,False,0.0,1.65,1,1.0,0.32999999999999996,0.5,0.1,800,1000,0.6
466,2026-09-28T10:59:08.359577,COLD,0.4392,background,background,False,4,1,78,0,0,121,81,1.0,0.7,1.0,0.0,,1.0,0.2,1.0,1.4938271604938271,9801,0.00040812162024283236,0.0,0.5,False,False,0.0,0.3,1,0.6,0.06,0.5,0.1,800,1000,0.6
467,2026-09-28T10:59:08.359744,"I WILL LEAVE YOU TO REST , SIR . I WILL REPORT WHAT HAPPENED TO HIS LORDSHIP TOMORROW .",0.8309,dialogue,dialogue,False,87,19,78,0,0,416,224,1.0,0.7,0.6,0.7,,1.0,1.0,0.9565217391304348,1.8571428571428572,93184,0.0009336366758241759,0.6875,2.35625,True,True,0.0,0.709375,19,1.0,0.141875,0.9,0.8,800,1000,0.6
468,2026-09-28T10:59:08.359885,DO YOU HAVE TO ?,0.8717,dialogue,dialogue,False,16,5,79,0,0,159,65,1.0,1.0,1.0,1.0,,1.0,1.0,0.9166666666666666,2.4461538461538463,10335,0.001548137397194001,1.0,4.1,True,True,0.0,0.6555555555555556,5,0.5,0.13111111111111112,0.75,1.0,800,1000,0.6
469,2026-09-28T10:59:08.359972,YES . HE'S SO UPTIGHT ..,0.7225,dialogue,dialogue,False,24,6,79,0,0,306,168,1.0,0.7,0.6,0.7,,1.0,1.0,0.7894736842105263,1.8214285714285714,51408,0.00046685340802987864,0.75,1.5,True,True,0.0,0.676923076923077,6,0.6,0.13538461538461538,1.0,0.3,800,1000,0.6
470,2026-09-28T10:59:08.360103,WAIT ... JAVIER .,0.6637,,,True,17,4,80,0,0,248,25,1.0,0.3,0.6,0.7,,1.0,1.0,0.9090909090909091,9.92,6200,0.0027419354838709676,0.5,1.3,True,True,0.0,0.3,4,0.5,0.06,0.75,0.26,800,1000,0.6
471,2026-09-28T10:59:08.360243,"YES , MASTER LLOYD ?",0.7126,dialogue,dialogue,False,20,5,81,0,0,220,70,1.0,1.0,1.0,0.4,,1.0,1.0,0.875,3.142857142857143,15400,0.0012987012987012987,0.3333333333333333,1.0666666666666667,True,True,0.0,0.5750000000000001,5,1.0,0.11500000000000002,0.75,0.21333333333333332,800,1000,0.6
472,2026-09-28T10:59:08.360349,"OUR FAMILY ... HAS A LOT OF DEBT , DON'T WE ?",0.7988,dialogue,dialogue,False,45,12,81,0,0,340,105,1.0,1.0,1.0,0.7,,1.0,1.0,0.9032258064516129,3.238095238095238,35700,0.0012605042016806723,0.6666666666666666,1.8666666666666667,True,True,0.0,0.5538461538461539,12,1.0,0.11076923076923077,1.0,0.37333333333333335,800,1000,0.6
473,2026-09-28T10:59:08.360489,WHAT A STRANGE THING TO SAY ...,0.8196,dialogue,dialogue,False,31,7,83,0,0,293,66,1.0,1.0,1.0,0.7,,1.0,1.0,1.0,4.4393939393939394,19338,0.0016030613300237874,0.6666666666666666,2.733333333333333,True,True,0.0,1.04,7,0.5,0.20800000000000002,1.0,0.8,800,512,0.6
474,2026-09-28T10:59:08.360610,CLACK,0.4542,,,True,5,1,84,0,0,171,79,1.0,1.0,1.0,0.0,,1.0,0.2,1.0,2.1645569620253164,13509,0.0003701236212895107,0.0,0.5,False,False,0.0,0.3,1,0.6,0.06,0.5,0.1,800,1000,0.6
475,2026-09-28T10:59:08.360785,I KNOW EVERYTHING THAT HAPPENS IN THIS STORY .,0.8729,dialogue,dialogue,False,46,9,86,0,0,306,147,1.0,1.0,1.0,0.7,,1.0,1.0,0.9736842105263158,2.0816326530612246,44982,0.001022631274732115,0.625,2.55,True,True,0.0,1.28,9,1.0,0.256,1.0,0.8,800,1000,0.6
476,2026-09-28T10:59:08.360967,"JUST LAST NIGHT , IN MY MICROSCOPIC BOARDING HOUSE ROOM ... I READ THE LAST CHAPTER .",0.7545,dialogue,dialogue,False,85,17,87,0,0,531,278,1.0,0.7,0.4,0.7,,1.0,1.0,0.9696969696969697,1.910071942446043,147618,0.0005758105380102697,0.5714285714285714,1.6857142857142857,True,True,0.0,0.6370967741935484,17,1.0,0.12741935483870967,0.9,0.33714285714285713,800,1000,0.6
477,2026-09-28T10:59:08.361096,E,0.3852,background,background,False,1,1,88,0,0,16,17,1.0,0.3,0.2,0.0,,1.0,0.2,1.0,0.9411764705882353,272,0.003676470588235294,0.0,0.5,False,False,0.0,0.3,1,0.5,0.06,0.5,0.1,800,1000,0.6
478,2026-09-28T10:59:08.361239,AND OF COURSE I KNOW WHAT HAPPENS TO LLOYD .,0.868,dialogue,dialogue,False,44,10,88,0,0,372,106,1.0,1.0,1.0,0.7,,1.0,1.0,0.9714285714285714,3.509433962264151,39432,0.0011158449989855954,0.6666666666666666,2.7555555555555555,True,True,0.0,0.925,10,1.0,0.185,1.0,0.8,800,1000,0.6
479,2026-09-28T10:59:08.361460,"PART ONE ! THE BARON AND BARONESS FALL PREY TO AN EVIL CONMAN , LOSE ALL OF THEIR LAND AND FORTUNE , AND COMMIT SUICIDE !",0.8264,dialogue,dialogue,False,121,26,89,0,0,453,267,1.0,0.7,0.4,0.7,,1.0,1.0,0.9583333333333334,1.696629213483146,120951,0.0010004051227356532,0.5454545454545454,2.0818181818181816,True,True,0.0,0.8133333333333334,26,1.0,0.16266666666666668,0.9,0.8,800,1000,0.6
480,2026-09-28T10:59:08.361537,DUM DU -,0.4987,,,True,8,3,89,0,0,417,250,1.0,0.7,0.4,0.0,,1.0,0.6,0.8333333333333334,1.668,104250,7.673860911270984e-05,0.0,0.5,True,False,0.0,0.3,3,0.6,0.06,0.75,0.1,800,1000,0.6
481,2026-09-28T10:59:08.361730,"THEN BECOMES A BEGGAR , DRINKING ALL DAY LONG , AND THEN HE ...",0.8392,dialogue,dialogue,False,63,14,91,0,0,344,186,1.0,0.7,0.6,0.7,,1.0,1.0,0.9574468085106383,1.8494623655913978,63984,0.0009846211552888221,0.7272727272727273,2.0636363636363635,True,True,0.0,0.8023255813953488,14,1.0,0.16046511627906976,1.0,0.8,800,1000,0.6
482,2026-09-28T10:59:08.361805,TUD,0.4272,background,background,False,3,1,91,0,0,345,262,1.0,0.7,0.6,0.0,,1.0,0.2,1.0,1.316793893129771,90390,3.318951211417192e-05,0.0,0.5,False,False,0.0,0.3,1,0.6,0.06,0.5,0.1,800,1000,0.6
483,2026-09-28T10:59:08.361912,BEER ! BRING ME MORE BEER !,0.7701,dialogue,dialogue,False,27,7,91,0,0,272,106,1.0,1.0,1.0,0.7,,1.0,1.0,0.9047619047619048,2.5660377358490565,28832,0.0009364594894561598,0.6,0.9199999999999999,True,True,0.0,0.5352941176470588,7,1.0,0.10705882352941176,1.0,0.184,800,1000,0.6
484,2026-09-28T10:59:08.362056,... COUGHS UP BLOOD AND DIES !,0.75,dialogue,dialogue,False,30,7,92,0,0,249,105,1.0,1.0,1.0,0.4,,1.0,1.0,0.9523809523809523,2.3714285714285714,26145,0.0011474469305794606,0.4,1.7600000000000002,True,True,0.0,0.5166666666666667,7,1.0,0.10333333333333335,1.0,0.35200000000000004,800,1000,0.6
485,2026-09-28T10:59:08.362130,LATTER,0.4537,,,True,6,1,92,0,0,528,195,1.0,1.0,0.6,0.0,,1.0,0.2,1.0,2.707692307692308,102960,5.8275058275058275e-05,0.0,0.5,False,False,0.0,1.125,1,0.6,0.225,0.5,0.1,800,1000,0.6
486,2026-09-28T10:59:08.362282,GLURGH !,0.7592,dialogue,dialogue,False,8,2,93,0,0,147,43,1.0,1.0,0.6,0.0,,1.0,2.0,0.8571428571428571,3.4186046511627906,6321,0.0012656225280809998,0.0,0.5,True,True,0.0,0.3,2,1.0,0.06,0.6,0.1,800,1000,0.6
487,2026-09-28T10:59:08.362449,GAH ! WHAT'S THE POINT OF BEING AN ARISTOCRAT THEN ?!,0.7771,dialogue,dialogue,False,53,11,94,0,0,325,185,1.0,0.7,0.6,0.7,,1.0,1.0,0.9069767441860465,1.7567567567567568,60125,0.0008814968814968815,0.7777777777777778,1.9333333333333331,True,True,0.0,0.7945945945945946,11,1.0,0.1589189189189189,1.0,0.3866666666666666,800,1000,0.6
488,2026-09-28T10:59:08.362523,SPRING,0.4352,background,background,False,6,1,94,0,0,441,324,1.0,0.7,0.4,0.0,,1.0,0.2,1.0,1.3611111111111112,142884,4.1992105484168974e-05,0.0,0.5,False,False,0.0,1.3,1,0.6,0.26,0.5,0.1,800,1000,0.6
489,2026-09-28T10:59:08.362699,"IT'S THE SAME MISERABLE LIFE , LIKE IT WAS IN KOREA !",0.8926,dialogue,dialogue,False,53,12,95,0,0,286,145,1.0,0.7,1.0,1.0,,1.0,1.0,0.9285714285714286,1.9724137931034482,41470,0.0012780323125150712,0.8,2.06,True,True,0.0,0.5432432432432432,12,1.0,0.10864864864864865,1.0,0.8,800,1000,0.6
490,2026-09-28T10:59:08.362857,WHAT THE HECK KIND OF GUY IS THIS ABSOLUTE ?!,0.8661,dialogue,dialogue,False,45,10,96,0,0,347,105,1.0,1.0,1.0,0.7,,1.0,1.0,0.9444444444444444,3.3047619047619046,36435,0.0012350761630300535,0.5555555555555556,2.066666666666667,True,True,0.0,0.79375,10,1.0,0.15875,1.0,0.8,800,1000,0.6
491,2026-09-28T10:59:08.362929,ALARM,0.4822,,,True,5,1,96,0,0,166,36,1.0,1.0,0.6,0.0,,1.0,0.2,1.0,4.611111111111111,5976,0.0008366800535475234,0.0,0.5,False,False,0.0,0.3,1,1.0,0.06,0.5,0.1,800,1000,0.6
492,2026-09-28T10:59:08.363058,YOU HAVE BEEN CHOSEN TO HAVE A RANDOM WISH GRANTED BY THE,0.7328,dialogue,dialogue,False,57,12,96,0,0,461,107,1.0,1.0,0.6,0.7,,1.0,0.2,1.0,4.308411214953271,49327,0.0011555537535224117,0.6666666666666666,2.6999999999999997,False,False,0.0,0.6977272727272728,12,1.0,0.13954545454545456,1.0,0.8,800,1000,0.6
493,2026-09-28T10:59:08.363189,""" ABSOLUTE "" !",0.5347,,,True,14,4,97,0,0,222,25,1.0,0.3,0.6,0.0,,1.0,1.0,0.8888888888888888,8.88,5550,0.0025225225225225223,0.0,0.5,True,True,0.0,0.3,4,0.5,0.06,0.75,0.1,800,1000,0.6
494,2026-09-28T10:59:08.363349,WHAT DID I WISH FOR THAT WOULD PUT ME IN THE BODY OF SOMEONE WITH SUCH AN ENDING ?!,0.8331,dialogue,dialogue,False,83,19,97,0,0,406,228,1.0,0.7,0.6,0.7,,1.0,1.0,0.9692307692307692,1.780701754385965,92568,0.0008966381470918676,0.7222222222222222,2.5277777777777777,True,True,0.0,0.8622950819672132,19,1.0,0.17245901639344263,0.9,0.8,800,1000,0.6
495,2026-09-28T10:59:08.363455,0,0.2025,background,background,False,1,1,100,0,0,21,19,0.0,0.7,0.2,0.0,,0.91,0.2,0.0,1.105263157894737,399,0.002506265664160401,0.0,0.5,False,False,0.09,0.3,1,0.5,0.06,0.5,0.1,800,1000,0.6
496,2026-09-28T10:59:08.363620,YOU BROKE THINGS AT THE PUB LAST NIGHT ... ?,0.8045,dialogue,dialogue,False,44,10,101,0,0,293,146,1.0,1.0,1.0,0.7,,1.0,1.0,0.96875,2.006849315068493,42778,0.001028566085370985,0.5,1.875,True,True,0.0,0.9448275862068966,10,1.0,0.1889655172413793,1.0,0.375,800,1000,0.6
497,2026-09-28T10:59:08.363760,LLOYD'S MOTHER MARBELLA FRONTERA,0.5199,,,True,32,4,102,0,0,439,99,1.0,1.0,1.0,0.0,,1.0,0.2,0.9655172413793104,4.434343434343434,43461,0.0007362923080462944,0.0,0.5,False,False,0.0,0.8884615384615385,4,1.0,0.1776923076923077,0.75,0.1,800,1000,0.6
498,2026-09-28T10:59:08.363925,"NO . LAST NIGHT , I WAS READING A BOOK .",0.7978,dialogue,dialogue,False,40,11,103,0,0,299,108,1.0,1.0,1.0,0.7,,1.0,1.0,0.9,2.7685185185185186,32292,0.0012386968908708038,0.625,1.7,True,True,0.0,0.84,11,1.0,0.16799999999999998,1.0,0.33999999999999997,800,1000,0.6
499,2026-09-28T10:59:08.364107,"I BEG YOU , LLOYD , THIS TIME , GO TO THE PUB AND APOLOGIZE ...",0.832,dialogue,dialogue,False,63,16,104,0,0,292,186,1.0,0.7,0.6,0.7,,1.0,1.0,0.9333333333333333,1.5698924731182795,54312,0.0011599646486964207,0.6666666666666666,2.7416666666666667,True,True,0.0,0.7825,16,1.0,0.1565,0.9,0.8,800,1000,0.6
500,2026-09-28T10:59:08.364396,TSK ... I GUESS IT'S A MESS THAT THIS BODY MADE SO I'LL HAVE TO CLEAN IT UP ...,0.8456,dialogue,dialogue,False,79,19,106,0,0,390,147,1.0,1.0,0.6,0.7,,1.0,1.0,0.9636363636363636,2.6530612244897958,57330,0.0013779870922728066,0.6470588235294118,2.4,True,True,0.0,0.6862745098039216,19,1.0,0.13725490196078433,0.9,0.8,800,741,0.6
501,2026-09-28T10:59:08.364533,SCRATCH,0.4542,,,True,7,1,107,0,0,224,80,1.0,1.0,1.0,0.0,,1.0,0.2,1.0,2.8,17920,0.000390625,0.0,0.5,False,False,0.0,0.3,1,0.6,0.06,0.5,0.1,800,1000,0.6
502,2026-09-28T10:59:08.364644,YES ... OKAY ... I'LL DO IT .,0.892,dialogue,dialogue,False,29,8,107,0,0,191,105,1.0,0.7,1.0,1.0,,1.0,1.0,0.875,1.819047619047619,20055,0.0014460234355522313,1.0,2.5,True,True,0.0,0.5,8,1.0,0.1,1.0,0.8,800,1000,0.6
503,2026-09-28T10:59:08.364803,THESE TWO PEOPLE ARE HIGHLY CONFUSED BY YOUR RESPONSE .,0.6691,,,True,55,10,108,0,0,527,68,1.0,0.5,1.0,0.4,,1.0,1.0,0.9782608695652174,7.75,35836,0.0015347695055251702,0.4444444444444444,1.411111111111111,True,True,0.0,0.8418604651162791,10,0.5,0.16837209302325581,1.0,0.2822222222222222,800,1000,0.6
504,2026-09-28T10:59:08.364958,COULD THEY NOT GIVE ME AT LEAST A LITTLE CREDIT ?!,0.9087,dialogue,dialogue,False,50,11,109,0,0,321,146,1.0,1.0,1.0,1.0,,1.0,1.0,0.95,2.1986301369863015,46866,0.0010668715059958178,0.8,2.25,True,True,0.0,0.6194444444444445,11,1.0,0.1238888888888889,1.0,0.8,800,1000,0.6
505,2026-09-28T10:59:08.365093,OOF ...,0.6942,,,True,7,2,111,0,0,97,28,1.0,1.0,0.6,0.0,,0.5,2.0,1.0,3.4642857142857144,2716,0.002577319587628866,0.0,0.5,True,True,0.5,0.3,2,0.5,0.06,0.6,0.1,800,1000,0.6
506,2026-09-28T10:59:08.365220,HUH ?!,0.8492,dialogue,dialogue,False,6,2,114,0,0,96,25,0.8,1.0,0.6,1.0,,1.0,2.0,0.6,3.84,2400,0.0025,1.0,1.5,True,True,0.0,0.3,2,0.5,0.06,0.6,0.3,800,1000,0.6
507,2026-09-28T10:59:08.365343,SCRAMBLE,0.4542,,,True,8,1,115,0,0,253,117,1.0,1.0,1.0,0.0,,1.0,0.2,1.0,2.1623931623931623,29601,0.0002702611398263572,0.0,0.5,False,False,0.0,0.3,1,0.6,0.06,0.5,0.1,800,1000,0.6
508,2026-09-28T10:59:08.365474,"6 ,,",0.2305,background,background,False,4,2,116,0,0,29,32,0.0,0.3,0.2,0.0,,0.2766666666666667,0.6,0.0,0.90625,928,0.004310344827586207,0.0,0.5,True,False,0.7233333333333333,0.3,2,0.5,0.06,0.6,0.1,800,1000,0.6
509,2026-09-28T10:59:08.365619,SHUFFLE,0.4272,background,background,False,7,1,119,0,0,301,172,1.0,0.7,0.6,0.0,,1.0,0.2,1.0,1.75,51772,0.00013520822065981613,0.0,0.5,False,False,0.0,0.3,1,0.6,0.06,0.5,0.1,800,1000,0.6
510,2026-09-28T10:59:08.365717,DASH 201,0.4062,background,background,False,8,2,119,0,0,198,182,0.8,0.7,1.0,0.0,,1.0,0.2,0.5714285714285714,1.0879120879120878,36036,0.000222000222000222,0.0,0.5,False,False,0.0,0.3,2,0.6,0.06,0.6,0.1,800,1000,0.6
511,2026-09-28T10:59:08.365796,:,0.2355,background,background,False,1,1,119,0,0,25,15,0.0,0.7,0.2,0.0,,0.010000000000000009,0.6,0.0,1.6666666666666667,375,0.0026666666666666666,0.0,0.5,True,False,0.99,0.3,1,0.5,0.06,0.5,0.1,800,1000,0.6
512,2026-09-28T10:59:08.365945,DON'T MAKE EYE CONTACT !,0.7599,dialogue,dialogue,False,24,5,122,0,0,286,67,1.0,1.0,1.0,0.7,,1.0,1.0,0.9,4.268656716417911,19162,0.001252478864419163,0.75,1.0,True,True,0.0,0.8875,5,1.0,0.1775,0.75,0.2,800,1000,0.6
513,2026-09-28T10:59:08.366011,W,0.3852,background,background,False,1,1,122,0,0,9,8,1.0,0.7,0.2,0.0,,1.0,0.2,1.0,1.125,72,0.013888888888888888,0.0,0.5,False,False,0.0,0.3,1,0.3,0.06,0.5,0.1,800,1000,0.6
514,2026-09-28T10:59:08.366138,St,0.4392,background,background,False,2,1,124,0,0,218,190,1.0,0.7,1.0,0.0,,1.0,0.2,1.0,1.1473684210526316,41420,4.828585224529213e-05,0.0,0.5,False,False,0.0,0.3,1,0.6,0.06,0.5,0.1,800,1000,0.6
515,2026-09-28T10:59:08.366311,DING THE VILLAGERS ABSOLUTELY DETEST YOU .,0.6822,,,True,42,7,125,0,0,569,297,1.0,0.7,0.4,0.4,,1.0,1.0,0.9722222222222222,1.9158249158249159,168993,0.0002485310042427793,0.3333333333333333,1.8,True,True,0.0,0.7999999999999999,7,0.6,0.15999999999999998,1.0,0.36,800,1000,0.6
516,2026-09-28T10:59:08.366392,"YEAH , I GOT THAT .",0.8684,dialogue,dialogue,False,19,6,125,0,0,211,70,1.0,1.0,1.0,0.7,,1.0,1.0,0.8571428571428571,3.0142857142857142,14770,0.0012863913337846987,0.75,2.775,True,True,0.0,0.96,6,1.0,0.192,1.0,0.8,800,1000,0.6
517,2026-09-28T10:59:08.366537,"BY THE WAY , JAVIER , WHY ARE YOU FOLLOWING ME ?",0.8163,dialogue,dialogue,False,48,12,126,0,0,373,107,1.0,1.0,1.0,0.7,,1.0,1.0,0.918918918918919,3.485981308411215,39911,0.0012026759539976448,0.7777777777777778,2.088888888888889,True,True,0.0,0.7374999999999999,12,1.0,0.1475,0.3,0.8,800,1000,0.6
518,2026-09-28T10:59:08.366717,HIS LORDSHIP ORDERED ME TO ESCORT YOU SO THAT WHAT HAPPENED YESTERDAY DOES NOT RECUR .,0.8411,dialogue,dialogue,False,86,16,127,0,0,483,225,1.0,1.0,0.4,0.7,,1.0,1.0,0.9859154929577465,2.1466666666666665,108675,0.0007913503565677479,0.6,2.14,True,True,0.0,0.7926470588235294,16,1.0,0.15852941176470586,0.9,0.8,800,1000,0.6
519,2026-09-28T10:59:08.366793,ESCORT FOR ME ?,0.8471,dialogue,dialogue,False,15,4,127,0,0,205,66,1.0,1.0,1.0,0.7,,1.0,1.0,0.9166666666666666,3.106060606060606,13530,0.0011086474501108647,0.6666666666666666,2.3666666666666667,True,True,0.0,0.6888888888888888,4,1.0,0.13777777777777775,0.75,0.8,800,1000,0.6
520,2026-09-28T10:59:08.366990,"HARDLY . IT'S FOR THE VILLAGERS . I'M PROTECTING THEM FROM YOU . AH , SO I'M LIKE A GANGSTER .",0.8413,dialogue,dialogue,False,94,21,128,0,0,583,284,1.0,1.0,0.4,0.7,,1.0,1.0,0.8918918918918919,2.0528169014084505,165572,0.000567728843041094,0.75,2.19375,True,True,0.0,0.8078125,21,1.0,0.1615625,0.9,0.8,800,1000,0.6
521,2026-09-28T10:59:08.367231,I GUESS THE FIRST THING I NEED TO DO IS TO GET RID OF THIS SCUMBAG IMAGE I HAVE ... THAT WAY I CAN AT LEAST GET MYSELF SOME FOOD WHEN I'M A BEGGAR .,0.8162,dialogue,dialogue,False,148,35,129,0,0,590,455,1.0,0.7,0.4,0.7,,1.0,1.0,0.9819819819819819,1.2967032967032968,268450,0.000551313093685975,0.7575757575757576,2.4939393939393937,True,True,0.0,0.5841121495327103,35,1.0,0.11682242990654206,0.8,0.8,800,1000,0.6
522,2026-09-28T10:59:08.367354,"NO , IF I CAN",0.7575,dialogue,dialogue,False,13,5,130,0,0,212,35,1.0,0.5,1.0,1.0,,1.0,0.6,0.8888888888888888,6.057142857142857,7420,0.001752021563342318,1.0,2.95,True,False,0.0,0.7166666666666667,5,0.5,0.14333333333333334,0.75,0.8,800,1000,0.6
523,2026-09-28T10:59:08.367499,SORT OUT MY FAMILY'S DEBT BEFORE THAT HAPPENS ...,0.7813,dialogue,dialogue,False,49,9,131,0,0,385,105,1.0,1.0,0.6,0.7,,1.0,1.0,0.9736842105263158,3.6666666666666665,40425,0.0012121212121212121,0.5,1.5875,True,True,0.0,0.7657142857142857,9,1.0,0.15314285714285714,1.0,0.3175,800,459,0.6
524,2026-09-28T10:59:08.367649,... I CAN LIVE PEACEFULLY AS THE HEIR TO A COUNTRY BARON ...,0.8504,dialogue,dialogue,False,60,13,132,0,0,328,146,1.0,1.0,0.6,0.7,,1.0,1.0,1.0,2.2465753424657535,47888,0.001252923488138991,0.6363636363636364,2.4727272727272727,True,True,0.0,0.53,13,1.0,0.10600000000000001,1.0,0.8,800,900,0.6
525,2026-09-28T10:59:08.367800,"... AND LIVE A SWEET , COMFORTABLE LIFE TO A RIPE OLD AGE !",0.8028,dialogue,dialogue,False,59,14,133,0,0,416,109,1.0,1.0,1.0,0.7,,1.0,1.0,0.9534883720930233,3.81651376146789,45344,0.001301164431898377,0.6363636363636364,1.9727272727272727,True,True,0.0,0.6153846153846154,14,1.0,0.12307692307692308,1.0,0.39454545454545453,800,1000,0.6
526,2026-09-28T10:59:08.367959,IS THERE NO CHEAT CODE OR SKILL I CAN USE ... ? Oood DING,0.665,,,True,57,14,134,0,0,470,336,1.0,0.7,0.4,0.7,,1.0,0.6,0.975,1.3988095238095237,157920,0.0003609422492401216,0.5833333333333334,1.6833333333333333,True,False,0.0,0.8918918918918919,14,0.6,0.1783783783783784,1.0,0.33666666666666667,800,1000,0.6
527,2026-09-28T10:59:08.368046,HUH ? SO I DO HAVE A SKILL !,0.8863,dialogue,dialogue,False,28,9,134,0,0,240,67,1.0,1.0,1.0,1.0,,1.0,1.0,0.9,3.582089552238806,16080,0.0017412935323383085,0.8571428571428571,3.057142857142857,True,True,0.0,0.45,9,0.5,0.09,1.0,1.0,800,1000,0.6
528,2026-09-28T10:59:08.368181,LLOYD'S SKILLS,0.4696,,,True,14,2,135,0,0,362,35,1.0,0.3,1.0,0.0,,1.0,0.2,0.9230769230769231,10.342857142857143,12670,0.0011049723756906078,0.0,0.5,False,False,0.0,0.54,2,1.0,0.10800000000000001,0.6,0.1,800,1000,0.6
529,2026-09-28T10:59:08.368324,-HUMAN SCUM- A PASSIVE SKILL . IT CAUSES OTHERS TO FURROW THEIR BROWS .,0.7235,dialogue,dialogue,False,71,14,135,0,0,355,234,1.0,0.7,0.6,0.4,,1.0,1.0,0.9473684210526315,1.517094017094017,83070,0.0008547008547008547,0.3333333333333333,1.6833333333333333,True,True,0.0,0.7153846153846154,14,1.0,0.14307692307692307,1.0,0.33666666666666667,800,1000,0.6
530,2026-09-28T10:59:08.368419,-ROWDY DRUNKARD- WHEN THIS SKILL IS,0.7259,dialogue,dialogue,False,35,6,135,0,0,337,99,1.0,1.0,1.0,0.7,,1.0,0.6,0.9655172413793104,3.404040404040404,33363,0.0010490663309654408,0.5,1.3499999999999999,True,False,0.0,0.7461538461538461,6,1.0,0.14923076923076922,1.0,0.26999999999999996,800,1000,0.6
531,2026-09-28T10:59:08.368562,"USED , YOU BECOME AN ABSOLUTE ASS .",0.7732,dialogue,dialogue,False,35,8,136,0,0,366,70,1.0,0.7,1.0,0.7,,1.0,1.0,0.9285714285714286,5.228571428571429,25620,0.001366120218579235,0.5,1.4833333333333334,True,True,0.0,0.625,8,1.0,0.125,1.0,0.2966666666666667,800,1000,0.6
532,2026-09-28T10:59:08.368637,WAVE ?,0.7312,dialogue,dialogue,False,6,2,136,0,0,283,131,1.0,1.0,1.0,0.0,,1.0,2.0,0.8,2.1603053435114505,37073,0.0001618428505920751,0.0,0.5,True,True,0.0,0.3,2,0.6,0.06,0.6,0.1,800,1000,0.6
533,2026-09-28T10:59:08.368706,WAVE,0.4392,background,background,False,4,1,136,0,0,185,117,1.0,0.7,1.0,0.0,,1.0,0.2,1.0,1.5811965811965811,21645,0.0001848001848001848,0.0,0.5,False,False,0.0,0.3,1,0.6,0.06,0.5,0.1,800,1000,0.6
534,2026-09-28T10:59:08.368860,"MASTER LLOYD , WHERE ARE YOU GOING ?",0.7831,dialogue,dialogue,False,36,8,137,0,0,277,110,1.0,1.0,1.0,0.7,,1.0,1.0,0.9310344827586207,2.518181818181818,30470,0.00118148999015425,0.5,1.05,True,True,0.0,1.1840000000000002,8,1.0,0.23680000000000004,1.0,0.21000000000000002,800,1000,0.6
535,2026-09-28T10:59:08.368986,HUH ?! WHAT ?,0.8382,dialogue,dialogue,False,13,4,138,0,0,119,67,1.0,0.7,1.0,1.0,,1.0,1.0,0.7,1.7761194029850746,7973,0.0016305029474476358,1.0,2.2,True,True,0.0,1.48,4,0.5,0.296,0.75,0.8,800,1000,0.6
536,2026-09-28T10:59:08.369066,THE PUB IS OVER HERE,0.712,dialogue,dialogue,False,20,5,138,0,0,210,101,1.0,1.0,1.0,1.0,,1.0,0.2,1.0,2.0792079207920793,21210,0.000942951438000943,0.8,1.72,False,False,0.0,1.2785714285714285,5,1.0,0.25571428571428567,0.75,0.344,800,1000,0.6
537,2026-09-28T10:59:08.369224,WERE YOU LYING WHEN YOU SAID YOU WOULD APOLOGIZE ?,0.856,dialogue,dialogue,False,50,10,139,0,0,370,146,1.0,1.0,0.6,0.7,,1.0,1.0,0.975609756097561,2.5342465753424657,54020,0.0009255831173639393,0.6666666666666666,2.0999999999999996,True,True,0.0,0.9263157894736843,10,1.0,0.18526315789473685,1.0,0.8,800,1000,0.6
538,2026-09-28T10:59:08.369333,HUH ?! NO ! NO ! I WAS THINKING ABOUT SOMETHING !,0.7908,dialogue,dialogue,False,49,12,139,0,0,285,147,1.0,0.7,1.0,0.7,,1.0,1.0,0.868421052631579,1.9387755102040816,41895,0.0011695906432748538,0.75,1.8375,True,True,0.0,1.1193548387096774,12,1.0,0.2238709677419355,1.0,0.3675,800,1000,0.6
539,2026-09-28T10:59:08.369474,HM ? WHAT ? WHAT'S WRONG ?,0.784,dialogue,dialogue,False,26,7,141,0,0,257,105,1.0,1.0,1.0,0.7,,1.0,1.0,0.8,2.447619047619048,26985,0.0009634982397628312,0.5,1.1,True,True,0.0,1.1428571428571428,7,1.0,0.22857142857142856,1.0,0.22000000000000003,800,1000,0.6
540,2026-09-28T10:59:08.369598,WHAT ? HUH ?,0.8062,dialogue,dialogue,False,12,4,142,0,0,213,25,1.0,0.3,0.6,1.0,,1.0,1.0,0.7777777777777778,8.52,5325,0.0022535211267605635,1.0,2.2,True,True,0.0,1.48,4,0.5,0.296,0.75,0.8,800,1000,0.6
541,2026-09-28T10:59:08.369673,IT'S NOTHING .,0.6957,,,True,14,3,142,0,0,229,28,1.0,0.3,1.0,0.7,,1.0,1.0,0.8333333333333334,8.178571428571429,6412,0.002183406113537118,0.5,1.3,True,True,0.0,1.7249999999999999,3,0.5,0.345,0.75,0.26,800,1000,0.6
542,2026-09-28T10:59:08.369796,LET US GO IN .,0.7897,dialogue,dialogue,False,14,5,143,0,0,231,26,1.0,0.3,0.6,1.0,,1.0,1.0,0.9,8.884615384615385,6006,0.002331002331002331,1.0,2.0,True,True,0.0,0.3,5,0.5,0.06,0.75,0.8,800,1000,0.6
543,2026-09-28T10:59:08.369881,"HELLO , EXCUSE ME ! BREAK",0.5492,,,True,25,6,143,0,0,433,281,1.0,0.7,0.4,0.075,,1.0,0.6,0.9,1.5409252669039146,121673,0.00020546875642089865,0.25,1.025,True,False,0.0,0.73125,6,0.6,0.14625,1.0,0.205,800,1000,0.6
544,2026-09-28T10:59:08.370040,SOMETHING HAS SEEMED OFF SINCE LAST NIGHT ...,0.7152,dialogue,dialogue,False,45,8,145,0,0,389,108,1.0,1.0,1.0,0.4,,1.0,1.0,1.0,3.6018518518518516,42012,0.0010711225364181663,0.42857142857142855,0.5,True,True,0.0,0.7272727272727273,8,1.0,0.14545454545454545,1.0,0.1,800,1000,0.6
545,2026-09-28T10:59:08.370188,IT'S AS IF ... HE IS A COMPLETELY DIFFERENT PERSON ...,0.8819,dialogue,dialogue,False,54,11,146,0,0,379,218,1.0,0.7,0.6,1.0,,1.0,1.0,0.9736842105263158,1.738532110091743,82622,0.0006535789499164871,0.8888888888888888,2.0999999999999996,True,True,0.0,0.6371428571428571,11,1.0,0.12742857142857142,1.0,0.8,800,1000,0.6
546,2026-09-28T10:59:08.370348,FORGIVE ME ! EVERYTHING THAT HAPPENED LAST NIGHT WAS MY FAULT !,0.7628,dialogue,dialogue,False,63,12,149,0,0,299,185,1.0,0.7,0.6,0.7,,1.0,1.0,0.9615384615384616,1.6162162162162161,55315,0.0011389315737141824,0.5,1.35,True,True,0.0,1.0250000000000001,12,1.0,0.20500000000000002,1.0,0.27,800,1000,0.6
547,2026-09-28T10:59:08.370516,THE PUB OWNER HAS ASSUMED THE POSITION OF EXTREME HIGH ALERT .,0.7375,dialogue,dialogue,False,62,12,151,0,0,372,149,1.0,1.0,0.6,0.4,,1.0,1.0,0.9803921568627451,2.4966442953020134,55428,0.0011185682326621924,0.45454545454545453,1.6909090909090911,True,True,0.0,0.6270833333333333,12,1.0,0.12541666666666668,1.0,0.33818181818181825,800,1000,0.6
548,2026-09-28T10:59:08.370679,"M - MASTER LLOYD ... PLEASE , I BEG YOU . DO NOT DO THIS .",0.8092,dialogue,dialogue,False,58,16,152,0,0,333,106,1.0,1.0,1.0,0.7,,1.0,1.0,0.9230769230769231,3.141509433962264,35298,0.001643152586548813,0.6363636363636364,2.4545454545454546,True,True,0.0,0.7970588235294117,16,0.5,0.15941176470588234,0.9,0.8,800,1000,0.6
549,2026-09-28T10:59:08.370736,2,0.1825,background,background,False,1,1,152,0,0,14,13,0.0,0.7,0.2,0.0,,0.91,0.2,0.0,1.0769230769230769,182,0.005494505494505495,0.0,0.5,False,False,0.09,0.3,1,0.3,0.06,0.5,0.1,800,1000,0.6
550,2026-09-28T10:59:08.370829,"OH , IS THAT",0.7843,dialogue,dialogue,False,12,4,152,0,0,197,33,1.0,0.7,1.0,1.0,,1.0,0.6,0.8888888888888888,5.96969696969697,6501,0.0018458698661744347,1.0,2.433333333333333,True,False,0.0,1.9166666666666667,4,0.5,0.38333333333333336,0.75,0.8,800,1000,0.6
551,2026-09-28T10:59:08.371017,WHAT'S HAPPENING ? HE'S EVEN MORE TERRIFIED BECAUSE THIS SCUMBAG IS SUDDENLY BEING POLITE ?,0.758,dialogue,dialogue,False,91,15,153,0,0,463,183,1.0,1.0,0.6,0.7,,1.0,1.0,0.948051948051948,2.530054644808743,84729,0.001074012439660565,0.6153846153846154,0.8461538461538461,True,True,0.0,0.6859154929577465,15,1.0,0.13718309859154929,1.0,0.16923076923076924,800,1000,0.6
552,2026-09-28T10:59:08.371104,THEN I'LL BE A LITTLE RUDER .,0.8941,dialogue,dialogue,False,29,7,153,0,0,200,106,1.0,0.7,1.0,1.0,,1.0,1.0,0.9130434782608695,1.8867924528301887,21200,0.0013679245283018868,0.8333333333333334,2.1666666666666665,True,True,0.0,0.6473684210526316,7,1.0,0.12947368421052632,1.0,0.8,800,1000,0.6
553,2026-09-28T10:59:08.371194,"WELL , I GUESS I'M SORRY .",0.8277,dialogue,dialogue,False,26,7,153,0,0,206,107,1.0,0.7,1.0,1.0,,1.0,1.0,0.85,1.925233644859813,22042,0.0011795662825514926,0.8,1.8,True,True,0.0,0.6199999999999999,7,1.0,0.12399999999999997,1.0,0.36,800,1000,0.6
554,2026-09-28T10:59:08.371311,SW,0.4392,background,background,False,2,1,154,0,0,82,65,1.0,0.7,1.0,0.0,,1.0,0.2,1.0,1.2615384615384615,5330,0.000375234521575985,0.0,0.5,False,False,0.0,0.3,1,0.6,0.06,0.5,0.1,800,812,0.6
555,2026-09-28T10:59:08.371454,"YOUR APOLOGY DOES NOT SEEM VERY GENUINE . COME ON , WHAT AM I SUPPOSED TO DO ?!",0.829,dialogue,dialogue,False,79,18,154,0,0,561,307,1.0,0.7,0.4,1.0,,1.0,1.0,0.9354838709677419,1.8273615635179152,172227,0.0004586969522780981,0.8,2.086666666666667,True,True,0.0,0.6428571428571429,18,0.6,0.1285714285714286,0.9,0.8,800,812,0.6
556,2026-09-28T10:59:08.371594,I - IT'S FINE ... YOU DON'T HAVE TO APOLOGIZE ...,0.8976,dialogue,dialogue,False,49,11,155,0,0,490,186,1.0,1.0,0.6,1.0,,1.0,1.0,0.9375,2.6344086021505375,91140,0.0005376344086021505,0.875,2.5625,True,True,0.0,0.6857142857142857,11,1.0,0.13714285714285715,1.0,0.8,800,1000,0.6
557,2026-09-28T10:59:08.371755,"EVEN WHEN I APOLOGIZED , HE DIDN'T SEEM ALL THAT HAPPY ...",0.8945,dialogue,dialogue,False,58,12,159,0,0,289,147,1.0,0.7,1.0,1.0,,1.0,1.0,0.9545454545454546,1.965986394557823,42483,0.0013652519831461997,0.8,2.17,True,True,0.0,0.6775,12,1.0,0.1355,1.0,0.8,800,1000,0.6
558,2026-09-28T10:59:08.371837,THAT'S TO BE EXPECTED .,0.8026,dialogue,dialogue,False,23,5,159,0,0,225,65,1.0,1.0,1.0,0.7,,1.0,1.0,0.8947368421052632,3.4615384615384617,14625,0.0015726495726495727,0.75,2.625,True,True,0.0,1.0799999999999998,5,0.5,0.21599999999999997,0.75,0.8,800,1000,0.6
559,2026-09-28T10:59:08.372046,"EVERYTHING YOU DESTROYED YESTERDAY , HIS FURNITURE AND DECORATIONS ... THEY WERE ALL PURCHASED WITH THE PUB OWNER'S HARD - EARNED MONEY .",0.7304,dialogue,dialogue,False,137,23,160,0,0,689,341,1.0,1.0,0.4,0.4,,1.0,1.0,0.972972972972973,2.0205278592375366,234949,0.0005831052696542654,0.42105263157894735,1.7421052631578948,True,True,0.0,0.9367924528301886,23,1.0,0.18735849056603773,0.9,0.34842105263157896,800,1000,0.6
560,2026-09-28T10:59:08.372204,HE LIKELY WON'T BE SATISFIED UNTIL HE IS COMPENSATED .,0.7941,dialogue,dialogue,False,54,10,161,0,0,372,107,1.0,1.0,1.0,0.7,,1.0,1.0,0.9555555555555556,3.4766355140186915,39804,0.0013566475731082302,0.6666666666666666,1.711111111111111,True,True,0.0,0.5512195121951219,10,1.0,0.11024390243902438,1.0,0.3422222222222222,800,1000,0.6
561,2026-09-28T10:59:08.372298,COMPENSATING HIM WHEN WE HAVE SO MUCH DEBT ...,0.8619,dialogue,dialogue,False,46,9,161,0,0,342,105,1.0,1.0,1.0,0.7,,1.0,1.0,1.0,3.257142857142857,35910,0.0012809802283486494,0.75,2.0875,True,True,0.0,0.49393939393939396,9,1.0,0.09878787878787879,1.0,0.8,800,1000,0.6
562,2026-09-28T10:59:08.372453,... IS IT SO HARD TO GET BROWNIE POINTS WITH THE VILLAGERS ?,0.8641,dialogue,dialogue,False,60,13,162,0,0,298,145,1.0,1.0,1.0,0.7,,1.0,1.0,0.9777777777777777,2.0551724137931036,43210,0.001388567461235825,0.6363636363636364,2.3363636363636364,True,True,0.0,0.6476190476190476,13,1.0,0.12952380952380954,1.0,0.8,800,1000,0.6
563,2026-09-28T10:59:08.372563,"SO IF WE DON'T REPAY THE DEBT , NOTHING IS GOING TO CHANGE",0.7152,dialogue,dialogue,False,58,13,162,0,0,291,174,1.0,0.7,0.6,0.7,,1.0,0.6,0.9565217391304348,1.6724137931034482,50634,0.001145475372279496,0.6666666666666666,1.8333333333333333,True,False,0.0,0.8690476190476191,13,1.0,0.1738095238095238,1.0,0.36666666666666664,800,1000,0.6
564,2026-09-28T10:59:08.372693,BUT HOW ?,0.7997,dialogue,dialogue,False,9,3,163,0,0,174,25,1.0,0.5,0.6,1.0,,1.0,1.0,0.8571428571428571,6.96,4350,0.0020689655172413794,1.0,2.8,True,True,0.0,0.3,3,0.5,0.06,0.75,0.8,800,1000,0.6
565,2026-09-28T10:59:08.372819,"NOT ONLY THAT , THE PUB OWNER'S MOTHER IS SICK AFTER THE",0.7978,dialogue,dialogue,False,56,12,163,0,0,534,174,1.0,1.0,0.6,0.7,,1.0,0.6,0.9555555555555556,3.0689655172413794,92916,0.0006026949072280339,0.6363636363636364,2.2636363636363637,True,False,0.0,1.0585365853658537,12,1.0,0.21170731707317075,1.0,0.8,800,1000,0.6
566,2026-09-28T10:59:08.372954,LATE WINTER COLD .,0.6392,,,True,18,4,164,0,0,217,67,1.0,1.0,1.0,0.0,,1.0,1.0,0.9333333333333333,3.2388059701492535,14539,0.0012380493844143339,0.0,0.5,True,True,0.0,0.8333333333333334,4,1.0,0.16666666666666669,0.75,0.1,800,1000,0.6
567,2026-09-28T10:59:08.373104,"COMBINE THAT WITH YOUR MISCONDUCT , AND YOU CAN IMAGINE JUST HOW HARD THINGS MUST BE FOR HIM .",0.8344,dialogue,dialogue,False,94,19,164,0,0,416,228,1.0,0.7,0.6,0.7,,1.0,1.0,0.9736842105263158,1.8245614035087718,94848,0.000991059379217274,0.7058823529411765,2.347058823529412,True,True,0.0,0.9583333333333334,19,1.0,0.19166666666666668,0.9,0.8,800,1000,0.6
568,2026-09-28T10:59:08.373293,THE INSIDE OF THE PUB WAS RATHER CHILLY .,0.8539,dialogue,dialogue,False,41,9,165,0,0,211,146,1.0,0.7,1.0,0.7,,1.0,1.0,0.9696969696969697,1.4452054794520548,30806,0.0013309095630721288,0.5,2.1375,True,True,0.0,0.9933333333333334,9,1.0,0.19866666666666669,1.0,0.8,800,1000,0.6
569,2026-09-28T10:59:08.373402,A SINGLE FIREPLACE ISN'T ENOUGH TO HEAT AN ENTIRE BUILDING ...,0.7188,dialogue,dialogue,False,62,11,165,0,0,296,185,1.0,0.7,0.6,0.4,,1.0,1.0,0.9795918367346939,1.6,54760,0.0011322132943754565,0.4,1.58,True,True,0.0,0.6021739130434782,11,1.0,0.12043478260869564,1.0,0.316,800,1000,0.6
570,2026-09-28T10:59:08.373552,THE ELDERLY CAN'T HANDLE THAT KIND OF COLD FOR VERY LONG .,0.7943,dialogue,dialogue,False,58,12,166,0,0,339,145,1.0,1.0,0.6,0.7,,1.0,1.0,0.9574468085106383,2.3379310344827586,49155,0.0011799410029498525,0.6363636363636364,1.9454545454545453,True,True,0.0,0.9255813953488371,12,1.0,0.1851162790697674,1.0,0.38909090909090904,800,1000,0.6
571,2026-09-28T10:59:08.373678,STEP,0.4392,background,background,False,4,1,167,0,0,191,115,1.0,0.7,1.0,0.0,,1.0,0.2,1.0,1.6608695652173913,21965,0.0001821078989301161,0.0,0.5,False,False,0.0,0.3,1,0.6,0.06,0.5,0.1,800,1000,0.6
572,2026-09-28T10:59:08.373793,STEP UNLESS THEY HAVE ONDOL FLOORS ...,0.6787,,,True,38,7,167,0,0,347,271,1.0,0.7,0.6,0.4,,1.0,1.0,1.0,1.2804428044280443,94037,0.0004040962599827727,0.3333333333333333,1.5999999999999999,True,True,0.0,0.5481481481481482,7,0.6,0.10962962962962963,1.0,0.31999999999999995,800,1000,0.6
573,2026-09-28T10:59:08.373907,PAUSE,0.4495,background,background,False,5,1,168,0,0,217,112,1.0,0.7,1.0,0.0,,1.0,0.2,1.0,1.9375,24304,0.00020572745227123108,0.0,0.5,False,False,0.0,1.0333333333333334,1,0.6,0.2066666666666667,0.5,0.1,800,1000,0.6
574,2026-09-28T10:59:08.374025,0,0.2525,background,background,False,1,1,170,0,0,54,36,0.0,0.7,0.2,0.0,,0.91,0.2,0.0,1.5,1944,0.00051440329218107,0.0,0.5,False,False,0.09,0.3,1,1.0,0.06,0.5,0.1,800,1000,0.6
575,2026-09-28T10:59:08.374158,FLICKER,0.4272,background,background,False,7,1,172,0,0,303,159,1.0,0.7,0.6,0.0,,1.0,0.2,1.0,1.9056603773584906,48177,0.0001452975486227868,0.0,0.5,False,False,0.0,0.3,1,0.6,0.06,0.5,0.1,800,1000,0.6
576,2026-09-28T10:59:08.374300,I'VE GOT IT .,0.6815,,,True,13,4,173,0,0,203,23,1.0,0.3,0.6,0.7,,1.0,1.0,0.8,8.826086956521738,4669,0.00278432212465196,0.6666666666666666,1.7,True,True,0.0,0.7166666666666667,4,0.5,0.14333333333333334,0.75,0.33999999999999997,800,1000,0.6
577,2026-09-28T10:59:08.374439,IT'S ...,0.9522,dialogue,dialogue,False,8,2,174,0,0,88,25,1.0,1.0,0.2,1.0,,1.0,2.0,0.75,3.52,2200,0.0036363636363636364,1.0,2.1,True,True,0.0,0.3,2,0.5,0.06,0.6,0.8,800,1000,0.6
578,2026-09-28T10:59:08.374526,... IT'S LIKE ...,0.7897,dialogue,dialogue,False,17,4,174,0,0,203,25,1.0,0.3,0.6,1.0,,1.0,1.0,0.875,8.12,5075,0.003349753694581281,1.0,2.3,True,True,0.0,0.3,4,0.5,0.06,0.75,0.8,800,1000,0.6
579,2026-09-28T10:59:08.374653,JOLT,0.4212,background,background,False,4,1,175,0,0,660,446,1.0,0.7,0.4,0.0,,1.0,0.2,1.0,1.4798206278026906,294360,1.3588802826470989e-05,0.0,0.5,False,False,0.0,0.3,1,0.6,0.06,0.5,0.1,800,1000,0.6
580,2026-09-28T10:59:08.374825,... A LIGHTBULB I WENT OFF IN MY HEAD !,0.8626,dialogue,dialogue,False,39,10,178,0,0,296,106,1.0,1.0,1.0,0.7,,1.0,1.0,0.9629629629629629,2.792452830188679,31376,0.001242988271290158,0.625,2.275,True,True,0.0,0.5458333333333333,10,1.0,0.10916666666666666,1.0,0.8,800,1000,0.6
581,2026-09-28T10:59:08.374941,ZOOM,0.5772,,,True,4,1,180,0,0,373,212,1.0,0.7,0.6,1.0,,1.0,0.2,1.0,1.759433962264151,79076,5.0584248065152515e-05,1.0,0.5,False,False,0.0,0.3,1,0.6,0.06,0.5,0.1,800,1000,0.6
582,2026-09-28T10:59:08.375071,ZOOM,0.6042,,,True,4,1,181,0,0,368,128,1.0,1.0,1.0,1.0,,1.0,0.2,1.0,2.875,47104,8.491847826086956e-05,1.0,0.5,False,False,0.0,0.3,1,0.6,0.06,0.5,0.1,800,1000,0.6
583,2026-09-28T10:59:08.375192,ZOOM,0.5772,,,True,4,1,182,0,0,376,229,1.0,0.7,0.6,1.0,,1.0,0.2,1.0,1.6419213973799127,86104,4.6455449224194e-05,1.0,0.5,False,False,0.0,0.3,1,0.6,0.06,0.5,0.1,800,1000,0.6
584,2026-09-28T10:59:08.375353,THERE ARE NO ONDOL FLOORS HERE !,0.7893,dialogue,dialogue,False,32,7,183,0,0,259,107,1.0,1.0,1.0,0.7,,1.0,1.0,0.9615384615384616,2.4205607476635516,27713,0.0011546927434777903,0.6666666666666666,1.2166666666666666,True,True,0.0,1.2739130434782608,7,1.0,0.25478260869565217,1.0,0.24333333333333332,800,1000,0.6
585,2026-09-28T10:59:08.375413,3 14,0.2865,background,background,False,4,2,183,0,0,133,35,0.0,1.0,0.6,0.0,,0.91,0.2,0.0,3.8,4655,0.0008592910848549946,0.0,0.5,False,False,0.09,0.3,2,1.0,0.06,0.6,0.1,800,1000,0.6
586,2026-09-28T10:59:08.375542,6,0.1825,background,background,False,1,1,184,0,0,12,24,0.0,0.3,0.2,0.0,,0.91,0.2,0.0,0.5,288,0.003472222222222222,0.0,0.5,False,False,0.09,0.3,1,0.5,0.06,0.5,0.1,800,1000,0.6
587,2026-09-28T10:59:08.375692,IF I BUILD THEM IN THIS WORLD ...,0.9108,dialogue,dialogue,False,33,8,185,0,0,226,105,1.0,1.0,1.0,1.0,,1.0,1.0,1.0,2.1523809523809523,23730,0.001390644753476612,1.0,2.585714285714286,True,True,0.0,0.7714285714285714,8,1.0,0.15428571428571428,1.0,0.8,800,1000,0.6
588,2026-09-28T10:59:08.375827,... THEY WOULD DEFINITELY SELL !,0.7506,dialogue,dialogue,False,32,6,186,0,0,282,67,1.0,1.0,1.0,0.7,,1.0,1.0,0.9583333333333334,4.208955223880597,18894,0.0016936593627606647,0.75,1.85,True,True,0.0,0.719047619047619,6,0.5,0.1438095238095238,1.0,0.37,800,1000,0.6
589,2026-09-28T10:59:08.375981,THE HOOLIGAN LLOYD FRONTERA COULD NEVER DREAM OF THIS STUFF !,0.8026,dialogue,dialogue,False,61,11,187,0,0,422,108,1.0,1.0,1.0,0.7,,1.0,1.0,0.9803921568627451,3.9074074074074074,45576,0.0013384237317886607,0.5,1.85,True,True,0.0,0.8666666666666667,11,1.0,0.17333333333333334,1.0,0.37,800,1000,0.6
590,2026-09-28T10:59:08.376114,"BUT THE REAL ME , SUHO KIM , CAN !",0.8702,dialogue,dialogue,False,34,10,188,0,0,259,109,1.0,1.0,1.0,0.7,,1.0,1.0,0.88,2.376146788990826,28231,0.0012043498282030393,0.5714285714285714,2.1714285714285713,True,True,0.0,1.085,10,1.0,0.217,1.0,0.8,800,1000,0.6
591,2026-09-28T10:59:08.376253,IN SCHOOL I MAJORED IN CIVIL ENGINEERING !,0.816,dialogue,dialogue,False,42,8,190,0,0,339,107,1.0,1.0,1.0,0.4,,1.0,1.0,0.9714285714285714,3.1682242990654204,36273,0.0011578860309320984,0.42857142857142855,2.142857142857143,True,True,0.0,0.425,8,1.0,0.08499999999999999,1.0,0.8,800,1000,0.6
592,2026-09-28T10:59:08.376439,20 . 1 -S Mrdr TA El 6 ) BB ' B A . BB ' B ( 935 ) AB El B . 2 2445 . and,0.5311,,,True,73,28,191,0,0,362,342,0.8,0.7,0.4,0.03529411764705882,,1.0,0.6,0.6666666666666666,1.0584795321637428,123804,0.0005896416917062454,0.11764705882352941,0.9705882352941176,True,False,0.0,0.4772727272727273,28,1.0,0.09545454545454546,0.9,0.19411764705882353,800,1000,0.6
593,2026-09-28T10:59:08.376521,30,0.1825,background,background,False,2,1,191,0,0,16,14,0.0,0.7,0.2,0.0,,0.91,0.2,0.0,1.1428571428571428,224,0.008928571428571428,0.0,0.5,False,False,0.09,0.3,1,0.3,0.06,0.5,0.1,800,1000,0.6
594,2026-09-28T10:59:08.376621,2445 9.16 ( 8 ) - ( 9 ) ( 1 - ) 2.19 . E,0.5152,,,True,40,16,191,0,0,307,276,1.0,0.7,0.6,0.0,,1.0,0.6,1.0,1.1123188405797102,84732,0.00047207666525043664,0.0,0.5,True,False,0.0,0.3,16,0.6,0.06,0.9,0.1,800,1000,0.6
595,2026-09-28T10:59:08.376704,B,0.3852,background,background,False,1,1,191,0,0,15,11,1.0,0.7,0.2,0.0,,1.0,0.2,1.0,1.3636363636363635,165,0.006060606060606061,0.0,0.5,False,False,0.0,0.3,1,0.3,0.06,0.5,0.1,800,1000,0.6
596,2026-09-28T10:59:08.376855,"DURING MY TIME AS A MILITARY ENGINEER IN THE ARMY , I CONSTRUCTED A HOUSE ALL BY MYSELF !",0.8453,dialogue,dialogue,False,89,19,191,0,0,430,186,1.0,1.0,0.6,0.7,,1.0,1.0,0.971830985915493,2.3118279569892475,79980,0.0011127781945486372,0.6470588235294118,2.4705882352941178,True,True,0.0,0.6611940298507463,19,1.0,0.13223880597014925,0.9,0.8,800,1000,0.6
597,2026-09-28T10:59:08.377015,"I'VE WORKED DAY AND NIGHT WORKING AT CONSTRUCTION SITES , TOO !",0.7723,dialogue,dialogue,False,63,12,192,0,0,426,145,1.0,1.0,0.6,0.7,,1.0,1.0,0.9423076923076923,2.9379310344827587,61770,0.0010199125789218067,0.5,1.22,True,True,0.0,0.9106382978723404,12,1.0,0.18212765957446808,1.0,0.244,800,1000,0.6
598,2026-09-28T10:59:08.377169,"THIS IS IT ! WITH THIS , I CAN SETTLE ALL OF THE BARON'S DEBTS !",0.8497,dialogue,dialogue,False,64,16,194,0,0,401,145,1.0,1.0,0.6,0.7,,1.0,1.0,0.9183673469387755,2.7655172413793103,58145,0.0011006965345257546,0.7692307692307693,2.8076923076923075,True,True,0.0,0.9767441860465116,16,1.0,0.19534883720930232,0.9,0.8,800,1000,0.6
599,2026-09-28T10:59:08.377311,JAVIER ! LET'S GO BACK TO THE PUB !,0.8129,dialogue,dialogue,False,35,9,196,0,0,301,105,1.0,1.0,1.0,0.7,,1.0,1.0,0.8888888888888888,2.8666666666666667,31605,0.0011074197120708748,0.5714285714285714,2.257142857142857,True,True,0.0,0.49090909090909085,9,1.0,0.09818181818181818,0.3,0.8,800,1000,0.6
600,2026-09-28T10:59:08.377467,MA,0.3852,background,background,False,2,1,196,0,0,20,15,1.0,0.7,0.2,0.0,,1.0,0.2,1.0,1.3333333333333333,300,0.006666666666666667,0.0,0.5,False,False,0.0,0.3,1,0.3,0.06,0.5,0.1,800,1000,0.6
601,2026-09-28T10:59:08.377557,AND WHY IS THAT ?,0.8514,dialogue,dialogue,False,17,5,196,0,0,161,65,1.0,1.0,1.0,1.0,,1.0,1.0,0.9230769230769231,2.476923076923077,10465,0.0016244624940277114,1.0,2.45,True,True,0.0,1.35,5,0.5,0.27,0.75,0.8,800,1000,0.6
602,2026-09-28T10:59:08.377672,Tr,0.4202,background,background,False,2,1,197,0,0,42,21,1.0,1.0,0.2,0.0,,1.0,0.2,1.0,2.0,882,0.0022675736961451248,0.0,0.5,False,False,0.0,0.3,1,0.5,0.06,0.5,0.1,800,1000,0.6
603,2026-09-28T10:59:08.377762,STRIDE STRIDE,0.4282,background,background,False,13,2,197,0,0,706,442,1.0,0.7,0.4,0.0,,1.0,0.2,1.0,1.5972850678733033,312052,4.1659723379436764e-05,0.0,0.5,False,False,0.0,0.3,2,0.6,0.06,0.6,0.1,800,1000,0.6
604,2026-09-28T10:59:08.378150,TO GET MY FIRST ORDER !,0.9042,dialogue,dialogue,False,23,6,198,0,0,304,92,1.0,1.0,1.0,1.0,,1.0,1.0,0.9444444444444444,3.3043478260869565,27968,0.0008223684210526315,0.8,2.58,True,True,0.0,0.3,6,1.0,0.06,1.0,0.8,800,1000,0.6
605,2026-09-28T10:59:08.378262,DENG,0.4272,background,background,False,4,1,199,0,0,289,174,1.0,0.7,0.6,0.0,,1.0,0.2,1.0,1.660919540229885,50286,7.954500258521259e-05,0.0,0.5,False,False,0.0,0.3,1,0.6,0.06,0.5,0.1,800,1000,0.6
606,2026-09-28T10:59:08.378399,NOTIFICATION,0.4729,,,True,12,1,200,0,0,300,33,1.0,0.3,1.0,0.0,,1.0,0.2,1.0,9.090909090909092,9900,0.0012121212121212121,0.0,0.5,False,False,0.0,1.2799999999999998,1,1.0,0.25599999999999995,0.5,0.1,800,1000,0.6
607,2026-09-28T10:59:08.378503,YOUR TRUE JOURNEY HAS BEGUN ! DONG,0.5908,,,True,34,7,200,0,0,508,319,1.0,0.7,0.4,0.4,,1.0,0.6,0.9642857142857143,1.5924764890282133,162052,0.0002098091970478612,0.3333333333333333,0.7999999999999999,True,False,0.0,0.7,7,0.6,0.13999999999999999,1.0,0.15999999999999998,800,1000,0.6
608,2026-09-28T10:59:08.378624,DING RP SYSTEM HAS BEEN ACTIVATED . ( RP RELATIONSHIP,0.5344,,,True,53,10,200,0,0,471,306,1.0,0.7,0.4,0.075,,1.0,0.6,0.9767441860465116,1.5392156862745099,144126,0.0003677337884906263,0.25,0.5,True,False,0.0,0.7975,10,0.6,0.1595,1.0,0.1,800,1000,0.6
609,2026-09-28T10:59:08.378765,POINTS ),0.4392,background,background,False,8,2,201,0,0,132,32,1.0,1.0,0.6,0.0,,1.0,0.2,0.8571428571428571,4.125,4224,0.001893939393939394,0.0,0.5,False,False,0.0,0.3,2,0.5,0.06,0.6,0.1,800,1000,0.6
610,2026-09-28T10:59:08.378894,YOU CAN EARN RP BY IMPROVING RELATIONSHIPS WITH KEY CHARACTERS . DONG,0.6172,,,True,69,12,201,0,0,502,377,1.0,0.7,0.4,0.4,,1.0,0.6,0.9827586206896551,1.3315649867374004,189254,0.00036458938780686276,0.36363636363636365,1.5636363636363635,True,False,0.0,0.9527272727272728,12,0.6,0.19054545454545455,1.0,0.3127272727272727,800,1000,0.6
611,2026-09-28T10:59:08.378973,DING CURRENT RP 0 TOTAL,0.4453,background,background,False,23,5,201,0,0,413,259,1.0,0.7,0.4,0.0,,1.0,0.2,0.9473684210526315,1.5945945945945945,106967,0.0002150195854796339,0.0,0.5,False,False,0.0,0.7687499999999999,5,0.6,0.15375,0.75,0.1,800,1000,0.6
612,2026-09-28T10:59:08.379134,MOTADIRION HV2 BEEM HH2 OSTAVITOA B62121EW CAM LORI,0.4837,,,True,51,8,203,0,0,185,425,1.0,0.3,0.6,0.0,,1.0,0.2,1.0,0.43529411764705883,78625,0.0006486486486486486,0.0,0.5,False,False,0.0,0.4057142857142857,8,1.0,0.08114285714285714,1.0,0.1,800,1000,0.6
613,2026-09-28T10:59:08.379225,TO BE CONTINUED .,0.7932,dialogue,dialogue,False,17,4,203,0,0,306,26,1.0,0.3,1.0,0.7,,1.0,1.0,0.9285714285714286,11.76923076923077,7956,0.002136752136752137,0.6666666666666666,3.3333333333333335,True,True,0.0,0.7636363636363637,4,0.5,0.15272727272727274,0.75,1.0,800,1000,0.6
614,2026-09-28T10:59:08.379361,Assistance by : Jini Hyeonseok Noh JQ COMICS,0.5797,,,True,44,8,204,0,0,309,159,1.0,0.7,0.4,0.04285714285714285,,1.0,0.6,0.972972972972973,1.9433962264150944,49131,0.0008955649182797013,0.14285714285714285,0.9285714285714286,True,False,0.0,0.6,8,1.0,0.12,1.0,0.18571428571428572,800,315,0.6
615,2026-09-28T10:59:08.379497,WEAPON !,0.7092,dialogue,dialogue,False,8,2,205,0,0,156,32,1.0,1.0,0.6,0.0,,1.0,2.0,0.8571428571428571,4.875,4992,0.0016025641025641025,0.0,0.5,True,True,0.0,0.3,2,0.5,0.06,0.6,0.1,800,1000,0.6
616,2026-09-28T10:59:08.379592,THIS IS NOT SOME KIND OF STUNT !!,0.8644,dialogue,dialogue,False,33,8,205,0,0,244,116,1.0,1.0,1.0,0.7,,1.0,1.0,0.9230769230769231,2.103448275862069,28304,0.001165912945166761,0.7142857142857143,2.2857142857142856,True,True,0.0,0.6727272727272727,8,1.0,0.13454545454545455,1.0,0.8,800,1000,0.6
617,2026-09-28T10:59:08.379733,"PLEASE , HURRY OUT THROUGH THE FRONT EXITS RIGHT ...",0.7648,dialogue,dialogue,False,52,10,206,0,0,240,210,1.0,0.7,0.6,0.7,,1.0,1.0,0.975,1.1428571428571428,50400,0.0010317460317460319,0.625,1.5375,True,True,0.0,0.7648648648648649,10,1.0,0.152972972972973,1.0,0.3075,800,1000,0.6
618,2026-09-28T10:59:08.379846,*** --MON,0.4992,,,True,9,2,207,0,0,146,30,1.0,1.0,0.6,0.0,,1.0,0.6,1.0,4.866666666666666,4380,0.002054794520547945,0.0,0.5,True,False,0.0,0.3,2,0.5,0.06,0.6,0.1,800,1000,0.6
619,2026-09-28T10:59:08.379975,SLASH,0.4392,background,background,False,5,1,208,0,0,133,110,1.0,0.7,1.0,0.0,,1.0,0.2,1.0,1.209090909090909,14630,0.0003417634996582365,0.0,0.5,False,False,0.0,0.3,1,0.6,0.06,0.5,0.1,800,1000,0.6
620,2026-09-28T10:59:08.380109,AH ... AHK ...,0.7012,dialogue,dialogue,False,14,4,209,0,0,207,156,1.0,0.7,1.0,0.7,,1.0,1.0,1.0,1.3269230769230769,32292,0.00043354391180478136,0.5,1.15,True,True,0.0,0.3,4,0.6,0.06,0.75,0.22999999999999998,800,1000,0.6
621,2026-09-28T10:59:08.380179,P - PLEASE ...,0.6722,,,True,14,4,209,0,0,201,28,1.0,0.5,0.6,0.7,,1.0,1.0,1.0,7.178571428571429,5628,0.0024875621890547263,0.5,1.25,True,True,0.0,0.3,4,0.5,0.06,0.75,0.25,800,1000,0.6
622,2026-09-28T10:59:08.380290,HELP ...,1.3872,dialogue,dialogue,False,8,2,210,0,0,121,30,1.0,1.0,0.6,1.0,,1.0,2.0,1.0,4.033333333333333,3630,0.0022038567493112946,1.0,1.9,True,True,0.0,0.3,2,0.5,0.06,3.0,2.5,800,1000,0.6
623,2026-09-28T10:59:08.380404,AAHHHHHH !!,0.7062,dialogue,dialogue,False,11,2,211,0,0,284,43,0.8,0.5,1.0,0.0,,1.0,2.0,0.6666666666666666,6.604651162790698,12212,0.0009007533573534229,0.0,0.5,True,True,0.0,0.3,2,1.0,0.06,0.6,0.1,800,1000,0.6
624,2026-09-28T10:59:08.380530,HE'S GONNA KILL US ALL !,0.8041,dialogue,dialogue,False,24,6,212,0,0,264,160,1.0,0.7,1.0,1.0,,1.0,1.0,0.8947368421052632,1.65,42240,0.0005681818181818182,1.0,1.0,True,True,0.0,0.6533333333333334,6,1.0,0.13066666666666668,1.0,0.2,800,1000,0.6
625,2026-09-28T10:59:08.380658,W - WHAT'S HAPPENING ?,0.7024,dialogue,dialogue,False,22,5,213,0,0,206,74,1.0,1.0,1.0,0.4,,1.0,1.0,0.8823529411764706,2.7837837837837838,15244,0.0014431907635791131,0.3333333333333333,0.5,True,True,0.0,1.0615384615384615,5,1.0,0.2123076923076923,0.75,0.1,800,1000,0.6
626,2026-09-28T10:59:08.380732,AAHHHHH,0.4242,background,background,False,7,1,213,0,0,205,182,1.0,0.7,1.0,0.0,,0.5,0.2,1.0,1.1263736263736264,37310,0.0001876172607879925,0.0,0.5,False,False,0.5,0.3,1,0.6,0.06,0.5,0.1,800,1000,0.6
627,2026-09-28T10:59:08.380814,TREMBLE,0.4792,,,True,7,1,213,0,0,122,106,1.0,0.7,1.0,0.0,,1.0,0.2,1.0,1.150943396226415,12932,0.0005412929167955459,0.0,0.5,False,False,0.0,0.3,1,1.0,0.06,0.5,0.1,800,1000,0.6
628,2026-09-28T10:59:08.380895,TREMBLE,0.4792,,,True,7,1,213,0,0,133,80,1.0,0.7,1.0,0.0,,1.0,0.2,1.0,1.6625,10640,0.0006578947368421052,0.0,0.5,False,False,0.0,0.3,1,1.0,0.06,0.5,0.1,800,1000,0.6
629,2026-09-28T10:59:08.381052,IS THIS ... REALLY HAPPENING ?,0.7735,dialogue,dialogue,False,30,6,214,0,0,208,120,1.0,0.7,1.0,0.7,,1.0,1.0,0.9545454545454546,1.7333333333333334,24960,0.001201923076923077,0.75,1.275,True,True,0.0,1.0894736842105264,6,1.0,0.21789473684210528,1.0,0.255,800,1000,0.6
630,2026-09-28T10:59:08.381119,SHAKE,0.4672,,,True,5,1,214,0,0,94,56,1.0,0.7,0.6,0.0,,1.0,0.2,1.0,1.6785714285714286,5264,0.0009498480243161094,0.0,0.5,False,False,0.0,0.3,1,1.0,0.06,0.5,0.1,800,1000,0.6
631,2026-09-28T10:59:08.381202,QUIVER,0.4981,,,True,6,1,214,0,0,105,66,1.0,0.7,1.0,0.0,,1.0,0.2,1.0,1.5909090909090908,6930,0.0008658008658008658,0.0,0.5,False,False,0.0,1.65,1,1.0,0.32999999999999996,0.5,0.1,800,1000,0.6
632,2026-09-28T10:59:08.381349,DID A PERSON JUST DIE RIGHT NOW ?,0.8093,dialogue,dialogue,False,33,8,215,0,0,304,165,1.0,0.7,0.6,1.0,,1.0,1.0,0.9615384615384616,1.8424242424242425,50160,0.0006578947368421052,1.0,1.5857142857142856,True,True,0.0,0.6260869565217392,8,1.0,0.12521739130434784,1.0,0.3171428571428571,800,1000,0.6
633,2026-09-28T10:59:08.381475,SHIT ...,0.7092,dialogue,dialogue,False,8,2,216,0,0,109,33,1.0,1.0,0.6,0.0,,1.0,2.0,1.0,3.303030303030303,3597,0.0022240756185710315,0.0,0.5,True,True,0.0,0.3,2,0.5,0.06,0.6,0.1,800,1000,0.6
634,2026-09-28T10:59:08.381557,I HAVE TO GET OUT OF HERE ...,0.927,dialogue,dialogue,False,29,8,216,0,0,202,121,1.0,0.7,1.0,1.0,,1.0,1.0,1.0,1.6694214876033058,24442,0.0011864822845920955,1.0,3.3857142857142857,True,True,0.0,0.8588235294117647,8,1.0,0.17176470588235293,1.0,1.0,800,1000,0.6
635,2026-09-28T10:59:08.381623,AAHHH,0.4522,,,True,5,1,216,0,0,85,58,1.0,0.7,0.6,0.0,,0.5,0.2,1.0,1.4655172413793103,4930,0.0010141987829614604,0.0,0.5,False,False,0.5,0.3,1,1.0,0.06,0.5,0.1,800,1000,0.6
636,2026-09-28T10:59:08.381705,SHUDDER,0.4592,,,True,7,1,216,0,0,102,109,1.0,0.3,1.0,0.0,,1.0,0.2,1.0,0.9357798165137615,11118,0.0006296096420219464,0.0,0.5,False,False,0.0,0.3,1,1.0,0.06,0.5,0.1,800,1000,0.6
637,2026-09-28T10:59:08.381786,SHUDDER,0.4942,,,True,7,1,216,0,0,123,59,1.0,1.0,1.0,0.0,,1.0,0.2,1.0,2.0847457627118646,7257,0.0009645859170456111,0.0,0.5,False,False,0.0,0.3,1,1.0,0.06,0.5,0.1,800,1000,0.6
638,2026-09-28T10:59:08.381874,BUT MIHUI ...,0.7547,dialogue,dialogue,False,13,3,216,0,0,204,27,1.0,0.5,0.6,0.7,,1.0,1.0,1.0,7.555555555555555,5508,0.0023602033405954975,0.5,2.05,True,True,0.0,0.3,3,0.5,0.06,0.75,0.8,800,1000,0.6
639,2026-09-28T10:59:08.381998,"AH , FOUND IT .",0.8417,dialogue,dialogue,False,15,5,219,0,0,161,73,1.0,1.0,1.0,0.7,,1.0,1.0,0.8181818181818182,2.2054794520547945,11753,0.0012762698885390965,0.6666666666666666,2.1333333333333333,True,True,0.0,0.3,5,1.0,0.06,0.75,0.8,800,1000,0.6
640,2026-09-28T10:59:08.382065,PREY .,0.6212,,,True,6,2,219,0,0,187,57,1.0,1.0,1.0,0.0,,1.0,1.0,0.8,3.280701754385965,10659,0.0005629045876723895,0.0,0.5,True,True,0.0,0.3,2,1.0,0.06,0.6,0.1,800,1000,0.6
641,2026-09-28T10:59:08.382177,CRUSH,0.4212,background,background,False,5,1,224,0,0,515,306,1.0,0.7,0.4,0.0,,1.0,0.2,1.0,1.6830065359477124,157590,3.172790151659369e-05,0.0,0.5,False,False,0.0,0.3,1,0.6,0.06,0.5,0.1,800,1000,0.6
642,2026-09-28T10:59:08.382261,TUIC,0.4052,background,background,False,4,1,224,0,0,71,14,1.0,0.7,0.2,0.0,,1.0,0.2,1.0,5.071428571428571,994,0.004024144869215292,0.0,0.5,False,False,0.0,0.3,1,0.5,0.06,0.5,0.1,800,1000,0.6
643,2026-09-28T10:59:08.382408,THIS CAN'T BE REAL ...,0.8428,dialogue,dialogue,False,22,5,225,0,0,151,119,1.0,0.7,1.0,0.7,,1.0,1.0,0.9333333333333333,1.26890756302521,17969,0.0012243307919194168,0.75,2.35,True,True,0.0,1.45,5,1.0,0.29,0.75,0.8,800,1000,0.6
644,2026-09-28T10:59:08.382474,TREMBLE,0.4792,,,True,7,1,225,0,0,133,90,1.0,0.7,1.0,0.0,,1.0,0.2,1.0,1.4777777777777779,11970,0.0005847953216374269,0.0,0.5,False,False,0.0,0.3,1,1.0,0.06,0.5,0.1,800,1000,0.6
645,2026-09-28T10:59:08.382555,TREMBLE,0.4792,,,True,7,1,225,0,0,134,85,1.0,0.7,1.0,0.0,,1.0,0.2,1.0,1.576470588235294,11390,0.0006145741878841089,0.0,0.5,False,False,0.0,0.3,1,1.0,0.06,0.5,0.1,800,1000,0.6
646,2026-09-28T10:59:08.382634,YOUR,0.6987,,,True,4,1,225,0,0,92,18,1.0,0.7,0.2,1.0,,1.0,0.2,1.0,5.111111111111111,1656,0.0024154589371980675,1.0,2.3,False,False,0.0,3.05,1,0.5,0.61,0.5,0.8,800,1000,0.6
647,2026-09-28T10:59:08.382749,HANDS ...,0.7274,dialogue,dialogue,False,9,2,226,0,0,148,31,1.0,1.0,0.6,0.0,,1.0,2.0,1.0,4.774193548387097,4588,0.001961639058413252,0.0,0.5,True,True,0.0,1.5999999999999999,2,0.5,0.31999999999999995,0.6,0.1,800,1000,0.6
648,2026-09-28T10:59:08.382813,ASH,0.4392,background,background,False,3,1,226,0,0,165,110,1.0,0.7,1.0,0.0,,1.0,0.2,1.0,1.5,18150,0.00016528925619834712,0.0,0.5,False,False,0.0,0.3,1,0.6,0.06,0.5,0.1,800,1000,0.6
649,2026-09-28T10:59:08.382944,WHAT THE FUCK ?,0.8574,dialogue,dialogue,False,15,4,227,0,0,185,75,1.0,1.0,1.0,0.7,,1.0,1.0,0.9166666666666666,2.466666666666667,13875,0.001081081081081081,0.6666666666666666,2.8000000000000003,True,True,0.0,1.4222222222222223,4,1.0,0.28444444444444444,0.75,0.8,800,1000,0.6
650,2026-09-28T10:59:08.383077,WHAT THE HELL IS GOING ON ?,0.902,dialogue,dialogue,False,27,7,228,0,0,208,119,1.0,0.7,1.0,1.0,,1.0,1.0,0.9523809523809523,1.7478991596638656,24752,0.0010908209437621203,0.8333333333333334,2.216666666666667,True,True,0.0,1.2111111111111112,7,1.0,0.24222222222222226,1.0,0.8,800,1000,0.6
651,2026-09-28T10:59:08.383144,SHUDDER,0.4542,,,True,7,1,228,0,0,327,139,1.0,1.0,1.0,0.0,,1.0,0.2,1.0,2.352517985611511,45453,0.00015400523617803004,0.0,0.5,False,False,0.0,0.3,1,0.6,0.06,0.5,0.1,800,1000,0.6
652,2026-09-28T10:59:08.383270,WHAT ...,1.4285,dialogue,dialogue,False,8,2,229,0,0,131,30,1.0,1.0,0.6,1.0,,1.0,2.0,1.0,4.366666666666666,3930,0.002035623409669211,1.0,2.9,True,True,0.0,3.25,2,0.5,0.65,3.0,2.5,800,1000,0.6
653,2026-09-28T10:59:08.383401,WHAT KIND OF MONSTER IS THIS ?!,0.871,dialogue,dialogue,False,31,7,230,0,0,268,120,1.0,1.0,1.0,0.7,,1.0,1.0,0.92,2.2333333333333334,32160,0.0009639303482587065,0.6666666666666666,2.1,True,True,0.0,1.1428571428571428,7,1.0,0.22857142857142856,1.0,0.8,800,1000,0.6
654,2026-09-28T10:59:08.383571,YOU LOOK LIKE YOU'VE JUST SEEN A GHOST . HAVEN'T MET AN INSECT HUMAN LIKE YOURSELF YET ?,0.7119,dialogue,dialogue,False,88,18,231,0,0,533,345,1.0,0.7,0.4,0.7,,1.0,1.0,0.9436619718309859,1.5449275362318842,183885,0.00047855996954618377,0.5625,1.5875,True,True,0.0,0.66,18,0.6,0.132,0.9,0.3175,800,1000,0.6
655,2026-09-28T10:59:08.383721,"YOU'RE NOT THE ONLY ONE WHO USED IT , THAT GODDAMN BUG SPRAY .",0.8144,dialogue,dialogue,False,62,14,232,0,0,329,338,1.0,0.3,0.4,0.7,,1.0,1.0,0.9387755102040817,0.9733727810650887,111202,0.000557543929066024,0.5833333333333334,2.308333333333333,True,True,0.0,0.8886363636363637,14,1.0,0.17772727272727273,1.0,0.8,800,1000,0.6
656,2026-09-28T10:59:08.383832,STEP,0.4672,,,True,4,1,233,0,0,70,43,1.0,0.7,0.6,0.0,,1.0,0.2,1.0,1.627906976744186,3010,0.00132890365448505,0.0,0.5,False,False,0.0,0.3,1,1.0,0.06,0.5,0.1,800,1000,0.6
657,2026-09-28T10:59:08.383923,THAT JUNGLE JUICE .,0.7368,dialogue,dialogue,False,19,4,233,0,0,318,82,1.0,1.0,1.0,0.4,,1.0,1.0,0.9375,3.8780487804878048,26076,0.0007286393618653168,0.3333333333333333,1.7666666666666666,True,True,0.0,0.8076923076923077,4,1.0,0.16153846153846155,0.75,0.35333333333333333,800,1000,0.6
658,2026-09-28T10:59:08.384039,JUNGLE JUICE ... ?,0.6067,,,True,18,4,234,0,0,413,52,1.0,0.5,1.0,0.0,,1.0,1.0,0.9166666666666666,7.9423076923076925,21476,0.0008381449059415161,0.0,0.5,True,True,0.0,0.3,4,1.0,0.06,0.75,0.1,800,1000,0.6
659,2026-09-28T10:59:08.384165,HE CAN'T BE TALKING ABOUT ...,0.9013,dialogue,dialogue,False,29,6,235,0,0,431,113,1.0,1.0,0.6,1.0,,1.0,1.0,0.9523809523809523,3.814159292035398,48703,0.0005954458657577562,0.8,2.46,True,True,0.0,0.9500000000000001,6,1.0,0.19,1.0,0.8,800,1000,0.6
660,2026-09-28T10:59:08.384306,ONCE I TURNED INTO THIS THING AFTER USING THAT SPRAY ...,0.7946,dialogue,dialogue,False,56,11,236,0,0,335,163,1.0,1.0,0.6,0.7,,1.0,1.0,1.0,2.0552147239263805,54605,0.0010255471110704147,0.6,1.89,True,True,0.0,1.0634146341463415,11,1.0,0.21268292682926832,1.0,0.378,800,1000,0.6
661,2026-09-28T10:59:08.384451,... I DEVELOPED A SPECIAL KNACK FOR CERTAIN SMELLS .,0.7551,dialogue,dialogue,False,52,10,237,0,0,343,119,1.0,1.0,1.0,0.4,,1.0,1.0,0.975,2.8823529411764706,40817,0.0012739789793468409,0.375,1.9,True,True,0.0,0.5783783783783784,10,1.0,0.11567567567567567,1.0,0.38,800,1000,0.6
662,2026-09-28T10:59:08.384614,"THIS SWEET , DELICIOUS SCENT ... IT DRIVES US CARNIVOROUS INSECTS MAD WITH HUNGER .",0.6869,,,True,83,15,238,0,0,351,381,1.0,0.3,0.4,0.4,,1.0,1.0,0.9696969696969697,0.9212598425196851,133731,0.0006206489146121692,0.3333333333333333,1.3416666666666668,True,True,0.0,0.6903225806451613,15,1.0,0.13806451612903226,1.0,0.26833333333333337,800,1000,0.6
663,2026-09-28T10:59:08.384727,DO YOU,0.7391,dialogue,dialogue,False,6,2,239,0,0,127,27,1.0,1.0,0.6,1.0,,1.0,0.2,1.0,4.703703703703703,3429,0.0017497812773403325,1.0,3.75,False,False,0.0,1.3666666666666665,2,0.5,0.2733333333333333,0.6,1.0,800,1000,0.6
664,2026-09-28T10:59:08.384876,HAVE ANY IDEA HOW SWEET BUGS TASTE TO A FELLOW BUG LIKE ME ?,0.7833,dialogue,dialogue,False,60,14,240,0,0,343,163,1.0,1.0,0.6,0.7,,1.0,1.0,0.9787234042553191,2.104294478527607,55909,0.001073172476703214,0.5384615384615384,1.8461538461538463,True,True,0.0,0.3522727272727273,14,1.0,0.07045454545454546,1.0,0.36923076923076925,800,609,0.6
665,2026-09-28T10:59:08.384994,ABSOLUTELY ...,0.7362,dialogue,dialogue,False,14,2,241,0,0,346,39,1.0,0.3,1.0,0.0,,1.0,2.0,1.0,8.871794871794872,13494,0.001037498147324737,0.0,0.5,True,True,0.0,0.3,2,1.0,0.06,0.6,0.1,800,1000,0.6
666,2026-09-28T10:59:08.385109,... MOUTHWATERING !!,0.6136,,,True,20,3,242,0,0,546,45,1.0,0.3,1.0,0.0,,1.0,1.0,0.8666666666666667,12.133333333333333,24570,0.000814000814000814,0.0,0.5,True,True,0.0,1.5090909090909093,3,1.0,0.3018181818181819,0.75,0.1,800,1000,0.6
667,2026-09-28T10:59:08.385220,SWISH,0.4392,background,background,False,5,1,245,0,0,227,185,1.0,0.7,1.0,0.0,,1.0,0.2,1.0,1.227027027027027,41995,0.00011906179307060365,0.0,0.5,False,False,0.0,0.3,1,0.6,0.06,0.5,0.1,800,1000,0.6
668,2026-09-28T10:59:08.385306,TUMBLE,0.4792,,,True,6,1,245,0,0,130,81,1.0,0.7,1.0,0.0,,1.0,0.2,1.0,1.6049382716049383,10530,0.0005698005698005698,0.0,0.5,False,False,0.0,0.3,1,1.0,0.06,0.5,0.1,800,1000,0.6
669,2026-09-28T10:59:08.385434,SUCHAN !!,0.6942,,,True,9,2,246,0,0,179,32,1.0,0.7,0.6,0.0,,1.0,2.0,0.75,5.59375,5728,0.0015712290502793297,0.0,0.5,True,True,0.0,0.3,2,0.5,0.06,0.6,0.1,800,1000,0.6
670,2026-09-28T10:59:08.385544,MIHUI ... ? !,0.5347,,,True,13,4,247,0,0,162,27,1.0,0.3,0.6,0.0,,1.0,1.0,0.7142857142857143,6.0,4374,0.002972107910379515,0.0,0.5,True,True,0.0,0.3,4,0.5,0.06,0.75,0.1,800,1000,0.6
671,2026-09-28T10:59:08.385693,"I CAME OUT OF THE BATHROOM ,",0.7894,dialogue,dialogue,False,28,7,248,0,0,201,121,1.0,0.7,1.0,0.7,,1.0,0.6,0.9545454545454546,1.6611570247933884,24321,0.001151268451132766,0.6666666666666666,2.9333333333333336,True,False,0.0,0.6736842105263158,7,1.0,0.13473684210526315,1.0,0.8,800,1000,0.6
672,2026-09-28T10:59:08.385779,AND THEY TOLD EVERYONE TO EVACUATE ...,0.869,dialogue,dialogue,False,38,7,248,0,0,273,118,1.0,1.0,1.0,0.7,,1.0,1.0,1.0,2.3135593220338984,32214,0.0011796113491028745,0.5,2.35,True,True,0.0,1.0,7,1.0,0.2,1.0,0.8,800,1000,0.6
673,2026-09-28T10:59:08.385850,TREM,0.4672,,,True,4,1,248,0,0,87,66,1.0,0.7,0.6,0.0,,1.0,0.2,1.0,1.3181818181818181,5742,0.0006966213862765587,0.0,0.5,False,False,0.0,0.3,1,1.0,0.06,0.5,0.1,800,1000,0.6
674,2026-09-28T10:59:08.385983,BLE,0.4052,background,background,False,3,1,249,0,0,48,41,1.0,0.7,0.2,0.0,,1.0,0.2,1.0,1.170731707317073,1968,0.001524390243902439,0.0,0.5,False,False,0.0,0.3,1,0.5,0.06,0.5,0.1,800,1000,0.6
675,2026-09-28T10:59:08.386067,TREMBLE,0.4792,,,True,7,1,249,0,0,133,97,1.0,0.7,1.0,0.0,,1.0,0.2,1.0,1.3711340206185567,12901,0.0005425935973955507,0.0,0.5,False,False,0.0,0.3,1,1.0,0.06,0.5,0.1,800,1000,0.6
676,2026-09-28T10:59:08.386175,... BUT I COULDN'T FIND YOU ANYWHERE .,0.9124,dialogue,dialogue,False,38,8,249,0,0,282,118,1.0,1.0,1.0,1.0,,1.0,1.0,0.9285714285714286,2.389830508474576,33276,0.0011419641783868254,0.8333333333333334,2.183333333333333,True,True,0.0,0.8875000000000001,8,1.0,0.17750000000000002,1.0,0.8,800,1000,0.6
677,2026-09-28T10:59:08.386289,CLENCH,0.4792,,,True,6,1,250,0,0,106,80,1.0,0.7,1.0,0.0,,1.0,0.2,1.0,1.325,8480,0.0007075471698113207,0.0,0.5,False,False,0.0,0.3,1,1.0,0.06,0.5,0.1,800,1000,0.6
678,2026-09-28T10:59:08.386426,THUD DD,0.5712,,,True,7,2,251,0,0,83,116,1.0,0.3,1.0,0.7,,1.0,0.2,1.0,0.7155172413793104,9628,0.0007270461154964686,0.5,0.5,False,False,0.0,0.3,2,1.0,0.06,0.6,0.1,800,1000,0.6
679,2026-09-28T10:59:08.386524,CLATTER FOOLISH LITTLE BITCH .,0.645,,,True,30,5,251,0,0,352,131,1.0,1.0,1.0,0.075,,1.0,1.0,0.9615384615384616,2.687022900763359,46112,0.0006505898681471201,0.25,0.5,True,True,0.0,0.4434782608695652,5,1.0,0.08869565217391304,0.75,0.1,800,1000,0.6
680,2026-09-28T10:59:08.386588,EECH,0.4192,background,background,False,4,1,251,0,0,147,221,1.0,0.3,1.0,0.0,,1.0,0.2,1.0,0.665158371040724,32487,0.00012312617354634162,0.0,0.5,False,False,0.0,0.3,1,0.6,0.06,0.5,0.1,800,1000,0.6
681,2026-09-28T10:59:08.386718,SCRE,0.4192,background,background,False,4,1,252,0,0,140,228,1.0,0.3,1.0,0.0,,1.0,0.2,1.0,0.6140350877192983,31920,0.00012531328320802005,0.0,0.5,False,False,0.0,0.3,1,0.6,0.06,0.5,0.1,800,1000,0.6
682,2026-09-28T10:59:08.386803,SCREECH,0.4072,background,background,False,7,1,252,0,0,200,245,1.0,0.3,0.6,0.0,,1.0,0.2,1.0,0.8163265306122449,49000,0.00014285714285714287,0.0,0.5,False,False,0.0,0.3,1,0.6,0.06,0.5,0.1,800,1000,0.6
683,2026-09-28T10:59:08.386908,NO ONE INTERRUPTS MY PRECIOUS MEALTIME !,0.7209,dialogue,dialogue,False,40,7,252,0,0,306,219,1.0,0.7,0.6,0.4,,1.0,1.0,0.9705882352941176,1.3972602739726028,67014,0.0005968902020473334,0.3333333333333333,1.6666666666666667,True,True,0.0,0.5645161290322581,7,1.0,0.11290322580645162,1.0,0.33333333333333337,800,1000,0.6
684,2026-09-28T10:59:08.387019,RUN !!,0.8192,dialogue,dialogue,False,6,2,253,0,0,99,28,0.8,1.0,0.6,1.0,,1.0,2.0,0.6,3.5357142857142856,2772,0.0021645021645021645,1.0,0.5,True,True,0.0,0.3,2,0.5,0.06,0.6,0.1,800,1000,0.6
685,2026-09-28T10:59:08.387148,"GET OUT OF HERE , MIHUI !!",0.8981,dialogue,dialogue,False,26,7,254,0,0,157,117,1.0,0.7,1.0,1.0,,1.0,1.0,0.85,1.3418803418803418,18369,0.0014154281670205238,0.8,2.2199999999999998,True,True,0.0,0.9333333333333333,7,1.0,0.18666666666666668,1.0,0.8,800,1000,0.6
686,2026-09-28T10:59:08.387260,HURRY ...,0.7092,dialogue,dialogue,False,9,2,256,0,0,151,36,1.0,1.0,0.6,0.0,,1.0,2.0,1.0,4.194444444444445,5436,0.0016556291390728477,0.0,0.5,True,True,0.0,0.3,2,0.5,0.06,0.6,0.1,800,1000,0.6
687,2026-09-28T10:59:08.387451,"NO , MISS . NO ONE CAN ENTER . WHAT'S THERE'S AN ARMED MAN IN ON ? GOING THAT BUILDING WOW RIGHT NOW ... UNBELIEVABLE WOMAN",0.658,,,True,123,26,257,0,0,776,424,1.0,0.7,0.4,0.7,,1.0,0.6,0.9368421052631579,1.830188679245283,329024,0.0003738329118848473,0.6666666666666666,1.6857142857142857,True,False,0.0,0.8850574712643678,26,0.6,0.17701149425287357,0.9,0.33714285714285713,800,1000,0.6
688,2026-09-28T10:59:08.387601,TH KEEPS TRYING INSIDE GGV GET HEARTH PHARMACY ....,0.5932,,,True,51,9,258,0,0,548,328,1.0,0.7,0.4,0.0375,,1.0,1.0,1.0,1.670731707317073,179744,0.0002837368702154175,0.125,0.775,True,True,0.0,0.5216216216216216,9,0.6,0.10432432432432433,1.0,0.155,800,1000,0.6
689,2026-09-28T10:59:08.387688,CLAMOR,0.4392,background,background,False,6,1,258,0,0,225,211,1.0,0.7,1.0,0.0,,1.0,0.2,1.0,1.066350710900474,47475,0.0001263823064770932,0.0,0.5,False,False,0.0,0.3,1,0.6,0.06,0.5,0.1,800,1000,0.6
690,2026-09-28T10:59:08.387796,CLAMOR BUT I SAW PEOPLE STILL TRAPPED INSIDE !,0.6848,,,True,46,9,258,0,0,600,254,1.0,1.0,0.4,0.4,,1.0,1.0,0.9736842105263158,2.3622047244094486,152400,0.0003018372703412073,0.375,1.5875,True,True,0.0,0.3685714285714286,9,0.6,0.07371428571428572,1.0,0.3175,800,1000,0.6
691,2026-09-28T10:59:08.387942,"IF YOU OFFICERS WON'T GO INSIDE , THEN LET ME GO AND HELP--",0.7164,dialogue,dialogue,False,59,13,259,0,0,281,208,1.0,0.7,0.6,0.7,,1.0,0.6,0.9148936170212766,1.3509615384615385,58448,0.0010094442923624417,0.75,1.9583333333333333,True,False,0.0,0.6926829268292682,13,1.0,0.13853658536585364,1.0,0.39166666666666666,800,1000,0.6
692,2026-09-28T10:59:08.388063,LOOK ! UP THERE !!,0.8885,dialogue,dialogue,False,18,5,260,0,0,136,123,1.0,0.7,1.0,1.0,,1.0,1.0,0.7857142857142857,1.1056910569105691,16728,0.0010760401721664275,1.0,2.6,True,True,0.0,1.5,5,1.0,0.3,0.75,0.8,800,1000,0.6
693,2026-09-28T10:59:08.388197,A PERSON JUST ... !! SHATTER,0.6736,,,True,28,6,261,0,0,649,340,1.0,0.7,0.4,0.7,,1.0,0.6,0.9,1.9088235294117648,220660,0.00012689205111936916,0.75,1.975,True,False,0.0,0.88125,6,0.6,0.17625,1.0,0.395,800,1000,0.6
694,2026-09-28T10:59:08.388317,KYAAHHHH ! OH NO !!,0.7757,dialogue,dialogue,False,19,5,262,0,0,260,93,1.0,1.0,1.0,0.7,,1.0,1.0,0.7692307692307693,2.795698924731183,24180,0.0007857733664185277,0.6666666666666666,1.8,True,True,0.0,0.3,5,1.0,0.06,0.75,0.36,800,1000,0.6
695,2026-09-28T10:59:08.388404,"SO LONG , WORTHLESS PIECE OF HUMAN MEAT .",0.7378,dialogue,dialogue,False,41,9,262,0,0,374,122,1.0,1.0,1.0,0.4,,1.0,1.0,0.9393939393939394,3.0655737704918034,45628,0.0008985710528622775,0.42857142857142855,1.4142857142857141,True,True,0.0,0.38620689655172413,9,1.0,0.07724137931034483,1.0,0.2828571428571428,800,1000,0.6
696,2026-09-28T10:59:08.388519,MIHI !!,0.7312,dialogue,dialogue,False,7,2,263,0,0,154,47,0.8,1.0,1.0,0.0,,1.0,2.0,0.6666666666666666,3.276595744680851,7238,0.0009671179883945841,0.0,0.5,True,True,0.0,0.3,2,1.0,0.06,0.6,0.1,800,932,0.6
697,2026-09-28T10:59:08.388656,"OH , NO ... !! NO , NO , NO !! SHE'LL DIE !!",0.7374,dialogue,dialogue,False,44,14,264,0,0,215,122,0.8,0.7,1.0,1.0,,1.0,1.0,0.6428571428571429,1.7622950819672132,26230,0.001677468547464735,1.0,1.8714285714285714,True,True,0.0,0.44375,14,0.5,0.08875,1.0,0.3742857142857143,800,1000,0.6
698,2026-09-28T10:59:08.388752,WHAT DO I DO ? SHOULD I FLY DOWN AND SAVE HER ?!,0.8842,dialogue,dialogue,False,48,13,264,0,0,242,209,1.0,0.7,0.6,1.0,,1.0,1.0,0.9166666666666666,1.1578947368421053,50578,0.0009490292221914666,0.8181818181818182,2.581818181818182,True,True,0.0,0.8,13,1.0,0.16,1.0,0.8,800,1000,0.6
699,2026-09-28T10:59:08.388856,BUT,0.7552,dialogue,dialogue,False,3,1,265,0,0,67,30,1.0,1.0,0.2,1.0,,1.0,0.2,1.0,2.2333333333333334,2010,0.0014925373134328358,1.0,3.6,False,False,0.0,0.3,1,1.0,0.06,0.5,1.0,800,1000,0.6
700,2026-09-28T10:59:08.389089,I'VE NEVER TRIED FLYING BEFORE ...,0.7485,dialogue,dialogue,False,34,6,266,0,0,220,117,1.0,0.7,1.0,0.7,,1.0,1.0,0.9615384615384616,1.8803418803418803,25740,0.001320901320901321,0.6,0.5,True,True,0.0,0.9608695652173912,6,1.0,0.19217391304347825,1.0,0.1,800,1000,0.6
701,2026-09-28T10:59:08.389162,AND WORST OF ALL ...,0.8654,dialogue,dialogue,False,20,5,266,0,0,181,118,1.0,0.7,1.0,0.7,,1.0,1.0,1.0,1.5338983050847457,21358,0.0009364172675344133,0.75,3.15,True,True,0.0,0.9181818181818181,5,1.0,0.18363636363636363,0.75,1.0,800,1000,0.6
702,2026-09-28T10:59:08.389271,PPA,0.3902,background,background,False,3,1,268,0,0,50,35,1.0,0.7,0.2,0.0,,0.5,0.2,1.0,1.4285714285714286,1750,0.0017142857142857142,0.0,0.5,False,False,0.5,0.3,1,0.5,0.06,0.5,0.1,800,1000,0.6
703,2026-09-28T10:59:08.389445,"IF I WERE TO OPEN MY WINGS RIGHT NOW ,",0.8507,dialogue,dialogue,False,38,10,269,0,0,274,123,1.0,1.0,1.0,1.0,,1.0,0.6,0.9655172413793104,2.227642276422764,33702,0.0011275295234704171,0.8888888888888888,2.1,True,False,0.0,0.7615384615384616,10,1.0,0.1523076923076923,1.0,0.8,800,1000,0.6
704,2026-09-28T10:59:08.389522,WITH ALL THESE PEOPLE ...,0.8404,dialogue,dialogue,False,25,5,269,0,0,188,121,1.0,0.7,1.0,0.7,,1.0,1.0,1.0,1.5537190082644627,22748,0.0010989977140847546,0.75,2.45,True,True,0.0,1.28125,5,1.0,0.25625,0.75,0.8,800,1000,0.6
705,2026-09-28T10:59:08.389630,I ...,0.9792,dialogue,dialogue,False,5,2,270,0,0,63,43,1.0,0.7,0.6,1.0,,1.0,2.0,1.0,1.4651162790697674,2709,0.0018456995201181247,1.0,4.2,True,True,0.0,0.3,2,0.5,0.06,0.6,1.0,800,1000,0.6
706,2026-09-28T10:59:08.389746,MY LIFE WOULD BE ...,0.8896,dialogue,dialogue,False,20,5,271,0,0,214,78,1.0,1.0,1.0,1.0,,1.0,1.0,1.0,2.7435897435897436,16692,0.0011981787682722263,1.0,2.85,True,True,0.0,0.509090909090909,5,1.0,0.10181818181818181,0.75,0.8,800,1000,0.6
707,2026-09-28T10:59:08.389798,00,0.2645,background,background,False,2,1,271,0,0,77,48,0.0,0.7,0.6,0.0,,0.91,0.2,0.0,1.6041666666666667,3696,0.0005411255411255411,0.0,0.5,False,False,0.09,0.3,1,1.0,0.06,0.5,0.1,800,1000,0.6
708,2026-09-28T10:59:08.389929,) HDN31,0.4612,,,True,7,2,273,0,0,171,84,1.0,1.0,1.0,0.0,,1.0,0.2,1.0,2.0357142857142856,14364,0.0004873294346978557,0.0,0.5,False,False,0.0,0.3,2,0.6,0.06,0.6,0.1,800,1000,0.6
709,2026-09-28T10:59:08.390064,"I'M SO SORRY , MIHUI ...",0.7169,dialogue,dialogue,False,24,6,274,0,0,128,120,1.0,0.7,1.0,0.7,,1.0,1.0,0.875,1.0666666666666667,15360,0.0015625,0.75,1.4249999999999998,True,True,0.0,0.3,6,0.5,0.06,1.0,0.285,800,1000,0.6
710,2026-09-28T10:59:08.390175,I JUST CAN'T ...,0.8767,dialogue,dialogue,False,16,4,275,0,0,128,119,1.0,0.7,1.0,1.0,,1.0,1.0,0.9,1.0756302521008403,15232,0.0010504201680672268,1.0,2.3666666666666667,True,True,0.0,0.6571428571428571,4,1.0,0.13142857142857142,0.75,0.8,800,1000,0.6
711,2026-09-28T10:59:08.390283,WHA ...,0.7456,dialogue,dialogue,False,7,2,279,0,0,113,30,1.0,1.0,0.6,0.0,,1.0,2.0,1.0,3.7666666666666666,3390,0.002064896755162242,0.0,0.5,True,True,0.0,2.9,2,0.5,0.58,0.6,0.1,800,1000,0.6
712,2026-09-28T10:59:08.390350,LOOK ... !,0.8247,dialogue,dialogue,False,10,3,279,0,0,138,28,1.0,1.0,0.6,1.0,,1.0,1.0,0.8,4.928571428571429,3864,0.002587991718426501,1.0,2.1,True,True,0.0,0.3,3,0.5,0.06,0.75,0.8,800,1000,0.6
713,2026-09-28T10:59:08.390461,WHAT ?!,1.4505,dialogue,dialogue,False,7,2,280,0,0,174,43,0.8,1.0,1.0,1.0,,1.0,2.0,0.6666666666666666,4.046511627906977,7482,0.0009355787222667736,1.0,2.9,True,True,0.0,3.25,2,1.0,0.65,3.0,2.5,800,1000,0.6
714,2026-09-28T10:59:08.390566,HSOOMS,0.4212,background,background,False,6,1,281,0,0,607,551,1.0,0.7,0.4,0.0,,1.0,0.2,1.0,1.1016333938294012,334457,1.7939525858331565e-05,0.0,0.5,False,False,0.0,0.3,1,0.6,0.06,0.5,0.1,800,1000,0.6
715,2026-09-28T10:59:08.390711,GOTCHA !,0.7092,dialogue,dialogue,False,8,2,288,0,0,146,32,1.0,1.0,0.6,0.0,,1.0,2.0,0.8571428571428571,4.5625,4672,0.0017123287671232876,0.0,0.5,True,True,0.0,0.3,2,0.5,0.06,0.6,0.1,800,1000,0.6
716,2026-09-28T10:59:08.390841,HAHAHAHA AHAHA !! THAT IDIOT !!,0.6379,,,True,31,6,290,0,0,554,268,1.0,1.0,0.4,0.075,,1.0,1.0,0.8461538461538461,2.0671641791044775,148472,0.00020879357724015303,0.25,1.45,True,True,0.0,0.795,6,0.6,0.159,1.0,0.29,800,1000,0.6
717,2026-09-28T10:59:08.390990,EVEN AN INSECT HUMAN CAN'T SURVIVE A FALL FROM THIS HIGH !!,0.7713,dialogue,dialogue,False,59,12,291,0,0,291,210,1.0,0.7,0.6,0.7,,1.0,1.0,0.9375,1.3857142857142857,61110,0.0009654720994927181,0.7272727272727273,1.7727272727272727,True,True,0.0,0.7255813953488371,12,1.0,0.14511627906976743,1.0,0.35454545454545455,800,1000,0.6
718,2026-09-28T10:59:08.391085,THIS IS WHAT YOU MADE ME CHASE YOU AROUND FOR ?!,0.8531,dialogue,dialogue,False,48,11,291,0,0,282,165,1.0,0.7,1.0,0.7,,1.0,1.0,0.9473684210526315,1.709090909090909,46530,0.0010315925209542231,0.7,2.27,True,True,0.0,0.9323529411764706,11,1.0,0.1864705882352941,1.0,0.8,800,1000,0.6
719,2026-09-28T10:59:08.391224,SO THAT YOU COULD KILL YOURSELVES TOGETHER ?!,0.8556,dialogue,dialogue,False,45,8,292,0,0,275,163,1.0,0.7,1.0,0.7,,1.0,1.0,0.9473684210526315,1.687116564417178,44825,0.001003904071388734,0.7142857142857143,2.1,True,True,0.0,1.1117647058823528,8,1.0,0.22235294117647056,1.0,0.8,800,1000,0.6
720,2026-09-28T10:59:08.391347,WHOOSH,0.5512,,,True,6,1,293,0,0,369,450,1.0,0.3,0.4,1.0,,1.0,0.2,1.0,0.82,166050,3.6133694670280034e-05,1.0,0.5,False,False,0.0,0.3,1,0.6,0.06,0.5,0.1,800,1000,0.6
721,2026-09-28T10:59:08.391447,EVERYONE WILL BE ABLE TO SEE .,0.8959,dialogue,dialogue,False,30,7,293,0,0,236,119,1.0,0.7,1.0,1.0,,1.0,1.0,0.9583333333333334,1.9831932773109244,28084,0.0010682238997293833,0.8333333333333334,2.6333333333333333,True,True,0.0,0.7809523809523808,7,1.0,0.15619047619047616,1.0,0.8,800,1000,0.6
722,2026-09-28T10:59:08.391509,H,0.4392,background,background,False,1,1,293,0,0,143,105,1.0,0.7,1.0,0.0,,1.0,0.2,1.0,1.361904761904762,15015,6.66000666000666e-05,0.0,0.5,False,False,0.0,0.3,1,0.6,0.06,0.5,0.1,800,1000,0.6
723,2026-09-28T10:59:08.391663,WHOOS I COULD LOSE EVERYTHING I HAVE IN MY LIFE .,0.8376,dialogue,dialogue,False,49,11,294,0,0,705,540,1.0,0.7,0.4,1.0,,1.0,1.0,0.9743589743589743,1.3055555555555556,380700,0.00012871027055424218,0.8,2.4400000000000004,True,True,0.0,0.7555555555555555,11,0.6,0.1511111111111111,1.0,0.8,800,1000,0.6
724,2026-09-28T10:59:08.391786,BUT ...,0.9942,dialogue,dialogue,False,7,2,295,0,0,101,29,1.0,1.0,0.6,1.0,,1.0,2.0,1.0,3.4827586206896552,2929,0.002389894161829976,1.0,3.6,True,True,0.0,0.3,2,0.5,0.06,0.6,1.0,800,1000,0.6
725,2026-09-28T10:59:08.391892,"So , IF YOU'RE STILL AS INTERESTED IN ME AS YOU WERE THAT DAY ...",0.8887,dialogue,dialogue,False,65,15,295,0,0,364,211,1.0,0.7,0.6,1.0,,1.0,1.0,0.9583333333333334,1.7251184834123223,76804,0.0008463100880162492,0.9230769230769231,2.3615384615384616,True,True,0.0,1.1204545454545454,15,1.0,0.22409090909090906,1.0,0.8,800,1000,0.6
726,2026-09-28T10:59:08.392030,... I WANT TO BUTT INTO YOUR LIFE LIKE YOU DID TO MINE .,0.8955,dialogue,dialogue,False,56,14,296,0,0,359,165,1.0,1.0,0.6,1.0,,1.0,1.0,0.975,2.175757575757576,59235,0.0009453870178104161,0.8333333333333334,2.25,True,True,0.0,0.5351351351351351,14,1.0,0.10702702702702702,1.0,0.8,800,1000,0.6
727,2026-09-28T10:59:08.392142,THIS MUST BE ...,0.8617,dialogue,dialogue,False,16,4,297,0,0,376,44,1.0,0.3,1.0,1.0,,1.0,1.0,1.0,8.545454545454545,16544,0.0009671179883945841,1.0,2.966666666666667,True,True,0.0,1.0125,4,1.0,0.20249999999999999,0.75,0.8,800,1000,0.6
728,2026-09-28T10:59:08.392264,... THE RIGHT THING TO DO .,0.8868,dialogue,dialogue,False,27,7,299,0,0,659,44,1.0,0.3,1.0,1.0,,1.0,1.0,0.9444444444444444,14.977272727272727,28996,0.0009311629190233135,1.0,2.88,True,True,0.0,1.5599999999999998,7,1.0,0.31199999999999994,1.0,0.8,800,1000,0.6
729,2026-09-28T10:59:08.392375,RIP,0.4392,background,background,False,3,1,300,0,0,185,144,1.0,0.7,1.0,0.0,,1.0,0.2,1.0,1.2847222222222223,26640,0.00011261261261261261,0.0,0.5,False,False,0.0,0.3,1,0.6,0.06,0.5,0.1,800,1000,0.6
730,2026-09-28T10:59:08.392455,RIP,0.4392,background,background,False,3,1,300,0,0,222,176,1.0,0.7,1.0,0.0,,1.0,0.2,1.0,1.2613636363636365,39072,7.678132678132678e-05,0.0,0.5,False,False,0.0,0.3,1,0.6,0.06,0.5,0.1,800,1000,0.6
731,2026-09-28T10:59:08.392579,BURST,0.4272,background,background,False,5,1,301,0,0,409,228,1.0,0.7,0.6,0.0,,1.0,0.2,1.0,1.793859649122807,93252,5.361815296186677e-05,0.0,0.5,False,False,0.0,0.3,1,0.6,0.06,0.5,0.1,800,1000,0.6
732,2026-09-28T10:59:08.392697,SWOOSH,0.4012,background,background,False,6,1,303,0,0,338,497,1.0,0.3,0.4,0.0,,1.0,0.2,1.0,0.6800804828973843,167986,3.571726215279845e-05,0.0,0.5,False,False,0.0,0.3,1,0.6,0.06,0.5,0.1,800,1000,0.6
733,2026-09-28T10:59:08.392838,BLAST,0.4012,background,background,False,5,1,304,0,0,341,401,1.0,0.3,0.4,0.0,,1.0,0.2,1.0,0.8503740648379052,136741,3.656547780109843e-05,0.0,0.5,False,False,0.0,0.3,1,0.6,0.06,0.5,0.1,800,1000,0.6
734,2026-09-28T10:59:08.392958,W - WHAT ?!,0.7232,dialogue,dialogue,False,11,4,305,0,0,178,33,1.0,0.7,0.6,0.7,,1.0,1.0,0.7142857142857143,5.393939393939394,5874,0.0018726591760299626,0.5,1.7,True,True,0.0,2.2666666666666666,4,0.5,0.4533333333333333,0.75,0.33999999999999997,800,1000,0.6
735,2026-09-28T10:59:08.393072,EVERYONE HAS SECRETS .,0.6984,,,True,22,4,306,0,0,219,71,1.0,1.0,1.0,0.4,,1.0,1.0,0.9473684210526315,3.084507042253521,15549,0.0014148819859798058,0.3333333333333333,0.5,True,True,0.0,0.78125,4,1.0,0.15625,0.75,0.1,800,1000,0.6
736,2026-09-28T10:59:08.393195,THINGS THEY DON'T WANT OTHERS TO SEE .,0.8063,dialogue,dialogue,False,38,8,307,0,0,338,116,1.0,1.0,1.0,0.7,,1.0,1.0,0.9354838709677419,2.913793103448276,39208,0.0009691899612324016,0.7142857142857143,1.7571428571428573,True,True,0.0,1.3259259259259257,8,1.0,0.26518518518518513,1.0,0.3514285714285715,800,1000,0.6
737,2026-09-28T10:59:08.393298,DING,0.4672,,,True,4,1,308,0,0,159,119,1.0,0.7,1.0,0.0,,1.0,0.2,1.0,1.3361344537815125,18921,0.00021140531684371862,0.0,0.5,False,False,0.0,2.3,1,0.6,0.45999999999999996,0.5,0.1,800,1000,0.6
738,2026-09-28T10:59:08.393404,SHOWING THESE PRIVATE DETAILS TO OTHERS IS RISKY ...,0.7337,dialogue,dialogue,False,52,9,308,0,0,315,116,1.0,1.0,1.0,0.4,,1.0,1.0,1.0,2.7155172413793105,36540,0.0014230979748221127,0.375,1.025,True,True,0.0,0.9230769230769231,9,1.0,0.18461538461538463,1.0,0.205,800,1000,0.6
739,2026-09-28T10:59:08.393525,IT MEANS REVEALING YOUR WEAKNESSES ...,0.7488,dialogue,dialogue,False,38,6,310,0,0,283,118,1.0,1.0,1.0,0.4,,1.0,1.0,1.0,2.3983050847457625,33394,0.0011379289692759178,0.4,1.5799999999999998,True,True,0.0,0.8107142857142857,6,1.0,0.16214285714285714,1.0,0.31599999999999995,800,1000,0.6
740,2026-09-28T10:59:08.393646,... TO THE REST OF THE WORLD .,0.899,dialogue,dialogue,False,30,8,312,0,0,254,71,1.0,1.0,1.0,1.0,,1.0,1.0,0.95,3.5774647887323945,18034,0.001663524453809471,0.8333333333333334,3.3833333333333333,True,True,0.0,1.3588235294117648,8,0.5,0.27176470588235296,1.0,1.0,800,1000,0.6
741,2026-09-28T10:59:08.393739,THIS IS THE STORY OF A CERTAIN COLLEGE,0.745,dialogue,dialogue,False,38,8,312,0,0,294,116,1.0,1.0,1.0,0.7,,1.0,0.2,1.0,2.5344827586206895,34104,0.001114238798967863,0.625,2.4625,False,False,0.0,0.7172413793103448,8,1.0,0.14344827586206896,1.0,0.8,800,1000,0.6
742,2026-09-28T10:59:08.393848,STUDENT ...,0.704,dialogue,dialogue,False,11,2,313,0,0,171,30,1.0,0.7,0.6,0.0,,1.0,2.0,1.0,5.7,5130,0.0021442495126705653,0.0,0.5,True,True,0.0,1.0,2,0.5,0.2,0.6,0.1,800,1000,0.6
743,2026-09-28T10:59:08.393951,... WHO BECOMES PREY IN THE VICIOUS WORLD OF A CONCRETE JUNGLE .,0.8509,dialogue,dialogue,False,64,13,313,0,0,367,162,1.0,1.0,0.6,0.7,,1.0,1.0,0.9795918367346939,2.265432098765432,59454,0.0010764624751909038,0.5454545454545454,2.1999999999999997,True,True,0.0,0.5608695652173913,13,1.0,0.11217391304347826,1.0,0.8,800,1000,0.6
744,2026-09-28T10:59:08.394077,THIS IS HIS DESPERATE FIGHT FOR SURVIVAL .,0.7761,dialogue,dialogue,False,42,8,314,0,0,643,127,1.0,0.7,0.6,0.7,,1.0,1.0,0.9714285714285714,5.062992125984252,81661,0.0005143214018931925,0.5714285714285714,1.8714285714285714,True,True,0.0,0.85625,8,1.0,0.17124999999999999,1.0,0.3742857142857143,800,1000,0.6
745,2026-09-28T10:59:08.394187,JUNGLE JUICE,0.4492,background,background,False,12,2,316,0,0,706,142,1.0,1.0,0.6,0.0,,1.0,0.2,1.0,4.971830985915493,100252,0.00011969836013246618,0.0,0.5,False,False,0.0,0.3,2,0.6,0.06,0.6,0.1,800,1000,0.6
746,2026-09-28T10:59:08.394338,HE PULLED HIS WINGS OUT IN THE MIDDLE OF THE CITY ...,0.8392,dialogue,dialogue,False,53,12,317,0,0,313,164,1.0,0.7,0.6,0.7,,1.0,1.0,1.0,1.9085365853658536,51332,0.0010324943505026106,0.6363636363636364,2.8272727272727276,True,True,0.0,0.7972972972972973,12,1.0,0.15945945945945944,1.0,0.8,800,1000,0.6
747,2026-09-28T10:59:08.394461,CLAMOR,0.4542,,,True,6,1,318,0,0,197,96,1.0,1.0,1.0,0.0,,1.0,0.2,1.0,2.0520833333333335,18912,0.00031725888324873094,0.0,0.5,False,False,0.0,0.3,1,0.6,0.06,0.5,0.1,800,1000,0.6
748,2026-09-28T10:59:08.394540,CLAMOR,0.4542,,,True,6,1,318,0,0,193,85,1.0,1.0,1.0,0.0,,1.0,0.2,1.0,2.2705882352941176,16405,0.000365742151782993,0.0,0.5,False,False,0.0,0.3,1,0.6,0.06,0.5,0.1,800,1000,0.6
749,2026-09-28T10:59:08.394622,INCREDIBLE .,0.5342,,,True,12,2,318,0,0,201,28,1.0,0.5,0.6,0.0,,1.0,1.0,0.9090909090909091,7.178571428571429,5628,0.0021321961620469083,0.0,0.5,True,True,0.0,0.3,2,0.5,0.06,0.6,0.1,800,1000,0.6
750,2026-09-28T10:59:08.394754,WELL ?,0.9173,dialogue,dialogue,False,6,2,319,0,0,112,27,1.0,1.0,0.6,1.0,,1.0,2.0,0.8,4.148148148148148,3024,0.001984126984126984,1.0,1.9,True,True,0.0,1.45,2,0.5,0.29,0.6,0.38,800,1000,0.6
751,2026-09-28T10:59:08.394831,WHAT DO WE DO WITH HIM ?,0.9297,dialogue,dialogue,False,24,7,319,0,0,176,118,1.0,0.7,1.0,1.0,,1.0,1.0,0.9444444444444444,1.4915254237288136,20768,0.0011556240369799693,1.0,3.3166666666666664,True,True,0.0,1.0466666666666666,7,1.0,0.20933333333333332,1.0,1.0,800,1000,0.6
752,2026-09-28T10:59:08.394949,TEAM UP AND ATTACK ?,0.8309,dialogue,dialogue,False,20,5,320,0,0,144,120,1.0,0.7,1.0,0.7,,1.0,1.0,0.9375,1.2,17280,0.0011574074074074073,0.5,2.075,True,True,0.0,0.6,5,1.0,0.12,0.75,0.8,800,1000,0.6
753,2026-09-28T10:59:08.395011,WHISH,0.4937,,,True,5,1,320,0,0,117,60,1.0,0.7,1.0,0.0,,1.0,0.2,1.0,1.95,7020,0.0007122507122507123,0.0,0.5,False,False,0.0,1.3333333333333333,1,1.0,0.26666666666666666,0.5,0.1,800,1000,0.6
754,2026-09-28T10:59:08.395141,"NO , SOMETHING BETTER .",0.7071,dialogue,dialogue,False,23,5,321,0,0,191,118,1.0,0.7,1.0,0.4,,1.0,1.0,0.8947368421052632,1.61864406779661,22538,0.001020498713284231,0.3333333333333333,1.1333333333333333,True,True,0.0,1.1133333333333333,5,1.0,0.22266666666666665,0.75,0.22666666666666666,800,1000,0.6
755,2026-09-28T10:59:08.395256,WE SHOULD TAKE HIM WITH US ...,0.8948,dialogue,dialogue,False,30,7,322,0,0,235,168,1.0,0.7,1.0,1.0,,1.0,1.0,1.0,1.3988095238095237,39480,0.0007598784194528875,1.0,2.1666666666666665,True,True,0.0,0.7000000000000001,7,1.0,0.14,1.0,0.8,800,1000,0.6
756,2026-09-28T10:59:08.395371,... BACK TO OUR SCHOOL .,0.8127,dialogue,dialogue,False,24,6,324,0,0,307,100,1.0,1.0,1.0,0.7,,1.0,1.0,0.9375,3.07,30700,0.0007817589576547231,0.75,2.275,True,True,0.0,0.47692307692307695,6,1.0,0.09538461538461539,0.3,0.8,800,1000,0.6
757,2026-09-28T10:59:08.395463,Based on the mini series Jungle Juice ! ( 2007 ),0.5842,,,True,48,11,324,0,0,323,81,1.0,1.0,1.0,0.075,,1.0,0.6,0.8378378378378378,3.9876543209876543,26163,0.001834651989450751,0.25,1.4875,True,False,0.0,0.593103448275862,11,0.5,0.1186206896551724,1.0,0.2975,800,1000,0.6
